accession,label,feature,subfeature,value
B6JNX2,random,mhcii,score,0.3777745
B6JNX2,random,mhcii,percentile,2.3364772727272727
B6JNX2,random,mhcii,num_peptides,88
B6JNX2,random,mhcii,num_strong_binders,26
B6JNX2,random,mhcii,num_weak_binders,62
B6JM61,random,mhcii,score,0.3784913641618497
B6JM61,random,mhcii,percentile,2.513063583815029
B6JM61,random,mhcii,num_peptides,173
B6JM61,random,mhcii,num_strong_binders,34
B6JM61,random,mhcii,num_weak_binders,139
Q9ZLC8,random,mhcii,score,0.422019310880829
Q9ZLC8,random,mhcii,percentile,2.4290155440414507
Q9ZLC8,random,mhcii,num_peptides,193
Q9ZLC8,random,mhcii,num_strong_binders,50
Q9ZLC8,random,mhcii,num_weak_binders,143
O25703,random,mhcii,score,0.4577164672897196
O25703,random,mhcii,percentile,2.2458878504672897
O25703,random,mhcii,num_peptides,107
O25703,random,mhcii,num_strong_binders,34
O25703,random,mhcii,num_weak_binders,73
B2USN5,random,mhcii,score,0.44314703125
B2USN5,random,mhcii,percentile,2.14390625
B2USN5,random,mhcii,num_peptides,64
B2USN5,random,mhcii,num_strong_binders,18
B2USN5,random,mhcii,num_weak_binders,46
O25688,random,mhcii,score,0.44314703125
O25688,random,mhcii,percentile,2.14390625
O25688,random,mhcii,num_peptides,64
O25688,random,mhcii,num_strong_binders,18
O25688,random,mhcii,num_weak_binders,46
B2UV70,random,mhcii,score,0.3177563375
B2UV70,random,mhcii,percentile,2.903375
B2UV70,random,mhcii,num_peptides,80
B2UV70,random,mhcii,num_strong_binders,7
B2UV70,random,mhcii,num_weak_binders,73
O26043,random,mhcii,score,0.3997572927927928
O26043,random,mhcii,percentile,2.442972972972973
O26043,random,mhcii,num_peptides,222
O26043,random,mhcii,num_strong_binders,51
O26043,random,mhcii,num_weak_binders,171
Q1CU98,random,mhcii,score,0.3552607567567568
Q1CU98,random,mhcii,percentile,2.9286486486486485
Q1CU98,random,mhcii,num_peptides,37
Q1CU98,random,mhcii,num_strong_binders,5
Q1CU98,random,mhcii,num_weak_binders,32
O25963,random,mhcii,score,0.4208461588785047
O25963,random,mhcii,percentile,2.3751401869158877
O25963,random,mhcii,num_peptides,107
O25963,random,mhcii,num_strong_binders,26
O25963,random,mhcii,num_weak_binders,81
B6JKG9,random,mhcii,score,0.42269263670411983
B6JKG9,random,mhcii,percentile,2.332172284644195
B6JKG9,random,mhcii,num_peptides,267
B6JKG9,random,mhcii,num_strong_binders,60
B6JKG9,random,mhcii,num_weak_binders,207
Q9ZKQ7,random,mhcii,score,0.35117847976878613
Q9ZKQ7,random,mhcii,percentile,2.624219653179191
Q9ZKQ7,random,mhcii,num_peptides,173
Q9ZKQ7,random,mhcii,num_strong_binders,30
Q9ZKQ7,random,mhcii,num_weak_binders,143
B5Z8J7,random,mhcii,score,0.4031616
B5Z8J7,random,mhcii,percentile,2.4233333333333333
B5Z8J7,random,mhcii,num_peptides,75
B5Z8J7,random,mhcii,num_strong_binders,14
B5Z8J7,random,mhcii,num_weak_binders,61
B6JMI1,random,mhcii,score,0.34912757364341085
B6JMI1,random,mhcii,percentile,2.7472093023255812
B6JMI1,random,mhcii,num_peptides,129
B6JMI1,random,mhcii,num_strong_binders,18
B6JMI1,random,mhcii,num_weak_binders,111
B6JM59,random,mhcii,score,0.35988190163934425
B6JM59,random,mhcii,percentile,3.0895081967213116
B6JM59,random,mhcii,num_peptides,61
B6JM59,random,mhcii,num_strong_binders,2
B6JM59,random,mhcii,num_weak_binders,59
Q1CUK9,random,mhcii,score,0.43146199253731343
Q1CUK9,random,mhcii,percentile,2.280373134328358
Q1CUK9,random,mhcii,num_peptides,134
Q1CUK9,random,mhcii,num_strong_binders,32
Q1CUK9,random,mhcii,num_weak_binders,102
B6JLG3,random,mhcii,score,0.41424911678832116
B6JLG3,random,mhcii,percentile,2.286715328467153
B6JLG3,random,mhcii,num_peptides,137
B6JLG3,random,mhcii,num_strong_binders,35
B6JLG3,random,mhcii,num_weak_binders,102
B6JLE8,random,mhcii,score,0.36326746153846157
B6JLE8,random,mhcii,percentile,2.402991452991453
B6JLE8,random,mhcii,num_peptides,117
B6JLE8,random,mhcii,num_strong_binders,25
B6JLE8,random,mhcii,num_weak_binders,92
B2UUR0,random,mhcii,score,0.4426125961538462
B2UUR0,random,mhcii,percentile,2.3023076923076924
B2UUR0,random,mhcii,num_peptides,52
B2UUR0,random,mhcii,num_strong_binders,14
B2UUR0,random,mhcii,num_weak_binders,38
P56128,random,mhcii,score,0.3873413022508039
P56128,random,mhcii,percentile,2.5075884244372992
P56128,random,mhcii,num_peptides,311
P56128,random,mhcii,num_strong_binders,64
P56128,random,mhcii,num_weak_binders,247
B2USD7,random,mhcii,score,0.38468779375
B2USD7,random,mhcii,percentile,2.5796875
B2USD7,random,mhcii,num_peptides,160
B2USD7,random,mhcii,num_strong_binders,34
B2USD7,random,mhcii,num_weak_binders,126
P64382,random,mhcii,score,0.3876837435897436
P64382,random,mhcii,percentile,2.2043589743589744
P64382,random,mhcii,num_peptides,39
P64382,random,mhcii,num_strong_binders,8
P64382,random,mhcii,num_weak_binders,31
P56191,random,mhcii,score,0.39153942780748663
P56191,random,mhcii,percentile,2.4796256684491977
P56191,random,mhcii,num_peptides,187
P56191,random,mhcii,num_strong_binders,35
P56191,random,mhcii,num_weak_binders,152
Q1CTD7,random,mhcii,score,0.3570894010152284
Q1CTD7,random,mhcii,percentile,2.5769035532994926
Q1CTD7,random,mhcii,num_peptides,197
Q1CTD7,random,mhcii,num_strong_binders,34
Q1CTD7,random,mhcii,num_weak_binders,163
B2UTK9,random,mhcii,score,0.4055606263736264
B2UTK9,random,mhcii,percentile,2.366703296703297
B2UTK9,random,mhcii,num_peptides,91
B2UTK9,random,mhcii,num_strong_binders,21
B2UTK9,random,mhcii,num_weak_binders,70
B2UV81,random,mhcii,score,0.38796424285714287
B2UV81,random,mhcii,percentile,2.7004285714285716
B2UV81,random,mhcii,num_peptides,70
B2UV81,random,mhcii,num_strong_binders,18
B2UV81,random,mhcii,num_weak_binders,52
P56141,random,mhcii,score,0.4016567154471545
P56141,random,mhcii,percentile,2.4095121951219514
P56141,random,mhcii,num_peptides,123
P56141,random,mhcii,num_strong_binders,30
P56141,random,mhcii,num_weak_binders,93
Q9ZKM7,random,mhcii,score,0.4156814193548387
Q9ZKM7,random,mhcii,percentile,2.300806451612903
Q9ZKM7,random,mhcii,num_peptides,186
Q9ZKM7,random,mhcii,num_strong_binders,48
Q9ZKM7,random,mhcii,num_weak_binders,138
O24926,random,mhcii,score,0.3959142357142857
O24926,random,mhcii,percentile,2.458
O24926,random,mhcii,num_peptides,140
O24926,random,mhcii,num_strong_binders,37
O24926,random,mhcii,num_weak_binders,103
Q9ZMQ0,random,mhcii,score,0.3645095597484277
Q9ZMQ0,random,mhcii,percentile,2.710880503144654
Q9ZMQ0,random,mhcii,num_peptides,159
Q9ZMQ0,random,mhcii,num_strong_binders,17
Q9ZMQ0,random,mhcii,num_weak_binders,142
B2UV21,random,mhcii,score,0.3695122307692308
B2UV21,random,mhcii,percentile,2.5473076923076925
B2UV21,random,mhcii,num_peptides,78
B2UV21,random,mhcii,num_strong_binders,15
B2UV21,random,mhcii,num_weak_binders,63
B5Z6E8,random,mhcii,score,0.34633813953488374
B5Z6E8,random,mhcii,percentile,2.871860465116279
B5Z6E8,random,mhcii,num_peptides,43
B5Z6E8,random,mhcii,num_strong_binders,6
B5Z6E8,random,mhcii,num_weak_binders,37
P56456,random,mhcii,score,0.41506689141414144
P56456,random,mhcii,percentile,2.3299494949494948
P56456,random,mhcii,num_peptides,396
P56456,random,mhcii,num_strong_binders,99
P56456,random,mhcii,num_weak_binders,297
B5ZAB8,random,mhcii,score,0.35727258032786885
B5ZAB8,random,mhcii,percentile,2.591573770491803
B5ZAB8,random,mhcii,num_peptides,305
B5ZAB8,random,mhcii,num_strong_binders,53
B5ZAB8,random,mhcii,num_weak_binders,252
P55977,random,mhcii,score,0.35097218777292577
P55977,random,mhcii,percentile,2.7236681222707424
P55977,random,mhcii,num_peptides,229
P55977,random,mhcii,num_strong_binders,38
P55977,random,mhcii,num_weak_binders,191
Q9ZJS6,random,mhcii,score,0.35261145
Q9ZJS6,random,mhcii,percentile,2.59725
Q9ZJS6,random,mhcii,num_peptides,80
Q9ZJS6,random,mhcii,num_strong_binders,9
Q9ZJS6,random,mhcii,num_weak_binders,71
Q9ZJX2,random,mhcii,score,0.365743525
Q9ZJX2,random,mhcii,percentile,2.75225
Q9ZJX2,random,mhcii,num_peptides,40
Q9ZJX2,random,mhcii,num_strong_binders,3
Q9ZJX2,random,mhcii,num_weak_binders,37
Q9ZKM3,random,mhcii,score,0.3732238273381295
Q9ZKM3,random,mhcii,percentile,2.473345323741007
Q9ZKM3,random,mhcii,num_peptides,278
Q9ZKM3,random,mhcii,num_strong_binders,52
Q9ZKM3,random,mhcii,num_weak_binders,226
P56120,random,mhcii,score,0.40932958490566035
P56120,random,mhcii,percentile,2.6809433962264153
P56120,random,mhcii,num_peptides,53
P56120,random,mhcii,num_strong_binders,14
P56120,random,mhcii,num_weak_binders,39
Q1CV04,random,mhcii,score,0.4010390065359477
Q1CV04,random,mhcii,percentile,2.205424836601307
Q1CV04,random,mhcii,num_peptides,153
Q1CV04,random,mhcii,num_strong_binders,39
Q1CV04,random,mhcii,num_weak_binders,114
Q9ZK20,random,mhcii,score,0.37017134444444444
Q9ZK20,random,mhcii,percentile,2.6126666666666667
Q9ZK20,random,mhcii,num_peptides,90
Q9ZK20,random,mhcii,num_strong_binders,18
Q9ZK20,random,mhcii,num_weak_binders,72
B2USG1,random,mhcii,score,0.34847187401574803
B2USG1,random,mhcii,percentile,2.8856692913385826
B2USG1,random,mhcii,num_peptides,127
B2USG1,random,mhcii,num_strong_binders,13
B2USG1,random,mhcii,num_weak_binders,114
Q9ZJ65,random,mhcii,score,0.4102818551724138
Q9ZJ65,random,mhcii,percentile,2.361448275862069
Q9ZJ65,random,mhcii,num_peptides,145
Q9ZJ65,random,mhcii,num_strong_binders,27
Q9ZJ65,random,mhcii,num_weak_binders,118
O25610,random,mhcii,score,0.37501347572815535
O25610,random,mhcii,percentile,2.5666990291262137
O25610,random,mhcii,num_peptides,103
O25610,random,mhcii,num_strong_binders,14
O25610,random,mhcii,num_weak_binders,89
Q9ZK27,random,mhcii,score,0.38799321634615386
Q9ZK27,random,mhcii,percentile,2.4501923076923076
Q9ZK27,random,mhcii,num_peptides,208
Q9ZK27,random,mhcii,num_strong_binders,30
Q9ZK27,random,mhcii,num_weak_binders,178
Q9ZME5,random,mhcii,score,0.38034565470852016
Q9ZME5,random,mhcii,percentile,2.433408071748879
Q9ZME5,random,mhcii,num_peptides,223
Q9ZME5,random,mhcii,num_strong_binders,44
Q9ZME5,random,mhcii,num_weak_binders,179
O25157,random,mhcii,score,0.3709425703703704
O25157,random,mhcii,percentile,2.572814814814815
O25157,random,mhcii,num_peptides,270
O25157,random,mhcii,num_strong_binders,58
O25157,random,mhcii,num_weak_binders,212
B6JPT1,random,mhcii,score,0.386058375
B6JPT1,random,mhcii,percentile,2.5760763888888887
B6JPT1,random,mhcii,num_peptides,288
B6JPT1,random,mhcii,num_strong_binders,55
B6JPT1,random,mhcii,num_weak_binders,233
B6JKX5,random,mhcii,score,0.376173289640592
B6JKX5,random,mhcii,percentile,2.5491754756871035
B6JKX5,random,mhcii,num_peptides,473
B6JKX5,random,mhcii,num_strong_binders,105
B6JKX5,random,mhcii,num_weak_binders,368
B5Z8N3,random,mhcii,score,0.3490153870967742
B5Z8N3,random,mhcii,percentile,2.638225806451613
B5Z8N3,random,mhcii,num_peptides,124
B5Z8N3,random,mhcii,num_strong_binders,18
B5Z8N3,random,mhcii,num_weak_binders,106
B2UVE0,random,mhcii,score,0.4434152727272727
B2UVE0,random,mhcii,percentile,2.1751948051948053
B2UVE0,random,mhcii,num_peptides,77
B2UVE0,random,mhcii,num_strong_binders,21
B2UVE0,random,mhcii,num_weak_binders,56
Q09068,random,mhcii,score,0.41079434883720933
Q09068,random,mhcii,percentile,2.682325581395349
Q09068,random,mhcii,num_peptides,43
Q09068,random,mhcii,num_strong_binders,8
Q09068,random,mhcii,num_weak_binders,35
Q9ZMH1,random,mhcii,score,0.389276256
Q9ZMH1,random,mhcii,percentile,2.34728
Q9ZMH1,random,mhcii,num_peptides,500
Q9ZMH1,random,mhcii,num_strong_binders,127
Q9ZMH1,random,mhcii,num_weak_binders,373
Q9ZJF1,random,mhcii,score,0.4087773489932886
Q9ZJF1,random,mhcii,percentile,2.4348993288590606
Q9ZJF1,random,mhcii,num_peptides,149
Q9ZJF1,random,mhcii,num_strong_binders,33
Q9ZJF1,random,mhcii,num_weak_binders,116
O26106,random,mhcii,score,0.38244249295774646
O26106,random,mhcii,percentile,2.6456338028169015
O26106,random,mhcii,num_peptides,71
O26106,random,mhcii,num_strong_binders,13
O26106,random,mhcii,num_weak_binders,58
O25474,random,mhcii,score,0.4192971941747573
O25474,random,mhcii,percentile,2.4255339805825242
O25474,random,mhcii,num_peptides,103
O25474,random,mhcii,num_strong_binders,26
O25474,random,mhcii,num_weak_binders,77
B5Z8S5,random,mhcii,score,0.3097908732394366
B5Z8S5,random,mhcii,percentile,2.727323943661972
B5Z8S5,random,mhcii,num_peptides,71
B5Z8S5,random,mhcii,num_strong_binders,10
B5Z8S5,random,mhcii,num_weak_binders,61
Q48255,random,mhcii,score,0.2795082112676056
Q48255,random,mhcii,percentile,3.1319718309859157
Q48255,random,mhcii,num_peptides,71
Q48255,random,mhcii,num_strong_binders,7
Q48255,random,mhcii,num_weak_binders,64
O26009,random,mhcii,score,0.3777745
O26009,random,mhcii,percentile,2.3364772727272727
O26009,random,mhcii,num_peptides,88
O26009,random,mhcii,num_strong_binders,26
O26009,random,mhcii,num_weak_binders,62
Q9ZJZ7,random,mhcii,score,0.3703261078838174
Q9ZJZ7,random,mhcii,percentile,2.4589211618257263
Q9ZJZ7,random,mhcii,num_peptides,241
Q9ZJZ7,random,mhcii,num_strong_binders,53
Q9ZJZ7,random,mhcii,num_weak_binders,188
Q1CS87,random,mhcii,score,0.3578274465408805
Q1CS87,random,mhcii,percentile,2.737610062893082
Q1CS87,random,mhcii,num_peptides,159
Q1CS87,random,mhcii,num_strong_binders,22
Q1CS87,random,mhcii,num_weak_binders,137
B6JMX4,random,mhcii,score,0.40352341832669325
B6JMX4,random,mhcii,percentile,2.455577689243028
B6JMX4,random,mhcii,num_peptides,251
B6JMX4,random,mhcii,num_strong_binders,59
B6JMX4,random,mhcii,num_weak_binders,192
Q1CS66,random,mhcii,score,0.4031616
Q1CS66,random,mhcii,percentile,2.4233333333333333
Q1CS66,random,mhcii,num_peptides,75
Q1CS66,random,mhcii,num_strong_binders,14
Q1CS66,random,mhcii,num_weak_binders,61
Q9ZJR5,random,mhcii,score,0.38796424285714287
Q9ZJR5,random,mhcii,percentile,2.7004285714285716
Q9ZJR5,random,mhcii,num_peptides,70
Q9ZJR5,random,mhcii,num_strong_binders,18
Q9ZJR5,random,mhcii,num_weak_binders,52
P56144,random,mhcii,score,0.3773058
P56144,random,mhcii,percentile,2.473157894736842
P56144,random,mhcii,num_peptides,95
P56144,random,mhcii,num_strong_binders,20
P56144,random,mhcii,num_weak_binders,75
O25595,random,mhcii,score,0.3852908082706767
O25595,random,mhcii,percentile,2.6092105263157896
O25595,random,mhcii,num_peptides,266
O25595,random,mhcii,num_strong_binders,55
O25595,random,mhcii,num_weak_binders,211
Q1CSZ2,random,mhcii,score,0.3854705681818182
Q1CSZ2,random,mhcii,percentile,2.4318181818181817
Q1CSZ2,random,mhcii,num_peptides,88
Q1CSZ2,random,mhcii,num_strong_binders,20
Q1CSZ2,random,mhcii,num_weak_binders,68
P64664,random,mhcii,score,0.3745668515625
P64664,random,mhcii,percentile,2.45234375
P64664,random,mhcii,num_peptides,128
P64664,random,mhcii,num_strong_binders,28
P64664,random,mhcii,num_weak_binders,100
B2UTX4,random,mhcii,score,0.388812961038961
B2UTX4,random,mhcii,percentile,2.4740259740259742
B2UTX4,random,mhcii,num_peptides,77
B2UTX4,random,mhcii,num_strong_binders,14
B2UTX4,random,mhcii,num_weak_binders,63
Q1CUI3,random,mhcii,score,0.3873413022508039
Q1CUI3,random,mhcii,percentile,2.5075884244372992
Q1CUI3,random,mhcii,num_peptides,311
Q1CUI3,random,mhcii,num_strong_binders,64
Q1CUI3,random,mhcii,num_weak_binders,247
O25970,random,mhcii,score,0.322172808
O25970,random,mhcii,percentile,2.86688
O25970,random,mhcii,num_peptides,125
O25970,random,mhcii,num_strong_binders,13
O25970,random,mhcii,num_weak_binders,112
B6JL99,random,mhcii,score,0.32367715625
B6JL99,random,mhcii,percentile,2.76953125
B6JL99,random,mhcii,num_peptides,64
B6JL99,random,mhcii,num_strong_binders,9
B6JL99,random,mhcii,num_weak_binders,55
O25531,random,mhcii,score,0.33434144615384614
O25531,random,mhcii,percentile,2.625076923076923
O25531,random,mhcii,num_peptides,65
O25531,random,mhcii,num_strong_binders,12
O25531,random,mhcii,num_weak_binders,53
B2UV74,random,mhcii,score,0.2715682608695652
B2UV74,random,mhcii,percentile,3.0847826086956522
B2UV74,random,mhcii,num_peptides,23
B2UV74,random,mhcii,num_strong_binders,2
B2UV74,random,mhcii,num_weak_binders,21
B2UW06,random,mhcii,score,0.32172798245614037
B2UW06,random,mhcii,percentile,2.8005263157894738
B2UW06,random,mhcii,num_peptides,57
B2UW06,random,mhcii,num_strong_binders,6
B2UW06,random,mhcii,num_weak_binders,51
Q9ZJJ4,random,mhcii,score,0.4208461588785047
Q9ZJJ4,random,mhcii,percentile,2.3751401869158877
Q9ZJJ4,random,mhcii,num_peptides,107
Q9ZJJ4,random,mhcii,num_strong_binders,26
Q9ZJJ4,random,mhcii,num_weak_binders,81
B6JNE5,random,mhcii,score,0.3177563375
B6JNE5,random,mhcii,percentile,2.903375
B6JNE5,random,mhcii,num_peptides,80
B6JNE5,random,mhcii,num_strong_binders,7
B6JNE5,random,mhcii,num_weak_binders,73
Q9ZM81,random,mhcii,score,0.37471282442748094
Q9ZM81,random,mhcii,percentile,2.4633587786259543
Q9ZM81,random,mhcii,num_peptides,131
Q9ZM81,random,mhcii,num_strong_binders,27
Q9ZM81,random,mhcii,num_weak_binders,104
O25028,random,mhcii,score,0.36320091191709847
O25028,random,mhcii,percentile,2.5599481865284974
O25028,random,mhcii,num_peptides,193
O25028,random,mhcii,num_strong_binders,35
O25028,random,mhcii,num_weak_binders,158
Q9ZMF2,random,mhcii,score,0.389493975308642
Q9ZMF2,random,mhcii,percentile,2.6255555555555556
Q9ZMF2,random,mhcii,num_peptides,162
Q9ZMF2,random,mhcii,num_strong_binders,28
Q9ZMF2,random,mhcii,num_weak_binders,134
B2UU74,random,mhcii,score,0.3614127793103448
B2UU74,random,mhcii,percentile,2.7281379310344827
B2UU74,random,mhcii,num_peptides,145
B2UU74,random,mhcii,num_strong_binders,28
B2UU74,random,mhcii,num_weak_binders,117
Q9ZKS6,random,mhcii,score,0.3796348552631579
Q9ZKS6,random,mhcii,percentile,2.5627631578947367
Q9ZKS6,random,mhcii,num_peptides,76
Q9ZKS6,random,mhcii,num_strong_binders,13
Q9ZKS6,random,mhcii,num_weak_binders,63
O25291,random,mhcii,score,0.47235324324324324
O25291,random,mhcii,percentile,2.2677027027027026
O25291,random,mhcii,num_peptides,74
O25291,random,mhcii,num_strong_binders,18
O25291,random,mhcii,num_weak_binders,56
Q9ZL09,random,mhcii,score,0.38386048660714284
Q9ZL09,random,mhcii,percentile,2.411607142857143
Q9ZL09,random,mhcii,num_peptides,224
Q9ZL09,random,mhcii,num_strong_binders,59
Q9ZL09,random,mhcii,num_weak_binders,165
B6JLX1,random,mhcii,score,0.39153942780748663
B6JLX1,random,mhcii,percentile,2.4796256684491977
B6JLX1,random,mhcii,num_peptides,187
B6JLX1,random,mhcii,num_strong_binders,35
B6JLX1,random,mhcii,num_weak_binders,152
B5Z9W8,random,mhcii,score,0.41209807462686565
B5Z9W8,random,mhcii,percentile,2.207313432835821
B5Z9W8,random,mhcii,num_peptides,201
B5Z9W8,random,mhcii,num_strong_binders,50
B5Z9W8,random,mhcii,num_weak_binders,151
Q9ZK75,random,mhcii,score,0.3897314697986577
Q9ZK75,random,mhcii,percentile,2.393758389261745
Q9ZK75,random,mhcii,num_peptides,149
Q9ZK75,random,mhcii,num_strong_binders,33
Q9ZK75,random,mhcii,num_weak_binders,116
O25769,random,mhcii,score,0.3999912909090909
O25769,random,mhcii,percentile,2.469272727272727
O25769,random,mhcii,num_peptides,55
O25769,random,mhcii,num_strong_binders,10
O25769,random,mhcii,num_weak_binders,45
P56149,random,mhcii,score,0.34732156837606837
P56149,random,mhcii,percentile,2.843034188034188
P56149,random,mhcii,num_peptides,234
P56149,random,mhcii,num_strong_binders,20
P56149,random,mhcii,num_weak_binders,214
Q9ZM13,random,mhcii,score,0.37478925210084035
Q9ZM13,random,mhcii,percentile,2.603781512605042
Q9ZM13,random,mhcii,num_peptides,119
Q9ZM13,random,mhcii,num_strong_binders,20
Q9ZM13,random,mhcii,num_weak_binders,99
B5Z8P5,random,mhcii,score,0.38683903636363637
B5Z8P5,random,mhcii,percentile,2.5476363636363635
B5Z8P5,random,mhcii,num_peptides,110
B5Z8P5,random,mhcii,num_strong_binders,28
B5Z8P5,random,mhcii,num_weak_binders,82
Q1CRJ9,random,mhcii,score,0.2792582151898734
Q1CRJ9,random,mhcii,percentile,2.931012658227848
Q1CRJ9,random,mhcii,num_peptides,79
Q1CRJ9,random,mhcii,num_strong_binders,9
Q1CRJ9,random,mhcii,num_weak_binders,70
B6JNF0,random,mhcii,score,0.33235455
B6JNF0,random,mhcii,percentile,2.7841666666666667
B6JNF0,random,mhcii,num_peptides,60
B6JNF0,random,mhcii,num_strong_binders,12
B6JNF0,random,mhcii,num_weak_binders,48
Q9ZKY2,random,mhcii,score,0.4058291475409836
Q9ZKY2,random,mhcii,percentile,2.5992622950819673
Q9ZKY2,random,mhcii,num_peptides,122
Q9ZKY2,random,mhcii,num_strong_binders,24
Q9ZKY2,random,mhcii,num_weak_binders,98
Q9ZM39,random,mhcii,score,0.3552607567567568
Q9ZM39,random,mhcii,percentile,2.9286486486486485
Q9ZM39,random,mhcii,num_peptides,37
Q9ZM39,random,mhcii,num_strong_binders,5
Q9ZM39,random,mhcii,num_weak_binders,32
Q9ZM94,random,mhcii,score,0.4046906784565916
Q9ZM94,random,mhcii,percentile,2.405273311897106
Q9ZM94,random,mhcii,num_peptides,311
Q9ZM94,random,mhcii,num_strong_binders,58
Q9ZM94,random,mhcii,num_weak_binders,253
Q1CUW5,random,mhcii,score,0.3849763959390863
Q1CUW5,random,mhcii,percentile,2.388274111675127
Q1CUW5,random,mhcii,num_peptides,197
Q1CUW5,random,mhcii,num_strong_binders,40
Q1CUW5,random,mhcii,num_weak_binders,157
O25851,random,mhcii,score,0.3716599074074074
O25851,random,mhcii,percentile,2.4029629629629627
O25851,random,mhcii,num_peptides,54
O25851,random,mhcii,num_strong_binders,6
O25851,random,mhcii,num_weak_binders,48
B6JPI5,random,mhcii,score,0.41174506896551727
B6JPI5,random,mhcii,percentile,2.487241379310345
B6JPI5,random,mhcii,num_peptides,29
B6JPI5,random,mhcii,num_strong_binders,8
B6JPI5,random,mhcii,num_weak_binders,21
P56046,random,mhcii,score,0.3327862222222222
P56046,random,mhcii,percentile,2.9066666666666667
P56046,random,mhcii,num_peptides,54
P56046,random,mhcii,num_strong_binders,6
P56046,random,mhcii,num_weak_binders,48
Q9ZMR3,random,mhcii,score,0.3794362175925926
Q9ZMR3,random,mhcii,percentile,2.5346759259259257
Q9ZMR3,random,mhcii,num_peptides,216
Q9ZMR3,random,mhcii,num_strong_binders,43
Q9ZMR3,random,mhcii,num_weak_binders,173
Q9ZMF0,random,mhcii,score,0.39736753888888887
Q9ZMF0,random,mhcii,percentile,2.318722222222222
Q9ZMF0,random,mhcii,num_peptides,180
Q9ZMF0,random,mhcii,num_strong_binders,39
Q9ZMF0,random,mhcii,num_weak_binders,141
B6JM54,random,mhcii,score,0.44430172972972976
B6JM54,random,mhcii,percentile,2.5213513513513512
B6JM54,random,mhcii,num_peptides,37
B6JM54,random,mhcii,num_strong_binders,6
B6JM54,random,mhcii,num_weak_binders,31
B2UU37,random,mhcii,score,0.3827447393162393
B2UU37,random,mhcii,percentile,2.4466666666666668
B2UU37,random,mhcii,num_peptides,234
B2UU37,random,mhcii,num_strong_binders,52
B2UU37,random,mhcii,num_weak_binders,182
B9XXL6,random,mhcii,score,0.3785781491935484
B9XXL6,random,mhcii,percentile,2.438064516129032
B9XXL6,random,mhcii,num_peptides,248
B9XXL6,random,mhcii,num_strong_binders,45
B9XXL6,random,mhcii,num_weak_binders,203
B2UTQ6,random,mhcii,score,0.35226542465753424
B2UTQ6,random,mhcii,percentile,2.8154794520547943
B2UTQ6,random,mhcii,num_peptides,73
B2UTQ6,random,mhcii,num_strong_binders,8
B2UTQ6,random,mhcii,num_weak_binders,65
Q9ZJE4,random,mhcii,score,0.3275622985074627
Q9ZJE4,random,mhcii,percentile,2.7482089552238804
Q9ZJE4,random,mhcii,num_peptides,67
Q9ZJE4,random,mhcii,num_strong_binders,10
Q9ZJE4,random,mhcii,num_weak_binders,57
Q1CS25,random,mhcii,score,0.3490153870967742
Q1CS25,random,mhcii,percentile,2.638225806451613
Q1CS25,random,mhcii,num_peptides,124
Q1CS25,random,mhcii,num_strong_binders,18
Q1CS25,random,mhcii,num_weak_binders,106
Q9ZMG1,random,mhcii,score,0.5328406842105263
Q9ZMG1,random,mhcii,percentile,1.9742105263157894
Q9ZMG1,random,mhcii,num_peptides,19
Q9ZMG1,random,mhcii,num_strong_binders,6
Q9ZMG1,random,mhcii,num_weak_binders,13
Q9ZJX9,random,mhcii,score,0.3673725413533835
Q9ZJX9,random,mhcii,percentile,2.5852255639097743
Q9ZJX9,random,mhcii,num_peptides,266
Q9ZJX9,random,mhcii,num_strong_binders,43
Q9ZJX9,random,mhcii,num_weak_binders,223
Q1CSQ0,random,mhcii,score,0.4156814193548387
Q1CSQ0,random,mhcii,percentile,2.300806451612903
Q1CSQ0,random,mhcii,num_peptides,186
Q1CSQ0,random,mhcii,num_strong_binders,48
Q1CSQ0,random,mhcii,num_weak_binders,138
P66119,random,mhcii,score,0.37047453846153844
P66119,random,mhcii,percentile,2.772692307692308
P66119,random,mhcii,num_peptides,52
P66119,random,mhcii,num_strong_binders,8
P66119,random,mhcii,num_weak_binders,44
Q1CU35,random,mhcii,score,0.4146556512820513
Q1CU35,random,mhcii,percentile,2.452153846153846
Q1CU35,random,mhcii,num_peptides,195
Q1CU35,random,mhcii,num_strong_binders,43
Q1CU35,random,mhcii,num_weak_binders,152
B5Z9V7,random,mhcii,score,0.30675965753424655
B5Z9V7,random,mhcii,percentile,2.968904109589041
B5Z9V7,random,mhcii,num_peptides,146
B5Z9V7,random,mhcii,num_strong_binders,12
B5Z9V7,random,mhcii,num_weak_binders,134
O25971,random,mhcii,score,0.38781414634146344
O25971,random,mhcii,percentile,2.59130081300813
O25971,random,mhcii,num_peptides,123
O25971,random,mhcii,num_strong_binders,19
O25971,random,mhcii,num_weak_binders,104
O25679,random,mhcii,score,0.3654850847457627
O25679,random,mhcii,percentile,2.6122598870056497
O25679,random,mhcii,num_peptides,177
O25679,random,mhcii,num_strong_binders,28
O25679,random,mhcii,num_weak_binders,149
P71408,random,mhcii,score,0.3639596666666667
P71408,random,mhcii,percentile,2.552543859649123
P71408,random,mhcii,num_peptides,228
P71408,random,mhcii,num_strong_binders,47
P71408,random,mhcii,num_weak_binders,181
B2UUW2,random,mhcii,score,0.4031616
B2UUW2,random,mhcii,percentile,2.4233333333333333
B2UUW2,random,mhcii,num_peptides,75
B2UUW2,random,mhcii,num_strong_binders,14
B2UUW2,random,mhcii,num_weak_binders,61
P66460,random,mhcii,score,0.3923195588235294
P66460,random,mhcii,percentile,2.513235294117647
P66460,random,mhcii,num_peptides,34
P66460,random,mhcii,num_strong_binders,5
P66460,random,mhcii,num_weak_binders,29
Q9ZML2,random,mhcii,score,0.39021998876404496
Q9ZML2,random,mhcii,percentile,2.3651123595505616
Q9ZML2,random,mhcii,num_peptides,178
Q9ZML2,random,mhcii,num_strong_binders,39
Q9ZML2,random,mhcii,num_weak_binders,139
O25008,random,mhcii,score,0.39021998876404496
O25008,random,mhcii,percentile,2.3651123595505616
O25008,random,mhcii,num_peptides,178
O25008,random,mhcii,num_strong_binders,39
O25008,random,mhcii,num_weak_binders,139
Q9ZJS2,random,mhcii,score,0.403322301369863
Q9ZJS2,random,mhcii,percentile,2.4261643835616438
Q9ZJS2,random,mhcii,num_peptides,73
Q9ZJS2,random,mhcii,num_strong_binders,14
Q9ZJS2,random,mhcii,num_weak_binders,59
Q9ZMK8,random,mhcii,score,0.3983885567010309
Q9ZMK8,random,mhcii,percentile,2.3056701030927833
Q9ZMK8,random,mhcii,num_peptides,194
Q9ZMK8,random,mhcii,num_strong_binders,44
Q9ZMK8,random,mhcii,num_weak_binders,150
Q9ZJI7,random,mhcii,score,0.2792582151898734
Q9ZJI7,random,mhcii,percentile,2.931012658227848
Q9ZJI7,random,mhcii,num_peptides,79
Q9ZJI7,random,mhcii,num_strong_binders,9
Q9ZJI7,random,mhcii,num_weak_binders,70
P56109,random,mhcii,score,0.3947421263736264
P56109,random,mhcii,percentile,2.2746153846153847
P56109,random,mhcii,num_peptides,182
P56109,random,mhcii,num_strong_binders,44
P56109,random,mhcii,num_weak_binders,138
B2UU76,random,mhcii,score,0.4108599565217391
B2UU76,random,mhcii,percentile,2.258985507246377
B2UU76,random,mhcii,num_peptides,69
B2UU76,random,mhcii,num_strong_binders,15
B2UU76,random,mhcii,num_weak_binders,54
Q1CV84,random,mhcii,score,0.35023245588235297
Q1CV84,random,mhcii,percentile,2.6230882352941176
Q1CV84,random,mhcii,num_peptides,68
Q1CV84,random,mhcii,num_strong_binders,14
Q1CV84,random,mhcii,num_weak_binders,54
Q09066,random,mhcii,score,0.4076215208333333
Q09066,random,mhcii,percentile,2.1336458333333335
Q09066,random,mhcii,num_peptides,96
Q09066,random,mhcii,num_strong_binders,26
Q09066,random,mhcii,num_weak_binders,70
Q1CR49,random,mhcii,score,0.3848713181818182
Q1CR49,random,mhcii,percentile,2.3570454545454544
Q1CR49,random,mhcii,num_peptides,44
Q1CR49,random,mhcii,num_strong_binders,11
Q1CR49,random,mhcii,num_weak_binders,33
B6JKG3,random,mhcii,score,0.3627488785046729
B6JKG3,random,mhcii,percentile,2.6790654205607476
B6JKG3,random,mhcii,num_peptides,107
B6JKG3,random,mhcii,num_strong_binders,16
B6JKG3,random,mhcii,num_weak_binders,91
B5Z7I8,random,mhcii,score,0.44430172972972976
B5Z7I8,random,mhcii,percentile,2.5213513513513512
B5Z7I8,random,mhcii,num_peptides,37
B5Z7I8,random,mhcii,num_strong_binders,6
B5Z7I8,random,mhcii,num_weak_binders,31
Q9ZJJ9,random,mhcii,score,0.5201583
Q9ZJJ9,random,mhcii,percentile,2.0564285714285715
Q9ZJJ9,random,mhcii,num_peptides,70
Q9ZJJ9,random,mhcii,num_strong_binders,24
Q9ZJJ9,random,mhcii,num_weak_binders,46
Q9ZLN3,random,mhcii,score,0.39093597142857145
Q9ZLN3,random,mhcii,percentile,2.5429142857142857
Q9ZLN3,random,mhcii,num_peptides,175
Q9ZLN3,random,mhcii,num_strong_binders,36
Q9ZLN3,random,mhcii,num_weak_binders,139
Q1CS23,random,mhcii,score,0.3909736125
Q1CS23,random,mhcii,percentile,2.572625
Q1CS23,random,mhcii,num_peptides,80
Q1CS23,random,mhcii,num_strong_binders,15
Q1CS23,random,mhcii,num_weak_binders,65
B2UVC1,random,mhcii,score,0.40955157803468206
B2UVC1,random,mhcii,percentile,2.3002890173410404
B2UVC1,random,mhcii,num_peptides,173
B2UVC1,random,mhcii,num_strong_binders,50
B2UVC1,random,mhcii,num_weak_binders,123
B2UTC1,random,mhcii,score,0.43505712
B2UTC1,random,mhcii,percentile,2.20688
B2UTC1,random,mhcii,num_peptides,125
B2UTC1,random,mhcii,num_strong_binders,35
B2UTC1,random,mhcii,num_weak_binders,90
B2USG3,random,mhcii,score,0.4179228717948718
B2USG3,random,mhcii,percentile,2.428974358974359
B2USG3,random,mhcii,num_peptides,39
B2USG3,random,mhcii,num_strong_binders,12
B2USG3,random,mhcii,num_weak_binders,27
Q9ZKR8,random,mhcii,score,0.3417402205882353
Q9ZKR8,random,mhcii,percentile,2.545
Q9ZKR8,random,mhcii,num_peptides,68
Q9ZKR8,random,mhcii,num_strong_binders,10
Q9ZKR8,random,mhcii,num_weak_binders,58
P66450,random,mhcii,score,0.45214710344827586
P66450,random,mhcii,percentile,2.5458620689655174
P66450,random,mhcii,num_peptides,29
P66450,random,mhcii,num_strong_binders,6
P66450,random,mhcii,num_weak_binders,23
O24855,random,mhcii,score,0.3545809417475728
O24855,random,mhcii,percentile,2.5514563106796118
O24855,random,mhcii,num_peptides,103
O24855,random,mhcii,num_strong_binders,18
O24855,random,mhcii,num_weak_binders,85
Q1CUV9,random,mhcii,score,0.4070538870967742
Q1CUV9,random,mhcii,percentile,2.3537096774193547
Q1CUV9,random,mhcii,num_peptides,124
Q1CUV9,random,mhcii,num_strong_binders,23
Q1CUV9,random,mhcii,num_weak_binders,101
B6JN17,random,mhcii,score,0.38164156923076925
B6JN17,random,mhcii,percentile,2.635076923076923
B6JN17,random,mhcii,num_peptides,65
B6JN17,random,mhcii,num_strong_binders,14
B6JN17,random,mhcii,num_weak_binders,51
Q9ZM69,random,mhcii,score,0.3870884123076923
Q9ZM69,random,mhcii,percentile,2.407353846153846
Q9ZM69,random,mhcii,num_peptides,325
Q9ZM69,random,mhcii,num_strong_binders,68
Q9ZM69,random,mhcii,num_weak_binders,257
P56040,random,mhcii,score,0.4126992
P56040,random,mhcii,percentile,2.12
P56040,random,mhcii,num_peptides,50
P56040,random,mhcii,num_strong_binders,14
P56040,random,mhcii,num_weak_binders,36
P55994,random,mhcii,score,0.3885149713375796
P55994,random,mhcii,percentile,2.3496178343949046
P55994,random,mhcii,num_peptides,314
P55994,random,mhcii,num_strong_binders,82
P55994,random,mhcii,num_weak_binders,232
Q1CR79,random,mhcii,score,0.37998456779661016
Q1CR79,random,mhcii,percentile,2.6190677966101696
Q1CR79,random,mhcii,num_peptides,118
Q1CR79,random,mhcii,num_strong_binders,28
Q1CR79,random,mhcii,num_weak_binders,90
O25827,random,mhcii,score,0.3703261078838174
O25827,random,mhcii,percentile,2.4589211618257263
O25827,random,mhcii,num_peptides,241
O25827,random,mhcii,num_strong_binders,53
O25827,random,mhcii,num_weak_binders,188
B2US06,random,mhcii,score,0.4027670819672131
B2US06,random,mhcii,percentile,2.331229508196721
B2US06,random,mhcii,num_peptides,122
B2US06,random,mhcii,num_strong_binders,32
B2US06,random,mhcii,num_weak_binders,90
Q1CRZ1,random,mhcii,score,0.2840684230769231
Q1CRZ1,random,mhcii,percentile,2.983846153846154
Q1CRZ1,random,mhcii,num_peptides,26
Q1CRZ1,random,mhcii,num_strong_binders,0
Q1CRZ1,random,mhcii,num_weak_binders,26
Q9ZMB9,random,mhcii,score,0.3873413022508039
Q9ZMB9,random,mhcii,percentile,2.5075884244372992
Q9ZMB9,random,mhcii,num_peptides,311
Q9ZMB9,random,mhcii,num_strong_binders,64
Q9ZMB9,random,mhcii,num_weak_binders,247
Q9ZJM5,random,mhcii,score,0.3657180844444444
Q9ZJM5,random,mhcii,percentile,2.562711111111111
Q9ZJM5,random,mhcii,num_peptides,225
Q9ZJM5,random,mhcii,num_strong_binders,39
Q9ZJM5,random,mhcii,num_weak_binders,186
Q1CUZ6,random,mhcii,score,0.390468
Q1CUZ6,random,mhcii,percentile,2.4546464646464647
Q1CUZ6,random,mhcii,num_peptides,99
Q1CUZ6,random,mhcii,num_strong_binders,20
Q1CUZ6,random,mhcii,num_weak_binders,79
Q9ZJL5,random,mhcii,score,0.3103142028985507
Q9ZJL5,random,mhcii,percentile,2.7156521739130435
Q9ZJL5,random,mhcii,num_peptides,69
Q9ZJL5,random,mhcii,num_strong_binders,9
Q9ZJL5,random,mhcii,num_weak_binders,60
B2UV20,random,mhcii,score,0.3998316083916084
B2UV20,random,mhcii,percentile,2.2553846153846155
B2UV20,random,mhcii,num_peptides,143
B2UV20,random,mhcii,num_strong_binders,30
B2UV20,random,mhcii,num_weak_binders,113
Q1CRB7,random,mhcii,score,0.3275622985074627
Q1CRB7,random,mhcii,percentile,2.7482089552238804
Q1CRB7,random,mhcii,num_peptides,67
Q1CRB7,random,mhcii,num_strong_binders,10
Q1CRB7,random,mhcii,num_weak_binders,57
O25516,random,mhcii,score,0.3790955106382979
O25516,random,mhcii,percentile,2.3666666666666667
O25516,random,mhcii,num_peptides,141
O25516,random,mhcii,num_strong_binders,31
O25516,random,mhcii,num_weak_binders,110
B2USY3,random,mhcii,score,0.37586987769784175
B2USY3,random,mhcii,percentile,2.376906474820144
B2USY3,random,mhcii,num_peptides,139
B2USY3,random,mhcii,num_strong_binders,30
B2USY3,random,mhcii,num_weak_binders,109
O25766,random,mhcii,score,0.38681225
O25766,random,mhcii,percentile,2.612980769230769
O25766,random,mhcii,num_peptides,104
O25766,random,mhcii,num_strong_binders,18
O25766,random,mhcii,num_weak_binders,86
B6JNE2,random,mhcii,score,0.3956913947368421
B6JNE2,random,mhcii,percentile,2.4763157894736842
B6JNE2,random,mhcii,num_peptides,76
B6JNE2,random,mhcii,num_strong_binders,17
B6JNE2,random,mhcii,num_weak_binders,59
Q9ZMV7,random,mhcii,score,0.4221806385542169
Q9ZMV7,random,mhcii,percentile,2.265325301204819
Q9ZMV7,random,mhcii,num_peptides,415
Q9ZMV7,random,mhcii,num_strong_binders,118
Q9ZMV7,random,mhcii,num_weak_binders,297
B6JN25,random,mhcii,score,0.35875337373737376
B6JN25,random,mhcii,percentile,2.562626262626263
B6JN25,random,mhcii,num_peptides,99
B6JN25,random,mhcii,num_strong_binders,17
B6JN25,random,mhcii,num_weak_binders,82
O25088,random,mhcii,score,0.37527417647058825
O25088,random,mhcii,percentile,2.991764705882353
O25088,random,mhcii,num_peptides,17
O25088,random,mhcii,num_strong_binders,0
O25088,random,mhcii,num_weak_binders,17
B5Z7V8,random,mhcii,score,0.388276
B5Z7V8,random,mhcii,percentile,2.6646236559139784
B5Z7V8,random,mhcii,num_peptides,93
B5Z7V8,random,mhcii,num_strong_binders,19
B5Z7V8,random,mhcii,num_weak_binders,74
Q9ZJX4,random,mhcii,score,0.36064329677419354
Q9ZJX4,random,mhcii,percentile,2.654193548387097
Q9ZJX4,random,mhcii,num_peptides,155
Q9ZJX4,random,mhcii,num_strong_binders,29
Q9ZJX4,random,mhcii,num_weak_binders,126
Q1CSR0,random,mhcii,score,0.34912757364341085
Q1CSR0,random,mhcii,percentile,2.7472093023255812
Q1CSR0,random,mhcii,num_peptides,129
Q1CSR0,random,mhcii,num_strong_binders,18
Q1CSR0,random,mhcii,num_weak_binders,111
Q48252,random,mhcii,score,0.4114436129032258
Q48252,random,mhcii,percentile,2.391478494623656
Q48252,random,mhcii,num_peptides,372
Q48252,random,mhcii,num_strong_binders,97
Q48252,random,mhcii,num_weak_binders,275
Q1CRU8,random,mhcii,score,0.33235455
Q1CRU8,random,mhcii,percentile,2.7841666666666667
Q1CRU8,random,mhcii,num_peptides,60
Q1CRU8,random,mhcii,num_strong_binders,12
Q1CRU8,random,mhcii,num_weak_binders,48
B5Z6Y9,random,mhcii,score,0.4055606263736264
B5Z6Y9,random,mhcii,percentile,2.366703296703297
B5Z6Y9,random,mhcii,num_peptides,91
B5Z6Y9,random,mhcii,num_strong_binders,21
B5Z6Y9,random,mhcii,num_weak_binders,70
Q1CRD8,random,mhcii,score,0.3758237264150943
Q1CRD8,random,mhcii,percentile,2.4428301886792454
Q1CRD8,random,mhcii,num_peptides,106
Q1CRD8,random,mhcii,num_strong_binders,24
Q1CRD8,random,mhcii,num_weak_binders,82
P56071,random,mhcii,score,0.4299778141025641
P56071,random,mhcii,percentile,2.355192307692308
P56071,random,mhcii,num_peptides,312
P56071,random,mhcii,num_strong_binders,82
P56071,random,mhcii,num_weak_binders,230
Q9ZJ57,random,mhcii,score,0.38146198136645965
Q9ZJ57,random,mhcii,percentile,2.5146790890269153
Q9ZJ57,random,mhcii,num_peptides,483
Q9ZJ57,random,mhcii,num_strong_binders,100
Q9ZJ57,random,mhcii,num_weak_binders,383
Q9ZJY9,random,mhcii,score,0.33959836641221375
Q9ZJY9,random,mhcii,percentile,2.750229007633588
Q9ZJY9,random,mhcii,num_peptides,131
Q9ZJY9,random,mhcii,num_strong_binders,12
Q9ZJY9,random,mhcii,num_weak_binders,119
Q1CT35,random,mhcii,score,0.38386048660714284
Q1CT35,random,mhcii,percentile,2.411607142857143
Q1CT35,random,mhcii,num_peptides,224
Q1CT35,random,mhcii,num_strong_binders,59
Q1CT35,random,mhcii,num_weak_binders,165
Q9ZKY8,random,mhcii,score,0.33434144615384614
Q9ZKY8,random,mhcii,percentile,2.625076923076923
Q9ZKY8,random,mhcii,num_peptides,65
Q9ZKY8,random,mhcii,num_strong_binders,12
Q9ZKY8,random,mhcii,num_weak_binders,53
Q1CRI6,random,mhcii,score,0.44763235576923077
Q1CRI6,random,mhcii,percentile,2.179903846153846
Q1CRI6,random,mhcii,num_peptides,104
Q1CRI6,random,mhcii,num_strong_binders,28
Q1CRI6,random,mhcii,num_weak_binders,76
O25099,random,mhcii,score,0.4179228717948718
O25099,random,mhcii,percentile,2.428974358974359
O25099,random,mhcii,num_peptides,39
O25099,random,mhcii,num_strong_binders,12
O25099,random,mhcii,num_weak_binders,27
Q1CV86,random,mhcii,score,0.4076215208333333
Q1CV86,random,mhcii,percentile,2.1336458333333335
Q1CV86,random,mhcii,num_peptides,96
Q1CV86,random,mhcii,num_strong_binders,26
Q1CV86,random,mhcii,num_weak_binders,70
Q9ZM74,random,mhcii,score,0.2727564
Q9ZM74,random,mhcii,percentile,3.187375
Q9ZM74,random,mhcii,num_peptides,80
Q9ZM74,random,mhcii,num_strong_binders,4
Q9ZM74,random,mhcii,num_weak_binders,76
B2UT98,random,mhcii,score,0.3570894010152284
B2UT98,random,mhcii,percentile,2.5769035532994926
B2UT98,random,mhcii,num_peptides,197
B2UT98,random,mhcii,num_strong_binders,34
B2UT98,random,mhcii,num_weak_binders,163
Q9ZKB3,random,mhcii,score,0.37747001811594205
Q9ZKB3,random,mhcii,percentile,2.551231884057971
Q9ZKB3,random,mhcii,num_peptides,276
Q9ZKB3,random,mhcii,num_strong_binders,47
Q9ZKB3,random,mhcii,num_weak_binders,229
B2UUU1,random,mhcii,score,0.38164156923076925
B2UUU1,random,mhcii,percentile,2.635076923076923
B2UUU1,random,mhcii,num_peptides,65
B2UUU1,random,mhcii,num_strong_binders,14
B2UUU1,random,mhcii,num_weak_binders,51
P56044,random,mhcii,score,0.37762688372093023
P56044,random,mhcii,percentile,2.950697674418605
P56044,random,mhcii,num_peptides,43
P56044,random,mhcii,num_strong_binders,8
P56044,random,mhcii,num_weak_binders,35
Q1CTA1,random,mhcii,score,0.43525100840336134
Q1CTA1,random,mhcii,percentile,2.2298319327731093
Q1CTA1,random,mhcii,num_peptides,119
Q1CTA1,random,mhcii,num_strong_binders,29
Q1CTA1,random,mhcii,num_weak_binders,90
Q9ZK83,random,mhcii,score,0.4209231964285714
Q9ZK83,random,mhcii,percentile,2.4930357142857145
Q9ZK83,random,mhcii,num_peptides,56
Q9ZK83,random,mhcii,num_strong_binders,13
Q9ZK83,random,mhcii,num_weak_binders,43
Q9ZLJ7,random,mhcii,score,0.3983544303797468
Q9ZLJ7,random,mhcii,percentile,2.351392405063291
Q9ZLJ7,random,mhcii,num_peptides,79
Q9ZLJ7,random,mhcii,num_strong_binders,24
Q9ZLJ7,random,mhcii,num_weak_binders,55
B6JLM6,random,mhcii,score,0.4054067294117647
B6JLM6,random,mhcii,percentile,2.336235294117647
B6JLM6,random,mhcii,num_peptides,85
B6JLM6,random,mhcii,num_strong_binders,25
B6JLM6,random,mhcii,num_weak_binders,60
O25889,random,mhcii,score,0.3578197037037037
O25889,random,mhcii,percentile,2.7214814814814816
O25889,random,mhcii,num_peptides,27
O25889,random,mhcii,num_strong_binders,4
O25889,random,mhcii,num_weak_binders,23
Q9ZLY1,random,mhcii,score,0.340922984375
Q9ZLY1,random,mhcii,percentile,2.720859375
Q9ZLY1,random,mhcii,num_peptides,128
Q9ZLY1,random,mhcii,num_strong_binders,12
Q9ZLY1,random,mhcii,num_weak_binders,116
Q1CRD9,random,mhcii,score,0.43072367164179104
Q1CRD9,random,mhcii,percentile,2.3461194029850745
Q1CRD9,random,mhcii,num_peptides,67
Q1CRD9,random,mhcii,num_strong_binders,17
Q1CRD9,random,mhcii,num_weak_binders,50
B6JN65,random,mhcii,score,0.4549744406779661
B6JN65,random,mhcii,percentile,2.288813559322034
B6JN65,random,mhcii,num_peptides,59
B6JN65,random,mhcii,num_strong_binders,16
B6JN65,random,mhcii,num_weak_binders,43
B5Z9Q3,random,mhcii,score,0.44097708333333335
B5Z9Q3,random,mhcii,percentile,2.4283333333333332
B5Z9Q3,random,mhcii,num_peptides,24
B5Z9Q3,random,mhcii,num_strong_binders,5
B5Z9Q3,random,mhcii,num_weak_binders,19
O25608,random,mhcii,score,0.4053875192307692
O25608,random,mhcii,percentile,2.564230769230769
O25608,random,mhcii,num_peptides,52
O25608,random,mhcii,num_strong_binders,6
O25608,random,mhcii,num_weak_binders,46
Q9ZMP3,random,mhcii,score,0.3952322222222222
Q9ZMP3,random,mhcii,percentile,2.625
Q9ZMP3,random,mhcii,num_peptides,18
Q9ZMP3,random,mhcii,num_strong_binders,2
Q9ZMP3,random,mhcii,num_weak_binders,16
B2UUV8,random,mhcii,score,0.45534907272727276
B2UUV8,random,mhcii,percentile,2.2996363636363637
B2UUV8,random,mhcii,num_peptides,55
B2UUV8,random,mhcii,num_strong_binders,17
B2UUV8,random,mhcii,num_weak_binders,38
P56411,random,mhcii,score,0.336305
P56411,random,mhcii,percentile,2.705
P56411,random,mhcii,num_peptides,14
P56411,random,mhcii,num_strong_binders,1
P56411,random,mhcii,num_weak_binders,13
Q1CTA1,random,mhcii,score,0.46079027358490565
Q1CTA1,random,mhcii,percentile,2.1506603773584905
Q1CTA1,random,mhcii,num_peptides,106
Q1CTA1,random,mhcii,num_strong_binders,28
Q1CTA1,random,mhcii,num_weak_binders,78
Q9ZKS6,random,mhcii,score,0.3792923552631579
Q9ZKS6,random,mhcii,percentile,2.5686842105263157
Q9ZKS6,random,mhcii,num_peptides,76
Q9ZKS6,random,mhcii,num_strong_binders,13
Q9ZKS6,random,mhcii,num_weak_binders,63
Q9ZM69,random,mhcii,score,0.38597701457725947
Q9ZM69,random,mhcii,percentile,2.4174927113702624
Q9ZM69,random,mhcii,num_peptides,343
Q9ZM69,random,mhcii,num_strong_binders,75
Q9ZM69,random,mhcii,num_weak_binders,268
P56040,random,mhcii,score,0.39234898
P56040,random,mhcii,percentile,2.1786
P56040,random,mhcii,num_peptides,50
P56040,random,mhcii,num_strong_binders,12
P56040,random,mhcii,num_weak_binders,38
O25595,random,mhcii,score,0.36769134645669294
O25595,random,mhcii,percentile,2.7146850393700785
O25595,random,mhcii,num_peptides,254
O25595,random,mhcii,num_strong_binders,45
O25595,random,mhcii,num_weak_binders,209
Q1CSZ2,random,mhcii,score,0.3901912159090909
Q1CSZ2,random,mhcii,percentile,2.5111363636363637
Q1CSZ2,random,mhcii,num_peptides,88
Q1CSZ2,random,mhcii,num_strong_binders,18
Q1CSZ2,random,mhcii,num_weak_binders,70
Q1CRD9,random,mhcii,score,0.4374427857142857
Q1CRD9,random,mhcii,percentile,2.327
Q1CRD9,random,mhcii,num_peptides,70
Q1CRD9,random,mhcii,num_strong_binders,19
Q1CRD9,random,mhcii,num_weak_binders,51
P80200,random,mhcii,score,0.353379618556701
P80200,random,mhcii,percentile,2.5324054982817867
P80200,random,mhcii,num_peptides,582
P80200,random,mhcii,num_strong_binders,107
P80200,random,mhcii,num_weak_binders,475
O25474,random,mhcii,score,0.44494984615384614
O25474,random,mhcii,percentile,2.3373504273504273
O25474,random,mhcii,num_peptides,117
O25474,random,mhcii,num_strong_binders,33
O25474,random,mhcii,num_weak_binders,84
B5Z8J7,random,mhcii,score,0.3956968170731707
B5Z8J7,random,mhcii,percentile,2.3715853658536585
B5Z8J7,random,mhcii,num_peptides,82
B5Z8J7,random,mhcii,num_strong_binders,16
B5Z8J7,random,mhcii,num_weak_binders,66
B6JKG3,random,mhcii,score,0.35550824770642203
B6JKG3,random,mhcii,percentile,2.710550458715596
B6JKG3,random,mhcii,num_peptides,109
B6JKG3,random,mhcii,num_strong_binders,13
B6JKG3,random,mhcii,num_weak_binders,96
B5Z7I8,random,mhcii,score,0.40948935714285717
B5Z7I8,random,mhcii,percentile,2.513095238095238
B5Z7I8,random,mhcii,num_peptides,42
B5Z7I8,random,mhcii,num_strong_binders,8
B5Z7I8,random,mhcii,num_weak_binders,34
Q9ZJJ9,random,mhcii,score,0.5075799333333333
Q9ZJJ9,random,mhcii,percentile,2.0138666666666665
Q9ZJJ9,random,mhcii,num_peptides,75
Q9ZJJ9,random,mhcii,num_strong_binders,24
Q9ZJJ9,random,mhcii,num_weak_binders,51
Q9ZLN3,random,mhcii,score,0.3954150706521739
Q9ZLN3,random,mhcii,percentile,2.556358695652174
Q9ZLN3,random,mhcii,num_peptides,184
Q9ZLN3,random,mhcii,num_strong_binders,40
Q9ZLN3,random,mhcii,num_weak_binders,144
O25703,random,mhcii,score,0.45897874074074074
O25703,random,mhcii,percentile,2.2410185185185183
O25703,random,mhcii,num_peptides,108
O25703,random,mhcii,num_strong_binders,34
O25703,random,mhcii,num_weak_binders,74
B2USN5,random,mhcii,score,0.4620392037037037
B2USN5,random,mhcii,percentile,2.080185185185185
B2USN5,random,mhcii,num_peptides,54
B2USN5,random,mhcii,num_strong_binders,16
B2USN5,random,mhcii,num_weak_binders,38
Q9ZJI7,random,mhcii,score,0.2745396282051282
Q9ZJI7,random,mhcii,percentile,2.9511538461538462
Q9ZJI7,random,mhcii,num_peptides,78
Q9ZJI7,random,mhcii,num_strong_binders,9
Q9ZJI7,random,mhcii,num_weak_binders,69
P56109,random,mhcii,score,0.3947421263736264
P56109,random,mhcii,percentile,2.2746153846153847
P56109,random,mhcii,num_peptides,182
P56109,random,mhcii,num_strong_binders,44
P56109,random,mhcii,num_weak_binders,138
B2UU76,random,mhcii,score,0.406561602739726
B2UU76,random,mhcii,percentile,2.265753424657534
B2UU76,random,mhcii,num_peptides,73
B2UU76,random,mhcii,num_strong_binders,15
B2UU76,random,mhcii,num_weak_binders,58
P64382,random,mhcii,score,0.3876837435897436
P64382,random,mhcii,percentile,2.2043589743589744
P64382,random,mhcii,num_peptides,39
P64382,random,mhcii,num_strong_binders,8
P64382,random,mhcii,num_weak_binders,31
P56191,random,mhcii,score,0.3979535359116022
P56191,random,mhcii,percentile,2.5159668508287294
P56191,random,mhcii,num_peptides,181
P56191,random,mhcii,num_strong_binders,39
P56191,random,mhcii,num_weak_binders,142
Q1CTD7,random,mhcii,score,0.37492337073170734
Q1CTD7,random,mhcii,percentile,2.4779024390243904
Q1CTD7,random,mhcii,num_peptides,205
Q1CTD7,random,mhcii,num_strong_binders,40
Q1CTD7,random,mhcii,num_weak_binders,165
P56120,random,mhcii,score,0.43202946511627904
P56120,random,mhcii,percentile,2.5488372093023255
P56120,random,mhcii,num_peptides,43
P56120,random,mhcii,num_strong_binders,13
P56120,random,mhcii,num_weak_binders,30
Q1CSR0,random,mhcii,score,0.3485180873015873
Q1CSR0,random,mhcii,percentile,2.7676984126984125
Q1CSR0,random,mhcii,num_peptides,126
Q1CSR0,random,mhcii,num_strong_binders,18
Q1CSR0,random,mhcii,num_weak_binders,108
B9XXL6,random,mhcii,score,0.38671716194331984
B9XXL6,random,mhcii,percentile,2.3937246963562755
B9XXL6,random,mhcii,num_peptides,247
B9XXL6,random,mhcii,num_strong_binders,48
B9XXL6,random,mhcii,num_weak_binders,199
B2UTQ6,random,mhcii,score,0.3441139142857143
B2UTQ6,random,mhcii,percentile,2.862142857142857
B2UTQ6,random,mhcii,num_peptides,70
B2UTQ6,random,mhcii,num_strong_binders,6
B2UTQ6,random,mhcii,num_weak_binders,64
Q9ZM39,random,mhcii,score,0.36015480555555557
Q9ZM39,random,mhcii,percentile,2.8783333333333334
Q9ZM39,random,mhcii,num_peptides,36
Q9ZM39,random,mhcii,num_strong_binders,5
Q9ZM39,random,mhcii,num_weak_binders,31
Q9ZM94,random,mhcii,score,0.40491321974522293
Q9ZM94,random,mhcii,percentile,2.416019108280255
Q9ZM94,random,mhcii,num_peptides,314
Q9ZM94,random,mhcii,num_strong_binders,58
Q9ZM94,random,mhcii,num_weak_binders,256
Q9ZJX9,random,mhcii,score,0.3752671866197183
Q9ZJX9,random,mhcii,percentile,2.612570422535211
Q9ZJX9,random,mhcii,num_peptides,284
Q9ZJX9,random,mhcii,num_strong_binders,50
Q9ZJX9,random,mhcii,num_weak_binders,234
B2USD7,random,mhcii,score,0.3880622119205298
B2USD7,random,mhcii,percentile,2.572450331125828
B2USD7,random,mhcii,num_peptides,151
B2USD7,random,mhcii,num_strong_binders,33
B2USD7,random,mhcii,num_weak_binders,118
Q1CS25,random,mhcii,score,0.3763223046875
Q1CS25,random,mhcii,percentile,2.500625
Q1CS25,random,mhcii,num_peptides,128
Q1CS25,random,mhcii,num_strong_binders,24
Q1CS25,random,mhcii,num_weak_binders,104
O25889,random,mhcii,score,0.355465
O25889,random,mhcii,percentile,2.8454838709677417
O25889,random,mhcii,num_peptides,31
O25889,random,mhcii,num_strong_binders,4
O25889,random,mhcii,num_weak_binders,27
Q9ZJF1,random,mhcii,score,0.40548097435897434
Q9ZJF1,random,mhcii,percentile,2.4448076923076925
Q9ZJF1,random,mhcii,num_peptides,156
Q9ZJF1,random,mhcii,num_strong_binders,30
Q9ZJF1,random,mhcii,num_weak_binders,126
O26106,random,mhcii,score,0.38244249295774646
O26106,random,mhcii,percentile,2.6456338028169015
O26106,random,mhcii,num_peptides,71
O26106,random,mhcii,num_strong_binders,13
O26106,random,mhcii,num_weak_binders,58
Q9ZK75,random,mhcii,score,0.3828779230769231
Q9ZK75,random,mhcii,percentile,2.395244755244755
Q9ZK75,random,mhcii,num_peptides,143
Q9ZK75,random,mhcii,num_strong_binders,31
Q9ZK75,random,mhcii,num_weak_binders,112
Q1CV04,random,mhcii,score,0.3870337051282051
Q1CV04,random,mhcii,percentile,2.3121794871794874
Q1CV04,random,mhcii,num_peptides,156
Q1CV04,random,mhcii,num_strong_binders,34
Q1CV04,random,mhcii,num_weak_binders,122
Q1CS23,random,mhcii,score,0.39117885507246375
Q1CS23,random,mhcii,percentile,2.5389855072463767
Q1CS23,random,mhcii,num_peptides,69
Q1CS23,random,mhcii,num_strong_binders,15
Q1CS23,random,mhcii,num_weak_binders,54
Q1CS66,random,mhcii,score,0.3956968170731707
Q1CS66,random,mhcii,percentile,2.3715853658536585
Q1CS66,random,mhcii,num_peptides,82
Q1CS66,random,mhcii,num_strong_binders,16
Q1CS66,random,mhcii,num_weak_binders,66
Q1CRI6,random,mhcii,score,0.44028143089430893
Q1CRI6,random,mhcii,percentile,2.313739837398374
Q1CRI6,random,mhcii,num_peptides,123
Q1CRI6,random,mhcii,num_strong_binders,29
Q1CRI6,random,mhcii,num_weak_binders,94
Q1CUV9,random,mhcii,score,0.4016640923076923
Q1CUV9,random,mhcii,percentile,2.3973846153846154
Q1CUV9,random,mhcii,num_peptides,130
Q1CUV9,random,mhcii,num_strong_binders,24
Q1CUV9,random,mhcii,num_weak_binders,106
O25531,random,mhcii,score,0.34243549206349205
O25531,random,mhcii,percentile,2.5907936507936506
O25531,random,mhcii,num_peptides,63
O25531,random,mhcii,num_strong_binders,12
O25531,random,mhcii,num_weak_binders,51
B2UV74,random,mhcii,score,0.3414347368421053
B2UV74,random,mhcii,percentile,2.6589473684210527
B2UV74,random,mhcii,num_peptides,19
B2UV74,random,mhcii,num_strong_binders,2
B2UV74,random,mhcii,num_weak_binders,17
B2UW06,random,mhcii,score,0.35281232727272727
B2UW06,random,mhcii,percentile,2.472909090909091
B2UW06,random,mhcii,num_peptides,55
B2UW06,random,mhcii,num_strong_binders,6
B2UW06,random,mhcii,num_weak_binders,49
Q9ZJJ4,random,mhcii,score,0.43038641463414634
Q9ZJJ4,random,mhcii,percentile,2.324390243902439
Q9ZJJ4,random,mhcii,num_peptides,123
Q9ZJJ4,random,mhcii,num_strong_binders,31
Q9ZJJ4,random,mhcii,num_weak_binders,92
P66460,random,mhcii,score,0.3923195588235294
P66460,random,mhcii,percentile,2.513235294117647
P66460,random,mhcii,num_peptides,34
P66460,random,mhcii,num_strong_binders,5
P66460,random,mhcii,num_weak_binders,29
Q9ZML2,random,mhcii,score,0.37803664324324326
Q9ZML2,random,mhcii,percentile,2.4596756756756757
Q9ZML2,random,mhcii,num_peptides,185
Q9ZML2,random,mhcii,num_strong_binders,39
Q9ZML2,random,mhcii,num_weak_binders,146
O25008,random,mhcii,score,0.37803664324324326
O25008,random,mhcii,percentile,2.4596756756756757
O25008,random,mhcii,num_peptides,185
O25008,random,mhcii,num_strong_binders,39
O25008,random,mhcii,num_weak_binders,146
P55994,random,mhcii,score,0.3887562749244713
P55994,random,mhcii,percentile,2.3581268882175226
P55994,random,mhcii,num_peptides,331
P55994,random,mhcii,num_strong_binders,83
P55994,random,mhcii,num_weak_binders,248
Q1CR79,random,mhcii,score,0.3769474051724138
Q1CR79,random,mhcii,percentile,2.571551724137931
Q1CR79,random,mhcii,num_peptides,116
Q1CR79,random,mhcii,num_strong_binders,24
Q1CR79,random,mhcii,num_weak_binders,92
Q9ZMF0,random,mhcii,score,0.41542867021276597
Q9ZMF0,random,mhcii,percentile,2.2096808510638297
Q9ZMF0,random,mhcii,num_peptides,188
Q9ZMF0,random,mhcii,num_strong_binders,44
Q9ZMF0,random,mhcii,num_weak_binders,144
Q9ZJ65,random,mhcii,score,0.43433538562091506
Q9ZJ65,random,mhcii,percentile,2.268496732026144
Q9ZJ65,random,mhcii,num_peptides,153
Q9ZJ65,random,mhcii,num_strong_binders,32
Q9ZJ65,random,mhcii,num_weak_binders,121
B2UTK9,random,mhcii,score,0.3922423535353535
B2UTK9,random,mhcii,percentile,2.498989898989899
B2UTK9,random,mhcii,num_peptides,99
B2UTK9,random,mhcii,num_strong_binders,19
B2UTK9,random,mhcii,num_weak_binders,80
B2UV81,random,mhcii,score,0.3984637794117647
B2UV81,random,mhcii,percentile,2.695294117647059
B2UV81,random,mhcii,num_peptides,68
B2UV81,random,mhcii,num_strong_binders,17
B2UV81,random,mhcii,num_weak_binders,51
P56141,random,mhcii,score,0.3775246956521739
P56141,random,mhcii,percentile,2.5128695652173914
P56141,random,mhcii,num_peptides,115
P56141,random,mhcii,num_strong_binders,24
P56141,random,mhcii,num_weak_binders,91
Q9ZMG1,random,mhcii,score,0.44141956
Q9ZMG1,random,mhcii,percentile,2.4748
Q9ZMG1,random,mhcii,num_peptides,25
Q9ZMG1,random,mhcii,num_strong_binders,6
Q9ZMG1,random,mhcii,num_weak_binders,19
O25679,random,mhcii,score,0.36104183720930233
O25679,random,mhcii,percentile,2.6559302325581395
O25679,random,mhcii,num_peptides,172
O25679,random,mhcii,num_strong_binders,26
O25679,random,mhcii,num_weak_binders,146
P71408,random,mhcii,score,0.3602733205128205
P71408,random,mhcii,percentile,2.548034188034188
P71408,random,mhcii,num_peptides,234
P71408,random,mhcii,num_strong_binders,48
P71408,random,mhcii,num_weak_binders,186
B6JLG3,random,mhcii,score,0.42097517307692306
B6JLG3,random,mhcii,percentile,2.2446153846153845
B6JLG3,random,mhcii,num_peptides,156
B6JLG3,random,mhcii,num_strong_binders,42
B6JLG3,random,mhcii,num_weak_binders,114
B6JLE8,random,mhcii,score,0.3781955511811024
B6JLE8,random,mhcii,percentile,2.4396850393700786
B6JLE8,random,mhcii,num_peptides,127
B6JLE8,random,mhcii,num_strong_binders,29
B6JLE8,random,mhcii,num_weak_binders,98
Q9ZJX4,random,mhcii,score,0.39818007236842107
Q9ZJX4,random,mhcii,percentile,2.5126973684210525
Q9ZJX4,random,mhcii,num_peptides,152
Q9ZJX4,random,mhcii,num_strong_binders,35
Q9ZJX4,random,mhcii,num_weak_binders,117
B2UTX4,random,mhcii,score,0.3812542
B2UTX4,random,mhcii,percentile,2.485
B2UTX4,random,mhcii,num_peptides,70
B2UTX4,random,mhcii,num_strong_binders,10
B2UTX4,random,mhcii,num_weak_binders,60
Q1CUI3,random,mhcii,score,0.386443258302583
Q1CUI3,random,mhcii,percentile,2.5393357933579335
Q1CUI3,random,mhcii,num_peptides,271
Q1CUI3,random,mhcii,num_strong_binders,52
Q1CUI3,random,mhcii,num_weak_binders,219
Q1CU98,random,mhcii,score,0.36015480555555557
Q1CU98,random,mhcii,percentile,2.8783333333333334
Q1CU98,random,mhcii,num_peptides,36
Q1CU98,random,mhcii,num_strong_binders,5
Q1CU98,random,mhcii,num_weak_binders,31
Q1CRJ9,random,mhcii,score,0.2745396282051282
Q1CRJ9,random,mhcii,percentile,2.9511538461538462
Q1CRJ9,random,mhcii,num_peptides,78
Q1CRJ9,random,mhcii,num_strong_binders,9
Q1CRJ9,random,mhcii,num_weak_binders,69
B6JNF0,random,mhcii,score,0.33235455
B6JNF0,random,mhcii,percentile,2.7841666666666667
B6JNF0,random,mhcii,num_peptides,60
B6JNF0,random,mhcii,num_strong_binders,12
B6JNF0,random,mhcii,num_weak_binders,48
B5Z8N3,random,mhcii,score,0.3763223046875
B5Z8N3,random,mhcii,percentile,2.500625
B5Z8N3,random,mhcii,num_peptides,128
B5Z8N3,random,mhcii,num_strong_binders,24
B5Z8N3,random,mhcii,num_weak_binders,104
O25970,random,mhcii,score,0.3218261363636364
O25970,random,mhcii,percentile,2.876060606060606
O25970,random,mhcii,num_peptides,132
O25970,random,mhcii,num_strong_binders,12
O25970,random,mhcii,num_weak_binders,120
B6JL99,random,mhcii,score,0.4163873962264151
B6JL99,random,mhcii,percentile,2.349748427672956
B6JL99,random,mhcii,num_peptides,159
B6JL99,random,mhcii,num_strong_binders,36
B6JL99,random,mhcii,num_weak_binders,123
B2UUR0,random,mhcii,score,0.4426125961538462
B2UUR0,random,mhcii,percentile,2.3023076923076924
B2UUR0,random,mhcii,num_peptides,52
B2UUR0,random,mhcii,num_strong_binders,14
B2UUR0,random,mhcii,num_weak_binders,38
P56128,random,mhcii,score,0.386443258302583
P56128,random,mhcii,percentile,2.5393357933579335
P56128,random,mhcii,num_peptides,271
P56128,random,mhcii,num_strong_binders,52
P56128,random,mhcii,num_weak_binders,219
Q9ZM13,random,mhcii,score,0.3607722913385827
Q9ZM13,random,mhcii,percentile,2.7763779527559054
Q9ZM13,random,mhcii,num_peptides,127
Q9ZM13,random,mhcii,num_strong_binders,18
Q9ZM13,random,mhcii,num_weak_binders,109
B5Z8P5,random,mhcii,score,0.39456023076923075
B5Z8P5,random,mhcii,percentile,2.493846153846154
B5Z8P5,random,mhcii,num_peptides,104
B5Z8P5,random,mhcii,num_strong_binders,26
B5Z8P5,random,mhcii,num_weak_binders,78
O26009,random,mhcii,score,0.3705598817204301
O26009,random,mhcii,percentile,2.2856989247311827
O26009,random,mhcii,num_peptides,93
O26009,random,mhcii,num_strong_binders,24
O26009,random,mhcii,num_weak_binders,69
Q9ZJZ7,random,mhcii,score,0.3798680175438596
Q9ZJZ7,random,mhcii,percentile,2.424517543859649
Q9ZJZ7,random,mhcii,num_peptides,228
Q9ZJZ7,random,mhcii,num_strong_binders,50
Q9ZJZ7,random,mhcii,num_weak_binders,178
B6JM54,random,mhcii,score,0.40948935714285717
B6JM54,random,mhcii,percentile,2.513095238095238
B6JM54,random,mhcii,num_peptides,42
B6JM54,random,mhcii,num_strong_binders,8
B6JM54,random,mhcii,num_weak_binders,34
B6JPT1,random,mhcii,score,0.37839159642857145
B6JPT1,random,mhcii,percentile,2.6326071428571427
B6JPT1,random,mhcii,num_peptides,280
B6JPT1,random,mhcii,num_strong_binders,46
B6JPT1,random,mhcii,num_weak_binders,234
B6JKX5,random,mhcii,score,0.37580768958742633
B6JKX5,random,mhcii,percentile,2.56090373280943
B6JKX5,random,mhcii,num_peptides,509
B6JKX5,random,mhcii,num_strong_binders,114
B6JKX5,random,mhcii,num_weak_binders,395
B6JMI1,random,mhcii,score,0.3485180873015873
B6JMI1,random,mhcii,percentile,2.7676984126984125
B6JMI1,random,mhcii,num_peptides,126
B6JMI1,random,mhcii,num_strong_binders,18
B6JMI1,random,mhcii,num_weak_binders,108
B6JM59,random,mhcii,score,0.36652558333333335
B6JM59,random,mhcii,percentile,3.086666666666667
B6JM59,random,mhcii,num_peptides,60
B6JM59,random,mhcii,num_strong_binders,4
B6JM59,random,mhcii,num_weak_binders,56
Q9ZME5,random,mhcii,score,0.3721784794520548
Q9ZME5,random,mhcii,percentile,2.4438812785388127
Q9ZME5,random,mhcii,num_peptides,219
Q9ZME5,random,mhcii,num_strong_binders,44
Q9ZME5,random,mhcii,num_weak_binders,175
O25157,random,mhcii,score,0.3825874275862069
O25157,random,mhcii,percentile,2.481448275862069
O25157,random,mhcii,num_peptides,290
O25157,random,mhcii,num_strong_binders,69
O25157,random,mhcii,num_weak_binders,221
Q1CUW5,random,mhcii,score,0.3832596368159204
Q1CUW5,random,mhcii,percentile,2.3907960199004976
Q1CUW5,random,mhcii,num_peptides,201
Q1CUW5,random,mhcii,num_strong_binders,40
Q1CUW5,random,mhcii,num_weak_binders,161
O25851,random,mhcii,score,0.3637299821428571
O25851,random,mhcii,percentile,2.455892857142857
O25851,random,mhcii,num_peptides,56
O25851,random,mhcii,num_strong_binders,7
O25851,random,mhcii,num_weak_binders,49
B2USG3,random,mhcii,score,0.4179228717948718
B2USG3,random,mhcii,percentile,2.428974358974359
B2USG3,random,mhcii,num_peptides,39
B2USG3,random,mhcii,num_strong_binders,12
B2USG3,random,mhcii,num_weak_binders,27
B2USY3,random,mhcii,score,0.3858093509933775
B2USY3,random,mhcii,percentile,2.4717880794701985
B2USY3,random,mhcii,num_peptides,151
B2USY3,random,mhcii,num_strong_binders,35
B2USY3,random,mhcii,num_weak_binders,116
O25766,random,mhcii,score,0.39672959090909093
O25766,random,mhcii,percentile,2.4994545454545456
O25766,random,mhcii,num_peptides,110
O25766,random,mhcii,num_strong_binders,22
O25766,random,mhcii,num_weak_binders,88
B6JNE2,random,mhcii,score,0.38120332142857144
B6JNE2,random,mhcii,percentile,2.470535714285714
B6JNE2,random,mhcii,num_peptides,56
B6JNE2,random,mhcii,num_strong_binders,13
B6JNE2,random,mhcii,num_weak_binders,43
Q9ZMV7,random,mhcii,score,0.4132404536817102
Q9ZMV7,random,mhcii,percentile,2.320190023752969
Q9ZMV7,random,mhcii,num_peptides,421
Q9ZMV7,random,mhcii,num_strong_binders,114
Q9ZMV7,random,mhcii,num_weak_binders,307
O25610,random,mhcii,score,0.3419666538461538
O25610,random,mhcii,percentile,2.7401923076923076
O25610,random,mhcii,num_peptides,104
O25610,random,mhcii,num_strong_binders,10
O25610,random,mhcii,num_weak_binders,94
Q9ZK27,random,mhcii,score,0.3801467647058824
Q9ZK27,random,mhcii,percentile,2.525098039215686
Q9ZK27,random,mhcii,num_peptides,204
Q9ZK27,random,mhcii,num_strong_binders,31
Q9ZK27,random,mhcii,num_weak_binders,173
P66119,random,mhcii,score,0.37047453846153844
P66119,random,mhcii,percentile,2.772692307692308
P66119,random,mhcii,num_peptides,52
P66119,random,mhcii,num_strong_binders,8
P66119,random,mhcii,num_weak_binders,44
Q9ZK20,random,mhcii,score,0.37017134444444444
Q9ZK20,random,mhcii,percentile,2.6126666666666667
Q9ZK20,random,mhcii,num_peptides,90
Q9ZK20,random,mhcii,num_strong_binders,18
Q9ZK20,random,mhcii,num_weak_binders,72
B2USG1,random,mhcii,score,0.3878127984496124
B2USG1,random,mhcii,percentile,2.6183720930232557
B2USG1,random,mhcii,num_peptides,129
B2USG1,random,mhcii,num_strong_binders,21
B2USG1,random,mhcii,num_weak_binders,108
B2US06,random,mhcii,score,0.39979443902439027
B2US06,random,mhcii,percentile,2.354878048780488
B2US06,random,mhcii,num_peptides,123
B2US06,random,mhcii,num_strong_binders,32
B2US06,random,mhcii,num_weak_binders,91
Q1CRZ1,random,mhcii,score,0.2803812857142857
Q1CRZ1,random,mhcii,percentile,2.8992857142857145
Q1CRZ1,random,mhcii,num_peptides,28
Q1CRZ1,random,mhcii,num_strong_binders,2
Q1CRZ1,random,mhcii,num_weak_binders,26
Q9ZMB9,random,mhcii,score,0.386443258302583
Q9ZMB9,random,mhcii,percentile,2.5393357933579335
Q9ZMB9,random,mhcii,num_peptides,271
Q9ZMB9,random,mhcii,num_strong_binders,52
Q9ZMB9,random,mhcii,num_weak_binders,219
B6JNE5,random,mhcii,score,0.3291595
B6JNE5,random,mhcii,percentile,2.8444736842105263
B6JNE5,random,mhcii,num_peptides,76
B6JNE5,random,mhcii,num_strong_binders,7
B6JNE5,random,mhcii,num_weak_binders,69
O25028,random,mhcii,score,0.3656736958762887
O25028,random,mhcii,percentile,2.595257731958763
O25028,random,mhcii,num_peptides,194
O25028,random,mhcii,num_strong_binders,32
O25028,random,mhcii,num_weak_binders,162
Q9ZMF2,random,mhcii,score,0.37478144242424244
Q9ZMF2,random,mhcii,percentile,2.719333333333333
Q9ZMF2,random,mhcii,num_peptides,165
Q9ZMF2,random,mhcii,num_strong_binders,29
Q9ZMF2,random,mhcii,num_weak_binders,136
B2UU74,random,mhcii,score,0.3517240421686747
B2UU74,random,mhcii,percentile,2.7100602409638554
B2UU74,random,mhcii,num_peptides,166
B2UU74,random,mhcii,num_strong_binders,31
B2UU74,random,mhcii,num_weak_binders,135
Q9ZJS2,random,mhcii,score,0.403322301369863
Q9ZJS2,random,mhcii,percentile,2.4261643835616438
Q9ZJS2,random,mhcii,num_peptides,73
Q9ZJS2,random,mhcii,num_strong_binders,14
Q9ZJS2,random,mhcii,num_weak_binders,59
Q9ZMK8,random,mhcii,score,0.40410741450777204
Q9ZMK8,random,mhcii,percentile,2.2303108808290157
Q9ZMK8,random,mhcii,num_peptides,193
Q9ZMK8,random,mhcii,num_strong_binders,48
Q9ZMK8,random,mhcii,num_weak_binders,145
Q9ZKQ7,random,mhcii,score,0.3368382817679558
Q9ZKQ7,random,mhcii,percentile,2.6302762430939226
Q9ZKQ7,random,mhcii,num_peptides,181
Q9ZKQ7,random,mhcii,num_strong_binders,31
Q9ZKQ7,random,mhcii,num_weak_binders,150
Q1CV84,random,mhcii,score,0.3585459090909091
Q1CV84,random,mhcii,percentile,2.5166233766233765
Q1CV84,random,mhcii,num_peptides,77
Q1CV84,random,mhcii,num_strong_binders,19
Q1CV84,random,mhcii,num_weak_binders,58
Q09066,random,mhcii,score,0.4076215208333333
Q09066,random,mhcii,percentile,2.1336458333333335
Q09066,random,mhcii,num_peptides,96
Q09066,random,mhcii,num_strong_binders,26
Q09066,random,mhcii,num_weak_binders,70
B2UVE0,random,mhcii,score,0.4145284852941176
B2UVE0,random,mhcii,percentile,2.226029411764706
B2UVE0,random,mhcii,num_peptides,68
B2UVE0,random,mhcii,num_strong_binders,17
B2UVE0,random,mhcii,num_weak_binders,51
B2UUW2,random,mhcii,score,0.3956968170731707
B2UUW2,random,mhcii,percentile,2.3715853658536585
B2UUW2,random,mhcii,num_peptides,82
B2UUW2,random,mhcii,num_strong_binders,16
B2UUW2,random,mhcii,num_weak_binders,66
O25963,random,mhcii,score,0.43038641463414634
O25963,random,mhcii,percentile,2.324390243902439
O25963,random,mhcii,num_peptides,123
O25963,random,mhcii,num_strong_binders,31
O25963,random,mhcii,num_weak_binders,92
B6JKG9,random,mhcii,score,0.4160338694029851
B6JKG9,random,mhcii,percentile,2.3939925373134328
B6JKG9,random,mhcii,num_peptides,268
B6JKG9,random,mhcii,num_strong_binders,60
B6JKG9,random,mhcii,num_weak_binders,208
O25688,random,mhcii,score,0.4620392037037037
O25688,random,mhcii,percentile,2.080185185185185
O25688,random,mhcii,num_peptides,54
O25688,random,mhcii,num_strong_binders,16
O25688,random,mhcii,num_weak_binders,38
B2UV70,random,mhcii,score,0.3291595
B2UV70,random,mhcii,percentile,2.8444736842105263
B2UV70,random,mhcii,num_peptides,76
B2UV70,random,mhcii,num_strong_binders,7
B2UV70,random,mhcii,num_weak_binders,69
O26043,random,mhcii,score,0.38418879499999997
O26043,random,mhcii,percentile,2.6091
O26043,random,mhcii,num_peptides,200
O26043,random,mhcii,num_strong_binders,36
O26043,random,mhcii,num_weak_binders,164
Q9ZM81,random,mhcii,score,0.36272489393939394
Q9ZM81,random,mhcii,percentile,2.569166666666667
Q9ZM81,random,mhcii,num_peptides,132
Q9ZM81,random,mhcii,num_strong_binders,24
Q9ZM81,random,mhcii,num_weak_binders,108
B6JPI5,random,mhcii,score,0.423319
B6JPI5,random,mhcii,percentile,2.4107142857142856
B6JPI5,random,mhcii,num_peptides,28
B6JPI5,random,mhcii,num_strong_binders,8
B6JPI5,random,mhcii,num_weak_binders,20
P56046,random,mhcii,score,0.3327862222222222
P56046,random,mhcii,percentile,2.9066666666666667
P56046,random,mhcii,num_peptides,54
P56046,random,mhcii,num_strong_binders,6
P56046,random,mhcii,num_weak_binders,48
B5Z6E8,random,mhcii,score,0.39391918604651166
B5Z6E8,random,mhcii,percentile,2.443720930232558
B5Z6E8,random,mhcii,num_peptides,43
B5Z6E8,random,mhcii,num_strong_binders,8
B5Z6E8,random,mhcii,num_weak_binders,35
P56456,random,mhcii,score,0.4118386760204082
P56456,random,mhcii,percentile,2.308341836734694
P56456,random,mhcii,num_peptides,392
P56456,random,mhcii,num_strong_binders,90
P56456,random,mhcii,num_weak_binders,302
O25971,random,mhcii,score,0.37692612949640286
O25971,random,mhcii,percentile,2.6315107913669067
O25971,random,mhcii,num_peptides,139
O25971,random,mhcii,num_strong_binders,18
O25971,random,mhcii,num_weak_binders,121
Q1CRD8,random,mhcii,score,0.3773234090909091
Q1CRD8,random,mhcii,percentile,2.411090909090909
Q1CRD8,random,mhcii,num_peptides,110
Q1CRD8,random,mhcii,num_strong_binders,26
Q1CRD8,random,mhcii,num_weak_binders,84
P56071,random,mhcii,score,0.4404862076677316
P56071,random,mhcii,percentile,2.3031629392971245
P56071,random,mhcii,num_peptides,313
P56071,random,mhcii,num_strong_binders,84
P56071,random,mhcii,num_weak_binders,229
B6JLX1,random,mhcii,score,0.3979535359116022
B6JLX1,random,mhcii,percentile,2.5159668508287294
B6JLX1,random,mhcii,num_peptides,181
B6JLX1,random,mhcii,num_strong_binders,39
B6JLX1,random,mhcii,num_weak_binders,142
B5Z9W8,random,mhcii,score,0.408312056122449
B5Z9W8,random,mhcii,percentile,2.230204081632653
B5Z9W8,random,mhcii,num_peptides,196
B5Z9W8,random,mhcii,num_strong_binders,47
B5Z9W8,random,mhcii,num_weak_binders,149
B5Z8S5,random,mhcii,score,0.3347971836734694
B5Z8S5,random,mhcii,percentile,2.621734693877551
B5Z8S5,random,mhcii,num_peptides,98
B5Z8S5,random,mhcii,num_strong_binders,15
B5Z8S5,random,mhcii,num_weak_binders,83
Q48255,random,mhcii,score,0.2795082112676056
Q48255,random,mhcii,percentile,3.1319718309859157
Q48255,random,mhcii,num_peptides,71
Q48255,random,mhcii,num_strong_binders,7
Q48255,random,mhcii,num_weak_binders,64
Q9ZJY9,random,mhcii,score,0.3754165217391304
Q9ZJY9,random,mhcii,percentile,2.485217391304348
Q9ZJY9,random,mhcii,num_peptides,138
Q9ZJY9,random,mhcii,num_strong_binders,25
Q9ZJY9,random,mhcii,num_weak_binders,113
Q1CT35,random,mhcii,score,0.3805009951923077
Q1CT35,random,mhcii,percentile,2.440528846153846
Q1CT35,random,mhcii,num_peptides,208
Q1CT35,random,mhcii,num_strong_binders,54
Q1CT35,random,mhcii,num_weak_binders,154
Q09068,random,mhcii,score,0.3908378695652174
Q09068,random,mhcii,percentile,2.7056521739130437
Q09068,random,mhcii,num_peptides,46
Q09068,random,mhcii,num_strong_binders,7
Q09068,random,mhcii,num_weak_binders,39
Q9ZMH1,random,mhcii,score,0.38755599209486163
Q9ZMH1,random,mhcii,percentile,2.3626284584980235
Q9ZMH1,random,mhcii,num_peptides,506
Q9ZMH1,random,mhcii,num_strong_binders,119
Q9ZMH1,random,mhcii,num_weak_binders,387
B5ZAB8,random,mhcii,score,0.35652452631578946
B5ZAB8,random,mhcii,percentile,2.602894736842105
B5ZAB8,random,mhcii,num_peptides,304
B5ZAB8,random,mhcii,num_strong_binders,53
B5ZAB8,random,mhcii,num_weak_binders,251
B6JN17,random,mhcii,score,0.3911798208955224
B6JN17,random,mhcii,percentile,2.611940298507463
B6JN17,random,mhcii,num_peptides,67
B6JN17,random,mhcii,num_strong_binders,15
B6JN17,random,mhcii,num_weak_binders,52
Q9ZKB3,random,mhcii,score,0.3820265489510489
Q9ZKB3,random,mhcii,percentile,2.5506643356643357
Q9ZKB3,random,mhcii,num_peptides,286
Q9ZKB3,random,mhcii,num_strong_binders,49
Q9ZKB3,random,mhcii,num_weak_binders,237
B2UUU1,random,mhcii,score,0.3911798208955224
B2UUU1,random,mhcii,percentile,2.611940298507463
B2UUU1,random,mhcii,num_peptides,67
B2UUU1,random,mhcii,num_strong_binders,15
B2UUU1,random,mhcii,num_weak_binders,52
Q9ZJ57,random,mhcii,score,0.38965039918533606
Q9ZJ57,random,mhcii,percentile,2.496150712830957
Q9ZJ57,random,mhcii,num_peptides,491
Q9ZJ57,random,mhcii,num_strong_binders,101
Q9ZJ57,random,mhcii,num_weak_binders,390
O25827,random,mhcii,score,0.3798680175438596
O25827,random,mhcii,percentile,2.424517543859649
O25827,random,mhcii,num_peptides,228
O25827,random,mhcii,num_strong_binders,50
O25827,random,mhcii,num_weak_binders,178
Q9ZLC8,random,mhcii,score,0.427761565
Q9ZLC8,random,mhcii,percentile,2.3398
Q9ZLC8,random,mhcii,num_peptides,200
Q9ZLC8,random,mhcii,num_strong_binders,54
Q9ZLC8,random,mhcii,num_weak_binders,146
Q9ZJU8,random,mhcii,score,0.4250958558139535
Q9ZJU8,random,mhcii,percentile,2.4072558139534883
Q9ZJU8,random,mhcii,num_peptides,215
Q9ZJU8,random,mhcii,num_strong_binders,49
Q9ZJU8,random,mhcii,num_weak_binders,166
P66450,random,mhcii,score,0.45214710344827586
P66450,random,mhcii,percentile,2.5458620689655174
P66450,random,mhcii,num_peptides,29
P66450,random,mhcii,num_strong_binders,6
P66450,random,mhcii,num_weak_binders,23
Q48252,random,mhcii,score,0.35992090618336886
Q48252,random,mhcii,percentile,2.6001066098081025
Q48252,random,mhcii,num_peptides,469
Q48252,random,mhcii,num_strong_binders,87
Q48252,random,mhcii,num_weak_binders,382
Q9ZJE4,random,mhcii,score,0.320929037037037
Q9ZJE4,random,mhcii,percentile,2.797037037037037
Q9ZJE4,random,mhcii,num_peptides,54
Q9ZJE4,random,mhcii,num_strong_binders,8
Q9ZJE4,random,mhcii,num_weak_binders,46
Q9ZKY2,random,mhcii,score,0.3845206328125
Q9ZKY2,random,mhcii,percentile,2.7253125
Q9ZKY2,random,mhcii,num_peptides,128
Q9ZKY2,random,mhcii,num_strong_binders,21
Q9ZKY2,random,mhcii,num_weak_binders,107
B2UVC1,random,mhcii,score,0.3991392294117647
B2UVC1,random,mhcii,percentile,2.351176470588235
B2UVC1,random,mhcii,num_peptides,170
B2UVC1,random,mhcii,num_strong_binders,46
B2UVC1,random,mhcii,num_weak_binders,124
P56420,random,mhcii,score,0.34703316475095786
P56420,random,mhcii,percentile,2.58
P56420,random,mhcii,num_peptides,261
P56420,random,mhcii,num_strong_binders,44
P56420,random,mhcii,num_weak_binders,217
Q9ZKY8,random,mhcii,score,0.3368843787878788
Q9ZKY8,random,mhcii,percentile,2.6140909090909092
Q9ZKY8,random,mhcii,num_peptides,66
Q9ZKY8,random,mhcii,num_strong_binders,12
Q9ZKY8,random,mhcii,num_weak_binders,54
Q9ZJR5,random,mhcii,score,0.3984637794117647
Q9ZJR5,random,mhcii,percentile,2.695294117647059
Q9ZJR5,random,mhcii,num_peptides,68
Q9ZJR5,random,mhcii,num_strong_binders,17
Q9ZJR5,random,mhcii,num_weak_binders,51
P56144,random,mhcii,score,0.3392913483146067
P56144,random,mhcii,percentile,2.7441573033707867
P56144,random,mhcii,num_peptides,89
P56144,random,mhcii,num_strong_binders,12
P56144,random,mhcii,num_weak_binders,77
P55977,random,mhcii,score,0.3501434697674419
P55977,random,mhcii,percentile,2.738325581395349
P55977,random,mhcii,num_peptides,215
P55977,random,mhcii,num_strong_binders,34
P55977,random,mhcii,num_weak_binders,181
B5Z9V7,random,mhcii,score,0.30541075384615385
B5Z9V7,random,mhcii,percentile,3.074076923076923
B5Z9V7,random,mhcii,num_peptides,130
B5Z9V7,random,mhcii,num_strong_binders,12
B5Z9V7,random,mhcii,num_weak_binders,118
Q9ZJS6,random,mhcii,score,0.3219832738095238
Q9ZJS6,random,mhcii,percentile,2.826547619047619
Q9ZJS6,random,mhcii,num_peptides,84
Q9ZJS6,random,mhcii,num_strong_binders,7
Q9ZJS6,random,mhcii,num_weak_binders,77
Q9ZJX2,random,mhcii,score,0.3747501315789474
Q9ZJX2,random,mhcii,percentile,2.804736842105263
Q9ZJX2,random,mhcii,num_peptides,38
Q9ZJX2,random,mhcii,num_strong_binders,4
Q9ZJX2,random,mhcii,num_weak_binders,34
Q9ZKM3,random,mhcii,score,0.3714689494949495
Q9ZKM3,random,mhcii,percentile,2.4634680134680136
Q9ZKM3,random,mhcii,num_peptides,297
Q9ZKM3,random,mhcii,num_strong_binders,54
Q9ZKM3,random,mhcii,num_weak_binders,243
Q9ZM74,random,mhcii,score,0.2723548902439024
Q9ZM74,random,mhcii,percentile,3.17390243902439
Q9ZM74,random,mhcii,num_peptides,82
Q9ZM74,random,mhcii,num_strong_binders,4
Q9ZM74,random,mhcii,num_weak_binders,78
B2UT98,random,mhcii,score,0.37492337073170734
B2UT98,random,mhcii,percentile,2.4779024390243904
B2UT98,random,mhcii,num_peptides,205
B2UT98,random,mhcii,num_strong_binders,40
B2UT98,random,mhcii,num_weak_binders,165
Q9ZJL5,random,mhcii,score,0.33653274666666666
Q9ZJL5,random,mhcii,percentile,2.6688
Q9ZJL5,random,mhcii,num_peptides,75
Q9ZJL5,random,mhcii,num_strong_binders,15
Q9ZJL5,random,mhcii,num_weak_binders,60
B2UV20,random,mhcii,score,0.39503649315068495
B2UV20,random,mhcii,percentile,2.2951369863013698
B2UV20,random,mhcii,num_peptides,146
B2UV20,random,mhcii,num_strong_binders,29
B2UV20,random,mhcii,num_weak_binders,117
Q1CRB7,random,mhcii,score,0.320929037037037
Q1CRB7,random,mhcii,percentile,2.797037037037037
Q1CRB7,random,mhcii,num_peptides,54
Q1CRB7,random,mhcii,num_strong_binders,8
Q1CRB7,random,mhcii,num_weak_binders,46
O25516,random,mhcii,score,0.38295506040268457
O25516,random,mhcii,percentile,2.4824832214765102
O25516,random,mhcii,num_peptides,149
O25516,random,mhcii,num_strong_binders,34
O25516,random,mhcii,num_weak_binders,115
Q1CSQ0,random,mhcii,score,0.40416066842105264
Q1CSQ0,random,mhcii,percentile,2.4277894736842107
Q1CSQ0,random,mhcii,num_peptides,190
Q1CSQ0,random,mhcii,num_strong_binders,47
Q1CSQ0,random,mhcii,num_weak_binders,143
Q9ZJM5,random,mhcii,score,0.3439694285714286
Q9ZJM5,random,mhcii,percentile,2.644327731092437
Q9ZJM5,random,mhcii,num_peptides,238
Q9ZJM5,random,mhcii,num_strong_binders,40
Q9ZJM5,random,mhcii,num_weak_binders,198
Q9ZKR8,random,mhcii,score,0.32711566176470586
Q9ZKR8,random,mhcii,percentile,2.636911764705882
Q9ZKR8,random,mhcii,num_peptides,68
Q9ZKR8,random,mhcii,num_strong_binders,10
Q9ZKR8,random,mhcii,num_weak_binders,58
O25769,random,mhcii,score,0.39966937037037037
O25769,random,mhcii,percentile,2.5464814814814813
O25769,random,mhcii,num_peptides,54
O25769,random,mhcii,num_strong_binders,10
O25769,random,mhcii,num_weak_binders,44
P56149,random,mhcii,score,0.3480466835443038
P56149,random,mhcii,percentile,2.8470464135021096
P56149,random,mhcii,num_peptides,237
P56149,random,mhcii,num_strong_binders,18
P56149,random,mhcii,num_weak_binders,219
B6JN25,random,mhcii,score,0.3636171304347826
B6JN25,random,mhcii,percentile,2.4809782608695654
B6JN25,random,mhcii,num_peptides,92
B6JN25,random,mhcii,num_strong_binders,19
B6JN25,random,mhcii,num_weak_binders,73
O25088,random,mhcii,score,0.4701550625
O25088,random,mhcii,percentile,2.398125
O25088,random,mhcii,num_peptides,16
O25088,random,mhcii,num_strong_binders,2
O25088,random,mhcii,num_weak_binders,14
B5Z7V8,random,mhcii,score,0.33916391139240504
B5Z7V8,random,mhcii,percentile,3.0625316455696203
B5Z7V8,random,mhcii,num_peptides,79
B5Z7V8,random,mhcii,num_strong_binders,11
B5Z7V8,random,mhcii,num_weak_binders,68
Q9ZK83,random,mhcii,score,0.42303829310344826
Q9ZK83,random,mhcii,percentile,2.50051724137931
Q9ZK83,random,mhcii,num_peptides,58
Q9ZK83,random,mhcii,num_strong_binders,14
Q9ZK83,random,mhcii,num_weak_binders,44
Q1CUK9,random,mhcii,score,0.43874725757575755
Q1CUK9,random,mhcii,percentile,2.2506060606060605
Q1CUK9,random,mhcii,num_peptides,132
Q1CUK9,random,mhcii,num_strong_binders,32
Q1CUK9,random,mhcii,num_weak_binders,100
O25099,random,mhcii,score,0.4179228717948718
O25099,random,mhcii,percentile,2.428974358974359
O25099,random,mhcii,num_peptides,39
O25099,random,mhcii,num_strong_binders,12
O25099,random,mhcii,num_weak_binders,27
Q1CV86,random,mhcii,score,0.4076215208333333
Q1CV86,random,mhcii,percentile,2.1336458333333335
Q1CV86,random,mhcii,num_peptides,96
Q1CV86,random,mhcii,num_strong_binders,26
Q1CV86,random,mhcii,num_weak_binders,70
B6JMX4,random,mhcii,score,0.40246265737051795
B6JMX4,random,mhcii,percentile,2.467450199203187
B6JMX4,random,mhcii,num_peptides,251
B6JMX4,random,mhcii,num_strong_binders,58
B6JMX4,random,mhcii,num_weak_binders,193
Q1CRU8,random,mhcii,score,0.33235455
Q1CRU8,random,mhcii,percentile,2.7841666666666667
Q1CRU8,random,mhcii,num_peptides,60
Q1CRU8,random,mhcii,num_strong_binders,12
Q1CRU8,random,mhcii,num_weak_binders,48
B5Z6Y9,random,mhcii,score,0.3922423535353535
B5Z6Y9,random,mhcii,percentile,2.498989898989899
B5Z6Y9,random,mhcii,num_peptides,99
B5Z6Y9,random,mhcii,num_strong_binders,19
B5Z6Y9,random,mhcii,num_weak_binders,80
O24926,random,mhcii,score,0.4221302364864865
O24926,random,mhcii,percentile,2.35277027027027
O24926,random,mhcii,num_peptides,148
O24926,random,mhcii,num_strong_binders,43
O24926,random,mhcii,num_weak_binders,105
P56044,random,mhcii,score,0.3793725581395349
P56044,random,mhcii,percentile,2.926046511627907
P56044,random,mhcii,num_peptides,43
P56044,random,mhcii,num_strong_binders,8
P56044,random,mhcii,num_weak_binders,35
Q1CS87,random,mhcii,score,0.3813715828220859
Q1CS87,random,mhcii,percentile,2.563006134969325
Q1CS87,random,mhcii,num_peptides,163
Q1CS87,random,mhcii,num_strong_binders,25
Q1CS87,random,mhcii,num_weak_binders,138
Q9ZKM7,random,mhcii,score,0.40416066842105264
Q9ZKM7,random,mhcii,percentile,2.4277894736842107
Q9ZKM7,random,mhcii,num_peptides,190
Q9ZKM7,random,mhcii,num_strong_binders,47
Q9ZKM7,random,mhcii,num_weak_binders,143
Q9ZMQ0,random,mhcii,score,0.3802975254237288
Q9ZMQ0,random,mhcii,percentile,2.661468926553672
Q9ZMQ0,random,mhcii,num_peptides,177
Q9ZMQ0,random,mhcii,num_strong_binders,30
Q9ZMQ0,random,mhcii,num_weak_binders,147
B2UV21,random,mhcii,score,0.36439943023255816
B2UV21,random,mhcii,percentile,2.6019767441860466
B2UV21,random,mhcii,num_peptides,86
B2UV21,random,mhcii,num_strong_binders,14
B2UV21,random,mhcii,num_weak_binders,72
Q9ZMR3,random,mhcii,score,0.3880401542056075
Q9ZMR3,random,mhcii,percentile,2.464158878504673
Q9ZMR3,random,mhcii,num_peptides,214
Q9ZMR3,random,mhcii,num_strong_binders,45
Q9ZMR3,random,mhcii,num_weak_binders,169
P64664,random,mhcii,score,0.3857952
P64664,random,mhcii,percentile,2.4069166666666666
P64664,random,mhcii,num_peptides,120
P64664,random,mhcii,num_strong_binders,28
P64664,random,mhcii,num_weak_binders,92
Q1CR49,random,mhcii,score,0.3848713181818182
Q1CR49,random,mhcii,percentile,2.3570454545454544
Q1CR49,random,mhcii,num_peptides,44
Q1CR49,random,mhcii,num_strong_binders,11
Q1CR49,random,mhcii,num_weak_binders,33
Q1CU35,random,mhcii,score,0.43235702976190477
Q1CU35,random,mhcii,percentile,2.4033928571428573
Q1CU35,random,mhcii,num_peptides,168
Q1CU35,random,mhcii,num_strong_binders,40
Q1CU35,random,mhcii,num_weak_binders,128
B6JNX2,random,mhcii,score,0.3705598817204301
B6JNX2,random,mhcii,percentile,2.2856989247311827
B6JNX2,random,mhcii,num_peptides,93
B6JNX2,random,mhcii,num_strong_binders,24
B6JNX2,random,mhcii,num_weak_binders,69
B6JM61,random,mhcii,score,0.37042300564971753
B6JM61,random,mhcii,percentile,2.5848022598870055
B6JM61,random,mhcii,num_peptides,177
B6JM61,random,mhcii,num_strong_binders,35
B6JM61,random,mhcii,num_weak_binders,142
O25291,random,mhcii,score,0.47369235897435896
O25291,random,mhcii,percentile,2.150897435897436
O25291,random,mhcii,num_peptides,78
O25291,random,mhcii,num_strong_binders,19
O25291,random,mhcii,num_weak_binders,59
Q9ZL09,random,mhcii,score,0.3805009951923077
Q9ZL09,random,mhcii,percentile,2.440528846153846
Q9ZL09,random,mhcii,num_peptides,208
Q9ZL09,random,mhcii,num_strong_binders,54
Q9ZL09,random,mhcii,num_weak_binders,154
B2UTC1,random,mhcii,score,0.429768503875969
B2UTC1,random,mhcii,percentile,2.2389922480620155
B2UTC1,random,mhcii,num_peptides,129
B2UTC1,random,mhcii,num_strong_binders,33
B2UTC1,random,mhcii,num_weak_binders,96
Q1CUZ6,random,mhcii,score,0.37013452747252745
Q1CUZ6,random,mhcii,percentile,2.63021978021978
Q1CUZ6,random,mhcii,num_peptides,91
Q1CUZ6,random,mhcii,num_strong_binders,14
Q1CUZ6,random,mhcii,num_weak_binders,77
B2UU37,random,mhcii,score,0.38421079545454545
B2UU37,random,mhcii,percentile,2.396909090909091
B2UU37,random,mhcii,num_peptides,220
B2UU37,random,mhcii,num_strong_binders,44
B2UU37,random,mhcii,num_weak_binders,176
Q9ZLY1,random,mhcii,score,0.3361107983870968
Q9ZLY1,random,mhcii,percentile,2.743225806451613
Q9ZLY1,random,mhcii,num_peptides,124
Q9ZLY1,random,mhcii,num_strong_binders,11
Q9ZLY1,random,mhcii,num_weak_binders,113
B5Z9Q3,random,mhcii,score,0.51447275
B5Z9Q3,random,mhcii,percentile,2.04
B5Z9Q3,random,mhcii,num_peptides,24
B5Z9Q3,random,mhcii,num_strong_binders,9
B5Z9Q3,random,mhcii,num_weak_binders,15
O25608,random,mhcii,score,0.40788835185185185
O25608,random,mhcii,percentile,2.395
O25608,random,mhcii,num_peptides,54
O25608,random,mhcii,num_strong_binders,8
O25608,random,mhcii,num_weak_binders,46
B6JN65,random,mhcii,score,0.4396006727272727
B6JN65,random,mhcii,percentile,2.394
B6JN65,random,mhcii,num_peptides,55
B6JN65,random,mhcii,num_strong_binders,12
B6JN65,random,mhcii,num_weak_binders,43
Q9ZMP3,random,mhcii,score,0.39535288888888886
Q9ZMP3,random,mhcii,percentile,2.622777777777778
Q9ZMP3,random,mhcii,num_peptides,18
Q9ZMP3,random,mhcii,num_strong_binders,2
Q9ZMP3,random,mhcii,num_weak_binders,16
B2UUV8,random,mhcii,score,0.45534907272727276
B2UUV8,random,mhcii,percentile,2.2996363636363637
B2UUV8,random,mhcii,num_peptides,55
B2UUV8,random,mhcii,num_strong_binders,17
B2UUV8,random,mhcii,num_weak_binders,38
B6JLM6,random,mhcii,score,0.37490648684210526
B6JLM6,random,mhcii,percentile,2.448157894736842
B6JLM6,random,mhcii,num_peptides,76
B6JLM6,random,mhcii,num_strong_binders,20
B6JLM6,random,mhcii,num_weak_binders,56
Q9ZLJ7,random,mhcii,score,0.37490648684210526
Q9ZLJ7,random,mhcii,percentile,2.448157894736842
Q9ZLJ7,random,mhcii,num_peptides,76
Q9ZLJ7,random,mhcii,num_strong_binders,20
Q9ZLJ7,random,mhcii,num_weak_binders,56
P56411,random,mhcii,score,0.23382544444444445
P56411,random,mhcii,percentile,2.9244444444444446
P56411,random,mhcii,num_peptides,9
P56411,random,mhcii,num_strong_binders,0
P56411,random,mhcii,num_weak_binders,9
Q9ZKM7,random,mhcii,score,0.40719911602209946
Q9ZKM7,random,mhcii,percentile,2.402486187845304
Q9ZKM7,random,mhcii,num_peptides,181
Q9ZKM7,random,mhcii,num_strong_binders,46
Q9ZKM7,random,mhcii,num_weak_binders,135
O25679,random,mhcii,score,0.3825515
O25679,random,mhcii,percentile,2.396372549019608
O25679,random,mhcii,num_peptides,102
O25679,random,mhcii,num_strong_binders,23
O25679,random,mhcii,num_weak_binders,79
P71408,random,mhcii,score,0.36197693073593074
P71408,random,mhcii,percentile,2.568095238095238
P71408,random,mhcii,num_peptides,231
P71408,random,mhcii,num_strong_binders,47
P71408,random,mhcii,num_weak_binders,184
B5Z7I8,random,mhcii,score,0.4216819565217391
B5Z7I8,random,mhcii,percentile,2.6717391304347826
B5Z7I8,random,mhcii,num_peptides,46
B5Z7I8,random,mhcii,num_strong_binders,7
B5Z7I8,random,mhcii,num_weak_binders,39
Q9ZJJ9,random,mhcii,score,0.5149300579710144
Q9ZJJ9,random,mhcii,percentile,2.032753623188406
Q9ZJJ9,random,mhcii,num_peptides,69
Q9ZJJ9,random,mhcii,num_strong_binders,23
Q9ZJJ9,random,mhcii,num_weak_binders,46
Q9ZJX2,random,mhcii,score,0.38766113953488374
Q9ZJX2,random,mhcii,percentile,2.7190697674418605
Q9ZJX2,random,mhcii,num_peptides,43
Q9ZJX2,random,mhcii,num_strong_binders,5
Q9ZJX2,random,mhcii,num_weak_binders,38
B6JM61,random,mhcii,score,0.35123556470588235
B6JM61,random,mhcii,percentile,2.697941176470588
B6JM61,random,mhcii,num_peptides,170
B6JM61,random,mhcii,num_strong_binders,24
B6JM61,random,mhcii,num_weak_binders,146
Q9ZL09,random,mhcii,score,0.3716987741935484
Q9ZL09,random,mhcii,percentile,2.4410599078341013
Q9ZL09,random,mhcii,num_peptides,217
Q9ZL09,random,mhcii,num_strong_binders,52
Q9ZL09,random,mhcii,num_weak_binders,165
O25474,random,mhcii,score,0.44338811475409834
O25474,random,mhcii,percentile,2.366065573770492
O25474,random,mhcii,num_peptides,122
O25474,random,mhcii,num_strong_binders,34
O25474,random,mhcii,num_weak_binders,88
Q9ZMQ0,random,mhcii,score,0.3967552679738562
Q9ZMQ0,random,mhcii,percentile,2.5220261437908498
Q9ZMQ0,random,mhcii,num_peptides,153
Q9ZMQ0,random,mhcii,num_strong_binders,26
Q9ZMQ0,random,mhcii,num_weak_binders,127
B2UTK9,random,mhcii,score,0.4112231574074074
B2UTK9,random,mhcii,percentile,2.3496296296296295
B2UTK9,random,mhcii,num_peptides,108
B2UTK9,random,mhcii,num_strong_binders,24
B2UTK9,random,mhcii,num_weak_binders,84
B2UV81,random,mhcii,score,0.3973965875
B2UV81,random,mhcii,percentile,2.596125
B2UV81,random,mhcii,num_peptides,80
B2UV81,random,mhcii,num_strong_binders,19
B2UV81,random,mhcii,num_weak_binders,61
P56141,random,mhcii,score,0.3547949705882353
P56141,random,mhcii,percentile,2.7138235294117647
P56141,random,mhcii,num_peptides,136
P56141,random,mhcii,num_strong_binders,18
P56141,random,mhcii,num_weak_binders,118
Q9ZMG1,random,mhcii,score,0.44141956
Q9ZMG1,random,mhcii,percentile,2.4748
Q9ZMG1,random,mhcii,num_peptides,25
Q9ZMG1,random,mhcii,num_strong_binders,6
Q9ZMG1,random,mhcii,num_weak_binders,19
P66460,random,mhcii,score,0.3923195588235294
P66460,random,mhcii,percentile,2.513235294117647
P66460,random,mhcii,num_peptides,34
P66460,random,mhcii,num_strong_binders,5
P66460,random,mhcii,num_weak_binders,29
O25008,random,mhcii,score,0.3861355054945055
O25008,random,mhcii,percentile,2.3935164835164837
O25008,random,mhcii,num_peptides,182
O25008,random,mhcii,num_strong_binders,41
O25008,random,mhcii,num_weak_binders,141
B6JLG3,random,mhcii,score,0.4206599236111111
B6JLG3,random,mhcii,percentile,2.2645833333333334
B6JLG3,random,mhcii,num_peptides,144
B6JLG3,random,mhcii,num_strong_binders,40
B6JLG3,random,mhcii,num_weak_binders,104
B2UU74,random,mhcii,score,0.34566401156069365
B2UU74,random,mhcii,percentile,2.6871676300578033
B2UU74,random,mhcii,num_peptides,173
B2UU74,random,mhcii,num_strong_binders,31
B2UU74,random,mhcii,num_weak_binders,142
Q9ZJ57,random,mhcii,score,0.39139931236897274
Q9ZJ57,random,mhcii,percentile,2.497127882599581
Q9ZJ57,random,mhcii,num_peptides,477
Q9ZJ57,random,mhcii,num_strong_binders,102
Q9ZJ57,random,mhcii,num_weak_binders,375
Q9ZKQ7,random,mhcii,score,0.3375134705882353
Q9ZKQ7,random,mhcii,percentile,2.6676470588235293
Q9ZKQ7,random,mhcii,num_peptides,187
Q9ZKQ7,random,mhcii,num_strong_binders,30
Q9ZKQ7,random,mhcii,num_weak_binders,157
Q9ZK75,random,mhcii,score,0.40491253642384106
Q9ZK75,random,mhcii,percentile,2.333907284768212
Q9ZK75,random,mhcii,num_peptides,151
Q9ZK75,random,mhcii,num_strong_binders,37
Q9ZK75,random,mhcii,num_weak_binders,114
O25769,random,mhcii,score,0.4060022830188679
O25769,random,mhcii,percentile,2.529811320754717
O25769,random,mhcii,num_peptides,53
O25769,random,mhcii,num_strong_binders,10
O25769,random,mhcii,num_weak_binders,43
P56149,random,mhcii,score,0.34673517316017316
P56149,random,mhcii,percentile,2.8484848484848486
P56149,random,mhcii,num_peptides,231
P56149,random,mhcii,num_strong_binders,18
P56149,random,mhcii,num_weak_binders,213
Q9ZJM5,random,mhcii,score,0.3548261737288136
Q9ZJM5,random,mhcii,percentile,2.600762711864407
Q9ZJM5,random,mhcii,num_peptides,236
Q9ZJM5,random,mhcii,num_strong_binders,44
Q9ZJM5,random,mhcii,num_weak_binders,192
Q9ZKR8,random,mhcii,score,0.3278552307692308
Q9ZKR8,random,mhcii,percentile,2.5912307692307692
Q9ZKR8,random,mhcii,num_peptides,65
Q9ZKR8,random,mhcii,num_strong_binders,10
Q9ZKR8,random,mhcii,num_weak_binders,55
O25088,random,mhcii,score,0.4258775625
O25088,random,mhcii,percentile,2.649375
O25088,random,mhcii,num_peptides,16
O25088,random,mhcii,num_strong_binders,1
O25088,random,mhcii,num_weak_binders,15
B5Z7V8,random,mhcii,score,0.381884412371134
B5Z7V8,random,mhcii,percentile,2.694020618556701
B5Z7V8,random,mhcii,num_peptides,97
B5Z7V8,random,mhcii,num_strong_binders,20
B5Z7V8,random,mhcii,num_weak_binders,77
P56191,random,mhcii,score,0.42950797674418606
P56191,random,mhcii,percentile,2.298662790697674
P56191,random,mhcii,num_peptides,172
P56191,random,mhcii,num_strong_binders,43
P56191,random,mhcii,num_weak_binders,129
Q9ZMR3,random,mhcii,score,0.3866256142857143
Q9ZMR3,random,mhcii,percentile,2.4284761904761907
Q9ZMR3,random,mhcii,num_peptides,210
Q9ZMR3,random,mhcii,num_strong_binders,47
Q9ZMR3,random,mhcii,num_weak_binders,163
Q1CS25,random,mhcii,score,0.37591104918032786
Q1CS25,random,mhcii,percentile,2.518360655737705
Q1CS25,random,mhcii,num_peptides,122
Q1CS25,random,mhcii,num_strong_binders,22
Q1CS25,random,mhcii,num_weak_binders,100
B6JM59,random,mhcii,score,0.36469455
B6JM59,random,mhcii,percentile,3.0591666666666666
B6JM59,random,mhcii,num_peptides,60
B6JM59,random,mhcii,num_strong_binders,2
B6JM59,random,mhcii,num_weak_binders,58
Q1CUK9,random,mhcii,score,0.44047964122137406
Q1CUK9,random,mhcii,percentile,2.209312977099237
Q1CUK9,random,mhcii,num_peptides,131
Q1CUK9,random,mhcii,num_strong_binders,33
Q1CUK9,random,mhcii,num_weak_binders,98
B6JKG9,random,mhcii,score,0.41955958778625957
B6JKG9,random,mhcii,percentile,2.386908396946565
B6JKG9,random,mhcii,num_peptides,262
B6JKG9,random,mhcii,num_strong_binders,60
B6JKG9,random,mhcii,num_weak_binders,202
P80200,random,mhcii,score,0.35569690413223143
P80200,random,mhcii,percentile,2.505702479338843
P80200,random,mhcii,num_peptides,605
P80200,random,mhcii,num_strong_binders,113
P80200,random,mhcii,num_weak_binders,492
Q1CV04,random,mhcii,score,0.3870337051282051
Q1CV04,random,mhcii,percentile,2.3121794871794874
Q1CV04,random,mhcii,num_peptides,156
Q1CV04,random,mhcii,num_strong_binders,34
Q1CV04,random,mhcii,num_weak_binders,122
Q9ZME5,random,mhcii,score,0.37705630088495573
Q9ZME5,random,mhcii,percentile,2.4329646017699114
Q9ZME5,random,mhcii,num_peptides,226
Q9ZME5,random,mhcii,num_strong_binders,43
Q9ZME5,random,mhcii,num_weak_binders,183
Q9ZMK8,random,mhcii,score,0.40578650510204084
Q9ZMK8,random,mhcii,percentile,2.211887755102041
Q9ZMK8,random,mhcii,num_peptides,196
Q9ZMK8,random,mhcii,num_strong_binders,49
Q9ZMK8,random,mhcii,num_weak_binders,147
Q9ZLC8,random,mhcii,score,0.4321332608695652
Q9ZLC8,random,mhcii,percentile,2.3045893719806765
Q9ZLC8,random,mhcii,num_peptides,207
Q9ZLC8,random,mhcii,num_strong_binders,59
Q9ZLC8,random,mhcii,num_weak_binders,148
B2UVC1,random,mhcii,score,0.41355190445859874
B2UVC1,random,mhcii,percentile,2.2279617834394903
B2UVC1,random,mhcii,num_peptides,157
B2UVC1,random,mhcii,num_strong_binders,45
B2UVC1,random,mhcii,num_weak_binders,112
Q48255,random,mhcii,score,0.27960731944444445
Q48255,random,mhcii,percentile,3.161111111111111
Q48255,random,mhcii,num_peptides,72
Q48255,random,mhcii,num_strong_binders,7
Q48255,random,mhcii,num_weak_binders,65
B5Z6Y9,random,mhcii,score,0.4112231574074074
B5Z6Y9,random,mhcii,percentile,2.3496296296296295
B5Z6Y9,random,mhcii,num_peptides,108
B5Z6Y9,random,mhcii,num_strong_binders,24
B5Z6Y9,random,mhcii,num_weak_binders,84
Q1CRD8,random,mhcii,score,0.34275244642857144
Q1CRD8,random,mhcii,percentile,2.5395535714285713
Q1CRD8,random,mhcii,num_peptides,112
Q1CRD8,random,mhcii,num_strong_binders,18
Q1CRD8,random,mhcii,num_weak_binders,94
P56040,random,mhcii,score,0.3900172978723404
P56040,random,mhcii,percentile,2.2893617021276595
P56040,random,mhcii,num_peptides,47
P56040,random,mhcii,num_strong_binders,12
P56040,random,mhcii,num_weak_binders,35
Q09066,random,mhcii,score,0.4076215208333333
Q09066,random,mhcii,percentile,2.1336458333333335
Q09066,random,mhcii,num_peptides,96
Q09066,random,mhcii,num_strong_binders,26
Q09066,random,mhcii,num_weak_binders,70
B2UVE0,random,mhcii,score,0.4303254935064935
B2UVE0,random,mhcii,percentile,2.1963636363636363
B2UVE0,random,mhcii,num_peptides,77
B2UVE0,random,mhcii,num_strong_binders,19
B2UVE0,random,mhcii,num_weak_binders,58
B5Z8P5,random,mhcii,score,0.39625115384615384
B5Z8P5,random,mhcii,percentile,2.4898076923076924
B5Z8P5,random,mhcii,num_peptides,104
B5Z8P5,random,mhcii,num_strong_binders,26
B5Z8P5,random,mhcii,num_weak_binders,78
Q09068,random,mhcii,score,0.3908378695652174
Q09068,random,mhcii,percentile,2.7056521739130437
Q09068,random,mhcii,num_peptides,46
Q09068,random,mhcii,num_strong_binders,7
Q09068,random,mhcii,num_weak_binders,39
O25963,random,mhcii,score,0.419097136
O25963,random,mhcii,percentile,2.40192
O25963,random,mhcii,num_peptides,125
O25963,random,mhcii,num_strong_binders,31
O25963,random,mhcii,num_weak_binders,94
Q9ZKB3,random,mhcii,score,0.3822220357142857
Q9ZKB3,random,mhcii,percentile,2.538392857142857
Q9ZKB3,random,mhcii,num_peptides,280
Q9ZKB3,random,mhcii,num_strong_binders,48
Q9ZKB3,random,mhcii,num_weak_binders,232
Q9ZJS6,random,mhcii,score,0.34407409411764706
Q9ZJS6,random,mhcii,percentile,2.6776470588235295
Q9ZJS6,random,mhcii,num_peptides,85
Q9ZJS6,random,mhcii,num_strong_binders,9
Q9ZJS6,random,mhcii,num_weak_binders,76
Q1CU35,random,mhcii,score,0.40296672375690606
Q1CU35,random,mhcii,percentile,2.5632596685082873
Q1CU35,random,mhcii,num_peptides,181
Q1CU35,random,mhcii,num_strong_binders,36
Q1CU35,random,mhcii,num_weak_binders,145
O26009,random,mhcii,score,0.37154778125
O26009,random,mhcii,percentile,2.328333333333333
O26009,random,mhcii,num_peptides,96
O26009,random,mhcii,num_strong_binders,24
O26009,random,mhcii,num_weak_binders,72
B2USG3,random,mhcii,score,0.44356209090909093
B2USG3,random,mhcii,percentile,2.3757575757575755
B2USG3,random,mhcii,num_peptides,33
B2USG3,random,mhcii,num_strong_binders,10
B2USG3,random,mhcii,num_weak_binders,23
O25766,random,mhcii,score,0.38848727722772275
O25766,random,mhcii,percentile,2.5745544554455444
O25766,random,mhcii,num_peptides,101
O25766,random,mhcii,num_strong_binders,18
O25766,random,mhcii,num_weak_binders,83
O25099,random,mhcii,score,0.44356209090909093
O25099,random,mhcii,percentile,2.3757575757575755
O25099,random,mhcii,num_peptides,33
O25099,random,mhcii,num_strong_binders,10
O25099,random,mhcii,num_weak_binders,23
B6JMX4,random,mhcii,score,0.40246265737051795
B6JMX4,random,mhcii,percentile,2.467450199203187
B6JMX4,random,mhcii,num_peptides,251
B6JMX4,random,mhcii,num_strong_binders,58
B6JMX4,random,mhcii,num_weak_binders,193
Q9ZM39,random,mhcii,score,0.3598841842105263
Q9ZM39,random,mhcii,percentile,2.811315789473684
Q9ZM39,random,mhcii,num_peptides,38
Q9ZM39,random,mhcii,num_strong_binders,6
Q9ZM39,random,mhcii,num_weak_binders,32
Q9ZM94,random,mhcii,score,0.40537955948553056
Q9ZM94,random,mhcii,percentile,2.4052090032154343
Q9ZM94,random,mhcii,num_peptides,311
Q9ZM94,random,mhcii,num_strong_binders,58
Q9ZM94,random,mhcii,num_weak_binders,253
B2USN5,random,mhcii,score,0.4620392037037037
B2USN5,random,mhcii,percentile,2.080185185185185
B2USN5,random,mhcii,num_peptides,54
B2USN5,random,mhcii,num_strong_binders,16
B2USN5,random,mhcii,num_weak_binders,38
P55994,random,mhcii,score,0.39285580745341614
P55994,random,mhcii,percentile,2.3497826086956524
P55994,random,mhcii,num_peptides,322
P55994,random,mhcii,num_strong_binders,85
P55994,random,mhcii,num_weak_binders,237
O25970,random,mhcii,score,0.33227157024793386
O25970,random,mhcii,percentile,2.8405785123966942
O25970,random,mhcii,num_peptides,121
O25970,random,mhcii,num_strong_binders,12
O25970,random,mhcii,num_weak_binders,109
Q9ZM74,random,mhcii,score,0.2723548902439024
Q9ZM74,random,mhcii,percentile,3.17390243902439
Q9ZM74,random,mhcii,num_peptides,82
Q9ZM74,random,mhcii,num_strong_binders,4
Q9ZM74,random,mhcii,num_weak_binders,78
B2UT98,random,mhcii,score,0.38465778536585365
B2UT98,random,mhcii,percentile,2.4641951219512195
B2UT98,random,mhcii,num_peptides,205
B2UT98,random,mhcii,num_strong_binders,40
B2UT98,random,mhcii,num_weak_binders,165
B2USY3,random,mhcii,score,0.39850925
B2USY3,random,mhcii,percentile,2.3704054054054056
B2USY3,random,mhcii,num_peptides,148
B2USY3,random,mhcii,num_strong_binders,35
B2USY3,random,mhcii,num_weak_binders,113
B6JNE2,random,mhcii,score,0.37947777192982457
B6JNE2,random,mhcii,percentile,2.443157894736842
B6JNE2,random,mhcii,num_peptides,57
B6JNE2,random,mhcii,num_strong_binders,13
B6JNE2,random,mhcii,num_weak_binders,44
Q1CR79,random,mhcii,score,0.35861987610619467
Q1CR79,random,mhcii,percentile,2.6644247787610618
Q1CR79,random,mhcii,num_peptides,113
Q1CR79,random,mhcii,num_strong_binders,18
Q1CR79,random,mhcii,num_weak_binders,95
B6JNX2,random,mhcii,score,0.37154778125
B6JNX2,random,mhcii,percentile,2.328333333333333
B6JNX2,random,mhcii,num_peptides,96
B6JNX2,random,mhcii,num_strong_binders,24
B6JNX2,random,mhcii,num_weak_binders,72
P64382,random,mhcii,score,0.3876837435897436
P64382,random,mhcii,percentile,2.2043589743589744
P64382,random,mhcii,num_peptides,39
P64382,random,mhcii,num_strong_binders,8
P64382,random,mhcii,num_weak_binders,31
P66450,random,mhcii,score,0.45214710344827586
P66450,random,mhcii,percentile,2.5458620689655174
P66450,random,mhcii,num_peptides,29
P66450,random,mhcii,num_strong_binders,6
P66450,random,mhcii,num_weak_binders,23
B6JLX1,random,mhcii,score,0.42950797674418606
B6JLX1,random,mhcii,percentile,2.298662790697674
B6JLX1,random,mhcii,num_peptides,172
B6JLX1,random,mhcii,num_strong_binders,43
B6JLX1,random,mhcii,num_weak_binders,129
Q1CS23,random,mhcii,score,0.3887602558139535
Q1CS23,random,mhcii,percentile,2.512906976744186
Q1CS23,random,mhcii,num_peptides,86
Q1CS23,random,mhcii,num_strong_binders,19
Q1CS23,random,mhcii,num_weak_binders,67
B5Z8S5,random,mhcii,score,0.3372541625
B5Z8S5,random,mhcii,percentile,2.643625
B5Z8S5,random,mhcii,num_peptides,80
B5Z8S5,random,mhcii,num_strong_binders,12
B5Z8S5,random,mhcii,num_weak_binders,68
Q1CRZ1,random,mhcii,score,0.28216625
Q1CRZ1,random,mhcii,percentile,2.8642857142857143
Q1CRZ1,random,mhcii,num_peptides,28
Q1CRZ1,random,mhcii,num_strong_binders,2
Q1CRZ1,random,mhcii,num_weak_binders,26
B2USD7,random,mhcii,score,0.3975970382165605
B2USD7,random,mhcii,percentile,2.494394904458599
B2USD7,random,mhcii,num_peptides,157
B2USD7,random,mhcii,num_strong_binders,38
B2USD7,random,mhcii,num_weak_binders,119
Q1CSR0,random,mhcii,score,0.347830421875
Q1CSR0,random,mhcii,percentile,2.769453125
Q1CSR0,random,mhcii,num_peptides,128
Q1CSR0,random,mhcii,num_strong_binders,18
Q1CSR0,random,mhcii,num_weak_binders,110
Q9ZJZ7,random,mhcii,score,0.3811690313901345
Q9ZJZ7,random,mhcii,percentile,2.396681614349776
Q9ZJZ7,random,mhcii,num_peptides,223
Q9ZJZ7,random,mhcii,num_strong_binders,50
Q9ZJZ7,random,mhcii,num_weak_binders,173
Q1CS87,random,mhcii,score,0.35685520666666665
Q1CS87,random,mhcii,percentile,2.6845333333333334
Q1CS87,random,mhcii,num_peptides,150
Q1CS87,random,mhcii,num_strong_binders,23
Q1CS87,random,mhcii,num_weak_binders,127
B6JPI5,random,mhcii,score,0.43004062962962963
B6JPI5,random,mhcii,percentile,2.336666666666667
B6JPI5,random,mhcii,num_peptides,27
B6JPI5,random,mhcii,num_strong_binders,8
B6JPI5,random,mhcii,num_weak_binders,19
P56046,random,mhcii,score,0.3327862222222222
P56046,random,mhcii,percentile,2.9066666666666667
P56046,random,mhcii,num_peptides,54
P56046,random,mhcii,num_strong_binders,6
P56046,random,mhcii,num_weak_binders,48
B5Z6E8,random,mhcii,score,0.39391918604651166
B5Z6E8,random,mhcii,percentile,2.443720930232558
B5Z6E8,random,mhcii,num_peptides,43
B5Z6E8,random,mhcii,num_strong_binders,8
B5Z6E8,random,mhcii,num_weak_binders,35
O25688,random,mhcii,score,0.4620392037037037
O25688,random,mhcii,percentile,2.080185185185185
O25688,random,mhcii,num_peptides,54
O25688,random,mhcii,num_strong_binders,16
O25688,random,mhcii,num_weak_binders,38
B2UV70,random,mhcii,score,0.3291595
B2UV70,random,mhcii,percentile,2.8444736842105263
B2UV70,random,mhcii,num_peptides,76
B2UV70,random,mhcii,num_strong_binders,7
B2UV70,random,mhcii,num_weak_binders,69
O26043,random,mhcii,score,0.39311364114832537
O26043,random,mhcii,percentile,2.549138755980861
O26043,random,mhcii,num_peptides,209
O26043,random,mhcii,num_strong_binders,40
O26043,random,mhcii,num_weak_binders,169
Q1CUV9,random,mhcii,score,0.4109594251968504
Q1CUV9,random,mhcii,percentile,2.328503937007874
Q1CUV9,random,mhcii,num_peptides,127
Q1CUV9,random,mhcii,num_strong_binders,25
Q1CUV9,random,mhcii,num_weak_binders,102
B6JN17,random,mhcii,score,0.38654092647058824
B6JN17,random,mhcii,percentile,2.658235294117647
B6JN17,random,mhcii,num_peptides,68
B6JN17,random,mhcii,num_strong_binders,15
B6JN17,random,mhcii,num_weak_binders,53
Q1CSZ2,random,mhcii,score,0.3738380595238095
Q1CSZ2,random,mhcii,percentile,2.4979761904761904
Q1CSZ2,random,mhcii,num_peptides,84
Q1CSZ2,random,mhcii,num_strong_binders,17
Q1CSZ2,random,mhcii,num_weak_binders,67
P56456,random,mhcii,score,0.41312357070707073
P56456,random,mhcii,percentile,2.2972727272727274
P56456,random,mhcii,num_peptides,396
P56456,random,mhcii,num_strong_binders,96
P56456,random,mhcii,num_weak_binders,300
P56120,random,mhcii,score,0.43547267441860465
P56120,random,mhcii,percentile,2.509767441860465
P56120,random,mhcii,num_peptides,43
P56120,random,mhcii,num_strong_binders,12
P56120,random,mhcii,num_weak_binders,31
Q1CRU8,random,mhcii,score,0.33235455
Q1CRU8,random,mhcii,percentile,2.7841666666666667
Q1CRU8,random,mhcii,num_peptides,60
Q1CRU8,random,mhcii,num_strong_binders,12
Q1CRU8,random,mhcii,num_weak_binders,48
B2UV21,random,mhcii,score,0.3626001511627907
B2UV21,random,mhcii,percentile,2.689418604651163
B2UV21,random,mhcii,num_peptides,86
B2UV21,random,mhcii,num_strong_binders,14
B2UV21,random,mhcii,num_weak_binders,72
Q9ZJF1,random,mhcii,score,0.4160428867924528
Q9ZJF1,random,mhcii,percentile,2.429748427672956
Q9ZJF1,random,mhcii,num_peptides,159
Q9ZJF1,random,mhcii,num_strong_binders,34
Q9ZJF1,random,mhcii,num_weak_binders,125
Q1CU98,random,mhcii,score,0.3598841842105263
Q1CU98,random,mhcii,percentile,2.811315789473684
Q1CU98,random,mhcii,num_peptides,38
Q1CU98,random,mhcii,num_strong_binders,6
Q1CU98,random,mhcii,num_weak_binders,32
Q1CRJ9,random,mhcii,score,0.28268641463414634
Q1CRJ9,random,mhcii,percentile,2.9541463414634146
Q1CRJ9,random,mhcii,num_peptides,82
Q1CRJ9,random,mhcii,num_strong_binders,10
Q1CRJ9,random,mhcii,num_weak_binders,72
B6JNF0,random,mhcii,score,0.33235455
B6JNF0,random,mhcii,percentile,2.7841666666666667
B6JNF0,random,mhcii,num_peptides,60
B6JNF0,random,mhcii,num_strong_binders,12
B6JNF0,random,mhcii,num_weak_binders,48
Q9ZKY2,random,mhcii,score,0.386908640625
Q9ZKY2,random,mhcii,percentile,2.7015625
Q9ZKY2,random,mhcii,num_peptides,128
Q9ZKY2,random,mhcii,num_strong_binders,21
Q9ZKY2,random,mhcii,num_weak_binders,107
P56420,random,mhcii,score,0.3552222947761194
P56420,random,mhcii,percentile,2.528246268656716
P56420,random,mhcii,num_peptides,268
P56420,random,mhcii,num_strong_binders,46
P56420,random,mhcii,num_weak_binders,222
B2UTC1,random,mhcii,score,0.43031611570247935
B2UTC1,random,mhcii,percentile,2.257190082644628
B2UTC1,random,mhcii,num_peptides,121
B2UTC1,random,mhcii,num_strong_binders,33
B2UTC1,random,mhcii,num_weak_binders,88
Q1CUZ6,random,mhcii,score,0.36502940425531916
Q1CUZ6,random,mhcii,percentile,2.6577659574468084
Q1CUZ6,random,mhcii,num_peptides,94
Q1CUZ6,random,mhcii,num_strong_binders,14
Q1CUZ6,random,mhcii,num_weak_binders,80
Q9ZKS6,random,mhcii,score,0.37480556756756755
Q9ZKS6,random,mhcii,percentile,2.587972972972973
Q9ZKS6,random,mhcii,num_peptides,74
Q9ZKS6,random,mhcii,num_strong_binders,13
Q9ZKS6,random,mhcii,num_weak_binders,61
B2UTX4,random,mhcii,score,0.38436940579710144
B2UTX4,random,mhcii,percentile,2.4792753623188406
B2UTX4,random,mhcii,num_peptides,69
B2UTX4,random,mhcii,num_strong_binders,10
B2UTX4,random,mhcii,num_weak_binders,59
Q1CUI3,random,mhcii,score,0.38883318881118883
Q1CUI3,random,mhcii,percentile,2.5575174825174827
Q1CUI3,random,mhcii,num_peptides,286
Q1CUI3,random,mhcii,num_strong_binders,58
Q1CUI3,random,mhcii,num_weak_binders,228
P56144,random,mhcii,score,0.3695327840909091
P56144,random,mhcii,percentile,2.620681818181818
P56144,random,mhcii,num_peptides,88
P56144,random,mhcii,num_strong_binders,16
P56144,random,mhcii,num_weak_binders,72
P56044,random,mhcii,score,0.3692107142857143
P56044,random,mhcii,percentile,2.954761904761905
P56044,random,mhcii,num_peptides,42
P56044,random,mhcii,num_strong_binders,8
P56044,random,mhcii,num_weak_binders,34
Q1CTA1,random,mhcii,score,0.4498833387096774
Q1CTA1,random,mhcii,percentile,2.190967741935484
Q1CTA1,random,mhcii,num_peptides,124
Q1CTA1,random,mhcii,num_strong_binders,26
Q1CTA1,random,mhcii,num_weak_binders,98
B5Z8N3,random,mhcii,score,0.37591104918032786
B5Z8N3,random,mhcii,percentile,2.518360655737705
B5Z8N3,random,mhcii,num_peptides,122
B5Z8N3,random,mhcii,num_strong_binders,22
B5Z8N3,random,mhcii,num_weak_binders,100
B6JL99,random,mhcii,score,0.3984168082191781
B6JL99,random,mhcii,percentile,2.475958904109589
B6JL99,random,mhcii,num_peptides,146
B6JL99,random,mhcii,num_strong_binders,29
B6JL99,random,mhcii,num_weak_binders,117
O24926,random,mhcii,score,0.4190696753246753
O24926,random,mhcii,percentile,2.3355844155844157
O24926,random,mhcii,num_peptides,154
O24926,random,mhcii,num_strong_binders,44
O24926,random,mhcii,num_weak_binders,110
O25595,random,mhcii,score,0.37294467234042555
O25595,random,mhcii,percentile,2.6272340425531913
O25595,random,mhcii,num_peptides,235
O25595,random,mhcii,num_strong_binders,42
O25595,random,mhcii,num_weak_binders,193
Q1CRD9,random,mhcii,score,0.439344
Q1CRD9,random,mhcii,percentile,2.3353731343283584
Q1CRD9,random,mhcii,num_peptides,67
Q1CRD9,random,mhcii,num_strong_binders,19
Q1CRD9,random,mhcii,num_weak_binders,48
Q9ZM81,random,mhcii,score,0.387047013986014
Q9ZM81,random,mhcii,percentile,2.4863636363636363
Q9ZM81,random,mhcii,num_peptides,143
Q9ZM81,random,mhcii,num_strong_binders,29
Q9ZM81,random,mhcii,num_weak_binders,114
O24855,random,mhcii,score,0.3345416712328767
O24855,random,mhcii,percentile,2.7434246575342467
O24855,random,mhcii,num_peptides,73
O24855,random,mhcii,num_strong_binders,9
O24855,random,mhcii,num_weak_binders,64
B5Z9W8,random,mhcii,score,0.413324432160804
B5Z9W8,random,mhcii,percentile,2.1540201005025126
B5Z9W8,random,mhcii,num_peptides,199
B5Z9W8,random,mhcii,num_strong_binders,50
B5Z9W8,random,mhcii,num_weak_binders,149
B5ZAB8,random,mhcii,score,0.34864390705128206
B5ZAB8,random,mhcii,percentile,2.643525641025641
B5ZAB8,random,mhcii,num_peptides,312
B5ZAB8,random,mhcii,num_strong_binders,52
B5ZAB8,random,mhcii,num_weak_binders,260
B6JKX5,random,mhcii,score,0.36386488023952096
B6JKX5,random,mhcii,percentile,2.6206586826347307
B6JKX5,random,mhcii,num_peptides,501
B6JKX5,random,mhcii,num_strong_binders,106
B6JKX5,random,mhcii,num_weak_binders,395
Q1CUW5,random,mhcii,score,0.384719025
Q1CUW5,random,mhcii,percentile,2.3778
Q1CUW5,random,mhcii,num_peptides,200
Q1CUW5,random,mhcii,num_strong_binders,42
Q1CUW5,random,mhcii,num_weak_binders,158
O25157,random,mhcii,score,0.37899059298245613
O25157,random,mhcii,percentile,2.493578947368421
O25157,random,mhcii,num_peptides,285
O25157,random,mhcii,num_strong_binders,66
O25157,random,mhcii,num_weak_binders,219
P55977,random,mhcii,score,0.34788924537037036
P55977,random,mhcii,percentile,2.7750462962962965
P55977,random,mhcii,num_peptides,216
P55977,random,mhcii,num_strong_binders,34
P55977,random,mhcii,num_weak_binders,182
B5Z9V7,random,mhcii,score,0.3105161132075472
B5Z9V7,random,mhcii,percentile,3.0350943396226415
B5Z9V7,random,mhcii,num_peptides,159
B5Z9V7,random,mhcii,num_strong_binders,12
B5Z9V7,random,mhcii,num_weak_binders,147
P56128,random,mhcii,score,0.38883318881118883
P56128,random,mhcii,percentile,2.5575174825174827
P56128,random,mhcii,num_peptides,286
P56128,random,mhcii,num_strong_binders,58
P56128,random,mhcii,num_weak_binders,228
Q9ZMH1,random,mhcii,score,0.3901489880239521
Q9ZMH1,random,mhcii,percentile,2.3439121756487027
Q9ZMH1,random,mhcii,num_peptides,501
Q9ZMH1,random,mhcii,num_strong_binders,120
Q9ZMH1,random,mhcii,num_weak_binders,381
Q1CT35,random,mhcii,score,0.3716987741935484
Q1CT35,random,mhcii,percentile,2.4410599078341013
Q1CT35,random,mhcii,num_peptides,217
Q1CT35,random,mhcii,num_strong_binders,52
Q1CT35,random,mhcii,num_weak_binders,165
O25827,random,mhcii,score,0.3811690313901345
O25827,random,mhcii,percentile,2.396681614349776
O25827,random,mhcii,num_peptides,223
O25827,random,mhcii,num_strong_binders,50
O25827,random,mhcii,num_weak_binders,173
O25971,random,mhcii,score,0.3905624621212121
O25971,random,mhcii,percentile,2.578181818181818
O25971,random,mhcii,num_peptides,132
O25971,random,mhcii,num_strong_binders,22
O25971,random,mhcii,num_weak_binders,110
B6JN25,random,mhcii,score,0.3549814020618557
B6JN25,random,mhcii,percentile,2.604020618556701
B6JN25,random,mhcii,num_peptides,97
B6JN25,random,mhcii,num_strong_binders,19
B6JN25,random,mhcii,num_weak_binders,78
Q9ZM69,random,mhcii,score,0.39032127113702625
Q9ZM69,random,mhcii,percentile,2.4082798833819243
Q9ZM69,random,mhcii,num_peptides,343
Q9ZM69,random,mhcii,num_strong_binders,75
Q9ZM69,random,mhcii,num_weak_binders,268
B2UUW2,random,mhcii,score,0.38502292045454545
B2UUW2,random,mhcii,percentile,2.4697727272727272
B2UUW2,random,mhcii,num_peptides,88
B2UUW2,random,mhcii,num_strong_binders,16
B2UUW2,random,mhcii,num_weak_binders,72
O25291,random,mhcii,score,0.4604779493670886
O25291,random,mhcii,percentile,2.219240506329114
O25291,random,mhcii,num_peptides,79
O25291,random,mhcii,num_strong_binders,17
O25291,random,mhcii,num_weak_binders,62
Q48252,random,mhcii,score,0.3701760514403292
Q48252,random,mhcii,percentile,2.5353703703703703
Q48252,random,mhcii,num_peptides,486
Q48252,random,mhcii,num_strong_binders,100
Q48252,random,mhcii,num_weak_binders,386
O25608,random,mhcii,score,0.4016560754716981
O25608,random,mhcii,percentile,2.511132075471698
O25608,random,mhcii,num_peptides,53
O25608,random,mhcii,num_strong_binders,7
O25608,random,mhcii,num_weak_binders,46
Q1CV86,random,mhcii,score,0.4076215208333333
Q1CV86,random,mhcii,percentile,2.1336458333333335
Q1CV86,random,mhcii,num_peptides,96
Q1CV86,random,mhcii,num_strong_binders,26
Q1CV86,random,mhcii,num_weak_binders,70
Q1CS66,random,mhcii,score,0.38502292045454545
Q1CS66,random,mhcii,percentile,2.4697727272727272
Q1CS66,random,mhcii,num_peptides,88
Q1CS66,random,mhcii,num_strong_binders,16
Q1CS66,random,mhcii,num_weak_binders,72
B6JMI1,random,mhcii,score,0.347830421875
B6JMI1,random,mhcii,percentile,2.769453125
B6JMI1,random,mhcii,num_peptides,128
B6JMI1,random,mhcii,num_strong_binders,18
B6JMI1,random,mhcii,num_weak_binders,110
Q9ZJL5,random,mhcii,score,0.3550259102564103
Q9ZJL5,random,mhcii,percentile,2.5766666666666667
Q9ZJL5,random,mhcii,num_peptides,78
Q9ZJL5,random,mhcii,num_strong_binders,16
Q9ZJL5,random,mhcii,num_weak_binders,62
B2UV20,random,mhcii,score,0.39804753896103895
B2UV20,random,mhcii,percentile,2.31
B2UV20,random,mhcii,num_peptides,154
B2UV20,random,mhcii,num_strong_binders,32
B2UV20,random,mhcii,num_weak_binders,122
Q1CRB7,random,mhcii,score,0.32033555555555554
Q1CRB7,random,mhcii,percentile,2.8068518518518517
Q1CRB7,random,mhcii,num_peptides,54
Q1CRB7,random,mhcii,num_strong_binders,8
Q1CRB7,random,mhcii,num_weak_binders,46
O25516,random,mhcii,score,0.3957702808219178
O25516,random,mhcii,percentile,2.379931506849315
O25516,random,mhcii,num_peptides,146
O25516,random,mhcii,num_strong_binders,34
O25516,random,mhcii,num_weak_binders,112
Q1CSQ0,random,mhcii,score,0.40719911602209946
Q1CSQ0,random,mhcii,percentile,2.402486187845304
Q1CSQ0,random,mhcii,num_peptides,181
Q1CSQ0,random,mhcii,num_strong_binders,46
Q1CSQ0,random,mhcii,num_weak_binders,135
P66119,random,mhcii,score,0.37047453846153844
P66119,random,mhcii,percentile,2.772692307692308
P66119,random,mhcii,num_peptides,52
P66119,random,mhcii,num_strong_binders,8
P66119,random,mhcii,num_weak_binders,44
Q9ZK20,random,mhcii,score,0.37017134444444444
Q9ZK20,random,mhcii,percentile,2.6126666666666667
Q9ZK20,random,mhcii,num_peptides,90
Q9ZK20,random,mhcii,num_strong_binders,18
Q9ZK20,random,mhcii,num_weak_binders,72
B2USG1,random,mhcii,score,0.402567435483871
B2USG1,random,mhcii,percentile,2.5708870967741935
B2USG1,random,mhcii,num_peptides,124
B2USG1,random,mhcii,num_strong_binders,25
B2USG1,random,mhcii,num_weak_binders,99
Q9ZJ65,random,mhcii,score,0.435382
Q9ZJ65,random,mhcii,percentile,2.2612
Q9ZJ65,random,mhcii,num_peptides,150
Q9ZJ65,random,mhcii,num_strong_binders,33
Q9ZJ65,random,mhcii,num_weak_binders,117
B2UU37,random,mhcii,score,0.3847115225225225
B2UU37,random,mhcii,percentile,2.343783783783784
B2UU37,random,mhcii,num_peptides,222
B2UU37,random,mhcii,num_strong_binders,45
B2UU37,random,mhcii,num_weak_binders,177
O25889,random,mhcii,score,0.3603930322580645
O25889,random,mhcii,percentile,2.777741935483871
O25889,random,mhcii,num_peptides,31
O25889,random,mhcii,num_strong_binders,4
O25889,random,mhcii,num_weak_binders,27
Q9ZMF2,random,mhcii,score,0.3944928181818182
Q9ZMF2,random,mhcii,percentile,2.5151298701298703
Q9ZMF2,random,mhcii,num_peptides,154
Q9ZMF2,random,mhcii,num_strong_binders,31
Q9ZMF2,random,mhcii,num_weak_binders,123
Q9ZJY9,random,mhcii,score,0.35550220714285713
Q9ZJY9,random,mhcii,percentile,2.6284285714285716
Q9ZJY9,random,mhcii,num_peptides,140
Q9ZJY9,random,mhcii,num_strong_binders,18
Q9ZJY9,random,mhcii,num_weak_binders,122
Q9ZJI7,random,mhcii,score,0.28268641463414634
Q9ZJI7,random,mhcii,percentile,2.9541463414634146
Q9ZJI7,random,mhcii,num_peptides,82
Q9ZJI7,random,mhcii,num_strong_binders,10
Q9ZJI7,random,mhcii,num_weak_binders,72
P56109,random,mhcii,score,0.394225510989011
P56109,random,mhcii,percentile,2.2765934065934066
P56109,random,mhcii,num_peptides,182
P56109,random,mhcii,num_strong_binders,44
P56109,random,mhcii,num_weak_binders,138
B5Z8J7,random,mhcii,score,0.38502292045454545
B5Z8J7,random,mhcii,percentile,2.4697727272727272
B5Z8J7,random,mhcii,num_peptides,88
B5Z8J7,random,mhcii,num_strong_binders,16
B5Z8J7,random,mhcii,num_weak_binders,72
Q1CR49,random,mhcii,score,0.3848713181818182
Q1CR49,random,mhcii,percentile,2.3570454545454544
Q1CR49,random,mhcii,num_peptides,44
Q1CR49,random,mhcii,num_strong_binders,11
Q1CR49,random,mhcii,num_weak_binders,33
O25531,random,mhcii,score,0.34864290625
O25531,random,mhcii,percentile,2.533125
O25531,random,mhcii,num_peptides,64
O25531,random,mhcii,num_strong_binders,12
O25531,random,mhcii,num_weak_binders,52
B2UUR0,random,mhcii,score,0.4531510408163265
B2UUR0,random,mhcii,percentile,2.2483673469387755
B2UUR0,random,mhcii,num_peptides,49
B2UUR0,random,mhcii,num_strong_binders,14
B2UUR0,random,mhcii,num_weak_binders,35
B2UV74,random,mhcii,score,0.3647929375
B2UV74,random,mhcii,percentile,2.519375
B2UV74,random,mhcii,num_peptides,16
B2UV74,random,mhcii,num_strong_binders,2
B2UV74,random,mhcii,num_weak_binders,14
Q9ZJJ4,random,mhcii,score,0.419097136
Q9ZJJ4,random,mhcii,percentile,2.40192
Q9ZJJ4,random,mhcii,num_peptides,125
Q9ZJJ4,random,mhcii,num_strong_binders,31
Q9ZJJ4,random,mhcii,num_weak_binders,94
O25703,random,mhcii,score,0.46118281308411213
O25703,random,mhcii,percentile,2.214766355140187
O25703,random,mhcii,num_peptides,107
O25703,random,mhcii,num_strong_binders,34
O25703,random,mhcii,num_weak_binders,73
Q1CV84,random,mhcii,score,0.36946674647887323
Q1CV84,random,mhcii,percentile,2.483380281690141
Q1CV84,random,mhcii,num_peptides,71
Q1CV84,random,mhcii,num_strong_binders,19
Q1CV84,random,mhcii,num_weak_binders,52
Q9ZKM3,random,mhcii,score,0.37081324666666665
Q9ZKM3,random,mhcii,percentile,2.4744
Q9ZKM3,random,mhcii,num_peptides,300
Q9ZKM3,random,mhcii,num_strong_binders,54
Q9ZKM3,random,mhcii,num_weak_binders,246
Q9ZM13,random,mhcii,score,0.35507051666666667
Q9ZM13,random,mhcii,percentile,2.80725
Q9ZM13,random,mhcii,num_peptides,120
Q9ZM13,random,mhcii,num_strong_binders,17
Q9ZM13,random,mhcii,num_weak_binders,103
B6JNE5,random,mhcii,score,0.3291595
B6JNE5,random,mhcii,percentile,2.8444736842105263
B6JNE5,random,mhcii,num_peptides,76
B6JNE5,random,mhcii,num_strong_binders,7
B6JNE5,random,mhcii,num_weak_binders,69
Q9ZJE4,random,mhcii,score,0.32033555555555554
Q9ZJE4,random,mhcii,percentile,2.8068518518518517
Q9ZJE4,random,mhcii,num_peptides,54
Q9ZJE4,random,mhcii,num_strong_binders,8
Q9ZJE4,random,mhcii,num_weak_binders,46
O26106,random,mhcii,score,0.38456359420289854
O26106,random,mhcii,percentile,2.6142028985507246
O26106,random,mhcii,num_peptides,69
O26106,random,mhcii,num_strong_binders,13
O26106,random,mhcii,num_weak_binders,56
Q9ZMV7,random,mhcii,score,0.42343905352798056
Q9ZMV7,random,mhcii,percentile,2.2827007299270075
Q9ZMV7,random,mhcii,num_peptides,411
Q9ZMV7,random,mhcii,num_strong_binders,118
Q9ZMV7,random,mhcii,num_weak_binders,293
Q9ZMF0,random,mhcii,score,0.3857172795698925
Q9ZMF0,random,mhcii,percentile,2.398709677419355
Q9ZMF0,random,mhcii,num_peptides,186
Q9ZMF0,random,mhcii,num_strong_binders,37
Q9ZMF0,random,mhcii,num_weak_binders,149
B6JM54,random,mhcii,score,0.4216819565217391
B6JM54,random,mhcii,percentile,2.6717391304347826
B6JM54,random,mhcii,num_peptides,46
B6JM54,random,mhcii,num_strong_binders,7
B6JM54,random,mhcii,num_weak_binders,39
B6JPT1,random,mhcii,score,0.3909467823129252
B6JPT1,random,mhcii,percentile,2.5752721088435373
B6JPT1,random,mhcii,num_peptides,294
B6JPT1,random,mhcii,num_strong_binders,55
B6JPT1,random,mhcii,num_weak_binders,239
Q9ZML2,random,mhcii,score,0.3861355054945055
Q9ZML2,random,mhcii,percentile,2.3935164835164837
Q9ZML2,random,mhcii,num_peptides,182
Q9ZML2,random,mhcii,num_strong_binders,41
Q9ZML2,random,mhcii,num_weak_binders,141
B2UTQ6,random,mhcii,score,0.35214572857142856
B2UTQ6,random,mhcii,percentile,2.8027142857142855
B2UTQ6,random,mhcii,num_peptides,70
B2UTQ6,random,mhcii,num_strong_binders,8
B2UTQ6,random,mhcii,num_weak_binders,62
Q1CRI6,random,mhcii,score,0.3971897368421053
Q1CRI6,random,mhcii,percentile,2.5513157894736844
Q1CRI6,random,mhcii,num_peptides,114
Q1CRI6,random,mhcii,num_strong_binders,21
Q1CRI6,random,mhcii,num_weak_binders,93
B2UW06,random,mhcii,score,0.34593833928571427
B2UW06,random,mhcii,percentile,2.565
B2UW06,random,mhcii,num_peptides,56
B2UW06,random,mhcii,num_strong_binders,5
B2UW06,random,mhcii,num_weak_binders,51
Q9ZJS2,random,mhcii,score,0.403322301369863
Q9ZJS2,random,mhcii,percentile,2.4261643835616438
Q9ZJS2,random,mhcii,num_peptides,73
Q9ZJS2,random,mhcii,num_strong_binders,14
Q9ZJS2,random,mhcii,num_weak_binders,59
P64664,random,mhcii,score,0.3857952
P64664,random,mhcii,percentile,2.4069166666666666
P64664,random,mhcii,num_peptides,120
P64664,random,mhcii,num_strong_binders,28
P64664,random,mhcii,num_weak_binders,92
Q9ZKY8,random,mhcii,score,0.3428967014925373
Q9ZKY8,random,mhcii,percentile,2.5586567164179104
Q9ZKY8,random,mhcii,num_peptides,67
Q9ZKY8,random,mhcii,num_strong_binders,12
Q9ZKY8,random,mhcii,num_weak_binders,55
Q9ZJR5,random,mhcii,score,0.3973965875
Q9ZJR5,random,mhcii,percentile,2.596125
Q9ZJR5,random,mhcii,num_peptides,80
Q9ZJR5,random,mhcii,num_strong_binders,19
Q9ZJR5,random,mhcii,num_weak_binders,61
B2UUU1,random,mhcii,score,0.38654092647058824
B2UUU1,random,mhcii,percentile,2.658235294117647
B2UUU1,random,mhcii,num_peptides,68
B2UUU1,random,mhcii,num_strong_binders,15
B2UUU1,random,mhcii,num_weak_binders,53
Q9ZJX4,random,mhcii,score,0.3833485821917808
Q9ZJX4,random,mhcii,percentile,2.54486301369863
Q9ZJX4,random,mhcii,num_peptides,146
Q9ZJX4,random,mhcii,num_strong_binders,31
Q9ZJX4,random,mhcii,num_weak_binders,115
O25851,random,mhcii,score,0.3716599074074074
O25851,random,mhcii,percentile,2.4029629629629627
O25851,random,mhcii,num_peptides,54
O25851,random,mhcii,num_strong_binders,6
O25851,random,mhcii,num_weak_binders,48
B9XXL6,random,mhcii,score,0.3909055889328063
B9XXL6,random,mhcii,percentile,2.3656521739130434
B9XXL6,random,mhcii,num_peptides,253
B9XXL6,random,mhcii,num_strong_binders,53
B9XXL6,random,mhcii,num_weak_binders,200
B2US06,random,mhcii,score,0.39979443902439027
B2US06,random,mhcii,percentile,2.354878048780488
B2US06,random,mhcii,num_peptides,123
B2US06,random,mhcii,num_strong_binders,32
B2US06,random,mhcii,num_weak_binders,91
Q9ZMB9,random,mhcii,score,0.38883318881118883
Q9ZMB9,random,mhcii,percentile,2.5575174825174827
Q9ZMB9,random,mhcii,num_peptides,286
Q9ZMB9,random,mhcii,num_strong_binders,58
Q9ZMB9,random,mhcii,num_weak_binders,228
Q1CTD7,random,mhcii,score,0.38465778536585365
Q1CTD7,random,mhcii,percentile,2.4641951219512195
Q1CTD7,random,mhcii,num_peptides,205
Q1CTD7,random,mhcii,num_strong_binders,40
Q1CTD7,random,mhcii,num_weak_binders,165
Q9ZJU8,random,mhcii,score,0.4251577213114754
Q9ZJU8,random,mhcii,percentile,2.3608196721311474
Q9ZJU8,random,mhcii,num_peptides,244
Q9ZJU8,random,mhcii,num_strong_binders,63
Q9ZJU8,random,mhcii,num_weak_binders,181
O25610,random,mhcii,score,0.3456908686868687
O25610,random,mhcii,percentile,2.7185858585858584
O25610,random,mhcii,num_peptides,99
O25610,random,mhcii,num_strong_binders,12
O25610,random,mhcii,num_weak_binders,87
Q9ZK27,random,mhcii,score,0.38431841346153844
Q9ZK27,random,mhcii,percentile,2.5002884615384615
Q9ZK27,random,mhcii,num_peptides,208
Q9ZK27,random,mhcii,num_strong_binders,31
Q9ZK27,random,mhcii,num_weak_binders,177
P56071,random,mhcii,score,0.43980072929936304
P56071,random,mhcii,percentile,2.2747133757961784
P56071,random,mhcii,num_peptides,314
P56071,random,mhcii,num_strong_binders,85
P56071,random,mhcii,num_weak_binders,229
B6JLE8,random,mhcii,score,0.392740906779661
B6JLE8,random,mhcii,percentile,2.2997457627118645
B6JLE8,random,mhcii,num_peptides,118
B6JLE8,random,mhcii,num_strong_binders,32
B6JLE8,random,mhcii,num_weak_binders,86
B2UU76,random,mhcii,score,0.4069355138888889
B2UU76,random,mhcii,percentile,2.2519444444444443
B2UU76,random,mhcii,num_peptides,72
B2UU76,random,mhcii,num_strong_binders,15
B2UU76,random,mhcii,num_weak_binders,57
Q9ZJX9,random,mhcii,score,0.3814380252707581
Q9ZJX9,random,mhcii,percentile,2.55086642599278
Q9ZJX9,random,mhcii,num_peptides,277
Q9ZJX9,random,mhcii,num_strong_binders,53
Q9ZJX9,random,mhcii,num_weak_binders,224
O25028,random,mhcii,score,0.3757737877094972
O25028,random,mhcii,percentile,2.5449162011173185
O25028,random,mhcii,num_peptides,179
O25028,random,mhcii,num_strong_binders,37
O25028,random,mhcii,num_weak_binders,142
B6JKG3,random,mhcii,score,0.3601775636363636
B6JKG3,random,mhcii,percentile,2.641636363636364
B6JKG3,random,mhcii,num_peptides,110
B6JKG3,random,mhcii,num_strong_binders,15
B6JKG3,random,mhcii,num_weak_binders,95
Q9ZLN3,random,mhcii,score,0.378413585492228
Q9ZLN3,random,mhcii,percentile,2.6785492227979275
Q9ZLN3,random,mhcii,num_peptides,193
Q9ZLN3,random,mhcii,num_strong_binders,32
Q9ZLN3,random,mhcii,num_weak_binders,161
Q9ZK83,random,mhcii,score,0.4322666590909091
Q9ZK83,random,mhcii,percentile,2.498181818181818
Q9ZK83,random,mhcii,num_peptides,44
Q9ZK83,random,mhcii,num_strong_binders,8
Q9ZK83,random,mhcii,num_weak_binders,36
Q9ZLJ7,random,mhcii,score,0.38366985915492957
Q9ZLJ7,random,mhcii,percentile,2.366619718309859
Q9ZLJ7,random,mhcii,num_peptides,71
Q9ZLJ7,random,mhcii,num_strong_binders,19
Q9ZLJ7,random,mhcii,num_weak_binders,52
B6JLM6,random,mhcii,score,0.38366985915492957
B6JLM6,random,mhcii,percentile,2.366619718309859
B6JLM6,random,mhcii,num_peptides,71
B6JLM6,random,mhcii,num_strong_binders,19
B6JLM6,random,mhcii,num_weak_binders,52
B6JN65,random,mhcii,score,0.45104021666666666
B6JN65,random,mhcii,percentile,2.3066666666666666
B6JN65,random,mhcii,num_peptides,60
B6JN65,random,mhcii,num_strong_binders,16
B6JN65,random,mhcii,num_weak_binders,44
B2UUV8,random,mhcii,score,0.45534907272727276
B2UUV8,random,mhcii,percentile,2.2996363636363637
B2UUV8,random,mhcii,num_peptides,55
B2UUV8,random,mhcii,num_strong_binders,17
B2UUV8,random,mhcii,num_weak_binders,38
B5Z9Q3,random,mhcii,score,0.51447275
B5Z9Q3,random,mhcii,percentile,2.04
B5Z9Q3,random,mhcii,num_peptides,24
B5Z9Q3,random,mhcii,num_strong_binders,9
B5Z9Q3,random,mhcii,num_weak_binders,15
Q9ZMP3,random,mhcii,score,0.39535288888888886
Q9ZMP3,random,mhcii,percentile,2.622777777777778
Q9ZMP3,random,mhcii,num_peptides,18
Q9ZMP3,random,mhcii,num_strong_binders,2
Q9ZMP3,random,mhcii,num_weak_binders,16
Q9ZLY1,random,mhcii,score,0.33221953543307087
Q9ZLY1,random,mhcii,percentile,2.783464566929134
Q9ZLY1,random,mhcii,num_peptides,127
Q9ZLY1,random,mhcii,num_strong_binders,11
Q9ZLY1,random,mhcii,num_weak_binders,116
P56411,random,mhcii,score,0.20824233333333333
P56411,random,mhcii,percentile,2.9825
P56411,random,mhcii,num_peptides,12
P56411,random,mhcii,num_strong_binders,0
P56411,random,mhcii,num_weak_binders,12
B2UT98,random,mhcii,score,0.37530396464646465
B2UT98,random,mhcii,percentile,2.459848484848485
B2UT98,random,mhcii,num_peptides,198
B2UT98,random,mhcii,num_strong_binders,38
B2UT98,random,mhcii,num_weak_binders,160
Q09068,random,mhcii,score,0.41079434883720933
Q09068,random,mhcii,percentile,2.682325581395349
Q09068,random,mhcii,num_peptides,43
Q09068,random,mhcii,num_strong_binders,8
Q09068,random,mhcii,num_weak_binders,35
Q9ZMH1,random,mhcii,score,0.3908701208576998
Q9ZMH1,random,mhcii,percentile,2.3634307992202728
Q9ZMH1,random,mhcii,num_peptides,513
Q9ZMH1,random,mhcii,num_strong_binders,127
Q9ZMH1,random,mhcii,num_weak_binders,386
B2UVE0,random,mhcii,score,0.4420207625
B2UVE0,random,mhcii,percentile,2.15325
B2UVE0,random,mhcii,num_peptides,80
B2UVE0,random,mhcii,num_strong_binders,21
B2UVE0,random,mhcii,num_weak_binders,59
B2UTK9,random,mhcii,score,0.427682
B2UTK9,random,mhcii,percentile,2.238494623655914
B2UTK9,random,mhcii,num_peptides,93
B2UTK9,random,mhcii,num_strong_binders,26
B2UTK9,random,mhcii,num_weak_binders,67
B2UV81,random,mhcii,score,0.3967272686567164
B2UV81,random,mhcii,percentile,2.7211940298507464
B2UV81,random,mhcii,num_peptides,67
B2UV81,random,mhcii,num_strong_binders,17
B2UV81,random,mhcii,num_weak_binders,50
P56141,random,mhcii,score,0.3485611186440678
P56141,random,mhcii,percentile,2.72635593220339
P56141,random,mhcii,num_peptides,118
P56141,random,mhcii,num_strong_binders,19
P56141,random,mhcii,num_weak_binders,99
Q9ZMG1,random,mhcii,score,0.516782
Q9ZMG1,random,mhcii,percentile,2.04
Q9ZMG1,random,mhcii,num_peptides,18
Q9ZMG1,random,mhcii,num_strong_binders,6
Q9ZMG1,random,mhcii,num_weak_binders,12
B5Z6Y9,random,mhcii,score,0.427682
B5Z6Y9,random,mhcii,percentile,2.238494623655914
B5Z6Y9,random,mhcii,num_peptides,93
B5Z6Y9,random,mhcii,num_strong_binders,26
B5Z6Y9,random,mhcii,num_weak_binders,67
Q1CRD8,random,mhcii,score,0.37451671551724136
Q1CRD8,random,mhcii,percentile,2.3670689655172414
Q1CRD8,random,mhcii,num_peptides,116
Q1CRD8,random,mhcii,num_strong_binders,26
Q1CRD8,random,mhcii,num_weak_binders,90
P56071,random,mhcii,score,0.43501078859060405
P56071,random,mhcii,percentile,2.3042281879194633
P56071,random,mhcii,num_peptides,298
P56071,random,mhcii,num_strong_binders,81
P56071,random,mhcii,num_weak_binders,217
B6JNX2,random,mhcii,score,0.37266105494505497
B6JNX2,random,mhcii,percentile,2.368241758241758
B6JNX2,random,mhcii,num_peptides,91
B6JNX2,random,mhcii,num_strong_binders,25
B6JNX2,random,mhcii,num_weak_binders,66
B6JM61,random,mhcii,score,0.3943637953216374
B6JM61,random,mhcii,percentile,2.4039766081871345
B6JM61,random,mhcii,num_peptides,171
B6JM61,random,mhcii,num_strong_binders,38
B6JM61,random,mhcii,num_weak_binders,133
B6JN25,random,mhcii,score,0.36254345161290324
B6JN25,random,mhcii,percentile,2.504193548387097
B6JN25,random,mhcii,num_peptides,93
B6JN25,random,mhcii,num_strong_binders,17
B6JN25,random,mhcii,num_weak_binders,76
Q1CS25,random,mhcii,score,0.3795440923076923
Q1CS25,random,mhcii,percentile,2.498846153846154
Q1CS25,random,mhcii,num_peptides,130
Q1CS25,random,mhcii,num_strong_binders,26
Q1CS25,random,mhcii,num_weak_binders,104
Q9ZJS6,random,mhcii,score,0.34555038095238094
Q9ZJS6,random,mhcii,percentile,2.655119047619048
Q9ZJS6,random,mhcii,num_peptides,84
Q9ZJS6,random,mhcii,num_strong_binders,9
Q9ZJS6,random,mhcii,num_weak_binders,75
Q9ZJX2,random,mhcii,score,0.40034495238095236
Q9ZJX2,random,mhcii,percentile,2.6685714285714286
Q9ZJX2,random,mhcii,num_peptides,42
Q9ZJX2,random,mhcii,num_strong_binders,7
Q9ZJX2,random,mhcii,num_weak_binders,35
B2UTX4,random,mhcii,score,0.3855971971830986
B2UTX4,random,mhcii,percentile,2.4230985915492957
B2UTX4,random,mhcii,num_peptides,71
B2UTX4,random,mhcii,num_strong_binders,11
B2UTX4,random,mhcii,num_weak_binders,60
Q1CUI3,random,mhcii,score,0.3883674893617021
Q1CUI3,random,mhcii,percentile,2.5317021276595746
Q1CUI3,random,mhcii,num_peptides,282
Q1CUI3,random,mhcii,num_strong_binders,54
Q1CUI3,random,mhcii,num_weak_binders,228
B2UVC1,random,mhcii,score,0.41859118404907975
B2UVC1,random,mhcii,percentile,2.2009815950920246
B2UVC1,random,mhcii,num_peptides,163
B2UVC1,random,mhcii,num_strong_binders,49
B2UVC1,random,mhcii,num_weak_binders,114
O25531,random,mhcii,score,0.32669904225352114
O25531,random,mhcii,percentile,2.6576056338028167
O25531,random,mhcii,num_peptides,71
O25531,random,mhcii,num_strong_binders,11
O25531,random,mhcii,num_weak_binders,60
B2UV74,random,mhcii,score,0.2732340476190476
B2UV74,random,mhcii,percentile,3.0552380952380953
B2UV74,random,mhcii,num_peptides,21
B2UV74,random,mhcii,num_strong_binders,2
B2UV74,random,mhcii,num_weak_binders,19
B2UW06,random,mhcii,score,0.370111064516129
B2UW06,random,mhcii,percentile,2.4011290322580647
B2UW06,random,mhcii,num_peptides,62
B2UW06,random,mhcii,num_strong_binders,9
B2UW06,random,mhcii,num_weak_binders,53
Q9ZJJ4,random,mhcii,score,0.4031760260869565
Q9ZJJ4,random,mhcii,percentile,2.4184347826086956
Q9ZJJ4,random,mhcii,num_peptides,115
Q9ZJJ4,random,mhcii,num_strong_binders,27
Q9ZJJ4,random,mhcii,num_weak_binders,88
B5Z8N3,random,mhcii,score,0.3795440923076923
B5Z8N3,random,mhcii,percentile,2.498846153846154
B5Z8N3,random,mhcii,num_peptides,130
B5Z8N3,random,mhcii,num_strong_binders,26
B5Z8N3,random,mhcii,num_weak_binders,104
Q9ZM69,random,mhcii,score,0.38956086645962734
Q9ZM69,random,mhcii,percentile,2.4449068322981367
Q9ZM69,random,mhcii,num_peptides,322
Q9ZM69,random,mhcii,num_strong_binders,76
Q9ZM69,random,mhcii,num_weak_binders,246
P56040,random,mhcii,score,0.4130594716981132
P56040,random,mhcii,percentile,2.1549056603773584
P56040,random,mhcii,num_peptides,53
P56040,random,mhcii,num_strong_binders,14
P56040,random,mhcii,num_weak_binders,39
Q9ZJU8,random,mhcii,score,0.4407377739130435
Q9ZJU8,random,mhcii,percentile,2.2981739130434784
Q9ZJU8,random,mhcii,num_peptides,230
Q9ZJU8,random,mhcii,num_strong_binders,62
Q9ZJU8,random,mhcii,num_weak_binders,168
Q9ZJR5,random,mhcii,score,0.3967272686567164
Q9ZJR5,random,mhcii,percentile,2.7211940298507464
Q9ZJR5,random,mhcii,num_peptides,67
Q9ZJR5,random,mhcii,num_strong_binders,17
Q9ZJR5,random,mhcii,num_weak_binders,50
P56144,random,mhcii,score,0.37289144
P56144,random,mhcii,percentile,2.5183
P56144,random,mhcii,num_peptides,100
P56144,random,mhcii,num_strong_binders,20
P56144,random,mhcii,num_weak_binders,80
P56420,random,mhcii,score,0.3499329266409266
P56420,random,mhcii,percentile,2.5507335907335906
P56420,random,mhcii,num_peptides,259
P56420,random,mhcii,num_strong_binders,45
P56420,random,mhcii,num_weak_binders,214
B2UTC1,random,mhcii,score,0.4192757731092437
B2UTC1,random,mhcii,percentile,2.322857142857143
B2UTC1,random,mhcii,num_peptides,119
B2UTC1,random,mhcii,num_strong_binders,31
B2UTC1,random,mhcii,num_weak_binders,88
Q1CUZ6,random,mhcii,score,0.3773917553191489
Q1CUZ6,random,mhcii,percentile,2.5088297872340424
Q1CUZ6,random,mhcii,num_peptides,94
Q1CUZ6,random,mhcii,num_strong_binders,17
Q1CUZ6,random,mhcii,num_weak_binders,77
B6JNE5,random,mhcii,score,0.315421858974359
B6JNE5,random,mhcii,percentile,2.9473076923076924
B6JNE5,random,mhcii,num_peptides,78
B6JNE5,random,mhcii,num_strong_binders,7
B6JNE5,random,mhcii,num_weak_binders,71
Q1CRU8,random,mhcii,score,0.33235455
Q1CRU8,random,mhcii,percentile,2.7841666666666667
Q1CRU8,random,mhcii,num_peptides,60
Q1CRU8,random,mhcii,num_strong_binders,12
Q1CRU8,random,mhcii,num_weak_binders,48
O25474,random,mhcii,score,0.4243826666666667
O25474,random,mhcii,percentile,2.4294444444444445
O25474,random,mhcii,num_peptides,108
O25474,random,mhcii,num_strong_binders,32
O25474,random,mhcii,num_weak_binders,76
B5Z8S5,random,mhcii,score,0.3352659871794872
B5Z8S5,random,mhcii,percentile,2.6628205128205127
B5Z8S5,random,mhcii,num_peptides,78
B5Z8S5,random,mhcii,num_strong_binders,11
B5Z8S5,random,mhcii,num_weak_binders,67
Q48255,random,mhcii,score,0.2795082112676056
Q48255,random,mhcii,percentile,3.1319718309859157
Q48255,random,mhcii,num_peptides,71
Q48255,random,mhcii,num_strong_binders,7
Q48255,random,mhcii,num_weak_binders,64
Q9ZJF1,random,mhcii,score,0.4131160281690141
Q9ZJF1,random,mhcii,percentile,2.412323943661972
Q9ZJF1,random,mhcii,num_peptides,142
Q9ZJF1,random,mhcii,num_strong_binders,28
Q9ZJF1,random,mhcii,num_weak_binders,114
B6JMI1,random,mhcii,score,0.36051768
B6JMI1,random,mhcii,percentile,2.64928
B6JMI1,random,mhcii,num_peptides,125
B6JMI1,random,mhcii,num_strong_binders,20
B6JMI1,random,mhcii,num_weak_binders,105
B6JM59,random,mhcii,score,0.3826935737704918
B6JM59,random,mhcii,percentile,2.94
B6JM59,random,mhcii,num_peptides,61
B6JM59,random,mhcii,num_strong_binders,4
B6JM59,random,mhcii,num_weak_binders,57
Q1CUK9,random,mhcii,score,0.4361074887218045
Q1CUK9,random,mhcii,percentile,2.2669924812030073
Q1CUK9,random,mhcii,num_peptides,133
Q1CUK9,random,mhcii,num_strong_binders,32
Q1CUK9,random,mhcii,num_weak_binders,101
O25679,random,mhcii,score,0.364251202247191
O25679,random,mhcii,percentile,2.615056179775281
O25679,random,mhcii,num_peptides,178
O25679,random,mhcii,num_strong_binders,27
O25679,random,mhcii,num_weak_binders,151
P71408,random,mhcii,score,0.3598285720338983
P71408,random,mhcii,percentile,2.601864406779661
P71408,random,mhcii,num_peptides,236
P71408,random,mhcii,num_strong_binders,47
P71408,random,mhcii,num_weak_binders,189
Q9ZLC8,random,mhcii,score,0.4250581875
Q9ZLC8,random,mhcii,percentile,2.3390104166666665
Q9ZLC8,random,mhcii,num_peptides,192
Q9ZLC8,random,mhcii,num_strong_binders,56
Q9ZLC8,random,mhcii,num_weak_binders,136
Q9ZKM7,random,mhcii,score,0.4139239239130435
Q9ZKM7,random,mhcii,percentile,2.352119565217391
Q9ZKM7,random,mhcii,num_peptides,184
Q9ZKM7,random,mhcii,num_strong_binders,47
Q9ZKM7,random,mhcii,num_weak_binders,137
O26106,random,mhcii,score,0.38244249295774646
O26106,random,mhcii,percentile,2.6456338028169015
O26106,random,mhcii,num_peptides,71
O26106,random,mhcii,num_strong_binders,13
O26106,random,mhcii,num_weak_binders,58
B2USD7,random,mhcii,score,0.37242466013071895
B2USD7,random,mhcii,percentile,2.4448366013071894
B2USD7,random,mhcii,num_peptides,153
B2USD7,random,mhcii,num_strong_binders,27
B2USD7,random,mhcii,num_weak_binders,126
P66460,random,mhcii,score,0.3923195588235294
P66460,random,mhcii,percentile,2.513235294117647
P66460,random,mhcii,num_peptides,34
P66460,random,mhcii,num_strong_binders,5
P66460,random,mhcii,num_weak_binders,29
Q9ZML2,random,mhcii,score,0.3881071590909091
Q9ZML2,random,mhcii,percentile,2.3763068181818183
Q9ZML2,random,mhcii,num_peptides,176
Q9ZML2,random,mhcii,num_strong_binders,39
Q9ZML2,random,mhcii,num_weak_binders,137
O25008,random,mhcii,score,0.3881071590909091
O25008,random,mhcii,percentile,2.3763068181818183
O25008,random,mhcii,num_peptides,176
O25008,random,mhcii,num_strong_binders,39
O25008,random,mhcii,num_weak_binders,137
B5Z7I8,random,mhcii,score,0.44602686842105266
B5Z7I8,random,mhcii,percentile,2.5026315789473683
B5Z7I8,random,mhcii,num_peptides,38
B5Z7I8,random,mhcii,num_strong_binders,7
B5Z7I8,random,mhcii,num_weak_binders,31
Q9ZJJ9,random,mhcii,score,0.46929635294117644
Q9ZJJ9,random,mhcii,percentile,2.2239705882352943
Q9ZJJ9,random,mhcii,num_peptides,68
Q9ZJJ9,random,mhcii,num_strong_binders,21
Q9ZJJ9,random,mhcii,num_weak_binders,47
Q9ZLN3,random,mhcii,score,0.4104979508196721
Q9ZLN3,random,mhcii,percentile,2.442786885245902
Q9ZLN3,random,mhcii,num_peptides,183
Q9ZLN3,random,mhcii,num_strong_binders,44
Q9ZLN3,random,mhcii,num_weak_binders,139
Q9ZKB3,random,mhcii,score,0.37894932958801497
Q9ZKB3,random,mhcii,percentile,2.5431460674157305
Q9ZKB3,random,mhcii,num_peptides,267
Q9ZKB3,random,mhcii,num_strong_binders,44
Q9ZKB3,random,mhcii,num_weak_binders,223
B2UUU1,random,mhcii,score,0.3887986515151515
B2UUU1,random,mhcii,percentile,2.609090909090909
B2UUU1,random,mhcii,num_peptides,66
B2UUU1,random,mhcii,num_strong_binders,15
B2UUU1,random,mhcii,num_weak_binders,51
O25610,random,mhcii,score,0.3855130480769231
O25610,random,mhcii,percentile,2.4175
O25610,random,mhcii,num_peptides,104
O25610,random,mhcii,num_strong_binders,21
O25610,random,mhcii,num_weak_binders,83
Q9ZK27,random,mhcii,score,0.4028374334975369
Q9ZK27,random,mhcii,percentile,2.467142857142857
Q9ZK27,random,mhcii,num_peptides,203
Q9ZK27,random,mhcii,num_strong_binders,32
Q9ZK27,random,mhcii,num_weak_binders,171
Q9ZKS6,random,mhcii,score,0.39376465
Q9ZKS6,random,mhcii,percentile,2.489875
Q9ZKS6,random,mhcii,num_peptides,80
Q9ZKS6,random,mhcii,num_strong_binders,15
Q9ZKS6,random,mhcii,num_weak_binders,65
Q9ZJI7,random,mhcii,score,0.2785145487804878
Q9ZJI7,random,mhcii,percentile,3.006341463414634
Q9ZJI7,random,mhcii,num_peptides,82
Q9ZJI7,random,mhcii,num_strong_binders,10
Q9ZJI7,random,mhcii,num_weak_binders,72
P56109,random,mhcii,score,0.3941098406593407
P56109,random,mhcii,percentile,2.2773076923076925
P56109,random,mhcii,num_peptides,182
P56109,random,mhcii,num_strong_binders,44
P56109,random,mhcii,num_weak_binders,138
B2UU76,random,mhcii,score,0.3925910857142857
B2UU76,random,mhcii,percentile,2.3165714285714287
B2UU76,random,mhcii,num_peptides,70
B2UU76,random,mhcii,num_strong_binders,14
B2UU76,random,mhcii,num_weak_binders,56
B5Z9W8,random,mhcii,score,0.4180137382198953
B5Z9W8,random,mhcii,percentile,2.128743455497382
B5Z9W8,random,mhcii,num_peptides,191
B5Z9W8,random,mhcii,num_strong_binders,49
B5Z9W8,random,mhcii,num_weak_binders,142
P66119,random,mhcii,score,0.37047453846153844
P66119,random,mhcii,percentile,2.772692307692308
P66119,random,mhcii,num_peptides,52
P66119,random,mhcii,num_strong_binders,8
P66119,random,mhcii,num_weak_binders,44
Q9ZK20,random,mhcii,score,0.37017134444444444
Q9ZK20,random,mhcii,percentile,2.6126666666666667
Q9ZK20,random,mhcii,num_peptides,90
Q9ZK20,random,mhcii,num_strong_binders,18
Q9ZK20,random,mhcii,num_weak_binders,72
B2USG1,random,mhcii,score,0.393628224
B2USG1,random,mhcii,percentile,2.64424
B2USG1,random,mhcii,num_peptides,125
B2USG1,random,mhcii,num_strong_binders,23
B2USG1,random,mhcii,num_weak_binders,102
Q9ZJ65,random,mhcii,score,0.4391933092105263
Q9ZJ65,random,mhcii,percentile,2.1970394736842107
Q9ZJ65,random,mhcii,num_peptides,152
Q9ZJ65,random,mhcii,num_strong_binders,35
Q9ZJ65,random,mhcii,num_weak_binders,117
P66450,random,mhcii,score,0.45214710344827586
P66450,random,mhcii,percentile,2.5458620689655174
P66450,random,mhcii,num_peptides,29
P66450,random,mhcii,num_strong_binders,6
P66450,random,mhcii,num_weak_binders,23
O24855,random,mhcii,score,0.37127468421052634
O24855,random,mhcii,percentile,2.4026315789473682
O24855,random,mhcii,num_peptides,76
O24855,random,mhcii,num_strong_binders,17
O24855,random,mhcii,num_weak_binders,59
Q1CTD7,random,mhcii,score,0.37530396464646465
Q1CTD7,random,mhcii,percentile,2.459848484848485
Q1CTD7,random,mhcii,num_peptides,198
Q1CTD7,random,mhcii,num_strong_binders,38
Q1CTD7,random,mhcii,num_weak_binders,160
B6JPT1,random,mhcii,score,0.39390878644067795
B6JPT1,random,mhcii,percentile,2.5735254237288134
B6JPT1,random,mhcii,num_peptides,295
B6JPT1,random,mhcii,num_strong_binders,56
B6JPT1,random,mhcii,num_weak_binders,239
B6JKX5,random,mhcii,score,0.37003586776859504
B6JKX5,random,mhcii,percentile,2.5789049586776858
B6JKX5,random,mhcii,num_peptides,484
B6JKX5,random,mhcii,num_strong_binders,103
B6JKX5,random,mhcii,num_weak_binders,381
Q9ZJS2,random,mhcii,score,0.40071728
Q9ZJS2,random,mhcii,percentile,2.4692
Q9ZJS2,random,mhcii,num_peptides,75
Q9ZJS2,random,mhcii,num_strong_binders,14
Q9ZJS2,random,mhcii,num_weak_binders,61
Q9ZMK8,random,mhcii,score,0.39464739603960397
Q9ZMK8,random,mhcii,percentile,2.2377227722772277
Q9ZMK8,random,mhcii,num_peptides,202
Q9ZMK8,random,mhcii,num_strong_binders,48
Q9ZMK8,random,mhcii,num_weak_binders,154
P64664,random,mhcii,score,0.3786481984126984
P64664,random,mhcii,percentile,2.4585714285714286
P64664,random,mhcii,num_peptides,126
P64664,random,mhcii,num_strong_binders,28
P64664,random,mhcii,num_weak_binders,98
Q9ZM13,random,mhcii,score,0.35354783898305087
Q9ZM13,random,mhcii,percentile,2.752457627118644
Q9ZM13,random,mhcii,num_peptides,118
Q9ZM13,random,mhcii,num_strong_binders,17
Q9ZM13,random,mhcii,num_weak_binders,101
B5Z8P5,random,mhcii,score,0.3987033203883495
B5Z8P5,random,mhcii,percentile,2.487766990291262
B5Z8P5,random,mhcii,num_peptides,103
B5Z8P5,random,mhcii,num_strong_binders,26
B5Z8P5,random,mhcii,num_weak_binders,77
Q1CUW5,random,mhcii,score,0.38496998979591834
Q1CUW5,random,mhcii,percentile,2.388673469387755
Q1CUW5,random,mhcii,num_peptides,196
Q1CUW5,random,mhcii,num_strong_binders,39
Q1CUW5,random,mhcii,num_weak_binders,157
O25851,random,mhcii,score,0.3637299821428571
O25851,random,mhcii,percentile,2.455892857142857
O25851,random,mhcii,num_peptides,56
O25851,random,mhcii,num_strong_binders,7
O25851,random,mhcii,num_weak_binders,49
Q48252,random,mhcii,score,0.41963551025641027
Q48252,random,mhcii,percentile,2.3744615384615386
Q48252,random,mhcii,num_peptides,390
Q48252,random,mhcii,num_strong_binders,96
Q48252,random,mhcii,num_weak_binders,294
Q9ZKY8,random,mhcii,score,0.32669904225352114
Q9ZKY8,random,mhcii,percentile,2.6576056338028167
Q9ZKY8,random,mhcii,num_peptides,71
Q9ZKY8,random,mhcii,num_strong_binders,11
Q9ZKY8,random,mhcii,num_weak_binders,60
O25703,random,mhcii,score,0.4649026603773585
O25703,random,mhcii,percentile,2.2037735849056603
O25703,random,mhcii,num_peptides,106
O25703,random,mhcii,num_strong_binders,34
O25703,random,mhcii,num_weak_binders,72
B2USN5,random,mhcii,score,0.4635601896551724
B2USN5,random,mhcii,percentile,2.08551724137931
B2USN5,random,mhcii,num_peptides,58
B2USN5,random,mhcii,num_strong_binders,19
B2USN5,random,mhcii,num_weak_binders,39
O24926,random,mhcii,score,0.4393673695652174
O24926,random,mhcii,percentile,2.2395652173913043
O24926,random,mhcii,num_peptides,138
O24926,random,mhcii,num_strong_binders,43
O24926,random,mhcii,num_weak_binders,95
Q9ZJX4,random,mhcii,score,0.3674395472972973
Q9ZJX4,random,mhcii,percentile,2.6055405405405407
Q9ZJX4,random,mhcii,num_peptides,148
Q9ZJX4,random,mhcii,num_strong_binders,28
Q9ZJX4,random,mhcii,num_weak_binders,120
Q1CSR0,random,mhcii,score,0.36051768
Q1CSR0,random,mhcii,percentile,2.64928
Q1CSR0,random,mhcii,num_peptides,125
Q1CSR0,random,mhcii,num_strong_binders,20
Q1CSR0,random,mhcii,num_weak_binders,105
Q1CR49,random,mhcii,score,0.3848713181818182
Q1CR49,random,mhcii,percentile,2.3570454545454544
Q1CR49,random,mhcii,num_peptides,44
Q1CR49,random,mhcii,num_strong_binders,11
Q1CR49,random,mhcii,num_weak_binders,33
B2UU37,random,mhcii,score,0.3828670978723404
B2UU37,random,mhcii,percentile,2.444127659574468
B2UU37,random,mhcii,num_peptides,235
B2UU37,random,mhcii,num_strong_binders,51
B2UU37,random,mhcii,num_weak_binders,184
Q9ZKM3,random,mhcii,score,0.3751326170212766
Q9ZKM3,random,mhcii,percentile,2.476418439716312
Q9ZKM3,random,mhcii,num_peptides,282
Q9ZKM3,random,mhcii,num_strong_binders,53
Q9ZKM3,random,mhcii,num_weak_binders,229
Q1CU35,random,mhcii,score,0.4169906629213483
Q1CU35,random,mhcii,percentile,2.483876404494382
Q1CU35,random,mhcii,num_peptides,178
Q1CU35,random,mhcii,num_strong_binders,41
Q1CU35,random,mhcii,num_weak_binders,137
B5ZAB8,random,mhcii,score,0.38249124137931034
B5ZAB8,random,mhcii,percentile,2.4308429118773947
B5ZAB8,random,mhcii,num_peptides,261
B5ZAB8,random,mhcii,num_strong_binders,66
B5ZAB8,random,mhcii,num_weak_binders,195
P56044,random,mhcii,score,0.37762688372093023
P56044,random,mhcii,percentile,2.950697674418605
P56044,random,mhcii,num_peptides,43
P56044,random,mhcii,num_strong_binders,8
P56044,random,mhcii,num_weak_binders,35
Q9ZK75,random,mhcii,score,0.3908438410596026
Q9ZK75,random,mhcii,percentile,2.399072847682119
Q9ZK75,random,mhcii,num_peptides,151
Q9ZK75,random,mhcii,num_strong_binders,34
Q9ZK75,random,mhcii,num_weak_binders,117
O25769,random,mhcii,score,0.4095667307692308
O25769,random,mhcii,percentile,2.313269230769231
O25769,random,mhcii,num_peptides,52
O25769,random,mhcii,num_strong_binders,9
O25769,random,mhcii,num_weak_binders,43
P56149,random,mhcii,score,0.34425038197424895
P56149,random,mhcii,percentile,2.8430901287553647
P56149,random,mhcii,num_peptides,233
P56149,random,mhcii,num_strong_binders,18
P56149,random,mhcii,num_weak_binders,215
Q1CU98,random,mhcii,score,0.369470175
Q1CU98,random,mhcii,percentile,2.7295
Q1CU98,random,mhcii,num_peptides,40
Q1CU98,random,mhcii,num_strong_binders,6
Q1CU98,random,mhcii,num_weak_binders,34
Q1CRJ9,random,mhcii,score,0.2785145487804878
Q1CRJ9,random,mhcii,percentile,3.006341463414634
Q1CRJ9,random,mhcii,num_peptides,82
Q1CRJ9,random,mhcii,num_strong_binders,10
Q1CRJ9,random,mhcii,num_weak_binders,72
B6JNF0,random,mhcii,score,0.33235455
B6JNF0,random,mhcii,percentile,2.7841666666666667
B6JNF0,random,mhcii,num_peptides,60
B6JNF0,random,mhcii,num_strong_binders,12
B6JNF0,random,mhcii,num_weak_binders,48
Q9ZKY2,random,mhcii,score,0.38263843697478994
Q9ZKY2,random,mhcii,percentile,2.728487394957983
Q9ZKY2,random,mhcii,num_peptides,119
Q9ZKY2,random,mhcii,num_strong_binders,21
Q9ZKY2,random,mhcii,num_weak_binders,98
O25971,random,mhcii,score,0.358887149122807
O25971,random,mhcii,percentile,2.6906140350877195
O25971,random,mhcii,num_peptides,114
O25971,random,mhcii,num_strong_binders,13
O25971,random,mhcii,num_weak_binders,101
O25970,random,mhcii,score,0.3310424369747899
O25970,random,mhcii,percentile,2.8534453781512603
O25970,random,mhcii,num_peptides,119
O25970,random,mhcii,num_strong_binders,13
O25970,random,mhcii,num_weak_binders,106
B6JL99,random,mhcii,score,0.4141107986577181
B6JL99,random,mhcii,percentile,2.404228187919463
B6JL99,random,mhcii,num_peptides,149
B6JL99,random,mhcii,num_strong_binders,34
B6JL99,random,mhcii,num_weak_binders,115
B6JN17,random,mhcii,score,0.3887986515151515
B6JN17,random,mhcii,percentile,2.609090909090909
B6JN17,random,mhcii,num_peptides,66
B6JN17,random,mhcii,num_strong_binders,15
B6JN17,random,mhcii,num_weak_binders,51
B6JNE2,random,mhcii,score,0.3715041525423729
B6JNE2,random,mhcii,percentile,2.522033898305085
B6JNE2,random,mhcii,num_peptides,59
B6JNE2,random,mhcii,num_strong_binders,13
B6JNE2,random,mhcii,num_weak_binders,46
Q9ZMV7,random,mhcii,score,0.42023945192307693
Q9ZMV7,random,mhcii,percentile,2.3002403846153845
Q9ZMV7,random,mhcii,num_peptides,416
Q9ZMV7,random,mhcii,num_strong_binders,117
Q9ZMV7,random,mhcii,num_weak_binders,299
Q1CS23,random,mhcii,score,0.3472866666666667
Q1CS23,random,mhcii,percentile,2.7009523809523808
Q1CS23,random,mhcii,num_peptides,63
Q1CS23,random,mhcii,num_strong_binders,10
Q1CS23,random,mhcii,num_weak_binders,53
Q9ZMQ0,random,mhcii,score,0.37927445
Q9ZMQ0,random,mhcii,percentile,2.639125
Q9ZMQ0,random,mhcii,num_peptides,160
Q9ZMQ0,random,mhcii,num_strong_binders,23
Q9ZMQ0,random,mhcii,num_weak_binders,137
B2UV21,random,mhcii,score,0.37825810666666665
B2UV21,random,mhcii,percentile,2.5717333333333334
B2UV21,random,mhcii,num_peptides,75
B2UV21,random,mhcii,num_strong_binders,15
B2UV21,random,mhcii,num_weak_binders,60
O25688,random,mhcii,score,0.4635601896551724
O25688,random,mhcii,percentile,2.08551724137931
O25688,random,mhcii,num_peptides,58
O25688,random,mhcii,num_strong_binders,19
O25688,random,mhcii,num_weak_binders,39
B2UV70,random,mhcii,score,0.315421858974359
B2UV70,random,mhcii,percentile,2.9473076923076924
B2UV70,random,mhcii,num_peptides,78
B2UV70,random,mhcii,num_strong_binders,7
B2UV70,random,mhcii,num_weak_binders,71
O25088,random,mhcii,score,0.37527417647058825
O25088,random,mhcii,percentile,2.991764705882353
O25088,random,mhcii,num_peptides,17
O25088,random,mhcii,num_strong_binders,0
O25088,random,mhcii,num_weak_binders,17
B5Z7V8,random,mhcii,score,0.39152990217391304
B5Z7V8,random,mhcii,percentile,2.6426086956521737
B5Z7V8,random,mhcii,num_peptides,92
B5Z7V8,random,mhcii,num_strong_binders,19
B5Z7V8,random,mhcii,num_weak_binders,73
P64382,random,mhcii,score,0.3876837435897436
P64382,random,mhcii,percentile,2.2043589743589744
P64382,random,mhcii,num_peptides,39
P64382,random,mhcii,num_strong_binders,8
P64382,random,mhcii,num_weak_binders,31
O25099,random,mhcii,score,0.4179228717948718
O25099,random,mhcii,percentile,2.428974358974359
O25099,random,mhcii,num_peptides,39
O25099,random,mhcii,num_strong_binders,12
O25099,random,mhcii,num_weak_binders,27
Q1CV86,random,mhcii,score,0.4076215208333333
Q1CV86,random,mhcii,percentile,2.1336458333333335
Q1CV86,random,mhcii,num_peptides,96
Q1CV86,random,mhcii,num_strong_binders,26
Q1CV86,random,mhcii,num_weak_binders,70
B6JMX4,random,mhcii,score,0.4069581606425703
B6JMX4,random,mhcii,percentile,2.4456224899598396
B6JMX4,random,mhcii,num_peptides,249
B6JMX4,random,mhcii,num_strong_binders,58
B6JMX4,random,mhcii,num_weak_binders,191
B6JLG3,random,mhcii,score,0.40715341791044773
B6JLG3,random,mhcii,percentile,2.3159701492537312
B6JLG3,random,mhcii,num_peptides,134
B6JLG3,random,mhcii,num_strong_binders,33
B6JLG3,random,mhcii,num_weak_binders,101
B6JLE8,random,mhcii,score,0.34009300793650793
B6JLE8,random,mhcii,percentile,2.5457936507936507
B6JLE8,random,mhcii,num_peptides,126
B6JLE8,random,mhcii,num_strong_binders,22
B6JLE8,random,mhcii,num_weak_binders,104
Q9ZM74,random,mhcii,score,0.27482431034482757
Q9ZM74,random,mhcii,percentile,3.1919540229885057
Q9ZM74,random,mhcii,num_peptides,87
Q9ZM74,random,mhcii,num_strong_binders,5
Q9ZM74,random,mhcii,num_weak_binders,82
O26009,random,mhcii,score,0.37266105494505497
O26009,random,mhcii,percentile,2.368241758241758
O26009,random,mhcii,num_peptides,91
O26009,random,mhcii,num_strong_binders,25
O26009,random,mhcii,num_weak_binders,66
Q9ZJZ7,random,mhcii,score,0.377644775
Q9ZJZ7,random,mhcii,percentile,2.404875
Q9ZJZ7,random,mhcii,num_peptides,240
Q9ZJZ7,random,mhcii,num_strong_binders,58
Q9ZJZ7,random,mhcii,num_weak_binders,182
Q1CS87,random,mhcii,score,0.3620528304093567
Q1CS87,random,mhcii,percentile,2.676842105263158
Q1CS87,random,mhcii,num_peptides,171
Q1CS87,random,mhcii,num_strong_binders,27
Q1CS87,random,mhcii,num_weak_binders,144
O25291,random,mhcii,score,0.4564913882352941
O25291,random,mhcii,percentile,2.281764705882353
O25291,random,mhcii,num_peptides,85
O25291,random,mhcii,num_strong_binders,20
O25291,random,mhcii,num_weak_binders,65
Q9ZL09,random,mhcii,score,0.3753473033175355
Q9ZL09,random,mhcii,percentile,2.4809004739336493
Q9ZL09,random,mhcii,num_peptides,211
Q9ZL09,random,mhcii,num_strong_binders,53
Q9ZL09,random,mhcii,num_weak_binders,158
Q9ZJL5,random,mhcii,score,0.3576552191780822
Q9ZJL5,random,mhcii,percentile,2.469178082191781
Q9ZJL5,random,mhcii,num_peptides,73
Q9ZJL5,random,mhcii,num_strong_binders,16
Q9ZJL5,random,mhcii,num_weak_binders,57
B2UV20,random,mhcii,score,0.4055690425531915
B2UV20,random,mhcii,percentile,2.2760283687943264
B2UV20,random,mhcii,num_peptides,141
B2UV20,random,mhcii,num_strong_binders,33
B2UV20,random,mhcii,num_weak_binders,108
Q1CRB7,random,mhcii,score,0.3104128596491228
Q1CRB7,random,mhcii,percentile,2.8610526315789473
Q1CRB7,random,mhcii,num_peptides,57
Q1CRB7,random,mhcii,num_strong_binders,8
Q1CRB7,random,mhcii,num_weak_binders,49
O25516,random,mhcii,score,0.3870721858974359
O25516,random,mhcii,percentile,2.357820512820513
O25516,random,mhcii,num_peptides,156
O25516,random,mhcii,num_strong_binders,36
O25516,random,mhcii,num_weak_binders,120
Q1CSQ0,random,mhcii,score,0.4139239239130435
Q1CSQ0,random,mhcii,percentile,2.352119565217391
Q1CSQ0,random,mhcii,num_peptides,184
Q1CSQ0,random,mhcii,num_strong_binders,47
Q1CSQ0,random,mhcii,num_weak_binders,137
O25028,random,mhcii,score,0.36161721243523315
O25028,random,mhcii,percentile,2.5848704663212434
O25028,random,mhcii,num_peptides,193
O25028,random,mhcii,num_strong_binders,36
O25028,random,mhcii,num_weak_binders,157
Q9ZMF2,random,mhcii,score,0.3950198794326241
Q9ZMF2,random,mhcii,percentile,2.5713475177304965
Q9ZMF2,random,mhcii,num_peptides,141
Q9ZMF2,random,mhcii,num_strong_binders,25
Q9ZMF2,random,mhcii,num_weak_binders,116
O25595,random,mhcii,score,0.3760046090225564
O25595,random,mhcii,percentile,2.6869548872180453
O25595,random,mhcii,num_peptides,266
O25595,random,mhcii,num_strong_binders,50
O25595,random,mhcii,num_weak_binders,216
Q1CRD9,random,mhcii,score,0.3755292
Q1CRD9,random,mhcii,percentile,2.7415714285714285
Q1CRD9,random,mhcii,num_peptides,70
Q1CRD9,random,mhcii,num_strong_binders,14
Q1CRD9,random,mhcii,num_weak_binders,56
B9XXL6,random,mhcii,score,0.39060331578947366
B9XXL6,random,mhcii,percentile,2.3634412955465587
B9XXL6,random,mhcii,num_peptides,247
B9XXL6,random,mhcii,num_strong_binders,50
B9XXL6,random,mhcii,num_weak_binders,197
B2UTQ6,random,mhcii,score,0.35214572857142856
B2UTQ6,random,mhcii,percentile,2.8027142857142855
B2UTQ6,random,mhcii,num_peptides,70
B2UTQ6,random,mhcii,num_strong_binders,8
B2UTQ6,random,mhcii,num_weak_binders,62
O25827,random,mhcii,score,0.377644775
O25827,random,mhcii,percentile,2.404875
O25827,random,mhcii,num_peptides,240
O25827,random,mhcii,num_strong_binders,58
O25827,random,mhcii,num_weak_binders,182
Q9ZJM5,random,mhcii,score,0.3549373765182186
Q9ZJM5,random,mhcii,percentile,2.657975708502024
Q9ZJM5,random,mhcii,num_peptides,247
Q9ZJM5,random,mhcii,num_strong_binders,42
Q9ZJM5,random,mhcii,num_weak_binders,205
Q9ZKR8,random,mhcii,score,0.34041544444444444
Q9ZKR8,random,mhcii,percentile,2.6133333333333333
Q9ZKR8,random,mhcii,num_peptides,72
Q9ZKR8,random,mhcii,num_strong_binders,10
Q9ZKR8,random,mhcii,num_weak_binders,62
B2USG3,random,mhcii,score,0.4179228717948718
B2USG3,random,mhcii,percentile,2.428974358974359
B2USG3,random,mhcii,num_peptides,39
B2USG3,random,mhcii,num_strong_binders,12
B2USG3,random,mhcii,num_weak_binders,27
B2USY3,random,mhcii,score,0.38974790506329116
B2USY3,random,mhcii,percentile,2.3491772151898735
B2USY3,random,mhcii,num_peptides,158
B2USY3,random,mhcii,num_strong_binders,37
B2USY3,random,mhcii,num_weak_binders,121
O25766,random,mhcii,score,0.37536660714285713
O25766,random,mhcii,percentile,2.5889285714285712
O25766,random,mhcii,num_peptides,112
O25766,random,mhcii,num_strong_binders,17
O25766,random,mhcii,num_weak_binders,95
Q9ZME5,random,mhcii,score,0.36109714349775784
Q9ZME5,random,mhcii,percentile,2.5055156950672646
Q9ZME5,random,mhcii,num_peptides,223
Q9ZME5,random,mhcii,num_strong_binders,39
Q9ZME5,random,mhcii,num_weak_binders,184
O25157,random,mhcii,score,0.36701460661764707
O25157,random,mhcii,percentile,2.612683823529412
O25157,random,mhcii,num_peptides,272
O25157,random,mhcii,num_strong_binders,58
O25157,random,mhcii,num_weak_binders,214
P56120,random,mhcii,score,0.42039782978723406
P56120,random,mhcii,percentile,2.6004255319148935
P56120,random,mhcii,num_peptides,47
P56120,random,mhcii,num_strong_binders,13
P56120,random,mhcii,num_weak_binders,34
Q1CV04,random,mhcii,score,0.40175283108108106
Q1CV04,random,mhcii,percentile,2.2556756756756755
Q1CV04,random,mhcii,num_peptides,148
Q1CV04,random,mhcii,num_strong_binders,35
Q1CV04,random,mhcii,num_weak_binders,113
Q9ZMR3,random,mhcii,score,0.37914208796296295
Q9ZMR3,random,mhcii,percentile,2.4808796296296296
Q9ZMR3,random,mhcii,num_peptides,216
Q9ZMR3,random,mhcii,num_strong_binders,44
Q9ZMR3,random,mhcii,num_weak_binders,172
Q9ZJE4,random,mhcii,score,0.3104128596491228
Q9ZJE4,random,mhcii,percentile,2.8610526315789473
Q9ZJE4,random,mhcii,num_peptides,57
Q9ZJE4,random,mhcii,num_strong_binders,8
Q9ZJE4,random,mhcii,num_weak_binders,49
Q1CS66,random,mhcii,score,0.38614532558139536
Q1CS66,random,mhcii,percentile,2.4317441860465117
Q1CS66,random,mhcii,num_peptides,86
Q1CS66,random,mhcii,num_strong_binders,15
Q1CS66,random,mhcii,num_weak_binders,71
Q1CRI6,random,mhcii,score,0.44594707826086954
Q1CRI6,random,mhcii,percentile,2.2122608695652173
Q1CRI6,random,mhcii,num_peptides,115
Q1CRI6,random,mhcii,num_strong_binders,27
Q1CRI6,random,mhcii,num_weak_binders,88
Q1CUV9,random,mhcii,score,0.42201451612903224
Q1CUV9,random,mhcii,percentile,2.2413709677419353
Q1CUV9,random,mhcii,num_peptides,124
Q1CUV9,random,mhcii,num_strong_binders,26
Q1CUV9,random,mhcii,num_weak_binders,98
Q9ZM39,random,mhcii,score,0.369470175
Q9ZM39,random,mhcii,percentile,2.7295
Q9ZM39,random,mhcii,num_peptides,40
Q9ZM39,random,mhcii,num_strong_binders,6
Q9ZM39,random,mhcii,num_weak_binders,34
Q9ZM94,random,mhcii,score,0.40789341158536585
Q9ZM94,random,mhcii,percentile,2.403993902439024
Q9ZM94,random,mhcii,num_peptides,328
Q9ZM94,random,mhcii,num_strong_binders,62
Q9ZM94,random,mhcii,num_weak_binders,266
P55977,random,mhcii,score,0.3485441756756757
P55977,random,mhcii,percentile,2.7066216216216215
P55977,random,mhcii,num_peptides,222
P55977,random,mhcii,num_strong_binders,36
P55977,random,mhcii,num_weak_binders,186
B5Z9V7,random,mhcii,score,0.30197302097902096
B5Z9V7,random,mhcii,percentile,3.035034965034965
B5Z9V7,random,mhcii,num_peptides,143
B5Z9V7,random,mhcii,num_strong_binders,11
B5Z9V7,random,mhcii,num_weak_binders,132
B2UUW2,random,mhcii,score,0.38614532558139536
B2UUW2,random,mhcii,percentile,2.4317441860465117
B2UUW2,random,mhcii,num_peptides,86
B2UUW2,random,mhcii,num_strong_binders,15
B2UUW2,random,mhcii,num_weak_binders,71
O25963,random,mhcii,score,0.4031760260869565
O25963,random,mhcii,percentile,2.4184347826086956
O25963,random,mhcii,num_peptides,115
O25963,random,mhcii,num_strong_binders,27
O25963,random,mhcii,num_weak_binders,88
B6JKG9,random,mhcii,score,0.42281216129032256
B6JKG9,random,mhcii,percentile,2.3511827956989246
B6JKG9,random,mhcii,num_peptides,279
B6JKG9,random,mhcii,num_strong_binders,60
B6JKG9,random,mhcii,num_weak_binders,219
P55994,random,mhcii,score,0.392480554517134
P55994,random,mhcii,percentile,2.3470093457943926
P55994,random,mhcii,num_peptides,321
P55994,random,mhcii,num_strong_binders,84
P55994,random,mhcii,num_weak_binders,237
Q1CR79,random,mhcii,score,0.38506732520325204
Q1CR79,random,mhcii,percentile,2.546747967479675
Q1CR79,random,mhcii,num_peptides,123
Q1CR79,random,mhcii,num_strong_binders,27
Q1CR79,random,mhcii,num_weak_binders,96
Q9ZJX9,random,mhcii,score,0.3712844150943396
Q9ZJX9,random,mhcii,percentile,2.6463396226415092
Q9ZJX9,random,mhcii,num_peptides,265
Q9ZJX9,random,mhcii,num_strong_binders,52
Q9ZJX9,random,mhcii,num_weak_binders,213
B2US06,random,mhcii,score,0.4027670819672131
B2US06,random,mhcii,percentile,2.331229508196721
B2US06,random,mhcii,num_peptides,122
B2US06,random,mhcii,num_strong_binders,32
B2US06,random,mhcii,num_weak_binders,90
Q1CRZ1,random,mhcii,score,0.2929350357142857
Q1CRZ1,random,mhcii,percentile,2.919642857142857
Q1CRZ1,random,mhcii,num_peptides,28
Q1CRZ1,random,mhcii,num_strong_binders,0
Q1CRZ1,random,mhcii,num_weak_binders,28
Q9ZMB9,random,mhcii,score,0.3883674893617021
Q9ZMB9,random,mhcii,percentile,2.5317021276595746
Q9ZMB9,random,mhcii,num_peptides,282
Q9ZMB9,random,mhcii,num_strong_binders,54
Q9ZMB9,random,mhcii,num_weak_binders,228
Q1CT35,random,mhcii,score,0.3753473033175355
Q1CT35,random,mhcii,percentile,2.4809004739336493
Q1CT35,random,mhcii,num_peptides,211
Q1CT35,random,mhcii,num_strong_binders,53
Q1CT35,random,mhcii,num_weak_binders,158
Q9ZJ57,random,mhcii,score,0.37978587421383647
Q9ZJ57,random,mhcii,percentile,2.550440251572327
Q9ZJ57,random,mhcii,num_peptides,477
Q9ZJ57,random,mhcii,num_strong_binders,100
Q9ZJ57,random,mhcii,num_weak_binders,377
Q9ZM81,random,mhcii,score,0.3784276834532374
Q9ZM81,random,mhcii,percentile,2.4968345323741006
Q9ZM81,random,mhcii,num_peptides,139
Q9ZM81,random,mhcii,num_strong_binders,29
Q9ZM81,random,mhcii,num_weak_binders,110
B6JPI5,random,mhcii,score,0.41174506896551727
B6JPI5,random,mhcii,percentile,2.487241379310345
B6JPI5,random,mhcii,num_peptides,29
B6JPI5,random,mhcii,num_strong_binders,8
B6JPI5,random,mhcii,num_weak_binders,21
P56046,random,mhcii,score,0.3410191052631579
P56046,random,mhcii,percentile,2.967543859649123
P56046,random,mhcii,num_peptides,57
P56046,random,mhcii,num_strong_binders,8
P56046,random,mhcii,num_weak_binders,49
B5Z8J7,random,mhcii,score,0.38614532558139536
B5Z8J7,random,mhcii,percentile,2.4317441860465117
B5Z8J7,random,mhcii,num_peptides,86
B5Z8J7,random,mhcii,num_strong_binders,15
B5Z8J7,random,mhcii,num_weak_binders,71
Q9ZMF0,random,mhcii,score,0.4048847127071823
Q9ZMF0,random,mhcii,percentile,2.2992817679558013
Q9ZMF0,random,mhcii,num_peptides,181
Q9ZMF0,random,mhcii,num_strong_binders,44
Q9ZMF0,random,mhcii,num_weak_binders,137
B6JM54,random,mhcii,score,0.44602686842105266
B6JM54,random,mhcii,percentile,2.5026315789473683
B6JM54,random,mhcii,num_peptides,38
B6JM54,random,mhcii,num_strong_binders,7
B6JM54,random,mhcii,num_weak_binders,31
Q1CV84,random,mhcii,score,0.3443309189189189
Q1CV84,random,mhcii,percentile,2.643378378378378
Q1CV84,random,mhcii,num_peptides,74
Q1CV84,random,mhcii,num_strong_binders,14
Q1CV84,random,mhcii,num_weak_binders,60
Q09066,random,mhcii,score,0.4076215208333333
Q09066,random,mhcii,percentile,2.1336458333333335
Q09066,random,mhcii,num_peptides,96
Q09066,random,mhcii,num_strong_binders,26
Q09066,random,mhcii,num_weak_binders,70
B5Z6E8,random,mhcii,score,0.35423723529411766
B5Z6E8,random,mhcii,percentile,2.748823529411765
B5Z6E8,random,mhcii,num_peptides,51
B5Z6E8,random,mhcii,num_strong_binders,8
B5Z6E8,random,mhcii,num_weak_binders,43
P56456,random,mhcii,score,0.4177477441860465
P56456,random,mhcii,percentile,2.3800664451827243
P56456,random,mhcii,num_peptides,301
P56456,random,mhcii,num_strong_binders,76
P56456,random,mhcii,num_weak_binders,225
I7H0I4,random,mhcii,score,0.41133992105263156
I7H0I4,random,mhcii,percentile,2.314605263157895
I7H0I4,random,mhcii,num_peptides,152
I7H0I4,random,mhcii,num_strong_binders,40
I7H0I4,random,mhcii,num_weak_binders,112
B2UUR0,random,mhcii,score,0.4426125961538462
B2UUR0,random,mhcii,percentile,2.3023076923076924
B2UUR0,random,mhcii,num_peptides,52
B2UUR0,random,mhcii,num_strong_binders,14
B2UUR0,random,mhcii,num_weak_binders,38
P56128,random,mhcii,score,0.3883674893617021
P56128,random,mhcii,percentile,2.5317021276595746
P56128,random,mhcii,num_peptides,282
P56128,random,mhcii,num_strong_binders,54
P56128,random,mhcii,num_weak_binders,228
Q9ZJY9,random,mhcii,score,0.43911944
Q9ZJY9,random,mhcii,percentile,2.076
Q9ZJY9,random,mhcii,num_peptides,25
Q9ZJY9,random,mhcii,num_strong_binders,9
Q9ZJY9,random,mhcii,num_weak_binders,16
O25889,random,mhcii,score,0.3578197037037037
O25889,random,mhcii,percentile,2.7214814814814816
O25889,random,mhcii,num_peptides,27
O25889,random,mhcii,num_strong_binders,4
O25889,random,mhcii,num_weak_binders,23
Q9ZK83,random,mhcii,score,0.4209231964285714
Q9ZK83,random,mhcii,percentile,2.4930357142857145
Q9ZK83,random,mhcii,num_peptides,56
Q9ZK83,random,mhcii,num_strong_binders,13
Q9ZK83,random,mhcii,num_weak_binders,43
Q9ZLJ7,random,mhcii,score,0.39928995890410957
Q9ZLJ7,random,mhcii,percentile,2.335068493150685
Q9ZLJ7,random,mhcii,num_peptides,73
Q9ZLJ7,random,mhcii,num_strong_binders,23
Q9ZLJ7,random,mhcii,num_weak_binders,50
B6JLM6,random,mhcii,score,0.39928995890410957
B6JLM6,random,mhcii,percentile,2.335068493150685
B6JLM6,random,mhcii,num_peptides,73
B6JLM6,random,mhcii,num_strong_binders,23
B6JLM6,random,mhcii,num_weak_binders,50
P56411,random,mhcii,score,0.368098
P56411,random,mhcii,percentile,2.512857142857143
P56411,random,mhcii,num_peptides,14
P56411,random,mhcii,num_strong_binders,2
P56411,random,mhcii,num_weak_binders,12
Q9ZLY1,random,mhcii,score,0.33175975
Q9ZLY1,random,mhcii,percentile,2.8143939393939394
Q9ZLY1,random,mhcii,num_peptides,132
Q9ZLY1,random,mhcii,num_strong_binders,11
Q9ZLY1,random,mhcii,num_weak_binders,121
B5Z9Q3,random,mhcii,score,0.51447275
B5Z9Q3,random,mhcii,percentile,2.04
B5Z9Q3,random,mhcii,num_peptides,24
B5Z9Q3,random,mhcii,num_strong_binders,9
B5Z9Q3,random,mhcii,num_weak_binders,15
O25608,random,mhcii,score,0.41850951785714285
O25608,random,mhcii,percentile,2.49875
O25608,random,mhcii,num_peptides,56
O25608,random,mhcii,num_strong_binders,8
O25608,random,mhcii,num_weak_binders,48
Q9ZMP3,random,mhcii,score,0.4079266875
Q9ZMP3,random,mhcii,percentile,2.426875
Q9ZMP3,random,mhcii,num_peptides,16
Q9ZMP3,random,mhcii,num_strong_binders,2
Q9ZMP3,random,mhcii,num_weak_binders,14
B6JN65,random,mhcii,score,0.45027328333333333
B6JN65,random,mhcii,percentile,2.3388333333333335
B6JN65,random,mhcii,num_peptides,60
B6JN65,random,mhcii,num_strong_binders,15
B6JN65,random,mhcii,num_weak_binders,45
B2UUV8,random,mhcii,score,0.45534907272727276
B2UUV8,random,mhcii,percentile,2.2996363636363637
B2UUV8,random,mhcii,num_peptides,55
B2UUV8,random,mhcii,num_strong_binders,17
B2UUV8,random,mhcii,num_weak_binders,38
Q9ZM94,random,mhcii,score,0.4030575537974684
Q9ZM94,random,mhcii,percentile,2.420632911392405
Q9ZM94,random,mhcii,num_peptides,316
Q9ZM94,random,mhcii,num_strong_binders,58
Q9ZM94,random,mhcii,num_weak_binders,258
B2UV21,random,mhcii,score,0.384676974025974
B2UV21,random,mhcii,percentile,2.491038961038961
B2UV21,random,mhcii,num_peptides,77
B2UV21,random,mhcii,num_strong_binders,14
B2UV21,random,mhcii,num_weak_binders,63
Q9ZMR3,random,mhcii,score,0.3859961
Q9ZMR3,random,mhcii,percentile,2.445909090909091
Q9ZMR3,random,mhcii,num_peptides,220
Q9ZMR3,random,mhcii,num_strong_binders,49
Q9ZMR3,random,mhcii,num_weak_binders,171
P66119,random,mhcii,score,0.37047453846153844
P66119,random,mhcii,percentile,2.772692307692308
P66119,random,mhcii,num_peptides,52
P66119,random,mhcii,num_strong_binders,8
P66119,random,mhcii,num_weak_binders,44
Q9ZK20,random,mhcii,score,0.37017134444444444
Q9ZK20,random,mhcii,percentile,2.6126666666666667
Q9ZK20,random,mhcii,num_peptides,90
Q9ZK20,random,mhcii,num_strong_binders,18
Q9ZK20,random,mhcii,num_weak_binders,72
B2USG1,random,mhcii,score,0.39638035
B2USG1,random,mhcii,percentile,2.561
B2USG1,random,mhcii,num_peptides,120
B2USG1,random,mhcii,num_strong_binders,21
B2USG1,random,mhcii,num_weak_binders,99
B5Z8N3,random,mhcii,score,0.3787461526717557
B5Z8N3,random,mhcii,percentile,2.5026717557251907
B5Z8N3,random,mhcii,num_peptides,131
B5Z8N3,random,mhcii,num_strong_binders,26
B5Z8N3,random,mhcii,num_weak_binders,105
Q9ZLC8,random,mhcii,score,0.4232411857142857
Q9ZLC8,random,mhcii,percentile,2.3734285714285717
Q9ZLC8,random,mhcii,num_peptides,210
Q9ZLC8,random,mhcii,num_strong_binders,54
Q9ZLC8,random,mhcii,num_weak_binders,156
B2USN5,random,mhcii,score,0.4620392037037037
B2USN5,random,mhcii,percentile,2.080185185185185
B2USN5,random,mhcii,num_peptides,54
B2USN5,random,mhcii,num_strong_binders,16
B2USN5,random,mhcii,num_weak_binders,38
Q1CR79,random,mhcii,score,0.37240570085470087
Q1CR79,random,mhcii,percentile,2.5732478632478633
Q1CR79,random,mhcii,num_peptides,117
Q1CR79,random,mhcii,num_strong_binders,24
Q1CR79,random,mhcii,num_weak_binders,93
Q1CV84,random,mhcii,score,0.3696229718309859
Q1CV84,random,mhcii,percentile,2.4940845070422535
Q1CV84,random,mhcii,num_peptides,71
Q1CV84,random,mhcii,num_strong_binders,19
Q1CV84,random,mhcii,num_weak_binders,52
Q09066,random,mhcii,score,0.39691025806451613
Q09066,random,mhcii,percentile,2.2068817204301077
Q09066,random,mhcii,num_peptides,93
Q09066,random,mhcii,num_strong_binders,25
Q09066,random,mhcii,num_weak_binders,68
B2UVE0,random,mhcii,score,0.45397983561643834
B2UVE0,random,mhcii,percentile,2.0579452054794523
B2UVE0,random,mhcii,num_peptides,73
B2UVE0,random,mhcii,num_strong_binders,19
B2UVE0,random,mhcii,num_weak_binders,54
Q48252,random,mhcii,score,0.3700131962809917
Q48252,random,mhcii,percentile,2.530495867768595
Q48252,random,mhcii,num_peptides,484
Q48252,random,mhcii,num_strong_binders,99
Q48252,random,mhcii,num_weak_binders,385
B2UU74,random,mhcii,score,0.35292139215686275
B2UU74,random,mhcii,percentile,2.668954248366013
B2UU74,random,mhcii,num_peptides,153
B2UU74,random,mhcii,num_strong_binders,30
B2UU74,random,mhcii,num_weak_binders,123
Q9ZMH1,random,mhcii,score,0.3855224822834646
Q9ZMH1,random,mhcii,percentile,2.378169291338583
Q9ZMH1,random,mhcii,num_peptides,508
Q9ZMH1,random,mhcii,num_strong_binders,121
Q9ZMH1,random,mhcii,num_weak_binders,387
B5ZAB8,random,mhcii,score,0.350165050955414
B5ZAB8,random,mhcii,percentile,2.629872611464968
B5ZAB8,random,mhcii,num_peptides,314
B5ZAB8,random,mhcii,num_strong_binders,55
B5ZAB8,random,mhcii,num_weak_binders,259
O25688,random,mhcii,score,0.4620392037037037
O25688,random,mhcii,percentile,2.080185185185185
O25688,random,mhcii,num_peptides,54
O25688,random,mhcii,num_strong_binders,16
O25688,random,mhcii,num_weak_binders,38
Q1CS23,random,mhcii,score,0.39716535897435895
Q1CS23,random,mhcii,percentile,2.4114102564102566
Q1CS23,random,mhcii,num_peptides,78
Q1CS23,random,mhcii,num_strong_binders,16
Q1CS23,random,mhcii,num_weak_binders,62
B6JLG3,random,mhcii,score,0.3787960564516129
B6JLG3,random,mhcii,percentile,2.506209677419355
B6JLG3,random,mhcii,num_peptides,124
B6JLG3,random,mhcii,num_strong_binders,23
B6JLG3,random,mhcii,num_weak_binders,101
B6JLE8,random,mhcii,score,0.35462284615384615
B6JLE8,random,mhcii,percentile,2.546153846153846
B6JLE8,random,mhcii,num_peptides,143
B6JLE8,random,mhcii,num_strong_binders,28
B6JLE8,random,mhcii,num_weak_binders,115
Q9ZM39,random,mhcii,score,0.36015480555555557
Q9ZM39,random,mhcii,percentile,2.8783333333333334
Q9ZM39,random,mhcii,num_peptides,36
Q9ZM39,random,mhcii,num_strong_binders,5
Q9ZM39,random,mhcii,num_weak_binders,31
Q1CT35,random,mhcii,score,0.38064873786407766
Q1CT35,random,mhcii,percentile,2.4428155339805824
Q1CT35,random,mhcii,num_peptides,206
Q1CT35,random,mhcii,num_strong_binders,54
Q1CT35,random,mhcii,num_weak_binders,152
B6JPI5,random,mhcii,score,0.423319
B6JPI5,random,mhcii,percentile,2.4107142857142856
B6JPI5,random,mhcii,num_peptides,28
B6JPI5,random,mhcii,num_strong_binders,8
B6JPI5,random,mhcii,num_weak_binders,20
P56046,random,mhcii,score,0.3327862222222222
P56046,random,mhcii,percentile,2.9066666666666667
P56046,random,mhcii,num_peptides,54
P56046,random,mhcii,num_strong_binders,6
P56046,random,mhcii,num_weak_binders,48
B5Z6E8,random,mhcii,score,0.39391918604651166
B5Z6E8,random,mhcii,percentile,2.443720930232558
B5Z6E8,random,mhcii,num_peptides,43
B5Z6E8,random,mhcii,num_strong_binders,8
B5Z6E8,random,mhcii,num_weak_binders,35
B5Z7V8,random,mhcii,score,0.3807171170212766
B5Z7V8,random,mhcii,percentile,2.685851063829787
B5Z7V8,random,mhcii,num_peptides,94
B5Z7V8,random,mhcii,num_strong_binders,20
B5Z7V8,random,mhcii,num_weak_binders,74
Q1CTD7,random,mhcii,score,0.3834453937823834
Q1CTD7,random,mhcii,percentile,2.4668393782383418
Q1CTD7,random,mhcii,num_peptides,193
Q1CTD7,random,mhcii,num_strong_binders,39
Q1CTD7,random,mhcii,num_weak_binders,154
B6JNE5,random,mhcii,score,0.3132276315789474
B6JNE5,random,mhcii,percentile,2.9975
B6JNE5,random,mhcii,num_peptides,76
B6JNE5,random,mhcii,num_strong_binders,4
B6JNE5,random,mhcii,num_weak_binders,72
Q1CRU8,random,mhcii,score,0.33235455
Q1CRU8,random,mhcii,percentile,2.7841666666666667
Q1CRU8,random,mhcii,num_peptides,60
Q1CRU8,random,mhcii,num_strong_binders,12
Q1CRU8,random,mhcii,num_weak_binders,48
Q1CRD8,random,mhcii,score,0.36412829914529915
Q1CRD8,random,mhcii,percentile,2.4613675213675212
Q1CRD8,random,mhcii,num_peptides,117
Q1CRD8,random,mhcii,num_strong_binders,24
Q1CRD8,random,mhcii,num_weak_binders,93
Q9ZJU8,random,mhcii,score,0.4314950717948718
Q9ZJU8,random,mhcii,percentile,2.347179487179487
Q9ZJU8,random,mhcii,num_peptides,195
Q9ZJU8,random,mhcii,num_strong_binders,50
Q9ZJU8,random,mhcii,num_weak_binders,145
B5Z9W8,random,mhcii,score,0.4177516102564103
B5Z9W8,random,mhcii,percentile,2.160820512820513
B5Z9W8,random,mhcii,num_peptides,195
B5Z9W8,random,mhcii,num_strong_binders,51
B5Z9W8,random,mhcii,num_weak_binders,144
P80200,random,mhcii,score,0.35319906146179403
P80200,random,mhcii,percentile,2.541046511627907
P80200,random,mhcii,num_peptides,602
P80200,random,mhcii,num_strong_binders,112
P80200,random,mhcii,num_weak_binders,490
O25889,random,mhcii,score,0.35468253846153847
O25889,random,mhcii,percentile,2.776923076923077
O25889,random,mhcii,num_peptides,26
O25889,random,mhcii,num_strong_binders,4
O25889,random,mhcii,num_weak_binders,22
Q9ZJF1,random,mhcii,score,0.40937466666666666
Q9ZJF1,random,mhcii,percentile,2.4547222222222222
Q9ZJF1,random,mhcii,num_peptides,144
Q9ZJF1,random,mhcii,num_strong_binders,31
Q9ZJF1,random,mhcii,num_weak_binders,113
B6JN17,random,mhcii,score,0.408397
B6JN17,random,mhcii,percentile,2.516229508196721
B6JN17,random,mhcii,num_peptides,61
B6JN17,random,mhcii,num_strong_binders,14
B6JN17,random,mhcii,num_weak_binders,47
O25595,random,mhcii,score,0.3713863492063492
O25595,random,mhcii,percentile,2.663611111111111
O25595,random,mhcii,num_peptides,252
O25595,random,mhcii,num_strong_binders,45
O25595,random,mhcii,num_weak_binders,207
B2US06,random,mhcii,score,0.39979443902439027
B2US06,random,mhcii,percentile,2.354878048780488
B2US06,random,mhcii,num_peptides,123
B2US06,random,mhcii,num_strong_binders,32
B2US06,random,mhcii,num_weak_binders,91
Q1CRZ1,random,mhcii,score,0.28216625
Q1CRZ1,random,mhcii,percentile,2.8642857142857143
Q1CRZ1,random,mhcii,num_peptides,28
Q1CRZ1,random,mhcii,num_strong_binders,2
Q1CRZ1,random,mhcii,num_weak_binders,26
Q9ZMB9,random,mhcii,score,0.38424725899280576
Q9ZMB9,random,mhcii,percentile,2.565323741007194
Q9ZMB9,random,mhcii,num_peptides,278
Q9ZMB9,random,mhcii,num_strong_binders,53
Q9ZMB9,random,mhcii,num_weak_binders,225
P56456,random,mhcii,score,0.407129800982801
P56456,random,mhcii,percentile,2.30960687960688
P56456,random,mhcii,num_peptides,407
P56456,random,mhcii,num_strong_binders,96
P56456,random,mhcii,num_weak_binders,311
Q9ZKY8,random,mhcii,score,0.3504364929577465
Q9ZKY8,random,mhcii,percentile,2.5704225352112675
Q9ZKY8,random,mhcii,num_peptides,71
Q9ZKY8,random,mhcii,num_strong_binders,14
Q9ZKY8,random,mhcii,num_weak_binders,57
Q9ZJR5,random,mhcii,score,0.39844925373134327
Q9ZJR5,random,mhcii,percentile,2.708955223880597
Q9ZJR5,random,mhcii,num_peptides,67
Q9ZJR5,random,mhcii,num_strong_binders,17
Q9ZJR5,random,mhcii,num_weak_binders,50
P56144,random,mhcii,score,0.35686345544554454
P56144,random,mhcii,percentile,2.6814851485148514
P56144,random,mhcii,num_peptides,101
P56144,random,mhcii,num_strong_binders,14
P56144,random,mhcii,num_weak_binders,87
O25088,random,mhcii,score,0.4241821875
O25088,random,mhcii,percentile,2.664375
O25088,random,mhcii,num_peptides,16
O25088,random,mhcii,num_strong_binders,1
O25088,random,mhcii,num_weak_binders,15
B2UVC1,random,mhcii,score,0.41174325766871167
B2UVC1,random,mhcii,percentile,2.2532515337423313
B2UVC1,random,mhcii,num_peptides,163
B2UVC1,random,mhcii,num_strong_binders,47
B2UVC1,random,mhcii,num_weak_binders,116
P56420,random,mhcii,score,0.35734774427480914
P56420,random,mhcii,percentile,2.5248091603053435
P56420,random,mhcii,num_peptides,262
P56420,random,mhcii,num_strong_binders,47
P56420,random,mhcii,num_weak_binders,215
B2UV20,random,mhcii,score,0.39804753896103895
B2UV20,random,mhcii,percentile,2.31
B2UV20,random,mhcii,num_peptides,154
B2UV20,random,mhcii,num_strong_binders,32
B2UV20,random,mhcii,num_weak_binders,122
Q1CRB7,random,mhcii,score,0.3141515714285714
Q1CRB7,random,mhcii,percentile,2.87375
Q1CRB7,random,mhcii,num_peptides,56
Q1CRB7,random,mhcii,num_strong_binders,8
Q1CRB7,random,mhcii,num_weak_binders,48
O25516,random,mhcii,score,0.3832917465753425
O25516,random,mhcii,percentile,2.408904109589041
O25516,random,mhcii,num_peptides,146
O25516,random,mhcii,num_strong_binders,35
O25516,random,mhcii,num_weak_binders,111
Q1CSQ0,random,mhcii,score,0.41805751648351647
Q1CSQ0,random,mhcii,percentile,2.3755494505494505
Q1CSQ0,random,mhcii,num_peptides,182
Q1CSQ0,random,mhcii,num_strong_binders,48
Q1CSQ0,random,mhcii,num_weak_binders,134
Q9ZJ57,random,mhcii,score,0.39223748995983937
Q9ZJ57,random,mhcii,percentile,2.4996586345381524
Q9ZJ57,random,mhcii,num_peptides,498
Q9ZJ57,random,mhcii,num_strong_binders,104
Q9ZJ57,random,mhcii,num_weak_binders,394
B6JNF0,random,mhcii,score,0.33235455
B6JNF0,random,mhcii,percentile,2.7841666666666667
B6JNF0,random,mhcii,num_peptides,60
B6JNF0,random,mhcii,num_strong_binders,12
B6JNF0,random,mhcii,num_weak_binders,48
Q9ZKY2,random,mhcii,score,0.3857900238095238
Q9ZKY2,random,mhcii,percentile,2.74484126984127
Q9ZKY2,random,mhcii,num_peptides,126
Q9ZKY2,random,mhcii,num_strong_binders,20
Q9ZKY2,random,mhcii,num_weak_binders,106
Q9ZL09,random,mhcii,score,0.38064873786407766
Q9ZL09,random,mhcii,percentile,2.4428155339805824
Q9ZL09,random,mhcii,num_peptides,206
Q9ZL09,random,mhcii,num_strong_binders,54
Q9ZL09,random,mhcii,num_weak_binders,152
Q9ZM13,random,mhcii,score,0.3633705703125
Q9ZM13,random,mhcii,percentile,2.745390625
Q9ZM13,random,mhcii,num_peptides,128
Q9ZM13,random,mhcii,num_strong_binders,22
Q9ZM13,random,mhcii,num_weak_binders,106
Q9ZKR8,random,mhcii,score,0.33288710447761194
Q9ZKR8,random,mhcii,percentile,2.5691044776119405
Q9ZKR8,random,mhcii,num_peptides,67
Q9ZKR8,random,mhcii,num_strong_binders,10
Q9ZKR8,random,mhcii,num_weak_binders,57
Q9ZM69,random,mhcii,score,0.3944248821656051
Q9ZM69,random,mhcii,percentile,2.367356687898089
Q9ZM69,random,mhcii,num_peptides,314
Q9ZM69,random,mhcii,num_strong_binders,74
Q9ZM69,random,mhcii,num_weak_binders,240
B9XXL6,random,mhcii,score,0.38500928514056226
B9XXL6,random,mhcii,percentile,2.404979919678715
B9XXL6,random,mhcii,num_peptides,249
B9XXL6,random,mhcii,num_strong_binders,47
B9XXL6,random,mhcii,num_weak_binders,202
O25099,random,mhcii,score,0.44356209090909093
O25099,random,mhcii,percentile,2.3757575757575755
O25099,random,mhcii,num_peptides,33
O25099,random,mhcii,num_strong_binders,10
O25099,random,mhcii,num_weak_binders,23
Q1CV86,random,mhcii,score,0.39691025806451613
Q1CV86,random,mhcii,percentile,2.2068817204301077
Q1CV86,random,mhcii,num_peptides,93
Q1CV86,random,mhcii,num_strong_binders,25
Q1CV86,random,mhcii,num_weak_binders,68
O25679,random,mhcii,score,0.3621937803468208
O25679,random,mhcii,percentile,2.643815028901734
O25679,random,mhcii,num_peptides,173
O25679,random,mhcii,num_strong_binders,26
O25679,random,mhcii,num_weak_binders,147
Q9ZJS6,random,mhcii,score,0.32903772941176473
Q9ZJS6,random,mhcii,percentile,2.7996470588235294
Q9ZJS6,random,mhcii,num_peptides,85
Q9ZJS6,random,mhcii,num_strong_binders,9
Q9ZJS6,random,mhcii,num_weak_binders,76
Q9ZJX2,random,mhcii,score,0.4014294523809524
Q9ZJX2,random,mhcii,percentile,2.665
Q9ZJX2,random,mhcii,num_peptides,42
Q9ZJX2,random,mhcii,num_strong_binders,6
Q9ZJX2,random,mhcii,num_weak_binders,36
Q9ZKM3,random,mhcii,score,0.3775416540880503
Q9ZKM3,random,mhcii,percentile,2.4278301886792453
Q9ZKM3,random,mhcii,num_peptides,318
Q9ZKM3,random,mhcii,num_strong_binders,59
Q9ZKM3,random,mhcii,num_weak_binders,259
B2USG3,random,mhcii,score,0.44356209090909093
B2USG3,random,mhcii,percentile,2.3757575757575755
B2USG3,random,mhcii,num_peptides,33
B2USG3,random,mhcii,num_strong_binders,10
B2USG3,random,mhcii,num_weak_binders,23
B2USY3,random,mhcii,score,0.3861993445945946
B2USY3,random,mhcii,percentile,2.3989864864864865
B2USY3,random,mhcii,num_peptides,148
B2USY3,random,mhcii,num_strong_binders,36
B2USY3,random,mhcii,num_weak_binders,112
O25766,random,mhcii,score,0.37808470370370373
O25766,random,mhcii,percentile,2.626851851851852
O25766,random,mhcii,num_peptides,108
O25766,random,mhcii,num_strong_binders,18
O25766,random,mhcii,num_weak_binders,90
B6JNE2,random,mhcii,score,0.3724425333333333
B6JNE2,random,mhcii,percentile,2.464166666666667
B6JNE2,random,mhcii,num_peptides,60
B6JNE2,random,mhcii,num_strong_binders,15
B6JNE2,random,mhcii,num_weak_binders,45
Q9ZMV7,random,mhcii,score,0.4218936140776699
Q9ZMV7,random,mhcii,percentile,2.2983009708737865
Q9ZMV7,random,mhcii,num_peptides,412
Q9ZMV7,random,mhcii,num_strong_binders,115
Q9ZMV7,random,mhcii,num_weak_binders,297
O25827,random,mhcii,score,0.38031560538116593
O25827,random,mhcii,percentile,2.402869955156951
O25827,random,mhcii,num_peptides,223
O25827,random,mhcii,num_strong_binders,50
O25827,random,mhcii,num_weak_binders,173
B2UV70,random,mhcii,score,0.3132276315789474
B2UV70,random,mhcii,percentile,2.9975
B2UV70,random,mhcii,num_peptides,76
B2UV70,random,mhcii,num_strong_binders,4
B2UV70,random,mhcii,num_weak_binders,72
O26043,random,mhcii,score,0.39585076097560973
O26043,random,mhcii,percentile,2.539609756097561
O26043,random,mhcii,num_peptides,205
O26043,random,mhcii,num_strong_binders,40
O26043,random,mhcii,num_weak_binders,165
B6JMI1,random,mhcii,score,0.33223071317829456
B6JMI1,random,mhcii,percentile,2.8049612403100777
B6JMI1,random,mhcii,num_peptides,129
B6JMI1,random,mhcii,num_strong_binders,12
B6JMI1,random,mhcii,num_weak_binders,117
P71408,random,mhcii,score,0.36197693073593074
P71408,random,mhcii,percentile,2.568095238095238
P71408,random,mhcii,num_peptides,231
P71408,random,mhcii,num_strong_binders,47
P71408,random,mhcii,num_weak_binders,184
Q1CU35,random,mhcii,score,0.41351745505617976
Q1CU35,random,mhcii,percentile,2.4792134831460673
Q1CU35,random,mhcii,num_peptides,178
Q1CU35,random,mhcii,num_strong_binders,39
Q1CU35,random,mhcii,num_weak_binders,139
P56120,random,mhcii,score,0.4310145777777778
P56120,random,mhcii,percentile,2.5837777777777777
P56120,random,mhcii,num_peptides,45
P56120,random,mhcii,num_strong_binders,13
P56120,random,mhcii,num_weak_binders,32
Q1CV04,random,mhcii,score,0.3870337051282051
Q1CV04,random,mhcii,percentile,2.3121794871794874
Q1CV04,random,mhcii,num_peptides,156
Q1CV04,random,mhcii,num_strong_binders,34
Q1CV04,random,mhcii,num_weak_binders,122
P56044,random,mhcii,score,0.3793725581395349
P56044,random,mhcii,percentile,2.926046511627907
P56044,random,mhcii,num_peptides,43
P56044,random,mhcii,num_strong_binders,8
P56044,random,mhcii,num_weak_binders,35
Q1CTA1,random,mhcii,score,0.44433435514018693
Q1CTA1,random,mhcii,percentile,2.1778504672897196
Q1CTA1,random,mhcii,num_peptides,107
Q1CTA1,random,mhcii,num_strong_binders,29
Q1CTA1,random,mhcii,num_weak_binders,78
Q9ZKS6,random,mhcii,score,0.3796348552631579
Q9ZKS6,random,mhcii,percentile,2.5627631578947367
Q9ZKS6,random,mhcii,num_peptides,76
Q9ZKS6,random,mhcii,num_strong_binders,13
Q9ZKS6,random,mhcii,num_weak_binders,63
B6JNX2,random,mhcii,score,0.3713698921568627
B6JNX2,random,mhcii,percentile,2.3154901960784313
B6JNX2,random,mhcii,num_peptides,102
B6JNX2,random,mhcii,num_strong_binders,25
B6JNX2,random,mhcii,num_weak_binders,77
B6JM61,random,mhcii,score,0.35714011904761905
B6JM61,random,mhcii,percentile,2.6324404761904763
B6JM61,random,mhcii,num_peptides,168
B6JM61,random,mhcii,num_strong_binders,28
B6JM61,random,mhcii,num_weak_binders,140
B6JN25,random,mhcii,score,0.36331059793814435
B6JN25,random,mhcii,percentile,2.5104123711340205
B6JN25,random,mhcii,num_peptides,97
B6JN25,random,mhcii,num_strong_binders,19
B6JN25,random,mhcii,num_weak_binders,78
Q9ZME5,random,mhcii,score,0.3774158634361233
Q9ZME5,random,mhcii,percentile,2.4377533039647576
Q9ZME5,random,mhcii,num_peptides,227
Q9ZME5,random,mhcii,num_strong_binders,44
Q9ZME5,random,mhcii,num_weak_binders,183
O25474,random,mhcii,score,0.44899249152542375
O25474,random,mhcii,percentile,2.317542372881356
O25474,random,mhcii,num_peptides,118
O25474,random,mhcii,num_strong_binders,34
O25474,random,mhcii,num_weak_binders,84
B5Z8S5,random,mhcii,score,0.3342412658227848
B5Z8S5,random,mhcii,percentile,2.6517721518987343
B5Z8S5,random,mhcii,num_peptides,79
B5Z8S5,random,mhcii,num_strong_binders,12
B5Z8S5,random,mhcii,num_weak_binders,67
B6JM59,random,mhcii,score,0.35849068333333334
B6JM59,random,mhcii,percentile,3.1523333333333334
B6JM59,random,mhcii,num_peptides,60
B6JM59,random,mhcii,num_strong_binders,3
B6JM59,random,mhcii,num_weak_binders,57
O25531,random,mhcii,score,0.3561773235294118
O25531,random,mhcii,percentile,2.5469117647058823
O25531,random,mhcii,num_peptides,68
O25531,random,mhcii,num_strong_binders,14
O25531,random,mhcii,num_weak_binders,54
B2UV74,random,mhcii,score,0.32904052631578945
B2UV74,random,mhcii,percentile,2.7710526315789474
B2UV74,random,mhcii,num_peptides,19
B2UV74,random,mhcii,num_strong_binders,2
B2UV74,random,mhcii,num_weak_binders,17
B2UW06,random,mhcii,score,0.34593833928571427
B2UW06,random,mhcii,percentile,2.565
B2UW06,random,mhcii,num_peptides,56
B2UW06,random,mhcii,num_strong_binders,5
B2UW06,random,mhcii,num_weak_binders,51
B5Z8J7,random,mhcii,score,0.38502292045454545
B5Z8J7,random,mhcii,percentile,2.4697727272727272
B5Z8J7,random,mhcii,num_peptides,88
B5Z8J7,random,mhcii,num_strong_binders,16
B5Z8J7,random,mhcii,num_weak_binders,72
O25157,random,mhcii,score,0.3736649411764706
O25157,random,mhcii,percentile,2.551280276816609
O25157,random,mhcii,num_peptides,289
O25157,random,mhcii,num_strong_binders,64
O25157,random,mhcii,num_weak_binders,225
Q9ZJI7,random,mhcii,score,0.2761175714285714
Q9ZJI7,random,mhcii,percentile,2.9004761904761907
Q9ZJI7,random,mhcii,num_peptides,84
Q9ZJI7,random,mhcii,num_strong_binders,9
Q9ZJI7,random,mhcii,num_weak_binders,75
P56109,random,mhcii,score,0.3954783076923077
P56109,random,mhcii,percentile,2.2706593406593405
P56109,random,mhcii,num_peptides,182
P56109,random,mhcii,num_strong_binders,44
P56109,random,mhcii,num_weak_binders,138
B2UU76,random,mhcii,score,0.3919112361111111
B2UU76,random,mhcii,percentile,2.3358333333333334
B2UU76,random,mhcii,num_peptides,72
B2UU76,random,mhcii,num_strong_binders,14
B2UU76,random,mhcii,num_weak_binders,58
Q9ZJY9,random,mhcii,score,0.3662514680851064
Q9ZJY9,random,mhcii,percentile,2.566737588652482
Q9ZJY9,random,mhcii,num_peptides,141
Q9ZJY9,random,mhcii,num_strong_binders,21
Q9ZJY9,random,mhcii,num_weak_binders,120
Q9ZJJ4,random,mhcii,score,0.4257521271186441
Q9ZJJ4,random,mhcii,percentile,2.323135593220339
Q9ZJJ4,random,mhcii,num_peptides,118
Q9ZJJ4,random,mhcii,num_strong_binders,31
Q9ZJJ4,random,mhcii,num_weak_binders,87
B6JM54,random,mhcii,score,0.42234795555555554
B6JM54,random,mhcii,percentile,2.659777777777778
B6JM54,random,mhcii,num_peptides,45
B6JM54,random,mhcii,num_strong_binders,6
B6JM54,random,mhcii,num_weak_binders,39
O25610,random,mhcii,score,0.3519181515151515
O25610,random,mhcii,percentile,2.655050505050505
O25610,random,mhcii,num_peptides,99
O25610,random,mhcii,num_strong_binders,12
O25610,random,mhcii,num_weak_binders,87
Q9ZK27,random,mhcii,score,0.38216148309178744
Q9ZK27,random,mhcii,percentile,2.51743961352657
Q9ZK27,random,mhcii,num_peptides,207
Q9ZK27,random,mhcii,num_strong_binders,31
Q9ZK27,random,mhcii,num_weak_binders,176
P56040,random,mhcii,score,0.39131618
P56040,random,mhcii,percentile,2.3212
P56040,random,mhcii,num_peptides,50
P56040,random,mhcii,num_strong_binders,12
P56040,random,mhcii,num_weak_binders,38
B2UUW2,random,mhcii,score,0.38502292045454545
B2UUW2,random,mhcii,percentile,2.4697727272727272
B2UUW2,random,mhcii,num_peptides,88
B2UUW2,random,mhcii,num_strong_binders,16
B2UUW2,random,mhcii,num_weak_binders,72
O25963,random,mhcii,score,0.4257521271186441
O25963,random,mhcii,percentile,2.323135593220339
O25963,random,mhcii,num_peptides,118
O25963,random,mhcii,num_strong_binders,31
O25963,random,mhcii,num_weak_binders,87
B6JKG9,random,mhcii,score,0.41013821739130435
B6JKG9,random,mhcii,percentile,2.3754710144927538
B6JKG9,random,mhcii,num_peptides,276
B6JKG9,random,mhcii,num_strong_binders,62
B6JKG9,random,mhcii,num_weak_binders,214
B6JPT1,random,mhcii,score,0.39490287889273357
B6JPT1,random,mhcii,percentile,2.5669204152249137
B6JPT1,random,mhcii,num_peptides,289
B6JPT1,random,mhcii,num_strong_binders,55
B6JPT1,random,mhcii,num_weak_binders,234
B6JKX5,random,mhcii,score,0.3794583879472693
B6JKX5,random,mhcii,percentile,2.5151977401129946
B6JKX5,random,mhcii,num_peptides,531
B6JKX5,random,mhcii,num_strong_binders,124
B6JKX5,random,mhcii,num_weak_binders,407
P66460,random,mhcii,score,0.3923195588235294
P66460,random,mhcii,percentile,2.513235294117647
P66460,random,mhcii,num_peptides,34
P66460,random,mhcii,num_strong_binders,5
P66460,random,mhcii,num_weak_binders,29
Q9ZML2,random,mhcii,score,0.3968733945945946
Q9ZML2,random,mhcii,percentile,2.3564864864864865
Q9ZML2,random,mhcii,num_peptides,185
Q9ZML2,random,mhcii,num_strong_binders,44
Q9ZML2,random,mhcii,num_weak_binders,141
O26009,random,mhcii,score,0.3713698921568627
O26009,random,mhcii,percentile,2.3154901960784313
O26009,random,mhcii,num_peptides,102
O26009,random,mhcii,num_strong_binders,25
O26009,random,mhcii,num_weak_binders,77
Q1CS87,random,mhcii,score,0.3704518795180723
Q1CS87,random,mhcii,percentile,2.6339156626506024
Q1CS87,random,mhcii,num_peptides,166
Q1CS87,random,mhcii,num_strong_binders,27
Q1CS87,random,mhcii,num_weak_binders,139
Q9ZK75,random,mhcii,score,0.40267144666666665
Q9ZK75,random,mhcii,percentile,2.360733333333333
Q9ZK75,random,mhcii,num_peptides,150
Q9ZK75,random,mhcii,num_strong_binders,36
Q9ZK75,random,mhcii,num_weak_binders,114
O25769,random,mhcii,score,0.4060022830188679
O25769,random,mhcii,percentile,2.529811320754717
O25769,random,mhcii,num_peptides,53
O25769,random,mhcii,num_strong_binders,10
O25769,random,mhcii,num_weak_binders,43
P56149,random,mhcii,score,0.34594052838427947
P56149,random,mhcii,percentile,2.8521397379912665
P56149,random,mhcii,num_peptides,229
P56149,random,mhcii,num_strong_binders,18
P56149,random,mhcii,num_weak_binders,211
B2UV81,random,mhcii,score,0.39844925373134327
B2UV81,random,mhcii,percentile,2.708955223880597
B2UV81,random,mhcii,num_peptides,67
B2UV81,random,mhcii,num_strong_binders,17
B2UV81,random,mhcii,num_weak_binders,50
Q9ZMG1,random,mhcii,score,0.46758728
Q9ZMG1,random,mhcii,percentile,2.3276
Q9ZMG1,random,mhcii,num_peptides,25
Q9ZMG1,random,mhcii,num_strong_binders,6
Q9ZMG1,random,mhcii,num_weak_binders,19
Q9ZMK8,random,mhcii,score,0.4029395945945946
Q9ZMK8,random,mhcii,percentile,2.233027027027027
Q9ZMK8,random,mhcii,num_peptides,185
Q9ZMK8,random,mhcii,num_strong_binders,44
Q9ZMK8,random,mhcii,num_weak_binders,141
B6JKG3,random,mhcii,score,0.3541696603773585
B6JKG3,random,mhcii,percentile,2.7145283018867925
B6JKG3,random,mhcii,num_peptides,106
B6JKG3,random,mhcii,num_strong_binders,16
B6JKG3,random,mhcii,num_weak_binders,90
B5Z7I8,random,mhcii,score,0.42234795555555554
B5Z7I8,random,mhcii,percentile,2.659777777777778
B5Z7I8,random,mhcii,num_peptides,45
B5Z7I8,random,mhcii,num_strong_binders,6
B5Z7I8,random,mhcii,num_weak_binders,39
Q9ZJJ9,random,mhcii,score,0.5058316666666667
Q9ZJJ9,random,mhcii,percentile,1.988888888888889
Q9ZJJ9,random,mhcii,num_peptides,72
Q9ZJJ9,random,mhcii,num_strong_binders,24
Q9ZJJ9,random,mhcii,num_weak_binders,48
Q9ZLN3,random,mhcii,score,0.39176938709677417
Q9ZLN3,random,mhcii,percentile,2.4889247311827956
Q9ZLN3,random,mhcii,num_peptides,186
Q9ZLN3,random,mhcii,num_strong_binders,39
Q9ZLN3,random,mhcii,num_weak_binders,147
P66450,random,mhcii,score,0.45214710344827586
P66450,random,mhcii,percentile,2.5458620689655174
P66450,random,mhcii,num_peptides,29
P66450,random,mhcii,num_strong_binders,6
P66450,random,mhcii,num_weak_binders,23
O24855,random,mhcii,score,0.3363267471264368
O24855,random,mhcii,percentile,2.6441379310344826
O24855,random,mhcii,num_peptides,87
O24855,random,mhcii,num_strong_binders,12
O24855,random,mhcii,num_weak_binders,75
B6JLX1,random,mhcii,score,0.41254483040935674
B6JLX1,random,mhcii,percentile,2.4030409356725144
B6JLX1,random,mhcii,num_peptides,171
B6JLX1,random,mhcii,num_strong_binders,39
B6JLX1,random,mhcii,num_weak_binders,132
Q48255,random,mhcii,score,0.27960731944444445
Q48255,random,mhcii,percentile,3.161111111111111
Q48255,random,mhcii,num_peptides,72
Q48255,random,mhcii,num_strong_binders,7
Q48255,random,mhcii,num_weak_binders,65
Q48248,random,mhcii,score,0.2993504081632653
Q48248,random,mhcii,percentile,2.8725510204081632
Q48248,random,mhcii,num_peptides,98
Q48248,random,mhcii,num_strong_binders,8
Q48248,random,mhcii,num_weak_binders,90
B5Z6Y9,random,mhcii,score,0.41397938181818184
B5Z6Y9,random,mhcii,percentile,2.3515454545454544
B5Z6Y9,random,mhcii,num_peptides,110
B5Z6Y9,random,mhcii,num_strong_binders,25
B5Z6Y9,random,mhcii,num_weak_binders,85
P56071,random,mhcii,score,0.4379586993670886
P56071,random,mhcii,percentile,2.2888291139240504
P56071,random,mhcii,num_peptides,316
P56071,random,mhcii,num_strong_binders,85
P56071,random,mhcii,num_weak_binders,231
Q9ZJ65,random,mhcii,score,0.43312068666666664
Q9ZJ65,random,mhcii,percentile,2.2734666666666667
Q9ZJ65,random,mhcii,num_peptides,150
Q9ZJ65,random,mhcii,num_strong_binders,32
Q9ZJ65,random,mhcii,num_weak_binders,118
Q9ZJM5,random,mhcii,score,0.35906776548672564
Q9ZJM5,random,mhcii,percentile,2.581725663716814
Q9ZJM5,random,mhcii,num_peptides,226
Q9ZJM5,random,mhcii,num_strong_binders,42
Q9ZJM5,random,mhcii,num_weak_binders,184
Q1CUW5,random,mhcii,score,0.3883483804878049
Q1CUW5,random,mhcii,percentile,2.3814146341463416
Q1CUW5,random,mhcii,num_peptides,205
Q1CUW5,random,mhcii,num_strong_binders,42
Q1CUW5,random,mhcii,num_weak_binders,163
Q9ZKQ7,random,mhcii,score,0.34377994535519124
Q9ZKQ7,random,mhcii,percentile,2.6114754098360655
Q9ZKQ7,random,mhcii,num_peptides,183
Q9ZKQ7,random,mhcii,num_strong_binders,30
Q9ZKQ7,random,mhcii,num_weak_binders,153
B2UTX4,random,mhcii,score,0.39631245569620255
B2UTX4,random,mhcii,percentile,2.4475949367088607
B2UTX4,random,mhcii,num_peptides,79
B2UTX4,random,mhcii,num_strong_binders,14
B2UTX4,random,mhcii,num_weak_binders,65
Q1CUI3,random,mhcii,score,0.38424725899280576
Q1CUI3,random,mhcii,percentile,2.565323741007194
Q1CUI3,random,mhcii,num_peptides,278
Q1CUI3,random,mhcii,num_strong_binders,53
Q1CUI3,random,mhcii,num_weak_binders,225
Q9ZJX9,random,mhcii,score,0.3851023422053232
Q9ZJX9,random,mhcii,percentile,2.5329657794676805
Q9ZJX9,random,mhcii,num_peptides,263
Q9ZJX9,random,mhcii,num_strong_binders,50
Q9ZJX9,random,mhcii,num_weak_binders,213
O25851,random,mhcii,score,0.3637299821428571
O25851,random,mhcii,percentile,2.455892857142857
O25851,random,mhcii,num_peptides,56
O25851,random,mhcii,num_strong_binders,7
O25851,random,mhcii,num_weak_binders,49
O25971,random,mhcii,score,0.38357655319148937
O25971,random,mhcii,percentile,2.613404255319149
O25971,random,mhcii,num_peptides,141
O25971,random,mhcii,num_strong_binders,23
O25971,random,mhcii,num_weak_binders,118
Q1CR49,random,mhcii,score,0.3848713181818182
Q1CR49,random,mhcii,percentile,2.3570454545454544
Q1CR49,random,mhcii,num_peptides,44
Q1CR49,random,mhcii,num_strong_binders,11
Q1CR49,random,mhcii,num_weak_binders,33
B2UU37,random,mhcii,score,0.37373151785714287
B2UU37,random,mhcii,percentile,2.437767857142857
B2UU37,random,mhcii,num_peptides,224
B2UU37,random,mhcii,num_strong_binders,42
B2UU37,random,mhcii,num_weak_binders,182
Q9ZMF0,random,mhcii,score,0.41102672727272727
Q9ZMF0,random,mhcii,percentile,2.297840909090909
Q9ZMF0,random,mhcii,num_peptides,176
Q9ZMF0,random,mhcii,num_strong_binders,39
Q9ZMF0,random,mhcii,num_weak_binders,137
B2UTK9,random,mhcii,score,0.41397938181818184
B2UTK9,random,mhcii,percentile,2.3515454545454544
B2UTK9,random,mhcii,num_peptides,110
B2UTK9,random,mhcii,num_strong_binders,25
B2UTK9,random,mhcii,num_weak_binders,85
B5Z9V7,random,mhcii,score,0.3066038591549296
B5Z9V7,random,mhcii,percentile,3.026056338028169
B5Z9V7,random,mhcii,num_peptides,142
B5Z9V7,random,mhcii,num_strong_binders,11
B5Z9V7,random,mhcii,num_weak_binders,131
B2UT98,random,mhcii,score,0.3834453937823834
B2UT98,random,mhcii,percentile,2.4668393782383418
B2UT98,random,mhcii,num_peptides,193
B2UT98,random,mhcii,num_strong_binders,39
B2UT98,random,mhcii,num_weak_binders,154
Q1CS66,random,mhcii,score,0.38502292045454545
Q1CS66,random,mhcii,percentile,2.4697727272727272
Q1CS66,random,mhcii,num_peptides,88
Q1CS66,random,mhcii,num_strong_binders,16
Q1CS66,random,mhcii,num_weak_binders,72
Q1CRI6,random,mhcii,score,0.43275778632478634
Q1CRI6,random,mhcii,percentile,2.308632478632479
Q1CRI6,random,mhcii,num_peptides,117
Q1CRI6,random,mhcii,num_strong_binders,27
Q1CRI6,random,mhcii,num_weak_binders,90
Q1CUV9,random,mhcii,score,0.40349760526315787
Q1CUV9,random,mhcii,percentile,2.3630701754385965
Q1CUV9,random,mhcii,num_peptides,114
Q1CUV9,random,mhcii,num_strong_binders,23
Q1CUV9,random,mhcii,num_weak_binders,91
B5Z8P5,random,mhcii,score,0.39168478947368424
B5Z8P5,random,mhcii,percentile,2.5033333333333334
B5Z8P5,random,mhcii,num_peptides,114
B5Z8P5,random,mhcii,num_strong_binders,28
B5Z8P5,random,mhcii,num_weak_binders,86
Q1CUK9,random,mhcii,score,0.43632068888888886
Q1CUK9,random,mhcii,percentile,2.2416296296296294
Q1CUK9,random,mhcii,num_peptides,135
Q1CUK9,random,mhcii,num_strong_binders,33
Q1CUK9,random,mhcii,num_weak_binders,102
P64382,random,mhcii,score,0.3876837435897436
P64382,random,mhcii,percentile,2.2043589743589744
P64382,random,mhcii,num_peptides,39
P64382,random,mhcii,num_strong_binders,8
P64382,random,mhcii,num_weak_binders,31
B2UUR0,random,mhcii,score,0.4426125961538462
B2UUR0,random,mhcii,percentile,2.3023076923076924
B2UUR0,random,mhcii,num_peptides,52
B2UUR0,random,mhcii,num_strong_binders,14
B2UUR0,random,mhcii,num_weak_binders,38
P56128,random,mhcii,score,0.38424725899280576
P56128,random,mhcii,percentile,2.565323741007194
P56128,random,mhcii,num_peptides,278
P56128,random,mhcii,num_strong_binders,53
P56128,random,mhcii,num_weak_binders,225
Q9ZKB3,random,mhcii,score,0.3806853321299639
Q9ZKB3,random,mhcii,percentile,2.5661371841155236
Q9ZKB3,random,mhcii,num_peptides,277
Q9ZKB3,random,mhcii,num_strong_binders,46
Q9ZKB3,random,mhcii,num_weak_binders,231
B2UUU1,random,mhcii,score,0.408397
B2UUU1,random,mhcii,percentile,2.516229508196721
B2UUU1,random,mhcii,num_peptides,61
B2UUU1,random,mhcii,num_strong_binders,14
B2UUU1,random,mhcii,num_weak_binders,47
B6JL99,random,mhcii,score,0.44170108823529414
B6JL99,random,mhcii,percentile,2.1347058823529412
B6JL99,random,mhcii,num_peptides,68
B6JL99,random,mhcii,num_strong_binders,20
B6JL99,random,mhcii,num_weak_binders,48
O24926,random,mhcii,score,0.41832830136986304
O24926,random,mhcii,percentile,2.3517808219178082
O24926,random,mhcii,num_peptides,146
O24926,random,mhcii,num_strong_binders,42
O24926,random,mhcii,num_weak_binders,104
Q9ZMQ0,random,mhcii,score,0.39185827814569535
Q9ZMQ0,random,mhcii,percentile,2.510596026490066
Q9ZMQ0,random,mhcii,num_peptides,151
Q9ZMQ0,random,mhcii,num_strong_binders,24
Q9ZMQ0,random,mhcii,num_weak_binders,127
Q9ZJE4,random,mhcii,score,0.3141515714285714
Q9ZJE4,random,mhcii,percentile,2.87375
Q9ZJE4,random,mhcii,num_peptides,56
Q9ZJE4,random,mhcii,num_strong_binders,8
Q9ZJE4,random,mhcii,num_weak_binders,48
Q1CS25,random,mhcii,score,0.3787461526717557
Q1CS25,random,mhcii,percentile,2.5026717557251907
Q1CS25,random,mhcii,num_peptides,131
Q1CS25,random,mhcii,num_strong_binders,26
Q1CS25,random,mhcii,num_weak_binders,105
Q1CSZ2,random,mhcii,score,0.3807187375
Q1CSZ2,random,mhcii,percentile,2.44425
Q1CSZ2,random,mhcii,num_peptides,80
Q1CSZ2,random,mhcii,num_strong_binders,17
Q1CSZ2,random,mhcii,num_weak_binders,63
Q1CRD9,random,mhcii,score,0.4203729565217391
Q1CRD9,random,mhcii,percentile,2.4107246376811595
Q1CRD9,random,mhcii,num_peptides,69
Q1CRD9,random,mhcii,num_strong_binders,16
Q1CRD9,random,mhcii,num_weak_binders,53
Q9ZM81,random,mhcii,score,0.3659570977443609
Q9ZM81,random,mhcii,percentile,2.531654135338346
Q9ZM81,random,mhcii,num_peptides,133
Q9ZM81,random,mhcii,num_strong_binders,25
Q9ZM81,random,mhcii,num_weak_binders,108
P55977,random,mhcii,score,0.35165085388127854
P55977,random,mhcii,percentile,2.7304109589041095
P55977,random,mhcii,num_peptides,219
P55977,random,mhcii,num_strong_binders,36
P55977,random,mhcii,num_weak_binders,183
Q9ZM74,random,mhcii,score,0.2723548902439024
Q9ZM74,random,mhcii,percentile,3.17390243902439
Q9ZM74,random,mhcii,num_peptides,82
Q9ZM74,random,mhcii,num_strong_binders,4
Q9ZM74,random,mhcii,num_weak_binders,78
O25291,random,mhcii,score,0.47565317721518985
O25291,random,mhcii,percentile,2.150379746835443
O25291,random,mhcii,num_peptides,79
O25291,random,mhcii,num_strong_binders,20
O25291,random,mhcii,num_weak_binders,59
B2UTC1,random,mhcii,score,0.428159734375
B2UTC1,random,mhcii,percentile,2.268515625
B2UTC1,random,mhcii,num_peptides,128
B2UTC1,random,mhcii,num_strong_binders,34
B2UTC1,random,mhcii,num_weak_binders,94
Q1CUZ6,random,mhcii,score,0.3559798144329897
Q1CUZ6,random,mhcii,percentile,2.700824742268041
Q1CUZ6,random,mhcii,num_peptides,97
Q1CUZ6,random,mhcii,num_strong_binders,14
Q1CUZ6,random,mhcii,num_weak_binders,83
Q9ZJL5,random,mhcii,score,0.34060093506493505
Q9ZJL5,random,mhcii,percentile,2.6163636363636362
Q9ZJL5,random,mhcii,num_peptides,77
Q9ZJL5,random,mhcii,num_strong_binders,15
Q9ZJL5,random,mhcii,num_weak_binders,62
Q9ZJZ7,random,mhcii,score,0.38031560538116593
Q9ZJZ7,random,mhcii,percentile,2.402869955156951
Q9ZJZ7,random,mhcii,num_peptides,223
Q9ZJZ7,random,mhcii,num_strong_binders,50
Q9ZJZ7,random,mhcii,num_weak_binders,173
O25028,random,mhcii,score,0.377141779661017
O25028,random,mhcii,percentile,2.548135593220339
O25028,random,mhcii,num_peptides,177
O25028,random,mhcii,num_strong_binders,37
O25028,random,mhcii,num_weak_binders,140
Q9ZMF2,random,mhcii,score,0.3894247013888889
Q9ZMF2,random,mhcii,percentile,2.515416666666667
Q9ZMF2,random,mhcii,num_peptides,144
Q9ZMF2,random,mhcii,num_strong_binders,28
Q9ZMF2,random,mhcii,num_weak_binders,116
P56141,random,mhcii,score,0.3491547438016529
P56141,random,mhcii,percentile,2.808181818181818
P56141,random,mhcii,num_peptides,121
P56141,random,mhcii,num_strong_binders,15
P56141,random,mhcii,num_weak_binders,106
Q9ZJS2,random,mhcii,score,0.403322301369863
Q9ZJS2,random,mhcii,percentile,2.4261643835616438
Q9ZJS2,random,mhcii,num_peptides,73
Q9ZJS2,random,mhcii,num_strong_binders,14
Q9ZJS2,random,mhcii,num_weak_binders,59
P64664,random,mhcii,score,0.39062454237288136
P64664,random,mhcii,percentile,2.362457627118644
P64664,random,mhcii,num_peptides,118
P64664,random,mhcii,num_strong_binders,28
P64664,random,mhcii,num_weak_binders,90
P56191,random,mhcii,score,0.41254483040935674
P56191,random,mhcii,percentile,2.4030409356725144
P56191,random,mhcii,num_peptides,171
P56191,random,mhcii,num_strong_binders,39
P56191,random,mhcii,num_weak_binders,132
Q9ZKM7,random,mhcii,score,0.41805751648351647
Q9ZKM7,random,mhcii,percentile,2.3755494505494505
Q9ZKM7,random,mhcii,num_peptides,182
Q9ZKM7,random,mhcii,num_strong_binders,48
Q9ZKM7,random,mhcii,num_weak_binders,134
O26106,random,mhcii,score,0.38456359420289854
O26106,random,mhcii,percentile,2.6142028985507246
O26106,random,mhcii,num_peptides,69
O26106,random,mhcii,num_strong_binders,13
O26106,random,mhcii,num_weak_binders,56
B2USD7,random,mhcii,score,0.38586734545454543
B2USD7,random,mhcii,percentile,2.4823030303030302
B2USD7,random,mhcii,num_peptides,165
B2USD7,random,mhcii,num_strong_binders,39
B2USD7,random,mhcii,num_weak_binders,126
O25008,random,mhcii,score,0.3968733945945946
O25008,random,mhcii,percentile,2.3564864864864865
O25008,random,mhcii,num_peptides,185
O25008,random,mhcii,num_strong_binders,44
O25008,random,mhcii,num_weak_binders,141
B2UTQ6,random,mhcii,score,0.3512634864864865
B2UTQ6,random,mhcii,percentile,2.8356756756756756
B2UTQ6,random,mhcii,num_peptides,74
B2UTQ6,random,mhcii,num_strong_binders,8
B2UTQ6,random,mhcii,num_weak_binders,66
B6JMX4,random,mhcii,score,0.40217388844621516
B6JMX4,random,mhcii,percentile,2.4706374501992032
B6JMX4,random,mhcii,num_peptides,251
B6JMX4,random,mhcii,num_strong_binders,58
B6JMX4,random,mhcii,num_weak_binders,193
Q9ZJX4,random,mhcii,score,0.37256513071895425
Q9ZJX4,random,mhcii,percentile,2.586666666666667
Q9ZJX4,random,mhcii,num_peptides,153
Q9ZJX4,random,mhcii,num_strong_binders,31
Q9ZJX4,random,mhcii,num_weak_binders,122
Q1CSR0,random,mhcii,score,0.33223071317829456
Q1CSR0,random,mhcii,percentile,2.8049612403100777
Q1CSR0,random,mhcii,num_peptides,129
Q1CSR0,random,mhcii,num_strong_binders,12
Q1CSR0,random,mhcii,num_weak_binders,117
O25703,random,mhcii,score,0.4570327184466019
O25703,random,mhcii,percentile,2.2166019417475726
O25703,random,mhcii,num_peptides,103
O25703,random,mhcii,num_strong_binders,32
O25703,random,mhcii,num_weak_binders,71
P55994,random,mhcii,score,0.3956320521172638
P55994,random,mhcii,percentile,2.321302931596091
P55994,random,mhcii,num_peptides,307
P55994,random,mhcii,num_strong_binders,82
P55994,random,mhcii,num_weak_binders,225
O25970,random,mhcii,score,0.33305981147540986
O25970,random,mhcii,percentile,2.8421311475409836
O25970,random,mhcii,num_peptides,122
O25970,random,mhcii,num_strong_binders,12
O25970,random,mhcii,num_weak_binders,110
Q09068,random,mhcii,score,0.3908378695652174
Q09068,random,mhcii,percentile,2.7056521739130437
Q09068,random,mhcii,num_peptides,46
Q09068,random,mhcii,num_strong_binders,7
Q09068,random,mhcii,num_weak_binders,39
Q1CU98,random,mhcii,score,0.36015480555555557
Q1CU98,random,mhcii,percentile,2.8783333333333334
Q1CU98,random,mhcii,num_peptides,36
Q1CU98,random,mhcii,num_strong_binders,5
Q1CU98,random,mhcii,num_weak_binders,31
Q1CRJ9,random,mhcii,score,0.2761175714285714
Q1CRJ9,random,mhcii,percentile,2.9004761904761907
Q1CRJ9,random,mhcii,num_peptides,84
Q1CRJ9,random,mhcii,num_strong_binders,9
Q1CRJ9,random,mhcii,num_weak_binders,75
B6JLM6,random,mhcii,score,0.3943623561643836
B6JLM6,random,mhcii,percentile,2.328082191780822
B6JLM6,random,mhcii,num_peptides,73
B6JLM6,random,mhcii,num_strong_binders,21
B6JLM6,random,mhcii,num_weak_binders,52
Q9ZLY1,random,mhcii,score,0.33221953543307087
Q9ZLY1,random,mhcii,percentile,2.783464566929134
Q9ZLY1,random,mhcii,num_peptides,127
Q9ZLY1,random,mhcii,num_strong_binders,11
Q9ZLY1,random,mhcii,num_weak_binders,116
B6JN65,random,mhcii,score,0.4468535238095238
B6JN65,random,mhcii,percentile,2.3292063492063493
B6JN65,random,mhcii,num_peptides,63
B6JN65,random,mhcii,num_strong_binders,16
B6JN65,random,mhcii,num_weak_binders,47
B2UUV8,random,mhcii,score,0.45534907272727276
B2UUV8,random,mhcii,percentile,2.2996363636363637
B2UUV8,random,mhcii,num_peptides,55
B2UUV8,random,mhcii,num_strong_binders,17
B2UUV8,random,mhcii,num_weak_binders,38
Q9ZLJ7,random,mhcii,score,0.3943623561643836
Q9ZLJ7,random,mhcii,percentile,2.328082191780822
Q9ZLJ7,random,mhcii,num_peptides,73
Q9ZLJ7,random,mhcii,num_strong_binders,21
Q9ZLJ7,random,mhcii,num_weak_binders,52
Q9ZMP3,random,mhcii,score,0.4107191176470588
Q9ZMP3,random,mhcii,percentile,2.5905882352941174
Q9ZMP3,random,mhcii,num_peptides,17
Q9ZMP3,random,mhcii,num_strong_binders,2
Q9ZMP3,random,mhcii,num_weak_binders,15
Q9ZK83,random,mhcii,score,0.4178640701754386
Q9ZK83,random,mhcii,percentile,2.5135087719298244
Q9ZK83,random,mhcii,num_peptides,57
Q9ZK83,random,mhcii,num_strong_binders,13
Q9ZK83,random,mhcii,num_weak_binders,44
B5Z9Q3,random,mhcii,score,0.51447275
B5Z9Q3,random,mhcii,percentile,2.04
B5Z9Q3,random,mhcii,num_peptides,24
B5Z9Q3,random,mhcii,num_strong_binders,9
B5Z9Q3,random,mhcii,num_weak_binders,15
O25608,random,mhcii,score,0.4284164423076923
O25608,random,mhcii,percentile,2.415
O25608,random,mhcii,num_peptides,52
O25608,random,mhcii,num_strong_binders,11
O25608,random,mhcii,num_weak_binders,41
P56411,random,mhcii,score,0.23625190000000001
P56411,random,mhcii,percentile,3.08
P56411,random,mhcii,num_peptides,10
P56411,random,mhcii,num_strong_binders,0
P56411,random,mhcii,num_weak_binders,10
Q9ZK20,random,mhcii,score,0.37017134444444444
Q9ZK20,random,mhcii,percentile,2.6126666666666667
Q9ZK20,random,mhcii,num_peptides,90
Q9ZK20,random,mhcii,num_strong_binders,18
Q9ZK20,random,mhcii,num_weak_binders,72
B2USG1,random,mhcii,score,0.3828949672131148
B2USG1,random,mhcii,percentile,2.612704918032787
B2USG1,random,mhcii,num_peptides,122
B2USG1,random,mhcii,num_strong_binders,20
B2USG1,random,mhcii,num_weak_binders,102
B9XXL6,random,mhcii,score,0.3942690819672131
B9XXL6,random,mhcii,percentile,2.347213114754098
B9XXL6,random,mhcii,num_peptides,244
B9XXL6,random,mhcii,num_strong_binders,50
B9XXL6,random,mhcii,num_weak_binders,194
B2UTQ6,random,mhcii,score,0.3563242972972973
B2UTQ6,random,mhcii,percentile,2.792162162162162
B2UTQ6,random,mhcii,num_peptides,74
B2UTQ6,random,mhcii,num_strong_binders,8
B2UTQ6,random,mhcii,num_weak_binders,66
B6JPI5,random,mhcii,score,0.41174506896551727
B6JPI5,random,mhcii,percentile,2.487241379310345
B6JPI5,random,mhcii,num_peptides,29
B6JPI5,random,mhcii,num_strong_binders,8
B6JPI5,random,mhcii,num_weak_binders,21
P56046,random,mhcii,score,0.3327862222222222
P56046,random,mhcii,percentile,2.9066666666666667
P56046,random,mhcii,num_peptides,54
P56046,random,mhcii,num_strong_binders,6
P56046,random,mhcii,num_weak_binders,48
B5Z6E8,random,mhcii,score,0.39391918604651166
B5Z6E8,random,mhcii,percentile,2.443720930232558
B5Z6E8,random,mhcii,num_peptides,43
B5Z6E8,random,mhcii,num_strong_binders,8
B5Z6E8,random,mhcii,num_weak_binders,35
O25688,random,mhcii,score,0.4620392037037037
O25688,random,mhcii,percentile,2.080185185185185
O25688,random,mhcii,num_peptides,54
O25688,random,mhcii,num_strong_binders,16
O25688,random,mhcii,num_weak_binders,38
O26043,random,mhcii,score,0.40949198617511523
O26043,random,mhcii,percentile,2.4425345622119816
O26043,random,mhcii,num_peptides,217
O26043,random,mhcii,num_strong_binders,44
O26043,random,mhcii,num_weak_binders,173
B2UUR0,random,mhcii,score,0.4426125961538462
B2UUR0,random,mhcii,percentile,2.3023076923076924
B2UUR0,random,mhcii,num_peptides,52
B2UUR0,random,mhcii,num_strong_binders,14
B2UUR0,random,mhcii,num_weak_binders,38
Q9ZKQ7,random,mhcii,score,0.33935983333333336
Q9ZKQ7,random,mhcii,percentile,2.652222222222222
Q9ZKQ7,random,mhcii,num_peptides,180
Q9ZKQ7,random,mhcii,num_strong_binders,30
Q9ZKQ7,random,mhcii,num_weak_binders,150
O25679,random,mhcii,score,0.36226880116959065
O25679,random,mhcii,percentile,2.6230409356725146
O25679,random,mhcii,num_peptides,171
O25679,random,mhcii,num_strong_binders,26
O25679,random,mhcii,num_weak_binders,145
P64382,random,mhcii,score,0.3876837435897436
P64382,random,mhcii,percentile,2.2043589743589744
P64382,random,mhcii,num_peptides,39
P64382,random,mhcii,num_strong_binders,8
P64382,random,mhcii,num_weak_binders,31
Q1CTD7,random,mhcii,score,0.3808507733990148
Q1CTD7,random,mhcii,percentile,2.506847290640394
Q1CTD7,random,mhcii,num_peptides,203
Q1CTD7,random,mhcii,num_strong_binders,40
Q1CTD7,random,mhcii,num_weak_binders,163
B5Z9V7,random,mhcii,score,0.3038720821917808
B5Z9V7,random,mhcii,percentile,3.010342465753425
B5Z9V7,random,mhcii,num_peptides,146
B5Z9V7,random,mhcii,num_strong_binders,11
B5Z9V7,random,mhcii,num_weak_binders,135
Q48252,random,mhcii,score,0.4180294651162791
Q48252,random,mhcii,percentile,2.3739018087855297
Q48252,random,mhcii,num_peptides,387
Q48252,random,mhcii,num_strong_binders,101
Q48252,random,mhcii,num_weak_binders,286
Q48255,random,mhcii,score,0.2795082112676056
Q48255,random,mhcii,percentile,3.1319718309859157
Q48255,random,mhcii,num_peptides,71
Q48255,random,mhcii,num_strong_binders,7
Q48255,random,mhcii,num_weak_binders,64
B6JNE5,random,mhcii,score,0.31366332530120483
B6JNE5,random,mhcii,percentile,3.0243373493975905
B6JNE5,random,mhcii,num_peptides,83
B6JNE5,random,mhcii,num_strong_binders,7
B6JNE5,random,mhcii,num_weak_binders,76
B6JM61,random,mhcii,score,0.34976509941520467
B6JM61,random,mhcii,percentile,2.685204678362573
B6JM61,random,mhcii,num_peptides,171
B6JM61,random,mhcii,num_strong_binders,25
B6JM61,random,mhcii,num_weak_binders,146
P56191,random,mhcii,score,0.41868083139534884
P56191,random,mhcii,percentile,2.395348837209302
P56191,random,mhcii,num_peptides,172
P56191,random,mhcii,num_strong_binders,41
P56191,random,mhcii,num_weak_binders,131
P55977,random,mhcii,score,0.3438303656387665
P55977,random,mhcii,percentile,2.7569162995594714
P55977,random,mhcii,num_peptides,227
P55977,random,mhcii,num_strong_binders,35
P55977,random,mhcii,num_weak_binders,192
O25291,random,mhcii,score,0.46168420731707316
O25291,random,mhcii,percentile,2.351951219512195
O25291,random,mhcii,num_peptides,82
O25291,random,mhcii,num_strong_binders,18
O25291,random,mhcii,num_weak_binders,64
B5Z8P5,random,mhcii,score,0.3978204476190476
B5Z8P5,random,mhcii,percentile,2.446
B5Z8P5,random,mhcii,num_peptides,105
B5Z8P5,random,mhcii,num_strong_binders,27
B5Z8P5,random,mhcii,num_weak_binders,78
Q9ZKY2,random,mhcii,score,0.3933285813953488
Q9ZKY2,random,mhcii,percentile,2.6665891472868215
Q9ZKY2,random,mhcii,num_peptides,129
Q9ZKY2,random,mhcii,num_strong_binders,23
Q9ZKY2,random,mhcii,num_weak_binders,106
O25474,random,mhcii,score,0.4283887008547009
O25474,random,mhcii,percentile,2.371623931623932
O25474,random,mhcii,num_peptides,117
O25474,random,mhcii,num_strong_binders,31
O25474,random,mhcii,num_weak_binders,86
B5Z9W8,random,mhcii,score,0.4132894205128205
B5Z9W8,random,mhcii,percentile,2.181076923076923
B5Z9W8,random,mhcii,num_peptides,195
B5Z9W8,random,mhcii,num_strong_binders,47
B5Z9W8,random,mhcii,num_weak_binders,148
Q9ZM74,random,mhcii,score,0.2733432643678161
Q9ZM74,random,mhcii,percentile,3.2128735632183907
Q9ZM74,random,mhcii,num_peptides,87
Q9ZM74,random,mhcii,num_strong_binders,5
Q9ZM74,random,mhcii,num_weak_binders,82
B2UU37,random,mhcii,score,0.3777407748917749
B2UU37,random,mhcii,percentile,2.4332034632034634
B2UU37,random,mhcii,num_peptides,231
B2UU37,random,mhcii,num_strong_binders,48
B2UU37,random,mhcii,num_weak_binders,183
B5Z8J7,random,mhcii,score,0.3763876075949367
B5Z8J7,random,mhcii,percentile,2.59746835443038
B5Z8J7,random,mhcii,num_peptides,79
B5Z8J7,random,mhcii,num_strong_binders,12
B5Z8J7,random,mhcii,num_weak_binders,67
Q9ZMF0,random,mhcii,score,0.4076580267379679
Q9ZMF0,random,mhcii,percentile,2.2771657754010697
Q9ZMF0,random,mhcii,num_peptides,187
Q9ZMF0,random,mhcii,num_strong_binders,42
Q9ZMF0,random,mhcii,num_weak_binders,145
B6JLG3,random,mhcii,score,0.42863688489208635
B6JLG3,random,mhcii,percentile,2.2085611510791368
B6JLG3,random,mhcii,num_peptides,139
B6JLG3,random,mhcii,num_strong_binders,39
B6JLG3,random,mhcii,num_weak_binders,100
B6JLE8,random,mhcii,score,0.353019425
B6JLE8,random,mhcii,percentile,2.529166666666667
B6JLE8,random,mhcii,num_peptides,120
B6JLE8,random,mhcii,num_strong_binders,21
B6JLE8,random,mhcii,num_weak_binders,99
B6JNF0,random,mhcii,score,0.33235455
B6JNF0,random,mhcii,percentile,2.7841666666666667
B6JNF0,random,mhcii,num_peptides,60
B6JNF0,random,mhcii,num_strong_binders,12
B6JNF0,random,mhcii,num_weak_binders,48
P56120,random,mhcii,score,0.41632482
P56120,random,mhcii,percentile,2.6346
P56120,random,mhcii,num_peptides,50
P56120,random,mhcii,num_strong_binders,14
P56120,random,mhcii,num_weak_binders,36
Q1CV04,random,mhcii,score,0.39901819463087246
Q1CV04,random,mhcii,percentile,2.2461744966442954
Q1CV04,random,mhcii,num_peptides,149
Q1CV04,random,mhcii,num_strong_binders,35
Q1CV04,random,mhcii,num_weak_binders,114
O25157,random,mhcii,score,0.3683467642585551
O25157,random,mhcii,percentile,2.560342205323194
O25157,random,mhcii,num_peptides,263
O25157,random,mhcii,num_strong_binders,57
O25157,random,mhcii,num_weak_binders,206
B2UTK9,random,mhcii,score,0.4178294380952381
B2UTK9,random,mhcii,percentile,2.3886666666666665
B2UTK9,random,mhcii,num_peptides,105
B2UTK9,random,mhcii,num_strong_binders,24
B2UTK9,random,mhcii,num_weak_binders,81
B2UV81,random,mhcii,score,0.383378859375
B2UV81,random,mhcii,percentile,2.75796875
B2UV81,random,mhcii,num_peptides,64
B2UV81,random,mhcii,num_strong_binders,17
B2UV81,random,mhcii,num_weak_binders,47
Q9ZMG1,random,mhcii,score,0.500695
Q9ZMG1,random,mhcii,percentile,2.1356521739130434
Q9ZMG1,random,mhcii,num_peptides,23
Q9ZMG1,random,mhcii,num_strong_binders,6
Q9ZMG1,random,mhcii,num_weak_binders,17
Q9ZMK8,random,mhcii,score,0.3932614021164021
Q9ZMK8,random,mhcii,percentile,2.296243386243386
Q9ZMK8,random,mhcii,num_peptides,189
Q9ZMK8,random,mhcii,num_strong_binders,42
Q9ZMK8,random,mhcii,num_weak_binders,147
Q1CS66,random,mhcii,score,0.3763876075949367
Q1CS66,random,mhcii,percentile,2.59746835443038
Q1CS66,random,mhcii,num_peptides,79
Q1CS66,random,mhcii,num_strong_binders,12
Q1CS66,random,mhcii,num_weak_binders,67
Q1CRI6,random,mhcii,score,0.43771081196581196
Q1CRI6,random,mhcii,percentile,2.308119658119658
Q1CRI6,random,mhcii,num_peptides,117
Q1CRI6,random,mhcii,num_strong_binders,28
Q1CRI6,random,mhcii,num_weak_binders,89
Q1CUV9,random,mhcii,score,0.42368699145299143
Q1CUV9,random,mhcii,percentile,2.218205128205128
Q1CUV9,random,mhcii,num_peptides,117
Q1CUV9,random,mhcii,num_strong_binders,27
Q1CUV9,random,mhcii,num_weak_binders,90
O25028,random,mhcii,score,0.36804356216216216
O25028,random,mhcii,percentile,2.5835675675675676
O25028,random,mhcii,num_peptides,185
O25028,random,mhcii,num_strong_binders,36
O25028,random,mhcii,num_weak_binders,149
Q9ZMF2,random,mhcii,score,0.39776053846153847
Q9ZMF2,random,mhcii,percentile,2.5739102564102563
Q9ZMF2,random,mhcii,num_peptides,156
Q9ZMF2,random,mhcii,num_strong_binders,29
Q9ZMF2,random,mhcii,num_weak_binders,127
B2UU74,random,mhcii,score,0.3453473777777778
B2UU74,random,mhcii,percentile,2.7296296296296294
B2UU74,random,mhcii,num_peptides,135
B2UU74,random,mhcii,num_strong_binders,23
B2UU74,random,mhcii,num_weak_binders,112
P66119,random,mhcii,score,0.37047453846153844
P66119,random,mhcii,percentile,2.772692307692308
P66119,random,mhcii,num_peptides,52
P66119,random,mhcii,num_strong_binders,8
P66119,random,mhcii,num_weak_binders,44
Q9ZKY8,random,mhcii,score,0.3354583943661972
Q9ZKY8,random,mhcii,percentile,2.6571830985915494
Q9ZKY8,random,mhcii,num_peptides,71
Q9ZKY8,random,mhcii,num_strong_binders,13
Q9ZKY8,random,mhcii,num_weak_binders,58
Q9ZJR5,random,mhcii,score,0.383378859375
Q9ZJR5,random,mhcii,percentile,2.75796875
Q9ZJR5,random,mhcii,num_peptides,64
Q9ZJR5,random,mhcii,num_strong_binders,17
Q9ZJR5,random,mhcii,num_weak_binders,47
P56144,random,mhcii,score,0.36497746666666664
P56144,random,mhcii,percentile,2.5925555555555557
P56144,random,mhcii,num_peptides,90
P56144,random,mhcii,num_strong_binders,18
P56144,random,mhcii,num_weak_binders,72
Q9ZLC8,random,mhcii,score,0.42571893719806764
Q9ZLC8,random,mhcii,percentile,2.352270531400966
Q9ZLC8,random,mhcii,num_peptides,207
Q9ZLC8,random,mhcii,num_strong_binders,54
Q9ZLC8,random,mhcii,num_weak_binders,153
B2USN5,random,mhcii,score,0.4620392037037037
B2USN5,random,mhcii,percentile,2.080185185185185
B2USN5,random,mhcii,num_peptides,54
B2USN5,random,mhcii,num_strong_binders,16
B2USN5,random,mhcii,num_weak_binders,38
P55994,random,mhcii,score,0.38981514457831323
P55994,random,mhcii,percentile,2.352228915662651
P55994,random,mhcii,num_peptides,332
P55994,random,mhcii,num_strong_binders,83
P55994,random,mhcii,num_weak_binders,249
Q9ZM39,random,mhcii,score,0.3555744
Q9ZM39,random,mhcii,percentile,2.90325
Q9ZM39,random,mhcii,num_peptides,40
Q9ZM39,random,mhcii,num_strong_binders,5
Q9ZM39,random,mhcii,num_weak_binders,35
Q9ZM94,random,mhcii,score,0.40102882389937106
Q9ZM94,random,mhcii,percentile,2.4232075471698113
Q9ZM94,random,mhcii,num_peptides,318
Q9ZM94,random,mhcii,num_strong_binders,58
Q9ZM94,random,mhcii,num_weak_binders,260
Q9ZM13,random,mhcii,score,0.3586082
Q9ZM13,random,mhcii,percentile,2.755076923076923
Q9ZM13,random,mhcii,num_peptides,130
Q9ZM13,random,mhcii,num_strong_binders,19
Q9ZM13,random,mhcii,num_weak_binders,111
Q09068,random,mhcii,score,0.3908378695652174
Q09068,random,mhcii,percentile,2.7056521739130437
Q09068,random,mhcii,num_peptides,46
Q09068,random,mhcii,num_strong_binders,7
Q09068,random,mhcii,num_weak_binders,39
Q9ZMH1,random,mhcii,score,0.3965217075098814
Q9ZMH1,random,mhcii,percentile,2.324901185770751
Q9ZMH1,random,mhcii,num_peptides,506
Q9ZMH1,random,mhcii,num_strong_binders,125
Q9ZMH1,random,mhcii,num_weak_binders,381
P56456,random,mhcii,score,0.41214107710843373
P56456,random,mhcii,percentile,2.2955903614457833
P56456,random,mhcii,num_peptides,415
P56456,random,mhcii,num_strong_binders,101
P56456,random,mhcii,num_weak_binders,314
O25610,random,mhcii,score,0.35717675925925924
O25610,random,mhcii,percentile,2.666574074074074
O25610,random,mhcii,num_peptides,108
O25610,random,mhcii,num_strong_binders,10
O25610,random,mhcii,num_weak_binders,98
Q9ZK27,random,mhcii,score,0.38212627804878047
Q9ZK27,random,mhcii,percentile,2.514780487804878
Q9ZK27,random,mhcii,num_peptides,205
Q9ZK27,random,mhcii,num_strong_binders,31
Q9ZK27,random,mhcii,num_weak_binders,174
B6JPT1,random,mhcii,score,0.39475581569965873
B6JPT1,random,mhcii,percentile,2.572116040955631
B6JPT1,random,mhcii,num_peptides,293
B6JPT1,random,mhcii,num_strong_binders,56
B6JPT1,random,mhcii,num_weak_binders,237
B6JKX5,random,mhcii,score,0.36658870333988214
B6JKX5,random,mhcii,percentile,2.553025540275049
B6JKX5,random,mhcii,num_peptides,509
B6JKX5,random,mhcii,num_strong_binders,108
B6JKX5,random,mhcii,num_weak_binders,401
O26009,random,mhcii,score,0.36598173333333334
O26009,random,mhcii,percentile,2.2565555555555554
O26009,random,mhcii,num_peptides,90
O26009,random,mhcii,num_strong_binders,21
O26009,random,mhcii,num_weak_binders,69
Q9ZJZ7,random,mhcii,score,0.38114920444444444
Q9ZJZ7,random,mhcii,percentile,2.4096444444444445
Q9ZJZ7,random,mhcii,num_peptides,225
Q9ZJZ7,random,mhcii,num_strong_binders,50
Q9ZJZ7,random,mhcii,num_weak_binders,175
Q1CS87,random,mhcii,score,0.3545721472392638
Q1CS87,random,mhcii,percentile,2.699631901840491
Q1CS87,random,mhcii,num_peptides,163
Q1CS87,random,mhcii,num_strong_binders,23
Q1CS87,random,mhcii,num_weak_binders,140
Q1CRU8,random,mhcii,score,0.33235455
Q1CRU8,random,mhcii,percentile,2.7841666666666667
Q1CRU8,random,mhcii,num_peptides,60
Q1CRU8,random,mhcii,num_strong_binders,12
Q1CRU8,random,mhcii,num_weak_binders,48
P56071,random,mhcii,score,0.43554935483870966
P56071,random,mhcii,percentile,2.2924193548387097
P56071,random,mhcii,num_peptides,310
P56071,random,mhcii,num_strong_binders,84
P56071,random,mhcii,num_weak_binders,226
Q1CS25,random,mhcii,score,0.36766517054263564
Q1CS25,random,mhcii,percentile,2.52937984496124
Q1CS25,random,mhcii,num_peptides,129
Q1CS25,random,mhcii,num_strong_binders,22
Q1CS25,random,mhcii,num_weak_binders,107
O26106,random,mhcii,score,0.38456359420289854
O26106,random,mhcii,percentile,2.6142028985507246
O26106,random,mhcii,num_peptides,69
O26106,random,mhcii,num_strong_binders,13
O26106,random,mhcii,num_weak_binders,56
B2USD7,random,mhcii,score,0.39790732624113473
B2USD7,random,mhcii,percentile,2.5024113475177305
B2USD7,random,mhcii,num_peptides,141
B2USD7,random,mhcii,num_strong_binders,32
B2USD7,random,mhcii,num_weak_binders,109
Q1CUW5,random,mhcii,score,0.38173738693467335
Q1CUW5,random,mhcii,percentile,2.4004020100502514
Q1CUW5,random,mhcii,num_peptides,199
Q1CUW5,random,mhcii,num_strong_binders,40
Q1CUW5,random,mhcii,num_weak_binders,159
O25851,random,mhcii,score,0.3716599074074074
O25851,random,mhcii,percentile,2.4029629629629627
O25851,random,mhcii,num_peptides,54
O25851,random,mhcii,num_strong_binders,6
O25851,random,mhcii,num_weak_binders,48
Q9ZM69,random,mhcii,score,0.3907060123076923
Q9ZM69,random,mhcii,percentile,2.4629538461538463
Q9ZM69,random,mhcii,num_peptides,325
Q9ZM69,random,mhcii,num_strong_binders,69
Q9ZM69,random,mhcii,num_weak_binders,256
P56040,random,mhcii,score,0.40490098148148146
P56040,random,mhcii,percentile,2.246111111111111
P56040,random,mhcii,num_peptides,54
P56040,random,mhcii,num_strong_binders,14
P56040,random,mhcii,num_weak_binders,40
B2UV70,random,mhcii,score,0.31366332530120483
B2UV70,random,mhcii,percentile,3.0243373493975905
B2UV70,random,mhcii,num_peptides,83
B2UV70,random,mhcii,num_strong_binders,7
B2UV70,random,mhcii,num_weak_binders,76
B2UT98,random,mhcii,score,0.3808507733990148
B2UT98,random,mhcii,percentile,2.506847290640394
B2UT98,random,mhcii,num_peptides,203
B2UT98,random,mhcii,num_strong_binders,40
B2UT98,random,mhcii,num_weak_binders,163
Q9ZL09,random,mhcii,score,0.37872761751152073
Q9ZL09,random,mhcii,percentile,2.4408755760368663
Q9ZL09,random,mhcii,num_peptides,217
Q9ZL09,random,mhcii,num_strong_binders,53
Q9ZL09,random,mhcii,num_weak_binders,164
B2UTX4,random,mhcii,score,0.3950653670886076
B2UTX4,random,mhcii,percentile,2.449240506329114
B2UTX4,random,mhcii,num_peptides,79
B2UTX4,random,mhcii,num_strong_binders,13
B2UTX4,random,mhcii,num_weak_binders,66
Q1CUI3,random,mhcii,score,0.4030238908450704
Q1CUI3,random,mhcii,percentile,2.3958098591549297
Q1CUI3,random,mhcii,num_peptides,284
Q1CUI3,random,mhcii,num_strong_binders,64
Q1CUI3,random,mhcii,num_weak_binders,220
B6JL99,random,mhcii,score,0.38710763448275864
B6JL99,random,mhcii,percentile,2.5140689655172412
B6JL99,random,mhcii,num_peptides,145
B6JL99,random,mhcii,num_strong_binders,30
B6JL99,random,mhcii,num_weak_binders,115
Q9ZKM7,random,mhcii,score,0.4040547191011236
Q9ZKM7,random,mhcii,percentile,2.386123595505618
Q9ZKM7,random,mhcii,num_peptides,178
Q9ZKM7,random,mhcii,num_strong_binders,40
Q9ZKM7,random,mhcii,num_weak_binders,138
Q1CU35,random,mhcii,score,0.41668882105263155
Q1CU35,random,mhcii,percentile,2.416315789473684
Q1CU35,random,mhcii,num_peptides,190
Q1CU35,random,mhcii,num_strong_binders,38
Q1CU35,random,mhcii,num_weak_binders,152
B6JN25,random,mhcii,score,0.36460870212765956
B6JN25,random,mhcii,percentile,2.45
B6JN25,random,mhcii,num_peptides,94
B6JN25,random,mhcii,num_strong_binders,17
B6JN25,random,mhcii,num_weak_binders,77
Q9ZJX4,random,mhcii,score,0.3820140198675497
Q9ZJX4,random,mhcii,percentile,2.5576158940397353
Q9ZJX4,random,mhcii,num_peptides,151
Q9ZJX4,random,mhcii,num_strong_binders,33
Q9ZJX4,random,mhcii,num_weak_binders,118
Q1CSR0,random,mhcii,score,0.347830421875
Q1CSR0,random,mhcii,percentile,2.769453125
Q1CSR0,random,mhcii,num_peptides,128
Q1CSR0,random,mhcii,num_strong_binders,18
Q1CSR0,random,mhcii,num_weak_binders,110
Q9ZJY9,random,mhcii,score,0.3692052777777778
Q9ZJY9,random,mhcii,percentile,2.5321527777777777
Q9ZJY9,random,mhcii,num_peptides,144
Q9ZJY9,random,mhcii,num_strong_binders,23
Q9ZJY9,random,mhcii,num_weak_binders,121
Q1CT35,random,mhcii,score,0.37872761751152073
Q1CT35,random,mhcii,percentile,2.4408755760368663
Q1CT35,random,mhcii,num_peptides,217
Q1CT35,random,mhcii,num_strong_binders,53
Q1CT35,random,mhcii,num_weak_binders,164
Q1CU98,random,mhcii,score,0.3555744
Q1CU98,random,mhcii,percentile,2.90325
Q1CU98,random,mhcii,num_peptides,40
Q1CU98,random,mhcii,num_strong_binders,5
Q1CU98,random,mhcii,num_weak_binders,35
Q1CRJ9,random,mhcii,score,0.27251480722891563
Q1CRJ9,random,mhcii,percentile,3.0434939759036146
Q1CRJ9,random,mhcii,num_peptides,83
Q1CRJ9,random,mhcii,num_strong_binders,8
Q1CRJ9,random,mhcii,num_weak_binders,75
Q1CR79,random,mhcii,score,0.37771354098360654
Q1CR79,random,mhcii,percentile,2.5879508196721313
Q1CR79,random,mhcii,num_peptides,122
Q1CR79,random,mhcii,num_strong_binders,24
Q1CR79,random,mhcii,num_weak_binders,98
O25970,random,mhcii,score,0.3206468629032258
O25970,random,mhcii,percentile,2.8768548387096775
O25970,random,mhcii,num_peptides,124
O25970,random,mhcii,num_strong_binders,13
O25970,random,mhcii,num_weak_binders,111
O25827,random,mhcii,score,0.38114920444444444
O25827,random,mhcii,percentile,2.4096444444444445
O25827,random,mhcii,num_peptides,225
O25827,random,mhcii,num_strong_binders,50
O25827,random,mhcii,num_weak_binders,175
B5Z8S5,random,mhcii,score,0.30324775
B5Z8S5,random,mhcii,percentile,2.8152777777777778
B5Z8S5,random,mhcii,num_peptides,72
B5Z8S5,random,mhcii,num_strong_binders,9
B5Z8S5,random,mhcii,num_weak_binders,63
B5Z6Y9,random,mhcii,score,0.4178294380952381
B5Z6Y9,random,mhcii,percentile,2.3886666666666665
B5Z6Y9,random,mhcii,num_peptides,105
B5Z6Y9,random,mhcii,num_strong_binders,24
B5Z6Y9,random,mhcii,num_weak_binders,81
Q9ZJ57,random,mhcii,score,0.37548606342494717
Q9ZJ57,random,mhcii,percentile,2.5524735729386894
Q9ZJ57,random,mhcii,num_peptides,473
Q9ZJ57,random,mhcii,num_strong_binders,88
Q9ZJ57,random,mhcii,num_weak_binders,385
Q9ZMR3,random,mhcii,score,0.38717048095238094
Q9ZMR3,random,mhcii,percentile,2.376
Q9ZMR3,random,mhcii,num_peptides,210
Q9ZMR3,random,mhcii,num_strong_binders,47
Q9ZMR3,random,mhcii,num_weak_binders,163
Q9ZJE4,random,mhcii,score,0.32250703571428574
Q9ZJE4,random,mhcii,percentile,2.8410714285714285
Q9ZJE4,random,mhcii,num_peptides,56
Q9ZJE4,random,mhcii,num_strong_binders,9
Q9ZJE4,random,mhcii,num_weak_binders,47
B2US06,random,mhcii,score,0.4027670819672131
B2US06,random,mhcii,percentile,2.331229508196721
B2US06,random,mhcii,num_peptides,122
B2US06,random,mhcii,num_strong_binders,32
B2US06,random,mhcii,num_weak_binders,90
O25008,random,mhcii,score,0.3919395923913043
O25008,random,mhcii,percentile,2.3629347826086957
O25008,random,mhcii,num_peptides,184
O25008,random,mhcii,num_strong_binders,41
O25008,random,mhcii,num_weak_binders,143
B6JN17,random,mhcii,score,0.3839729365079365
B6JN17,random,mhcii,percentile,2.614603174603175
B6JN17,random,mhcii,num_peptides,63
B6JN17,random,mhcii,num_strong_binders,14
B6JN17,random,mhcii,num_weak_binders,49
O25595,random,mhcii,score,0.3648416174242424
O25595,random,mhcii,percentile,2.673787878787879
O25595,random,mhcii,num_peptides,264
O25595,random,mhcii,num_strong_binders,45
O25595,random,mhcii,num_weak_binders,219
Q1CUK9,random,mhcii,score,0.43910828571428573
Q1CUK9,random,mhcii,percentile,2.269624060150376
Q1CUK9,random,mhcii,num_peptides,133
Q1CUK9,random,mhcii,num_strong_binders,32
Q1CUK9,random,mhcii,num_weak_binders,101
P56141,random,mhcii,score,0.36637695488721805
P56141,random,mhcii,percentile,2.6613533834586467
P56141,random,mhcii,num_peptides,133
P56141,random,mhcii,num_strong_binders,22
P56141,random,mhcii,num_weak_binders,111
Q9ZJS2,random,mhcii,score,0.403322301369863
Q9ZJS2,random,mhcii,percentile,2.4261643835616438
Q9ZJS2,random,mhcii,num_peptides,73
Q9ZJS2,random,mhcii,num_strong_binders,14
Q9ZJS2,random,mhcii,num_weak_binders,59
P64664,random,mhcii,score,0.3813198823529412
P64664,random,mhcii,percentile,2.4585714285714286
P64664,random,mhcii,num_peptides,119
P64664,random,mhcii,num_strong_binders,27
P64664,random,mhcii,num_weak_binders,92
O25703,random,mhcii,score,0.4607058909090909
O25703,random,mhcii,percentile,2.238909090909091
O25703,random,mhcii,num_peptides,110
O25703,random,mhcii,num_strong_binders,35
O25703,random,mhcii,num_weak_binders,75
B6JNX2,random,mhcii,score,0.36598173333333334
B6JNX2,random,mhcii,percentile,2.2565555555555554
B6JNX2,random,mhcii,num_peptides,90
B6JNX2,random,mhcii,num_strong_binders,21
B6JNX2,random,mhcii,num_weak_binders,69
Q9ZLN3,random,mhcii,score,0.3957596574585635
Q9ZLN3,random,mhcii,percentile,2.522099447513812
Q9ZLN3,random,mhcii,num_peptides,181
Q9ZLN3,random,mhcii,num_strong_binders,38
Q9ZLN3,random,mhcii,num_weak_binders,143
Q1CRZ1,random,mhcii,score,0.2840684230769231
Q1CRZ1,random,mhcii,percentile,2.983846153846154
Q1CRZ1,random,mhcii,num_peptides,26
Q1CRZ1,random,mhcii,num_strong_binders,0
Q1CRZ1,random,mhcii,num_weak_binders,26
Q9ZMB9,random,mhcii,score,0.4030238908450704
Q9ZMB9,random,mhcii,percentile,2.3958098591549297
Q9ZMB9,random,mhcii,num_peptides,284
Q9ZMB9,random,mhcii,num_strong_binders,64
Q9ZMB9,random,mhcii,num_weak_binders,220
P80200,random,mhcii,score,0.3566297340425532
P80200,random,mhcii,percentile,2.5501418439716312
P80200,random,mhcii,num_peptides,564
P80200,random,mhcii,num_strong_binders,116
P80200,random,mhcii,num_weak_binders,448
O25099,random,mhcii,score,0.3997287435897436
O25099,random,mhcii,percentile,2.48
O25099,random,mhcii,num_peptides,39
O25099,random,mhcii,num_strong_binders,11
O25099,random,mhcii,num_weak_binders,28
Q1CV86,random,mhcii,score,0.4076215208333333
Q1CV86,random,mhcii,percentile,2.1336458333333335
Q1CV86,random,mhcii,num_peptides,96
Q1CV86,random,mhcii,num_strong_binders,26
Q1CV86,random,mhcii,num_weak_binders,70
B6JMX4,random,mhcii,score,0.40246265737051795
B6JMX4,random,mhcii,percentile,2.467450199203187
B6JMX4,random,mhcii,num_peptides,251
B6JMX4,random,mhcii,num_strong_binders,58
B6JMX4,random,mhcii,num_weak_binders,193
B2UUW2,random,mhcii,score,0.3763876075949367
B2UUW2,random,mhcii,percentile,2.59746835443038
B2UUW2,random,mhcii,num_peptides,79
B2UUW2,random,mhcii,num_strong_binders,12
B2UUW2,random,mhcii,num_weak_binders,67
O25963,random,mhcii,score,0.4110964587155963
O25963,random,mhcii,percentile,2.336238532110092
O25963,random,mhcii,num_peptides,109
O25963,random,mhcii,num_strong_binders,27
O25963,random,mhcii,num_weak_binders,82
B6JKG9,random,mhcii,score,0.41627312765957447
B6JKG9,random,mhcii,percentile,2.40354609929078
B6JKG9,random,mhcii,num_peptides,282
B6JKG9,random,mhcii,num_strong_binders,60
B6JKG9,random,mhcii,num_weak_binders,222
Q9ZJX9,random,mhcii,score,0.3720951274131274
Q9ZJX9,random,mhcii,percentile,2.664092664092664
Q9ZJX9,random,mhcii,num_peptides,259
Q9ZJX9,random,mhcii,num_strong_binders,46
Q9ZJX9,random,mhcii,num_weak_binders,213
Q9ZJJ4,random,mhcii,score,0.4110964587155963
Q9ZJJ4,random,mhcii,percentile,2.336238532110092
Q9ZJJ4,random,mhcii,num_peptides,109
Q9ZJJ4,random,mhcii,num_strong_binders,27
Q9ZJJ4,random,mhcii,num_weak_binders,82
P56128,random,mhcii,score,0.4030238908450704
P56128,random,mhcii,percentile,2.3958098591549297
P56128,random,mhcii,num_peptides,284
P56128,random,mhcii,num_strong_binders,64
P56128,random,mhcii,num_weak_binders,220
B5ZAB8,random,mhcii,score,0.3537575307443366
B5ZAB8,random,mhcii,percentile,2.62126213592233
B5ZAB8,random,mhcii,num_peptides,309
B5ZAB8,random,mhcii,num_strong_binders,53
B5ZAB8,random,mhcii,num_weak_binders,256
B2UV20,random,mhcii,score,0.402091085106383
B2UV20,random,mhcii,percentile,2.2315602836879433
B2UV20,random,mhcii,num_peptides,141
B2UV20,random,mhcii,num_strong_binders,30
B2UV20,random,mhcii,num_weak_binders,111
Q1CRB7,random,mhcii,score,0.32250703571428574
Q1CRB7,random,mhcii,percentile,2.8410714285714285
Q1CRB7,random,mhcii,num_peptides,56
Q1CRB7,random,mhcii,num_strong_binders,9
Q1CRB7,random,mhcii,num_weak_binders,47
O25516,random,mhcii,score,0.38634359589041095
O25516,random,mhcii,percentile,2.419794520547945
O25516,random,mhcii,num_peptides,146
O25516,random,mhcii,num_strong_binders,34
O25516,random,mhcii,num_weak_binders,112
Q1CSQ0,random,mhcii,score,0.4040547191011236
Q1CSQ0,random,mhcii,percentile,2.386123595505618
Q1CSQ0,random,mhcii,num_peptides,178
Q1CSQ0,random,mhcii,num_strong_binders,40
Q1CSQ0,random,mhcii,num_weak_binders,138
O24926,random,mhcii,score,0.40337994074074074
O24926,random,mhcii,percentile,2.3685185185185187
O24926,random,mhcii,num_peptides,135
O24926,random,mhcii,num_strong_binders,35
O24926,random,mhcii,num_weak_binders,100
O25971,random,mhcii,score,0.39336875757575757
O25971,random,mhcii,percentile,2.558939393939394
O25971,random,mhcii,num_peptides,132
O25971,random,mhcii,num_strong_binders,21
O25971,random,mhcii,num_weak_binders,111
Q9ZKB3,random,mhcii,score,0.38292837827715354
Q9ZKB3,random,mhcii,percentile,2.5356554307116106
Q9ZKB3,random,mhcii,num_peptides,267
Q9ZKB3,random,mhcii,num_strong_binders,45
Q9ZKB3,random,mhcii,num_weak_binders,222
B2UUU1,random,mhcii,score,0.3839729365079365
B2UUU1,random,mhcii,percentile,2.614603174603175
B2UUU1,random,mhcii,num_peptides,63
B2UUU1,random,mhcii,num_strong_binders,14
B2UUU1,random,mhcii,num_weak_binders,49
O25531,random,mhcii,score,0.34053842647058824
O25531,random,mhcii,percentile,2.6375
O25531,random,mhcii,num_peptides,68
O25531,random,mhcii,num_strong_binders,13
O25531,random,mhcii,num_weak_binders,55
B2UV74,random,mhcii,score,0.24488427272727273
B2UV74,random,mhcii,percentile,3.2145454545454544
B2UV74,random,mhcii,num_peptides,22
B2UV74,random,mhcii,num_strong_binders,0
B2UV74,random,mhcii,num_weak_binders,22
B2UW06,random,mhcii,score,0.3359420172413793
B2UW06,random,mhcii,percentile,2.6175862068965516
B2UW06,random,mhcii,num_peptides,58
B2UW06,random,mhcii,num_strong_binders,6
B2UW06,random,mhcii,num_weak_binders,52
B2UTC1,random,mhcii,score,0.4148179307692308
B2UTC1,random,mhcii,percentile,2.381846153846154
B2UTC1,random,mhcii,num_peptides,130
B2UTC1,random,mhcii,num_strong_binders,33
B2UTC1,random,mhcii,num_weak_binders,97
Q1CUZ6,random,mhcii,score,0.3708855652173913
Q1CUZ6,random,mhcii,percentile,2.6330434782608694
Q1CUZ6,random,mhcii,num_peptides,92
Q1CUZ6,random,mhcii,num_strong_binders,14
Q1CUZ6,random,mhcii,num_weak_binders,78
Q9ZJL5,random,mhcii,score,0.3525529871794872
Q9ZJL5,random,mhcii,percentile,2.614358974358974
Q9ZJL5,random,mhcii,num_peptides,78
Q9ZJL5,random,mhcii,num_strong_binders,16
Q9ZJL5,random,mhcii,num_weak_binders,62
Q9ZJS6,random,mhcii,score,0.3219832738095238
Q9ZJS6,random,mhcii,percentile,2.826547619047619
Q9ZJS6,random,mhcii,num_peptides,84
Q9ZJS6,random,mhcii,num_strong_binders,7
Q9ZJS6,random,mhcii,num_weak_binders,77
Q9ZJX2,random,mhcii,score,0.3627280263157895
Q9ZJX2,random,mhcii,percentile,2.825
Q9ZJX2,random,mhcii,num_peptides,38
Q9ZJX2,random,mhcii,num_strong_binders,3
Q9ZJX2,random,mhcii,num_weak_binders,35
Q9ZKM3,random,mhcii,score,0.36864956013745703
Q9ZKM3,random,mhcii,percentile,2.4697594501718214
Q9ZKM3,random,mhcii,num_peptides,291
Q9ZKM3,random,mhcii,num_strong_binders,52
Q9ZKM3,random,mhcii,num_weak_binders,239
Q1CSZ2,random,mhcii,score,0.4222617391304348
Q1CSZ2,random,mhcii,percentile,2.2575
Q1CSZ2,random,mhcii,num_peptides,92
Q1CSZ2,random,mhcii,num_strong_binders,25
Q1CSZ2,random,mhcii,num_weak_binders,67
Q9ZM81,random,mhcii,score,0.3774200510948905
Q9ZM81,random,mhcii,percentile,2.4884671532846716
Q9ZM81,random,mhcii,num_peptides,137
Q9ZM81,random,mhcii,num_strong_binders,28
Q9ZM81,random,mhcii,num_weak_binders,109
B6JKG3,random,mhcii,score,0.36780742342342343
B6JKG3,random,mhcii,percentile,2.622342342342342
B6JKG3,random,mhcii,num_peptides,111
B6JKG3,random,mhcii,num_strong_binders,18
B6JKG3,random,mhcii,num_weak_binders,93
Q9ZJJ9,random,mhcii,score,0.5191220303030303
Q9ZJJ9,random,mhcii,percentile,2.0995454545454546
Q9ZJJ9,random,mhcii,num_peptides,66
Q9ZJJ9,random,mhcii,num_strong_binders,21
Q9ZJJ9,random,mhcii,num_weak_binders,45
P56044,random,mhcii,score,0.37958355813953487
P56044,random,mhcii,percentile,2.922093023255814
P56044,random,mhcii,num_peptides,43
P56044,random,mhcii,num_strong_binders,8
P56044,random,mhcii,num_weak_binders,35
Q1CTA1,random,mhcii,score,0.4634176525423729
Q1CTA1,random,mhcii,percentile,2.1729661016949153
Q1CTA1,random,mhcii,num_peptides,118
Q1CTA1,random,mhcii,num_strong_binders,32
Q1CTA1,random,mhcii,num_weak_binders,86
Q9ZKS6,random,mhcii,score,0.3796348552631579
Q9ZKS6,random,mhcii,percentile,2.5627631578947367
Q9ZKS6,random,mhcii,num_peptides,76
Q9ZKS6,random,mhcii,num_strong_binders,13
Q9ZKS6,random,mhcii,num_weak_binders,63
Q9ZJI7,random,mhcii,score,0.27251480722891563
Q9ZJI7,random,mhcii,percentile,3.0434939759036146
Q9ZJI7,random,mhcii,num_peptides,83
Q9ZJI7,random,mhcii,num_strong_binders,8
Q9ZJI7,random,mhcii,num_weak_binders,75
P56109,random,mhcii,score,0.39462554945054945
P56109,random,mhcii,percentile,2.2751648351648353
P56109,random,mhcii,num_peptides,182
P56109,random,mhcii,num_strong_binders,44
P56109,random,mhcii,num_weak_binders,138
B2UU76,random,mhcii,score,0.40179726388888887
B2UU76,random,mhcii,percentile,2.275
B2UU76,random,mhcii,num_peptides,72
B2UU76,random,mhcii,num_strong_binders,15
B2UU76,random,mhcii,num_weak_binders,57
Q9ZJF1,random,mhcii,score,0.3937154230769231
Q9ZJF1,random,mhcii,percentile,2.466025641025641
Q9ZJF1,random,mhcii,num_peptides,156
Q9ZJF1,random,mhcii,num_strong_binders,30
Q9ZJF1,random,mhcii,num_weak_binders,126
B2UVE0,random,mhcii,score,0.4407824810126582
B2UVE0,random,mhcii,percentile,2.1608860759493673
B2UVE0,random,mhcii,num_peptides,79
B2UVE0,random,mhcii,num_strong_binders,21
B2UVE0,random,mhcii,num_weak_binders,58
P71408,random,mhcii,score,0.3589992424242424
P71408,random,mhcii,percentile,2.5877056277056276
P71408,random,mhcii,num_peptides,231
P71408,random,mhcii,num_strong_binders,44
P71408,random,mhcii,num_weak_binders,187
O25088,random,mhcii,score,0.37527417647058825
O25088,random,mhcii,percentile,2.991764705882353
O25088,random,mhcii,num_peptides,17
O25088,random,mhcii,num_strong_binders,0
O25088,random,mhcii,num_weak_binders,17
B5Z7V8,random,mhcii,score,0.3876312588235294
B5Z7V8,random,mhcii,percentile,2.635529411764706
B5Z7V8,random,mhcii,num_peptides,85
B5Z7V8,random,mhcii,num_strong_binders,20
B5Z7V8,random,mhcii,num_weak_binders,65
Q9ZJU8,random,mhcii,score,0.4255111743119266
Q9ZJU8,random,mhcii,percentile,2.3534403669724773
Q9ZJU8,random,mhcii,num_peptides,218
Q9ZJU8,random,mhcii,num_strong_binders,53
Q9ZJU8,random,mhcii,num_weak_binders,165
B2UVC1,random,mhcii,score,0.4202781428571429
B2UVC1,random,mhcii,percentile,2.2064596273291928
B2UVC1,random,mhcii,num_peptides,161
B2UVC1,random,mhcii,num_strong_binders,47
B2UVC1,random,mhcii,num_weak_binders,114
P56420,random,mhcii,score,0.35675309328358207
P56420,random,mhcii,percentile,2.5500746268656718
P56420,random,mhcii,num_peptides,268
P56420,random,mhcii,num_strong_binders,48
P56420,random,mhcii,num_weak_binders,220
Q1CS23,random,mhcii,score,0.4076957848101266
Q1CS23,random,mhcii,percentile,2.456329113924051
Q1CS23,random,mhcii,num_peptides,79
Q1CS23,random,mhcii,num_strong_binders,17
Q1CS23,random,mhcii,num_weak_binders,62
Q9ZME5,random,mhcii,score,0.3850218558951965
Q9ZME5,random,mhcii,percentile,2.4201310043668123
Q9ZME5,random,mhcii,num_peptides,229
Q9ZME5,random,mhcii,num_strong_binders,47
Q9ZME5,random,mhcii,num_weak_binders,182
Q9ZJ65,random,mhcii,score,0.43732058783783784
Q9ZJ65,random,mhcii,percentile,2.2331756756756755
Q9ZJ65,random,mhcii,num_peptides,148
Q9ZJ65,random,mhcii,num_strong_binders,32
Q9ZJ65,random,mhcii,num_weak_binders,116
Q9ZJM5,random,mhcii,score,0.3661640982905983
Q9ZJM5,random,mhcii,percentile,2.5375641025641027
Q9ZJM5,random,mhcii,num_peptides,234
Q9ZJM5,random,mhcii,num_strong_binders,43
Q9ZJM5,random,mhcii,num_weak_binders,191
Q9ZKR8,random,mhcii,score,0.34940423188405795
Q9ZKR8,random,mhcii,percentile,2.6343478260869566
Q9ZKR8,random,mhcii,num_peptides,69
Q9ZKR8,random,mhcii,num_strong_binders,11
Q9ZKR8,random,mhcii,num_weak_binders,58
B2USG3,random,mhcii,score,0.3997287435897436
B2USG3,random,mhcii,percentile,2.48
B2USG3,random,mhcii,num_peptides,39
B2USG3,random,mhcii,num_strong_binders,11
B2USG3,random,mhcii,num_weak_binders,28
B2USY3,random,mhcii,score,0.3892099527027027
B2USY3,random,mhcii,percentile,2.4097297297297295
B2USY3,random,mhcii,num_peptides,148
B2USY3,random,mhcii,num_strong_binders,35
B2USY3,random,mhcii,num_weak_binders,113
O25766,random,mhcii,score,0.38873718269230767
O25766,random,mhcii,percentile,2.5340384615384615
O25766,random,mhcii,num_peptides,104
O25766,random,mhcii,num_strong_binders,19
O25766,random,mhcii,num_weak_binders,85
B6JNE2,random,mhcii,score,0.370727224137931
B6JNE2,random,mhcii,percentile,2.5317241379310347
B6JNE2,random,mhcii,num_peptides,58
B6JNE2,random,mhcii,num_strong_binders,12
B6JNE2,random,mhcii,num_weak_binders,46
Q9ZMV7,random,mhcii,score,0.42312935885167463
Q9ZMV7,random,mhcii,percentile,2.2723923444976077
Q9ZMV7,random,mhcii,num_peptides,418
Q9ZMV7,random,mhcii,num_strong_binders,119
Q9ZMV7,random,mhcii,num_weak_binders,299
Q9ZK75,random,mhcii,score,0.39297593478260867
Q9ZK75,random,mhcii,percentile,2.3516666666666666
Q9ZK75,random,mhcii,num_peptides,138
Q9ZK75,random,mhcii,num_strong_binders,30
Q9ZK75,random,mhcii,num_weak_binders,108
O25769,random,mhcii,score,0.4017739444444444
O25769,random,mhcii,percentile,2.5144444444444445
O25769,random,mhcii,num_peptides,54
O25769,random,mhcii,num_strong_binders,10
O25769,random,mhcii,num_weak_binders,44
P56149,random,mhcii,score,0.34970093617021275
P56149,random,mhcii,percentile,2.8031489361702127
P56149,random,mhcii,num_peptides,235
P56149,random,mhcii,num_strong_binders,21
P56149,random,mhcii,num_weak_binders,214
B6JMI1,random,mhcii,score,0.347830421875
B6JMI1,random,mhcii,percentile,2.769453125
B6JMI1,random,mhcii,num_peptides,128
B6JMI1,random,mhcii,num_strong_binders,18
B6JMI1,random,mhcii,num_weak_binders,110
B6JM59,random,mhcii,score,0.3826935737704918
B6JM59,random,mhcii,percentile,2.94
B6JM59,random,mhcii,num_peptides,61
B6JM59,random,mhcii,num_strong_binders,4
B6JM59,random,mhcii,num_weak_binders,57
P66450,random,mhcii,score,0.45214710344827586
P66450,random,mhcii,percentile,2.5458620689655174
P66450,random,mhcii,num_peptides,29
P66450,random,mhcii,num_strong_binders,6
P66450,random,mhcii,num_weak_binders,23
O24855,random,mhcii,score,0.3512148514851485
O24855,random,mhcii,percentile,2.492574257425743
O24855,random,mhcii,num_peptides,101
O24855,random,mhcii,num_strong_binders,18
O24855,random,mhcii,num_weak_binders,83
B6JLX1,random,mhcii,score,0.41868083139534884
B6JLX1,random,mhcii,percentile,2.395348837209302
B6JLX1,random,mhcii,num_peptides,172
B6JLX1,random,mhcii,num_strong_binders,41
B6JLX1,random,mhcii,num_weak_binders,131
B5Z8N3,random,mhcii,score,0.36766517054263564
B5Z8N3,random,mhcii,percentile,2.52937984496124
B5Z8N3,random,mhcii,num_peptides,129
B5Z8N3,random,mhcii,num_strong_binders,22
B5Z8N3,random,mhcii,num_weak_binders,107
Q1CV84,random,mhcii,score,0.3573516515151515
Q1CV84,random,mhcii,percentile,2.5925757575757578
Q1CV84,random,mhcii,num_peptides,66
Q1CV84,random,mhcii,num_strong_binders,14
Q1CV84,random,mhcii,num_weak_binders,52
Q09066,random,mhcii,score,0.4076215208333333
Q09066,random,mhcii,percentile,2.1336458333333335
Q09066,random,mhcii,num_peptides,96
Q09066,random,mhcii,num_strong_binders,26
Q09066,random,mhcii,num_weak_binders,70
Q1CR49,random,mhcii,score,0.3848713181818182
Q1CR49,random,mhcii,percentile,2.3570454545454544
Q1CR49,random,mhcii,num_peptides,44
Q1CR49,random,mhcii,num_strong_binders,11
Q1CR49,random,mhcii,num_weak_binders,33
Q1CRD8,random,mhcii,score,0.3792588333333333
Q1CRD8,random,mhcii,percentile,2.3436842105263156
Q1CRD8,random,mhcii,num_peptides,114
Q1CRD8,random,mhcii,num_strong_binders,26
Q1CRD8,random,mhcii,num_weak_binders,88
Q9ZMQ0,random,mhcii,score,0.3739121533742331
Q9ZMQ0,random,mhcii,percentile,2.6619018404907977
Q9ZMQ0,random,mhcii,num_peptides,163
Q9ZMQ0,random,mhcii,num_strong_binders,22
Q9ZMQ0,random,mhcii,num_weak_binders,141
B2UV21,random,mhcii,score,0.36454289024390246
B2UV21,random,mhcii,percentile,2.589268292682927
B2UV21,random,mhcii,num_peptides,82
B2UV21,random,mhcii,num_strong_binders,14
B2UV21,random,mhcii,num_weak_binders,68
P66460,random,mhcii,score,0.3923195588235294
P66460,random,mhcii,percentile,2.513235294117647
P66460,random,mhcii,num_peptides,34
P66460,random,mhcii,num_strong_binders,5
P66460,random,mhcii,num_weak_binders,29
Q9ZML2,random,mhcii,score,0.3919395923913043
Q9ZML2,random,mhcii,percentile,2.3629347826086957
Q9ZML2,random,mhcii,num_peptides,184
Q9ZML2,random,mhcii,num_strong_binders,41
Q9ZML2,random,mhcii,num_weak_binders,143
B5Z9Q3,random,mhcii,score,0.51447275
B5Z9Q3,random,mhcii,percentile,2.04
B5Z9Q3,random,mhcii,num_peptides,24
B5Z9Q3,random,mhcii,num_strong_binders,9
B5Z9Q3,random,mhcii,num_weak_binders,15
O25608,random,mhcii,score,0.39189435185185184
O25608,random,mhcii,percentile,2.545
O25608,random,mhcii,num_peptides,54
O25608,random,mhcii,num_strong_binders,7
O25608,random,mhcii,num_weak_binders,47
B6JM54,random,mhcii,score,0.43146830434782607
B6JM54,random,mhcii,percentile,2.481086956521739
B6JM54,random,mhcii,num_peptides,46
B6JM54,random,mhcii,num_strong_binders,8
B6JM54,random,mhcii,num_weak_binders,38
B6JN65,random,mhcii,score,0.4464183333333333
B6JN65,random,mhcii,percentile,2.3353968253968254
B6JN65,random,mhcii,num_peptides,63
B6JN65,random,mhcii,num_strong_binders,16
B6JN65,random,mhcii,num_weak_binders,47
B2UUV8,random,mhcii,score,0.45534907272727276
B2UUV8,random,mhcii,percentile,2.2996363636363637
B2UUV8,random,mhcii,num_peptides,55
B2UUV8,random,mhcii,num_strong_binders,17
B2UUV8,random,mhcii,num_weak_binders,38
Q9ZLY1,random,mhcii,score,0.33634482786885245
Q9ZLY1,random,mhcii,percentile,2.733688524590164
Q9ZLY1,random,mhcii,num_peptides,122
Q9ZLY1,random,mhcii,num_strong_binders,11
Q9ZLY1,random,mhcii,num_weak_binders,111
B6JLM6,random,mhcii,score,0.3933002898550725
B6JLM6,random,mhcii,percentile,2.3086956521739133
B6JLM6,random,mhcii,num_peptides,69
B6JLM6,random,mhcii,num_strong_binders,19
B6JLM6,random,mhcii,num_weak_binders,50
Q9ZK83,random,mhcii,score,0.4209231964285714
Q9ZK83,random,mhcii,percentile,2.4930357142857145
Q9ZK83,random,mhcii,num_peptides,56
Q9ZK83,random,mhcii,num_strong_binders,13
Q9ZK83,random,mhcii,num_weak_binders,43
Q1CRD9,random,mhcii,score,0.3847055090909091
Q1CRD9,random,mhcii,percentile,2.635090909090909
Q1CRD9,random,mhcii,num_peptides,55
Q1CRD9,random,mhcii,num_strong_binders,11
Q1CRD9,random,mhcii,num_weak_binders,44
B5Z7I8,random,mhcii,score,0.43146830434782607
B5Z7I8,random,mhcii,percentile,2.481086956521739
B5Z7I8,random,mhcii,num_peptides,46
B5Z7I8,random,mhcii,num_strong_binders,8
B5Z7I8,random,mhcii,num_weak_binders,38
P56411,random,mhcii,score,0.336305
P56411,random,mhcii,percentile,2.705
P56411,random,mhcii,num_peptides,14
P56411,random,mhcii,num_strong_binders,1
P56411,random,mhcii,num_weak_binders,13
O25889,random,mhcii,score,0.3578202222222222
O25889,random,mhcii,percentile,2.7214814814814816
O25889,random,mhcii,num_peptides,27
O25889,random,mhcii,num_strong_binders,4
O25889,random,mhcii,num_weak_binders,23
Q9ZMP3,random,mhcii,score,0.3952322222222222
Q9ZMP3,random,mhcii,percentile,2.625
Q9ZMP3,random,mhcii,num_peptides,18
Q9ZMP3,random,mhcii,num_strong_binders,2
Q9ZMP3,random,mhcii,num_weak_binders,16
Q9ZLJ7,random,mhcii,score,0.3933002898550725
Q9ZLJ7,random,mhcii,percentile,2.3086956521739133
Q9ZLJ7,random,mhcii,num_peptides,69
Q9ZLJ7,random,mhcii,num_strong_binders,19
Q9ZLJ7,random,mhcii,num_weak_binders,50
