accession,label,feature,subfeature,value
Q5F5C4,random,ifnepitope2,mean_ml_score,0.6574409448818898
Q5F5C4,random,ifnepitope2,mean_blast_score,0.0
Q5F5C4,random,ifnepitope2,mean_total_score,0.6574409448818898
Q5F5C4,random,ifnepitope2,med_ml_score,0.66
Q5F5C4,random,ifnepitope2,med_blast_score,0.0
Q5F5C4,random,ifnepitope2,med_total_score,0.66
B4RJL0,random,ifnepitope2,mean_ml_score,0.625432098765432
B4RJL0,random,ifnepitope2,mean_blast_score,0.0
B4RJL0,random,ifnepitope2,mean_total_score,0.625432098765432
B4RJL0,random,ifnepitope2,med_ml_score,0.63
B4RJL0,random,ifnepitope2,med_blast_score,0.0
B4RJL0,random,ifnepitope2,med_total_score,0.63
P35819,random,ifnepitope2,mean_ml_score,0.5838483146067416
P35819,random,ifnepitope2,mean_blast_score,0.0
P35819,random,ifnepitope2,mean_total_score,0.5838483146067416
P35819,random,ifnepitope2,med_ml_score,0.59
P35819,random,ifnepitope2,med_blast_score,0.0
P35819,random,ifnepitope2,med_total_score,0.59
B4RQQ5,random,ifnepitope2,mean_ml_score,0.607375
B4RQQ5,random,ifnepitope2,mean_blast_score,0.0
B4RQQ5,random,ifnepitope2,mean_total_score,0.607375
B4RQQ5,random,ifnepitope2,med_ml_score,0.62
B4RQQ5,random,ifnepitope2,med_blast_score,0.0
B4RQQ5,random,ifnepitope2,med_total_score,0.62
Q5F5F3,random,ifnepitope2,mean_ml_score,0.5909401709401709
Q5F5F3,random,ifnepitope2,mean_blast_score,0.0
Q5F5F3,random,ifnepitope2,mean_total_score,0.5909401709401709
Q5F5F3,random,ifnepitope2,med_ml_score,0.6
Q5F5F3,random,ifnepitope2,med_blast_score,0.0
Q5F5F3,random,ifnepitope2,med_total_score,0.6
Q5F786,random,ifnepitope2,mean_ml_score,0.6167494356659142
Q5F786,random,ifnepitope2,mean_blast_score,0.0
Q5F786,random,ifnepitope2,mean_total_score,0.6167494356659142
Q5F786,random,ifnepitope2,med_ml_score,0.62
Q5F786,random,ifnepitope2,med_blast_score,0.0
Q5F786,random,ifnepitope2,med_total_score,0.62
Q5F935,random,ifnepitope2,mean_ml_score,0.6005172413793104
Q5F935,random,ifnepitope2,mean_blast_score,0.0
Q5F935,random,ifnepitope2,mean_total_score,0.6005172413793104
Q5F935,random,ifnepitope2,med_ml_score,0.605
Q5F935,random,ifnepitope2,med_blast_score,0.0
Q5F935,random,ifnepitope2,med_total_score,0.605
Q5F5R3,random,ifnepitope2,mean_ml_score,0.5508860759493671
Q5F5R3,random,ifnepitope2,mean_blast_score,0.0
Q5F5R3,random,ifnepitope2,mean_total_score,0.5508860759493671
Q5F5R3,random,ifnepitope2,med_ml_score,0.56
Q5F5R3,random,ifnepitope2,med_blast_score,0.0
Q5F5R3,random,ifnepitope2,med_total_score,0.56
Q5F5A5,random,ifnepitope2,mean_ml_score,0.6052592592592593
Q5F5A5,random,ifnepitope2,mean_blast_score,0.0
Q5F5A5,random,ifnepitope2,mean_total_score,0.6052592592592593
Q5F5A5,random,ifnepitope2,med_ml_score,0.63
Q5F5A5,random,ifnepitope2,med_blast_score,0.0
Q5F5A5,random,ifnepitope2,med_total_score,0.63
P43505,random,ifnepitope2,mean_ml_score,0.5841584158415841
P43505,random,ifnepitope2,mean_blast_score,0.0
P43505,random,ifnepitope2,mean_total_score,0.5841584158415841
P43505,random,ifnepitope2,med_ml_score,0.59
P43505,random,ifnepitope2,med_blast_score,0.0
P43505,random,ifnepitope2,med_total_score,0.59
B4RKY2,random,ifnepitope2,mean_ml_score,0.5927753303964758
B4RKY2,random,ifnepitope2,mean_blast_score,0.0
B4RKY2,random,ifnepitope2,mean_total_score,0.5927753303964758
B4RKY2,random,ifnepitope2,med_ml_score,0.59
B4RKY2,random,ifnepitope2,med_blast_score,0.0
B4RKY2,random,ifnepitope2,med_total_score,0.59
B4RK11,random,ifnepitope2,mean_ml_score,0.6073839662447258
B4RK11,random,ifnepitope2,mean_blast_score,0.0
B4RK11,random,ifnepitope2,mean_total_score,0.6073839662447258
B4RK11,random,ifnepitope2,med_ml_score,0.61
B4RK11,random,ifnepitope2,med_blast_score,0.0
B4RK11,random,ifnepitope2,med_total_score,0.61
Q06581,random,ifnepitope2,mean_ml_score,0.6248773006134969
Q06581,random,ifnepitope2,mean_blast_score,0.0
Q06581,random,ifnepitope2,mean_total_score,0.6248773006134969
Q06581,random,ifnepitope2,med_ml_score,0.64
Q06581,random,ifnepitope2,med_blast_score,0.0
Q06581,random,ifnepitope2,med_total_score,0.64
B4RJN3,random,ifnepitope2,mean_ml_score,0.5981781376518218
B4RJN3,random,ifnepitope2,mean_blast_score,0.0
B4RJN3,random,ifnepitope2,mean_total_score,0.5981781376518218
B4RJN3,random,ifnepitope2,med_ml_score,0.61
B4RJN3,random,ifnepitope2,med_blast_score,0.0
B4RJN3,random,ifnepitope2,med_total_score,0.61
Q5F746,random,ifnepitope2,mean_ml_score,0.5903211009174312
Q5F746,random,ifnepitope2,mean_blast_score,0.0
Q5F746,random,ifnepitope2,mean_total_score,0.5903211009174312
Q5F746,random,ifnepitope2,med_ml_score,0.6
Q5F746,random,ifnepitope2,med_blast_score,0.0
Q5F746,random,ifnepitope2,med_total_score,0.6
Q5F9G8,random,ifnepitope2,mean_ml_score,0.6095744680851064
Q5F9G8,random,ifnepitope2,mean_blast_score,0.0
Q5F9G8,random,ifnepitope2,mean_total_score,0.6095744680851064
Q5F9G8,random,ifnepitope2,med_ml_score,0.62
Q5F9G8,random,ifnepitope2,med_blast_score,0.0
Q5F9G8,random,ifnepitope2,med_total_score,0.62
B4RL58,random,ifnepitope2,mean_ml_score,0.5318181818181819
B4RL58,random,ifnepitope2,mean_blast_score,0.0
B4RL58,random,ifnepitope2,mean_total_score,0.5318181818181819
B4RL58,random,ifnepitope2,med_ml_score,0.53
B4RL58,random,ifnepitope2,med_blast_score,0.0
B4RL58,random,ifnepitope2,med_total_score,0.53
B4RNX2,random,ifnepitope2,mean_ml_score,0.5898086124401913
B4RNX2,random,ifnepitope2,mean_blast_score,0.0
B4RNX2,random,ifnepitope2,mean_total_score,0.5898086124401913
B4RNX2,random,ifnepitope2,med_ml_score,0.585
B4RNX2,random,ifnepitope2,med_blast_score,0.0
B4RNX2,random,ifnepitope2,med_total_score,0.585
Q5F8I2,random,ifnepitope2,mean_ml_score,0.5985542168674699
Q5F8I2,random,ifnepitope2,mean_blast_score,0.0
Q5F8I2,random,ifnepitope2,mean_total_score,0.5985542168674699
Q5F8I2,random,ifnepitope2,med_ml_score,0.6
Q5F8I2,random,ifnepitope2,med_blast_score,0.0
Q5F8I2,random,ifnepitope2,med_total_score,0.6
B4RIW5,random,ifnepitope2,mean_ml_score,0.576027397260274
B4RIW5,random,ifnepitope2,mean_blast_score,0.0
B4RIW5,random,ifnepitope2,mean_total_score,0.576027397260274
B4RIW5,random,ifnepitope2,med_ml_score,0.57
B4RIW5,random,ifnepitope2,med_blast_score,0.0
B4RIW5,random,ifnepitope2,med_total_score,0.57
O05131,random,ifnepitope2,mean_ml_score,0.593987341772152
O05131,random,ifnepitope2,mean_blast_score,0.0
O05131,random,ifnepitope2,mean_total_score,0.593987341772152
O05131,random,ifnepitope2,med_ml_score,0.59
O05131,random,ifnepitope2,med_blast_score,0.0
O05131,random,ifnepitope2,med_total_score,0.59
Q5F6H4,random,ifnepitope2,mean_ml_score,0.620327868852459
Q5F6H4,random,ifnepitope2,mean_blast_score,0.0
Q5F6H4,random,ifnepitope2,mean_total_score,0.620327868852459
Q5F6H4,random,ifnepitope2,med_ml_score,0.62
Q5F6H4,random,ifnepitope2,med_blast_score,0.0
Q5F6H4,random,ifnepitope2,med_total_score,0.62
B4RK03,random,ifnepitope2,mean_ml_score,0.6019202898550725
B4RK03,random,ifnepitope2,mean_blast_score,0.0
B4RK03,random,ifnepitope2,mean_total_score,0.6019202898550725
B4RK03,random,ifnepitope2,med_ml_score,0.6
B4RK03,random,ifnepitope2,med_blast_score,0.0
B4RK03,random,ifnepitope2,med_total_score,0.6
B4RPR2,random,ifnepitope2,mean_ml_score,0.6253545232273838
B4RPR2,random,ifnepitope2,mean_blast_score,0.0
B4RPR2,random,ifnepitope2,mean_total_score,0.6253545232273838
B4RPR2,random,ifnepitope2,med_ml_score,0.63
B4RPR2,random,ifnepitope2,med_blast_score,0.0
B4RPR2,random,ifnepitope2,med_total_score,0.63
P37094,random,ifnepitope2,mean_ml_score,0.6052
P37094,random,ifnepitope2,mean_blast_score,0.0
P37094,random,ifnepitope2,mean_total_score,0.6052
P37094,random,ifnepitope2,med_ml_score,0.6
P37094,random,ifnepitope2,med_blast_score,0.0
P37094,random,ifnepitope2,med_total_score,0.6
Q5F5C8,random,ifnepitope2,mean_ml_score,0.6133561643835617
Q5F5C8,random,ifnepitope2,mean_blast_score,0.0
Q5F5C8,random,ifnepitope2,mean_total_score,0.6133561643835617
Q5F5C8,random,ifnepitope2,med_ml_score,0.63
Q5F5C8,random,ifnepitope2,med_blast_score,0.0
Q5F5C8,random,ifnepitope2,med_total_score,0.63
Q5F605,random,ifnepitope2,mean_ml_score,0.647217125382263
Q5F605,random,ifnepitope2,mean_blast_score,0.0
Q5F605,random,ifnepitope2,mean_total_score,0.647217125382263
Q5F605,random,ifnepitope2,med_ml_score,0.66
Q5F605,random,ifnepitope2,med_blast_score,0.0
Q5F605,random,ifnepitope2,med_total_score,0.66
Q9XB01,random,ifnepitope2,mean_ml_score,0.600735294117647
Q9XB01,random,ifnepitope2,mean_blast_score,0.0
Q9XB01,random,ifnepitope2,mean_total_score,0.600735294117647
Q9XB01,random,ifnepitope2,med_ml_score,0.6
Q9XB01,random,ifnepitope2,med_blast_score,0.0
Q9XB01,random,ifnepitope2,med_total_score,0.6
B4RL28,random,ifnepitope2,mean_ml_score,0.6072222222222222
B4RL28,random,ifnepitope2,mean_blast_score,0.0
B4RL28,random,ifnepitope2,mean_total_score,0.6072222222222222
B4RL28,random,ifnepitope2,med_ml_score,0.61
B4RL28,random,ifnepitope2,med_blast_score,0.0
B4RL28,random,ifnepitope2,med_total_score,0.61
B4RK98,random,ifnepitope2,mean_ml_score,0.590566037735849
B4RK98,random,ifnepitope2,mean_blast_score,0.0
B4RK98,random,ifnepitope2,mean_total_score,0.590566037735849
B4RK98,random,ifnepitope2,med_ml_score,0.6
B4RK98,random,ifnepitope2,med_blast_score,0.0
B4RK98,random,ifnepitope2,med_total_score,0.6
B4RP98,random,ifnepitope2,mean_ml_score,0.5951839464882943
B4RP98,random,ifnepitope2,mean_blast_score,0.0
B4RP98,random,ifnepitope2,mean_total_score,0.5951839464882943
B4RP98,random,ifnepitope2,med_ml_score,0.61
B4RP98,random,ifnepitope2,med_blast_score,0.0
B4RP98,random,ifnepitope2,med_total_score,0.61
B4RL16,random,ifnepitope2,mean_ml_score,0.5935348837209302
B4RL16,random,ifnepitope2,mean_blast_score,0.0
B4RL16,random,ifnepitope2,mean_total_score,0.5935348837209302
B4RL16,random,ifnepitope2,med_ml_score,0.59
B4RL16,random,ifnepitope2,med_blast_score,0.0
B4RL16,random,ifnepitope2,med_total_score,0.59
B4RP13,random,ifnepitope2,mean_ml_score,0.5772813238770685
B4RP13,random,ifnepitope2,mean_blast_score,0.0
B4RP13,random,ifnepitope2,mean_total_score,0.5772813238770685
B4RP13,random,ifnepitope2,med_ml_score,0.58
B4RP13,random,ifnepitope2,med_blast_score,0.0
B4RP13,random,ifnepitope2,med_total_score,0.58
B4RM65,random,ifnepitope2,mean_ml_score,0.6053456221198157
B4RM65,random,ifnepitope2,mean_blast_score,0.0
B4RM65,random,ifnepitope2,mean_total_score,0.6053456221198157
B4RM65,random,ifnepitope2,med_ml_score,0.61
B4RM65,random,ifnepitope2,med_blast_score,0.0
B4RM65,random,ifnepitope2,med_total_score,0.61
Q5F9J9,random,ifnepitope2,mean_ml_score,0.6083136094674556
Q5F9J9,random,ifnepitope2,mean_blast_score,0.0
Q5F9J9,random,ifnepitope2,mean_total_score,0.6083136094674556
Q5F9J9,random,ifnepitope2,med_ml_score,0.61
Q5F9J9,random,ifnepitope2,med_blast_score,0.0
Q5F9J9,random,ifnepitope2,med_total_score,0.61
B4RQC7,random,ifnepitope2,mean_ml_score,0.5963386727688788
B4RQC7,random,ifnepitope2,mean_blast_score,0.0
B4RQC7,random,ifnepitope2,mean_total_score,0.5963386727688788
B4RQC7,random,ifnepitope2,med_ml_score,0.6
B4RQC7,random,ifnepitope2,med_blast_score,0.0
B4RQC7,random,ifnepitope2,med_total_score,0.6
Q5F622,random,ifnepitope2,mean_ml_score,0.5921142857142857
Q5F622,random,ifnepitope2,mean_blast_score,0.0
Q5F622,random,ifnepitope2,mean_total_score,0.5921142857142857
Q5F622,random,ifnepitope2,med_ml_score,0.59
Q5F622,random,ifnepitope2,med_blast_score,0.0
Q5F622,random,ifnepitope2,med_total_score,0.59
P58152,random,ifnepitope2,mean_ml_score,0.6362025316455696
P58152,random,ifnepitope2,mean_blast_score,0.0
P58152,random,ifnepitope2,mean_total_score,0.6362025316455696
P58152,random,ifnepitope2,med_ml_score,0.63
P58152,random,ifnepitope2,med_blast_score,0.0
P58152,random,ifnepitope2,med_total_score,0.63
Q50962,random,ifnepitope2,mean_ml_score,0.6078217821782178
Q50962,random,ifnepitope2,mean_blast_score,0.0
Q50962,random,ifnepitope2,mean_total_score,0.6078217821782178
Q50962,random,ifnepitope2,med_ml_score,0.61
Q50962,random,ifnepitope2,med_blast_score,0.0
Q50962,random,ifnepitope2,med_total_score,0.61
B4RPI3,random,ifnepitope2,mean_ml_score,0.6300657894736842
B4RPI3,random,ifnepitope2,mean_blast_score,0.0
B4RPI3,random,ifnepitope2,mean_total_score,0.6300657894736842
B4RPI3,random,ifnepitope2,med_ml_score,0.64
B4RPI3,random,ifnepitope2,med_blast_score,0.0
B4RPI3,random,ifnepitope2,med_total_score,0.64
B4RN40,random,ifnepitope2,mean_ml_score,0.5924416135881104
B4RN40,random,ifnepitope2,mean_blast_score,0.0
B4RN40,random,ifnepitope2,mean_total_score,0.5924416135881104
B4RN40,random,ifnepitope2,med_ml_score,0.6
B4RN40,random,ifnepitope2,med_blast_score,0.0
B4RN40,random,ifnepitope2,med_total_score,0.6
B4RQC6,random,ifnepitope2,mean_ml_score,0.627132530120482
B4RQC6,random,ifnepitope2,mean_blast_score,0.0
B4RQC6,random,ifnepitope2,mean_total_score,0.627132530120482
B4RQC6,random,ifnepitope2,med_ml_score,0.64
B4RQC6,random,ifnepitope2,med_blast_score,0.0
B4RQC6,random,ifnepitope2,med_total_score,0.64
B4RL77,random,ifnepitope2,mean_ml_score,0.6017105263157895
B4RL77,random,ifnepitope2,mean_blast_score,0.0
B4RL77,random,ifnepitope2,mean_total_score,0.6017105263157895
B4RL77,random,ifnepitope2,med_ml_score,0.6
B4RL77,random,ifnepitope2,med_blast_score,0.0
B4RL77,random,ifnepitope2,med_total_score,0.6
B4RLL6,random,ifnepitope2,mean_ml_score,0.6396208530805687
B4RLL6,random,ifnepitope2,mean_blast_score,0.0
B4RLL6,random,ifnepitope2,mean_total_score,0.6396208530805687
B4RLL6,random,ifnepitope2,med_ml_score,0.64
B4RLL6,random,ifnepitope2,med_blast_score,0.0
B4RLL6,random,ifnepitope2,med_total_score,0.64
B4RR62,random,ifnepitope2,mean_ml_score,0.5582857142857143
B4RR62,random,ifnepitope2,mean_blast_score,0.0
B4RR62,random,ifnepitope2,mean_total_score,0.5582857142857143
B4RR62,random,ifnepitope2,med_ml_score,0.575
B4RR62,random,ifnepitope2,med_blast_score,0.0
B4RR62,random,ifnepitope2,med_total_score,0.575
Q5F6Y8,random,ifnepitope2,mean_ml_score,0.6125833333333334
Q5F6Y8,random,ifnepitope2,mean_blast_score,0.0
Q5F6Y8,random,ifnepitope2,mean_total_score,0.6125833333333334
Q5F6Y8,random,ifnepitope2,med_ml_score,0.61
Q5F6Y8,random,ifnepitope2,med_blast_score,0.0
Q5F6Y8,random,ifnepitope2,med_total_score,0.61
B4RPR1,random,ifnepitope2,mean_ml_score,0.5783033419023136
B4RPR1,random,ifnepitope2,mean_blast_score,0.0
B4RPR1,random,ifnepitope2,mean_total_score,0.5783033419023136
B4RPR1,random,ifnepitope2,med_ml_score,0.59
B4RPR1,random,ifnepitope2,med_blast_score,0.0
B4RPR1,random,ifnepitope2,med_total_score,0.59
B4RR07,random,ifnepitope2,mean_ml_score,0.6274452554744525
B4RR07,random,ifnepitope2,mean_blast_score,0.0
B4RR07,random,ifnepitope2,mean_total_score,0.6274452554744525
B4RR07,random,ifnepitope2,med_ml_score,0.62
B4RR07,random,ifnepitope2,med_blast_score,0.0
B4RR07,random,ifnepitope2,med_total_score,0.62
Q5F8K2,random,ifnepitope2,mean_ml_score,0.637085201793722
Q5F8K2,random,ifnepitope2,mean_blast_score,0.0
Q5F8K2,random,ifnepitope2,mean_total_score,0.637085201793722
Q5F8K2,random,ifnepitope2,med_ml_score,0.66
Q5F8K2,random,ifnepitope2,med_blast_score,0.0
Q5F8K2,random,ifnepitope2,med_total_score,0.66
Q5F9Y6,random,ifnepitope2,mean_ml_score,0.5825296442687747
Q5F9Y6,random,ifnepitope2,mean_blast_score,0.0
Q5F9Y6,random,ifnepitope2,mean_total_score,0.5825296442687747
Q5F9Y6,random,ifnepitope2,med_ml_score,0.58
Q5F9Y6,random,ifnepitope2,med_blast_score,0.0
Q5F9Y6,random,ifnepitope2,med_total_score,0.58
Q5F5S2,random,ifnepitope2,mean_ml_score,0.5931756756756756
Q5F5S2,random,ifnepitope2,mean_blast_score,0.0
Q5F5S2,random,ifnepitope2,mean_total_score,0.5931756756756756
Q5F5S2,random,ifnepitope2,med_ml_score,0.58
Q5F5S2,random,ifnepitope2,med_blast_score,0.0
Q5F5S2,random,ifnepitope2,med_total_score,0.58
B4RK78,random,ifnepitope2,mean_ml_score,0.5817391304347826
B4RK78,random,ifnepitope2,mean_blast_score,0.0
B4RK78,random,ifnepitope2,mean_total_score,0.5817391304347826
B4RK78,random,ifnepitope2,med_ml_score,0.59
B4RK78,random,ifnepitope2,med_blast_score,0.0
B4RK78,random,ifnepitope2,med_total_score,0.59
Q5F5V1,random,ifnepitope2,mean_ml_score,0.5682828282828283
Q5F5V1,random,ifnepitope2,mean_blast_score,0.0
Q5F5V1,random,ifnepitope2,mean_total_score,0.5682828282828283
Q5F5V1,random,ifnepitope2,med_ml_score,0.57
Q5F5V1,random,ifnepitope2,med_blast_score,0.0
Q5F5V1,random,ifnepitope2,med_total_score,0.57
Q5F5U0,random,ifnepitope2,mean_ml_score,0.5963440860215053
Q5F5U0,random,ifnepitope2,mean_blast_score,0.0
Q5F5U0,random,ifnepitope2,mean_total_score,0.5963440860215053
Q5F5U0,random,ifnepitope2,med_ml_score,0.61
Q5F5U0,random,ifnepitope2,med_blast_score,0.0
Q5F5U0,random,ifnepitope2,med_total_score,0.61
Q51008,random,ifnepitope2,mean_ml_score,0.6315441176470589
Q51008,random,ifnepitope2,mean_blast_score,0.0
Q51008,random,ifnepitope2,mean_total_score,0.6315441176470589
Q51008,random,ifnepitope2,med_ml_score,0.63
Q51008,random,ifnepitope2,med_blast_score,0.0
Q51008,random,ifnepitope2,med_total_score,0.63
B4RQY6,random,ifnepitope2,mean_ml_score,0.5802531645569621
B4RQY6,random,ifnepitope2,mean_blast_score,0.0
B4RQY6,random,ifnepitope2,mean_total_score,0.5802531645569621
B4RQY6,random,ifnepitope2,med_ml_score,0.6
B4RQY6,random,ifnepitope2,med_blast_score,0.0
B4RQY6,random,ifnepitope2,med_total_score,0.6
B4RQ67,random,ifnepitope2,mean_ml_score,0.5813031161473088
B4RQ67,random,ifnepitope2,mean_blast_score,0.0
B4RQ67,random,ifnepitope2,mean_total_score,0.5813031161473088
B4RQ67,random,ifnepitope2,med_ml_score,0.58
B4RQ67,random,ifnepitope2,med_blast_score,0.0
B4RQ67,random,ifnepitope2,med_total_score,0.58
B4RQI7,random,ifnepitope2,mean_ml_score,0.6148603351955307
B4RQI7,random,ifnepitope2,mean_blast_score,0.0
B4RQI7,random,ifnepitope2,mean_total_score,0.6148603351955307
B4RQI7,random,ifnepitope2,med_ml_score,0.63
B4RQI7,random,ifnepitope2,med_blast_score,0.0
B4RQI7,random,ifnepitope2,med_total_score,0.63
B4RL22,random,ifnepitope2,mean_ml_score,0.6008510638297873
B4RL22,random,ifnepitope2,mean_blast_score,0.0
B4RL22,random,ifnepitope2,mean_total_score,0.6008510638297873
B4RL22,random,ifnepitope2,med_ml_score,0.61
B4RL22,random,ifnepitope2,med_blast_score,0.0
B4RL22,random,ifnepitope2,med_total_score,0.61
Q04877,random,ifnepitope2,mean_ml_score,0.5669469026548672
Q04877,random,ifnepitope2,mean_blast_score,0.0
Q04877,random,ifnepitope2,mean_total_score,0.5669469026548672
Q04877,random,ifnepitope2,med_ml_score,0.57
Q04877,random,ifnepitope2,med_blast_score,0.0
Q04877,random,ifnepitope2,med_total_score,0.57
B4RLV5,random,ifnepitope2,mean_ml_score,0.6211940298507462
B4RLV5,random,ifnepitope2,mean_blast_score,0.0
B4RLV5,random,ifnepitope2,mean_total_score,0.6211940298507462
B4RLV5,random,ifnepitope2,med_ml_score,0.63
B4RLV5,random,ifnepitope2,med_blast_score,0.0
B4RLV5,random,ifnepitope2,med_total_score,0.63
P07211,random,ifnepitope2,mean_ml_score,0.5204
P07211,random,ifnepitope2,mean_blast_score,0.0
P07211,random,ifnepitope2,mean_total_score,0.5204
P07211,random,ifnepitope2,med_ml_score,0.55
P07211,random,ifnepitope2,med_blast_score,0.0
P07211,random,ifnepitope2,med_total_score,0.55
B4RLK9,random,ifnepitope2,mean_ml_score,0.6027586206896551
B4RLK9,random,ifnepitope2,mean_blast_score,0.0
B4RLK9,random,ifnepitope2,mean_total_score,0.6027586206896551
B4RLK9,random,ifnepitope2,med_ml_score,0.61
B4RLK9,random,ifnepitope2,med_blast_score,0.0
B4RLK9,random,ifnepitope2,med_total_score,0.61
B4RQL3,random,ifnepitope2,mean_ml_score,0.616969696969697
B4RQL3,random,ifnepitope2,mean_blast_score,0.0
B4RQL3,random,ifnepitope2,mean_total_score,0.616969696969697
B4RQL3,random,ifnepitope2,med_ml_score,0.635
B4RQL3,random,ifnepitope2,med_blast_score,0.0
B4RQL3,random,ifnepitope2,med_total_score,0.635
Q5FA15,random,ifnepitope2,mean_ml_score,0.6064666666666667
Q5FA15,random,ifnepitope2,mean_blast_score,0.0
Q5FA15,random,ifnepitope2,mean_total_score,0.6064666666666667
Q5FA15,random,ifnepitope2,med_ml_score,0.61
Q5FA15,random,ifnepitope2,med_blast_score,0.0
Q5FA15,random,ifnepitope2,med_total_score,0.61
B4RJI1,random,ifnepitope2,mean_ml_score,0.572724358974359
B4RJI1,random,ifnepitope2,mean_blast_score,0.0
B4RJI1,random,ifnepitope2,mean_total_score,0.572724358974359
B4RJI1,random,ifnepitope2,med_ml_score,0.58
B4RJI1,random,ifnepitope2,med_blast_score,0.0
B4RJI1,random,ifnepitope2,med_total_score,0.58
Q5F7K9,random,ifnepitope2,mean_ml_score,0.6101459854014598
Q5F7K9,random,ifnepitope2,mean_blast_score,0.0
Q5F7K9,random,ifnepitope2,mean_total_score,0.6101459854014598
Q5F7K9,random,ifnepitope2,med_ml_score,0.62
Q5F7K9,random,ifnepitope2,med_blast_score,0.0
Q5F7K9,random,ifnepitope2,med_total_score,0.62
P0A0X8,random,ifnepitope2,mean_ml_score,0.5772058823529411
P0A0X8,random,ifnepitope2,mean_blast_score,0.0
P0A0X8,random,ifnepitope2,mean_total_score,0.5772058823529411
P0A0X8,random,ifnepitope2,med_ml_score,0.58
P0A0X8,random,ifnepitope2,med_blast_score,0.0
P0A0X8,random,ifnepitope2,med_total_score,0.58
Q5F7C4,random,ifnepitope2,mean_ml_score,0.5909122401847575
Q5F7C4,random,ifnepitope2,mean_blast_score,0.0
Q5F7C4,random,ifnepitope2,mean_total_score,0.5909122401847575
Q5F7C4,random,ifnepitope2,med_ml_score,0.6
Q5F7C4,random,ifnepitope2,med_blast_score,0.0
Q5F7C4,random,ifnepitope2,med_total_score,0.6
B4RLE8,random,ifnepitope2,mean_ml_score,0.5520629370629371
B4RLE8,random,ifnepitope2,mean_blast_score,0.0
B4RLE8,random,ifnepitope2,mean_total_score,0.5520629370629371
B4RLE8,random,ifnepitope2,med_ml_score,0.56
B4RLE8,random,ifnepitope2,med_blast_score,0.0
B4RLE8,random,ifnepitope2,med_total_score,0.56
Q5F7D6,random,ifnepitope2,mean_ml_score,0.5830508474576271
Q5F7D6,random,ifnepitope2,mean_blast_score,0.0
Q5F7D6,random,ifnepitope2,mean_total_score,0.5830508474576271
Q5F7D6,random,ifnepitope2,med_ml_score,0.59
Q5F7D6,random,ifnepitope2,med_blast_score,0.0
Q5F7D6,random,ifnepitope2,med_total_score,0.59
B4RPQ3,random,ifnepitope2,mean_ml_score,0.609188596491228
B4RPQ3,random,ifnepitope2,mean_blast_score,0.0
B4RPQ3,random,ifnepitope2,mean_total_score,0.609188596491228
B4RPQ3,random,ifnepitope2,med_ml_score,0.61
B4RPQ3,random,ifnepitope2,med_blast_score,0.0
B4RPQ3,random,ifnepitope2,med_total_score,0.61
B4RQE0,random,ifnepitope2,mean_ml_score,0.6224528301886793
B4RQE0,random,ifnepitope2,mean_blast_score,0.0
B4RQE0,random,ifnepitope2,mean_total_score,0.6224528301886793
B4RQE0,random,ifnepitope2,med_ml_score,0.62
B4RQE0,random,ifnepitope2,med_blast_score,0.0
B4RQE0,random,ifnepitope2,med_total_score,0.62
B4RPA1,random,ifnepitope2,mean_ml_score,0.5775084175084175
B4RPA1,random,ifnepitope2,mean_blast_score,0.0
B4RPA1,random,ifnepitope2,mean_total_score,0.5775084175084175
B4RPA1,random,ifnepitope2,med_ml_score,0.58
B4RPA1,random,ifnepitope2,med_blast_score,0.0
B4RPA1,random,ifnepitope2,med_total_score,0.58
P21302,random,ifnepitope2,mean_ml_score,0.6175541795665634
P21302,random,ifnepitope2,mean_blast_score,0.0
P21302,random,ifnepitope2,mean_total_score,0.6175541795665634
P21302,random,ifnepitope2,med_ml_score,0.62
P21302,random,ifnepitope2,med_blast_score,0.0
P21302,random,ifnepitope2,med_total_score,0.62
Q5F881,random,ifnepitope2,mean_ml_score,0.5941428571428572
Q5F881,random,ifnepitope2,mean_blast_score,0.0
Q5F881,random,ifnepitope2,mean_total_score,0.5941428571428572
Q5F881,random,ifnepitope2,med_ml_score,0.59
Q5F881,random,ifnepitope2,med_blast_score,0.0
Q5F881,random,ifnepitope2,med_total_score,0.59
B4RNL5,random,ifnepitope2,mean_ml_score,0.5764516129032258
B4RNL5,random,ifnepitope2,mean_blast_score,0.0
B4RNL5,random,ifnepitope2,mean_total_score,0.5764516129032258
B4RNL5,random,ifnepitope2,med_ml_score,0.56
B4RNL5,random,ifnepitope2,med_blast_score,0.0
B4RNL5,random,ifnepitope2,med_total_score,0.56
Q50973,random,ifnepitope2,mean_ml_score,0.5620175438596491
Q50973,random,ifnepitope2,mean_blast_score,0.0
Q50973,random,ifnepitope2,mean_total_score,0.5620175438596491
Q50973,random,ifnepitope2,med_ml_score,0.56
Q50973,random,ifnepitope2,med_blast_score,0.0
Q50973,random,ifnepitope2,med_total_score,0.56
Q5FA58,random,ifnepitope2,mean_ml_score,0.5878260869565217
Q5FA58,random,ifnepitope2,mean_blast_score,0.0
Q5FA58,random,ifnepitope2,mean_total_score,0.5878260869565217
Q5FA58,random,ifnepitope2,med_ml_score,0.59
Q5FA58,random,ifnepitope2,med_blast_score,0.0
Q5FA58,random,ifnepitope2,med_total_score,0.59
Q5F774,random,ifnepitope2,mean_ml_score,0.5987222222222223
Q5F774,random,ifnepitope2,mean_blast_score,0.0
Q5F774,random,ifnepitope2,mean_total_score,0.5987222222222223
Q5F774,random,ifnepitope2,med_ml_score,0.6
Q5F774,random,ifnepitope2,med_blast_score,0.0
Q5F774,random,ifnepitope2,med_total_score,0.6
B4RPI1,random,ifnepitope2,mean_ml_score,0.6122439024390244
B4RPI1,random,ifnepitope2,mean_blast_score,0.0
B4RPI1,random,ifnepitope2,mean_total_score,0.6122439024390244
B4RPI1,random,ifnepitope2,med_ml_score,0.62
B4RPI1,random,ifnepitope2,med_blast_score,0.0
B4RPI1,random,ifnepitope2,med_total_score,0.62
B4RQY7,random,ifnepitope2,mean_ml_score,0.5882456140350877
B4RQY7,random,ifnepitope2,mean_blast_score,0.0
B4RQY7,random,ifnepitope2,mean_total_score,0.5882456140350877
B4RQY7,random,ifnepitope2,med_ml_score,0.59
B4RQY7,random,ifnepitope2,med_blast_score,0.0
B4RQY7,random,ifnepitope2,med_total_score,0.59
B4RJH7,random,ifnepitope2,mean_ml_score,0.6122612085769981
B4RJH7,random,ifnepitope2,mean_blast_score,0.0
B4RJH7,random,ifnepitope2,mean_total_score,0.6122612085769981
B4RJH7,random,ifnepitope2,med_ml_score,0.61
B4RJH7,random,ifnepitope2,med_blast_score,0.0
B4RJH7,random,ifnepitope2,med_total_score,0.61
B4RM90,random,ifnepitope2,mean_ml_score,0.6034653465346534
B4RM90,random,ifnepitope2,mean_blast_score,0.0
B4RM90,random,ifnepitope2,mean_total_score,0.6034653465346534
B4RM90,random,ifnepitope2,med_ml_score,0.605
B4RM90,random,ifnepitope2,med_blast_score,0.0
B4RM90,random,ifnepitope2,med_total_score,0.605
Q5F9R5,random,ifnepitope2,mean_ml_score,0.6458426966292135
Q5F9R5,random,ifnepitope2,mean_blast_score,0.0
Q5F9R5,random,ifnepitope2,mean_total_score,0.6458426966292135
Q5F9R5,random,ifnepitope2,med_ml_score,0.64
Q5F9R5,random,ifnepitope2,med_blast_score,0.0
Q5F9R5,random,ifnepitope2,med_total_score,0.64
Q04878,random,ifnepitope2,mean_ml_score,0.5738325991189427
Q04878,random,ifnepitope2,mean_blast_score,0.0
Q04878,random,ifnepitope2,mean_total_score,0.5738325991189427
Q04878,random,ifnepitope2,med_ml_score,0.58
Q04878,random,ifnepitope2,med_blast_score,0.0
Q04878,random,ifnepitope2,med_total_score,0.58
Q59603,random,ifnepitope2,mean_ml_score,0.6092642140468227
Q59603,random,ifnepitope2,mean_blast_score,0.0
Q59603,random,ifnepitope2,mean_total_score,0.6092642140468227
Q59603,random,ifnepitope2,med_ml_score,0.61
Q59603,random,ifnepitope2,med_blast_score,0.0
Q59603,random,ifnepitope2,med_total_score,0.61
B4RKA0,random,ifnepitope2,mean_ml_score,0.6216605166051661
B4RKA0,random,ifnepitope2,mean_blast_score,0.0
B4RKA0,random,ifnepitope2,mean_total_score,0.6216605166051661
B4RKA0,random,ifnepitope2,med_ml_score,0.62
B4RKA0,random,ifnepitope2,med_blast_score,0.0
B4RKA0,random,ifnepitope2,med_total_score,0.62
B4RQS8,random,ifnepitope2,mean_ml_score,0.6563097949886105
B4RQS8,random,ifnepitope2,mean_blast_score,0.0
B4RQS8,random,ifnepitope2,mean_total_score,0.6563097949886105
B4RQS8,random,ifnepitope2,med_ml_score,0.66
B4RQS8,random,ifnepitope2,med_blast_score,0.0
B4RQS8,random,ifnepitope2,med_total_score,0.66
Q5F7J4,random,ifnepitope2,mean_ml_score,0.6096477794793261
Q5F7J4,random,ifnepitope2,mean_blast_score,0.0
Q5F7J4,random,ifnepitope2,mean_total_score,0.6096477794793261
Q5F7J4,random,ifnepitope2,med_ml_score,0.61
Q5F7J4,random,ifnepitope2,med_blast_score,0.0
Q5F7J4,random,ifnepitope2,med_total_score,0.61
Q5F6I7,random,ifnepitope2,mean_ml_score,0.6179834254143647
Q5F6I7,random,ifnepitope2,mean_blast_score,0.0
Q5F6I7,random,ifnepitope2,mean_total_score,0.6179834254143647
Q5F6I7,random,ifnepitope2,med_ml_score,0.62
Q5F6I7,random,ifnepitope2,med_blast_score,0.0
Q5F6I7,random,ifnepitope2,med_total_score,0.62
B4RQ92,random,ifnepitope2,mean_ml_score,0.615982905982906
B4RQ92,random,ifnepitope2,mean_blast_score,0.0
B4RQ92,random,ifnepitope2,mean_total_score,0.615982905982906
B4RQ92,random,ifnepitope2,med_ml_score,0.62
B4RQ92,random,ifnepitope2,med_blast_score,0.0
B4RQ92,random,ifnepitope2,med_total_score,0.62
P72079,random,ifnepitope2,mean_ml_score,0.6005729166666667
P72079,random,ifnepitope2,mean_blast_score,0.0
P72079,random,ifnepitope2,mean_total_score,0.6005729166666667
P72079,random,ifnepitope2,med_ml_score,0.6
P72079,random,ifnepitope2,med_blast_score,0.0
P72079,random,ifnepitope2,med_total_score,0.6
B4RLK3,random,ifnepitope2,mean_ml_score,0.5841350710900474
B4RLK3,random,ifnepitope2,mean_blast_score,0.0
B4RLK3,random,ifnepitope2,mean_total_score,0.5841350710900474
B4RLK3,random,ifnepitope2,med_ml_score,0.59
B4RLK3,random,ifnepitope2,med_blast_score,0.0
B4RLK3,random,ifnepitope2,med_total_score,0.59
Q5F4X8,random,ifnepitope2,mean_ml_score,0.562773246329527
Q5F4X8,random,ifnepitope2,mean_blast_score,0.0
Q5F4X8,random,ifnepitope2,mean_total_score,0.562773246329527
Q5F4X8,random,ifnepitope2,med_ml_score,0.56
Q5F4X8,random,ifnepitope2,med_blast_score,0.0
Q5F4X8,random,ifnepitope2,med_total_score,0.56
P39897,random,ifnepitope2,mean_ml_score,0.5016981132075472
P39897,random,ifnepitope2,mean_blast_score,0.0
P39897,random,ifnepitope2,mean_total_score,0.5016981132075472
P39897,random,ifnepitope2,med_ml_score,0.52
P39897,random,ifnepitope2,med_blast_score,0.0
P39897,random,ifnepitope2,med_total_score,0.52
B4RQN5,random,ifnepitope2,mean_ml_score,0.6236956521739131
B4RQN5,random,ifnepitope2,mean_blast_score,0.0
B4RQN5,random,ifnepitope2,mean_total_score,0.6236956521739131
B4RQN5,random,ifnepitope2,med_ml_score,0.62
B4RQN5,random,ifnepitope2,med_blast_score,0.0
B4RQN5,random,ifnepitope2,med_total_score,0.62
P37762,random,ifnepitope2,mean_ml_score,0.5938571428571429
P37762,random,ifnepitope2,mean_blast_score,0.0
P37762,random,ifnepitope2,mean_total_score,0.5938571428571429
P37762,random,ifnepitope2,med_ml_score,0.59
P37762,random,ifnepitope2,med_blast_score,0.0
P37762,random,ifnepitope2,med_total_score,0.59
Q5F551,random,ifnepitope2,mean_ml_score,0.5776687116564417
Q5F551,random,ifnepitope2,mean_blast_score,0.0
Q5F551,random,ifnepitope2,mean_total_score,0.5776687116564417
Q5F551,random,ifnepitope2,med_ml_score,0.59
Q5F551,random,ifnepitope2,med_blast_score,0.0
Q5F551,random,ifnepitope2,med_total_score,0.59
B4RN50,random,ifnepitope2,mean_ml_score,0.6200945626477541
B4RN50,random,ifnepitope2,mean_blast_score,0.0
B4RN50,random,ifnepitope2,mean_total_score,0.6200945626477541
B4RN50,random,ifnepitope2,med_ml_score,0.62
B4RN50,random,ifnepitope2,med_blast_score,0.0
B4RN50,random,ifnepitope2,med_total_score,0.62
B4RLE6,random,ifnepitope2,mean_ml_score,0.5764077669902913
B4RLE6,random,ifnepitope2,mean_blast_score,0.0
B4RLE6,random,ifnepitope2,mean_total_score,0.5764077669902913
B4RLE6,random,ifnepitope2,med_ml_score,0.57
B4RLE6,random,ifnepitope2,med_blast_score,0.0
B4RLE6,random,ifnepitope2,med_total_score,0.57
B4RK82,random,ifnepitope2,mean_ml_score,0.5686868686868687
B4RK82,random,ifnepitope2,mean_blast_score,0.0
B4RK82,random,ifnepitope2,mean_total_score,0.5686868686868687
B4RK82,random,ifnepitope2,med_ml_score,0.57
B4RK82,random,ifnepitope2,med_blast_score,0.0
B4RK82,random,ifnepitope2,med_total_score,0.57
Q04885,random,ifnepitope2,mean_ml_score,0.5669469026548672
Q04885,random,ifnepitope2,mean_blast_score,0.0
Q04885,random,ifnepitope2,mean_total_score,0.5669469026548672
Q04885,random,ifnepitope2,med_ml_score,0.57
Q04885,random,ifnepitope2,med_blast_score,0.0
Q04885,random,ifnepitope2,med_total_score,0.57
Q5F5X0,random,ifnepitope2,mean_ml_score,0.5949481865284975
Q5F5X0,random,ifnepitope2,mean_blast_score,0.0
Q5F5X0,random,ifnepitope2,mean_total_score,0.5949481865284975
Q5F5X0,random,ifnepitope2,med_ml_score,0.6
Q5F5X0,random,ifnepitope2,med_blast_score,0.0
Q5F5X0,random,ifnepitope2,med_total_score,0.6
B4RLX4,random,ifnepitope2,mean_ml_score,0.6009597523219814
B4RLX4,random,ifnepitope2,mean_blast_score,0.0
B4RLX4,random,ifnepitope2,mean_total_score,0.6009597523219814
B4RLX4,random,ifnepitope2,med_ml_score,0.6
B4RLX4,random,ifnepitope2,med_blast_score,0.0
B4RLX4,random,ifnepitope2,med_total_score,0.6
B4RR10,random,ifnepitope2,mean_ml_score,0.58112
B4RR10,random,ifnepitope2,mean_blast_score,0.0
B4RR10,random,ifnepitope2,mean_total_score,0.58112
B4RR10,random,ifnepitope2,med_ml_score,0.59
B4RR10,random,ifnepitope2,med_blast_score,0.0
B4RR10,random,ifnepitope2,med_total_score,0.59
Q5F4W9,random,ifnepitope2,mean_ml_score,0.6179787234042553
Q5F4W9,random,ifnepitope2,mean_blast_score,0.0
Q5F4W9,random,ifnepitope2,mean_total_score,0.6179787234042553
Q5F4W9,random,ifnepitope2,med_ml_score,0.63
Q5F4W9,random,ifnepitope2,med_blast_score,0.0
Q5F4W9,random,ifnepitope2,med_total_score,0.63
B4RL51,random,ifnepitope2,mean_ml_score,0.5640449438202247
B4RL51,random,ifnepitope2,mean_blast_score,0.0
B4RL51,random,ifnepitope2,mean_total_score,0.5640449438202247
B4RL51,random,ifnepitope2,med_ml_score,0.55
B4RL51,random,ifnepitope2,med_blast_score,0.0
B4RL51,random,ifnepitope2,med_total_score,0.55
Q5F5U1,random,ifnepitope2,mean_ml_score,0.5765573770491803
Q5F5U1,random,ifnepitope2,mean_blast_score,0.0
Q5F5U1,random,ifnepitope2,mean_total_score,0.5765573770491803
Q5F5U1,random,ifnepitope2,med_ml_score,0.58
Q5F5U1,random,ifnepitope2,med_blast_score,0.0
Q5F5U1,random,ifnepitope2,med_total_score,0.58
B4RP71,random,ifnepitope2,mean_ml_score,0.5897297297297297
B4RP71,random,ifnepitope2,mean_blast_score,0.0
B4RP71,random,ifnepitope2,mean_total_score,0.5897297297297297
B4RP71,random,ifnepitope2,med_ml_score,0.58
B4RP71,random,ifnepitope2,med_blast_score,0.0
B4RP71,random,ifnepitope2,med_total_score,0.58
B4RQK5,random,ifnepitope2,mean_ml_score,0.5854918032786885
B4RQK5,random,ifnepitope2,mean_blast_score,0.0
B4RQK5,random,ifnepitope2,mean_total_score,0.5854918032786885
B4RQK5,random,ifnepitope2,med_ml_score,0.6
B4RQK5,random,ifnepitope2,med_blast_score,0.0
B4RQK5,random,ifnepitope2,med_total_score,0.6
B4RNT1,random,ifnepitope2,mean_ml_score,0.5995391705069124
B4RNT1,random,ifnepitope2,mean_blast_score,0.0
B4RNT1,random,ifnepitope2,mean_total_score,0.5995391705069124
B4RNT1,random,ifnepitope2,med_ml_score,0.6
B4RNT1,random,ifnepitope2,med_blast_score,0.0
B4RNT1,random,ifnepitope2,med_total_score,0.6
B4RLX9,random,ifnepitope2,mean_ml_score,0.5858943089430895
B4RLX9,random,ifnepitope2,mean_blast_score,0.0
B4RLX9,random,ifnepitope2,mean_total_score,0.5858943089430895
B4RLX9,random,ifnepitope2,med_ml_score,0.6
B4RLX9,random,ifnepitope2,med_blast_score,0.0
B4RLX9,random,ifnepitope2,med_total_score,0.6
P09888,random,ifnepitope2,mean_ml_score,0.5669469026548672
P09888,random,ifnepitope2,mean_blast_score,0.0
P09888,random,ifnepitope2,mean_total_score,0.5669469026548672
P09888,random,ifnepitope2,med_ml_score,0.57
P09888,random,ifnepitope2,med_blast_score,0.0
P09888,random,ifnepitope2,med_total_score,0.57
Q04879,random,ifnepitope2,mean_ml_score,0.5738325991189427
Q04879,random,ifnepitope2,mean_blast_score,0.0
Q04879,random,ifnepitope2,mean_total_score,0.5738325991189427
Q04879,random,ifnepitope2,med_ml_score,0.58
Q04879,random,ifnepitope2,med_blast_score,0.0
Q04879,random,ifnepitope2,med_total_score,0.58
P77914,random,ifnepitope2,mean_ml_score,0.5941610738255033
P77914,random,ifnepitope2,mean_blast_score,0.0
P77914,random,ifnepitope2,mean_total_score,0.5941610738255033
P77914,random,ifnepitope2,med_ml_score,0.59
P77914,random,ifnepitope2,med_blast_score,0.0
P77914,random,ifnepitope2,med_total_score,0.59
Q5F5F4,random,ifnepitope2,mean_ml_score,0.5735869565217391
Q5F5F4,random,ifnepitope2,mean_blast_score,0.0
Q5F5F4,random,ifnepitope2,mean_total_score,0.5735869565217391
Q5F5F4,random,ifnepitope2,med_ml_score,0.58
Q5F5F4,random,ifnepitope2,med_blast_score,0.0
Q5F5F4,random,ifnepitope2,med_total_score,0.58
P95354,random,ifnepitope2,mean_ml_score,0.5695652173913044
P95354,random,ifnepitope2,mean_blast_score,0.0
P95354,random,ifnepitope2,mean_total_score,0.5695652173913044
P95354,random,ifnepitope2,med_ml_score,0.56
P95354,random,ifnepitope2,med_blast_score,0.0
P95354,random,ifnepitope2,med_total_score,0.56
B4RIW3,random,ifnepitope2,mean_ml_score,0.6025311203319502
B4RIW3,random,ifnepitope2,mean_blast_score,0.0
B4RIW3,random,ifnepitope2,mean_total_score,0.6025311203319502
B4RIW3,random,ifnepitope2,med_ml_score,0.6
B4RIW3,random,ifnepitope2,med_blast_score,0.0
B4RIW3,random,ifnepitope2,med_total_score,0.6
Q5FAH8,random,ifnepitope2,mean_ml_score,0.5902380952380952
Q5FAH8,random,ifnepitope2,mean_blast_score,0.0
Q5FAH8,random,ifnepitope2,mean_total_score,0.5902380952380952
Q5FAH8,random,ifnepitope2,med_ml_score,0.59
Q5FAH8,random,ifnepitope2,med_blast_score,0.0
Q5FAH8,random,ifnepitope2,med_total_score,0.59
Q5F783,random,ifnepitope2,mean_ml_score,0.6248109965635739
Q5F783,random,ifnepitope2,mean_blast_score,0.0
Q5F783,random,ifnepitope2,mean_total_score,0.6248109965635739
Q5F783,random,ifnepitope2,med_ml_score,0.63
Q5F783,random,ifnepitope2,med_blast_score,0.0
Q5F783,random,ifnepitope2,med_total_score,0.63
P21152,random,ifnepitope2,mean_ml_score,0.5951470588235294
P21152,random,ifnepitope2,mean_blast_score,0.0
P21152,random,ifnepitope2,mean_total_score,0.5951470588235294
P21152,random,ifnepitope2,med_ml_score,0.61
P21152,random,ifnepitope2,med_blast_score,0.0
P21152,random,ifnepitope2,med_total_score,0.61
B4RJR8,random,ifnepitope2,mean_ml_score,0.6898076923076923
B4RJR8,random,ifnepitope2,mean_blast_score,0.0
B4RJR8,random,ifnepitope2,mean_total_score,0.6898076923076923
B4RJR8,random,ifnepitope2,med_ml_score,0.705
B4RJR8,random,ifnepitope2,med_blast_score,0.0
B4RJR8,random,ifnepitope2,med_total_score,0.705
Q5F9U0,random,ifnepitope2,mean_ml_score,0.6045482866043613
Q5F9U0,random,ifnepitope2,mean_blast_score,0.0
Q5F9U0,random,ifnepitope2,mean_total_score,0.6045482866043613
Q5F9U0,random,ifnepitope2,med_ml_score,0.59
Q5F9U0,random,ifnepitope2,med_blast_score,0.0
Q5F9U0,random,ifnepitope2,med_total_score,0.59
B4RR25,random,ifnepitope2,mean_ml_score,0.6142211055276382
B4RR25,random,ifnepitope2,mean_blast_score,0.0
B4RR25,random,ifnepitope2,mean_total_score,0.6142211055276382
B4RR25,random,ifnepitope2,med_ml_score,0.62
B4RR25,random,ifnepitope2,med_blast_score,0.0
B4RR25,random,ifnepitope2,med_total_score,0.62
B4RJY6,random,ifnepitope2,mean_ml_score,0.5404504504504505
B4RJY6,random,ifnepitope2,mean_blast_score,0.0
B4RJY6,random,ifnepitope2,mean_total_score,0.5404504504504505
B4RJY6,random,ifnepitope2,med_ml_score,0.55
B4RJY6,random,ifnepitope2,med_blast_score,0.0
B4RJY6,random,ifnepitope2,med_total_score,0.55
B4RNW8,random,ifnepitope2,mean_ml_score,0.5973732718894009
B4RNW8,random,ifnepitope2,mean_blast_score,0.0
B4RNW8,random,ifnepitope2,mean_total_score,0.5973732718894009
B4RNW8,random,ifnepitope2,med_ml_score,0.6
B4RNW8,random,ifnepitope2,med_blast_score,0.0
B4RNW8,random,ifnepitope2,med_total_score,0.6
Q5F5D9,random,ifnepitope2,mean_ml_score,0.5671276595744681
Q5F5D9,random,ifnepitope2,mean_blast_score,0.0
Q5F5D9,random,ifnepitope2,mean_total_score,0.5671276595744681
Q5F5D9,random,ifnepitope2,med_ml_score,0.57
Q5F5D9,random,ifnepitope2,med_blast_score,0.0
Q5F5D9,random,ifnepitope2,med_total_score,0.57
B4RP57,random,ifnepitope2,mean_ml_score,0.6007272727272728
B4RP57,random,ifnepitope2,mean_blast_score,0.0
B4RP57,random,ifnepitope2,mean_total_score,0.6007272727272728
B4RP57,random,ifnepitope2,med_ml_score,0.61
B4RP57,random,ifnepitope2,med_blast_score,0.0
B4RP57,random,ifnepitope2,med_total_score,0.61
Q5F542,random,ifnepitope2,mean_ml_score,0.5264772727272727
Q5F542,random,ifnepitope2,mean_blast_score,0.0
Q5F542,random,ifnepitope2,mean_total_score,0.5264772727272727
Q5F542,random,ifnepitope2,med_ml_score,0.52
Q5F542,random,ifnepitope2,med_blast_score,0.0
Q5F542,random,ifnepitope2,med_total_score,0.52
Q5F6P1,random,ifnepitope2,mean_ml_score,0.6033760683760684
Q5F6P1,random,ifnepitope2,mean_blast_score,0.0
Q5F6P1,random,ifnepitope2,mean_total_score,0.6033760683760684
Q5F6P1,random,ifnepitope2,med_ml_score,0.61
Q5F6P1,random,ifnepitope2,med_blast_score,0.0
Q5F6P1,random,ifnepitope2,med_total_score,0.61
B4RN63,random,ifnepitope2,mean_ml_score,0.6384297520661157
B4RN63,random,ifnepitope2,mean_blast_score,0.0
B4RN63,random,ifnepitope2,mean_total_score,0.6384297520661157
B4RN63,random,ifnepitope2,med_ml_score,0.65
B4RN63,random,ifnepitope2,med_blast_score,0.0
B4RN63,random,ifnepitope2,med_total_score,0.65
Q5F5T1,random,ifnepitope2,mean_ml_score,0.5997619047619047
Q5F5T1,random,ifnepitope2,mean_blast_score,0.0
Q5F5T1,random,ifnepitope2,mean_total_score,0.5997619047619047
Q5F5T1,random,ifnepitope2,med_ml_score,0.59
Q5F5T1,random,ifnepitope2,med_blast_score,0.0
Q5F5T1,random,ifnepitope2,med_total_score,0.59
B4RMM2,random,ifnepitope2,mean_ml_score,0.584
B4RMM2,random,ifnepitope2,mean_blast_score,0.0
B4RMM2,random,ifnepitope2,mean_total_score,0.584
B4RMM2,random,ifnepitope2,med_ml_score,0.57
B4RMM2,random,ifnepitope2,med_blast_score,0.0
B4RMM2,random,ifnepitope2,med_total_score,0.57
B4RJT3,random,ifnepitope2,mean_ml_score,0.5978195488721805
B4RJT3,random,ifnepitope2,mean_blast_score,0.0
B4RJT3,random,ifnepitope2,mean_total_score,0.5978195488721805
B4RJT3,random,ifnepitope2,med_ml_score,0.6
B4RJT3,random,ifnepitope2,med_blast_score,0.0
B4RJT3,random,ifnepitope2,med_total_score,0.6
B4RK79,random,ifnepitope2,mean_ml_score,0.6160714285714286
B4RK79,random,ifnepitope2,mean_blast_score,0.0
B4RK79,random,ifnepitope2,mean_total_score,0.6160714285714286
B4RK79,random,ifnepitope2,med_ml_score,0.625
B4RK79,random,ifnepitope2,med_blast_score,0.0
B4RK79,random,ifnepitope2,med_total_score,0.625
Q5F9D8,random,ifnepitope2,mean_ml_score,0.5939043824701196
Q5F9D8,random,ifnepitope2,mean_blast_score,0.0
Q5F9D8,random,ifnepitope2,mean_total_score,0.5939043824701196
Q5F9D8,random,ifnepitope2,med_ml_score,0.6
Q5F9D8,random,ifnepitope2,med_blast_score,0.0
Q5F9D8,random,ifnepitope2,med_total_score,0.6
B4RQ94,random,ifnepitope2,mean_ml_score,0.6164435146443514
B4RQ94,random,ifnepitope2,mean_blast_score,0.0
B4RQ94,random,ifnepitope2,mean_total_score,0.6164435146443514
B4RQ94,random,ifnepitope2,med_ml_score,0.61
B4RQ94,random,ifnepitope2,med_blast_score,0.0
B4RQ94,random,ifnepitope2,med_total_score,0.61
B4RKF0,random,ifnepitope2,mean_ml_score,0.6190842490842491
B4RKF0,random,ifnepitope2,mean_blast_score,0.0
B4RKF0,random,ifnepitope2,mean_total_score,0.6190842490842491
B4RKF0,random,ifnepitope2,med_ml_score,0.62
B4RKF0,random,ifnepitope2,med_blast_score,0.0
B4RKF0,random,ifnepitope2,med_total_score,0.62
Q5F8J0,random,ifnepitope2,mean_ml_score,0.6096296296296296
Q5F8J0,random,ifnepitope2,mean_blast_score,0.0
Q5F8J0,random,ifnepitope2,mean_total_score,0.6096296296296296
Q5F8J0,random,ifnepitope2,med_ml_score,0.62
Q5F8J0,random,ifnepitope2,med_blast_score,0.0
Q5F8J0,random,ifnepitope2,med_total_score,0.62
B4RJF6,random,ifnepitope2,mean_ml_score,0.5666891891891892
B4RJF6,random,ifnepitope2,mean_blast_score,0.0
B4RJF6,random,ifnepitope2,mean_total_score,0.5666891891891892
B4RJF6,random,ifnepitope2,med_ml_score,0.57
B4RJF6,random,ifnepitope2,med_blast_score,0.0
B4RJF6,random,ifnepitope2,med_total_score,0.57
Q5F8D4,random,ifnepitope2,mean_ml_score,0.5862648556876061
Q5F8D4,random,ifnepitope2,mean_blast_score,0.0
Q5F8D4,random,ifnepitope2,mean_total_score,0.5862648556876061
Q5F8D4,random,ifnepitope2,med_ml_score,0.58
Q5F8D4,random,ifnepitope2,med_blast_score,0.0
Q5F8D4,random,ifnepitope2,med_total_score,0.58
P04174,random,ifnepitope2,mean_ml_score,0.5982236842105263
P04174,random,ifnepitope2,mean_blast_score,0.0
P04174,random,ifnepitope2,mean_total_score,0.5982236842105263
P04174,random,ifnepitope2,med_ml_score,0.6
P04174,random,ifnepitope2,med_blast_score,0.0
P04174,random,ifnepitope2,med_total_score,0.6
Q04876,random,ifnepitope2,mean_ml_score,0.5689406779661017
Q04876,random,ifnepitope2,mean_blast_score,0.0
Q04876,random,ifnepitope2,mean_total_score,0.5689406779661017
Q04876,random,ifnepitope2,med_ml_score,0.57
Q04876,random,ifnepitope2,med_blast_score,0.0
Q04876,random,ifnepitope2,med_total_score,0.57
Q50986,random,ifnepitope2,mean_ml_score,0.6190178571428572
Q50986,random,ifnepitope2,mean_blast_score,0.0
Q50986,random,ifnepitope2,mean_total_score,0.6190178571428572
Q50986,random,ifnepitope2,med_ml_score,0.62
Q50986,random,ifnepitope2,med_blast_score,0.0
Q50986,random,ifnepitope2,med_total_score,0.62
Q5F7G0,random,ifnepitope2,mean_ml_score,0.5979061371841156
Q5F7G0,random,ifnepitope2,mean_blast_score,0.0
Q5F7G0,random,ifnepitope2,mean_total_score,0.5979061371841156
Q5F7G0,random,ifnepitope2,med_ml_score,0.6
Q5F7G0,random,ifnepitope2,med_blast_score,0.0
Q5F7G0,random,ifnepitope2,med_total_score,0.6
Q5F7H5,random,ifnepitope2,mean_ml_score,0.5958083832335329
Q5F7H5,random,ifnepitope2,mean_blast_score,0.0
Q5F7H5,random,ifnepitope2,mean_total_score,0.5958083832335329
Q5F7H5,random,ifnepitope2,med_ml_score,0.6
Q5F7H5,random,ifnepitope2,med_blast_score,0.0
Q5F7H5,random,ifnepitope2,med_total_score,0.6
Q5F8G9,random,ifnepitope2,mean_ml_score,0.5905208333333334
Q5F8G9,random,ifnepitope2,mean_blast_score,0.0
Q5F8G9,random,ifnepitope2,mean_total_score,0.5905208333333334
Q5F8G9,random,ifnepitope2,med_ml_score,0.59
Q5F8G9,random,ifnepitope2,med_blast_score,0.0
Q5F8G9,random,ifnepitope2,med_total_score,0.59
B4RJI8,random,ifnepitope2,mean_ml_score,0.6196078431372549
B4RJI8,random,ifnepitope2,mean_blast_score,0.0
B4RJI8,random,ifnepitope2,mean_total_score,0.6196078431372549
B4RJI8,random,ifnepitope2,med_ml_score,0.62
B4RJI8,random,ifnepitope2,med_blast_score,0.0
B4RJI8,random,ifnepitope2,med_total_score,0.62
B4RKC9,random,ifnepitope2,mean_ml_score,0.6
B4RKC9,random,ifnepitope2,mean_blast_score,0.0
B4RKC9,random,ifnepitope2,mean_total_score,0.6
B4RKC9,random,ifnepitope2,med_ml_score,0.59
B4RKC9,random,ifnepitope2,med_blast_score,0.0
B4RKC9,random,ifnepitope2,med_total_score,0.59
B4RNG2,random,ifnepitope2,mean_ml_score,0.5815873015873015
B4RNG2,random,ifnepitope2,mean_blast_score,0.0
B4RNG2,random,ifnepitope2,mean_total_score,0.5815873015873015
B4RNG2,random,ifnepitope2,med_ml_score,0.59
B4RNG2,random,ifnepitope2,med_blast_score,0.0
B4RNG2,random,ifnepitope2,med_total_score,0.59
Q5F849,random,ifnepitope2,mean_ml_score,0.5847349823321555
Q5F849,random,ifnepitope2,mean_blast_score,0.0
Q5F849,random,ifnepitope2,mean_total_score,0.5847349823321555
Q5F849,random,ifnepitope2,med_ml_score,0.58
Q5F849,random,ifnepitope2,med_blast_score,0.0
Q5F849,random,ifnepitope2,med_total_score,0.58
B4RQ36,random,ifnepitope2,mean_ml_score,0.5808661417322835
B4RQ36,random,ifnepitope2,mean_blast_score,0.0
B4RQ36,random,ifnepitope2,mean_total_score,0.5808661417322835
B4RQ36,random,ifnepitope2,med_ml_score,0.58
B4RQ36,random,ifnepitope2,med_blast_score,0.0
B4RQ36,random,ifnepitope2,med_total_score,0.58
Q5F5P6,random,ifnepitope2,mean_ml_score,0.600754716981132
Q5F5P6,random,ifnepitope2,mean_blast_score,0.0
Q5F5P6,random,ifnepitope2,mean_total_score,0.600754716981132
Q5F5P6,random,ifnepitope2,med_ml_score,0.62
Q5F5P6,random,ifnepitope2,med_blast_score,0.0
Q5F5P6,random,ifnepitope2,med_total_score,0.62
Q5F553,random,ifnepitope2,mean_ml_score,0.584125
Q5F553,random,ifnepitope2,mean_blast_score,0.0
Q5F553,random,ifnepitope2,mean_total_score,0.584125
Q5F553,random,ifnepitope2,med_ml_score,0.58
Q5F553,random,ifnepitope2,med_blast_score,0.0
Q5F553,random,ifnepitope2,med_total_score,0.58
Q51003,random,ifnepitope2,mean_ml_score,0.621904761904762
Q51003,random,ifnepitope2,mean_blast_score,0.0
Q51003,random,ifnepitope2,mean_total_score,0.621904761904762
Q51003,random,ifnepitope2,med_ml_score,0.63
Q51003,random,ifnepitope2,med_blast_score,0.0
Q51003,random,ifnepitope2,med_total_score,0.63
Q5F8T6,random,ifnepitope2,mean_ml_score,0.6077011494252874
Q5F8T6,random,ifnepitope2,mean_blast_score,0.0
Q5F8T6,random,ifnepitope2,mean_total_score,0.6077011494252874
Q5F8T6,random,ifnepitope2,med_ml_score,0.61
Q5F8T6,random,ifnepitope2,med_blast_score,0.0
Q5F8T6,random,ifnepitope2,med_total_score,0.61
Q50950,random,ifnepitope2,mean_ml_score,0.585
Q50950,random,ifnepitope2,mean_blast_score,0.0
Q50950,random,ifnepitope2,mean_total_score,0.585
Q50950,random,ifnepitope2,med_ml_score,0.6
Q50950,random,ifnepitope2,med_blast_score,0.0
Q50950,random,ifnepitope2,med_total_score,0.6
Q5F5V2,random,ifnepitope2,mean_ml_score,0.59409375
Q5F5V2,random,ifnepitope2,mean_blast_score,0.0
Q5F5V2,random,ifnepitope2,mean_total_score,0.59409375
Q5F5V2,random,ifnepitope2,med_ml_score,0.6
Q5F5V2,random,ifnepitope2,med_blast_score,0.0
Q5F5V2,random,ifnepitope2,med_total_score,0.6
Q5F7D8,random,ifnepitope2,mean_ml_score,0.6004275534441805
Q5F7D8,random,ifnepitope2,mean_blast_score,0.0
Q5F7D8,random,ifnepitope2,mean_total_score,0.6004275534441805
Q5F7D8,random,ifnepitope2,med_ml_score,0.6
Q5F7D8,random,ifnepitope2,med_blast_score,0.0
Q5F7D8,random,ifnepitope2,med_total_score,0.6
O06432,random,ifnepitope2,mean_ml_score,0.6203272727272727
O06432,random,ifnepitope2,mean_blast_score,0.0
O06432,random,ifnepitope2,mean_total_score,0.6203272727272727
O06432,random,ifnepitope2,med_ml_score,0.64
O06432,random,ifnepitope2,med_blast_score,0.0
O06432,random,ifnepitope2,med_total_score,0.64
Q5F9U2,random,ifnepitope2,mean_ml_score,0.592280701754386
Q5F9U2,random,ifnepitope2,mean_blast_score,0.0
Q5F9U2,random,ifnepitope2,mean_total_score,0.592280701754386
Q5F9U2,random,ifnepitope2,med_ml_score,0.6
Q5F9U2,random,ifnepitope2,med_blast_score,0.0
Q5F9U2,random,ifnepitope2,med_total_score,0.6
Q50945,random,ifnepitope2,mean_ml_score,0.5654237288135593
Q50945,random,ifnepitope2,mean_blast_score,0.0
Q50945,random,ifnepitope2,mean_total_score,0.5654237288135593
Q50945,random,ifnepitope2,med_ml_score,0.58
Q50945,random,ifnepitope2,med_blast_score,0.0
Q50945,random,ifnepitope2,med_total_score,0.58
Q5FAF3,random,ifnepitope2,mean_ml_score,0.5239102564102565
Q5FAF3,random,ifnepitope2,mean_blast_score,0.0
Q5FAF3,random,ifnepitope2,mean_total_score,0.5239102564102565
Q5FAF3,random,ifnepitope2,med_ml_score,0.515
Q5FAF3,random,ifnepitope2,med_blast_score,0.0
Q5FAF3,random,ifnepitope2,med_total_score,0.515
P95361,random,ifnepitope2,mean_ml_score,0.6170881226053639
P95361,random,ifnepitope2,mean_blast_score,0.0
P95361,random,ifnepitope2,mean_total_score,0.6170881226053639
P95361,random,ifnepitope2,med_ml_score,0.64
P95361,random,ifnepitope2,med_blast_score,0.0
P95361,random,ifnepitope2,med_total_score,0.64
P49979,random,ifnepitope2,mean_ml_score,0.5734299516908212
P49979,random,ifnepitope2,mean_blast_score,0.0
P49979,random,ifnepitope2,mean_total_score,0.5734299516908212
P49979,random,ifnepitope2,med_ml_score,0.58
P49979,random,ifnepitope2,med_blast_score,0.0
P49979,random,ifnepitope2,med_total_score,0.58
B4RQW1,random,ifnepitope2,mean_ml_score,0.5302608695652173
B4RQW1,random,ifnepitope2,mean_blast_score,0.0
B4RQW1,random,ifnepitope2,mean_total_score,0.5302608695652173
B4RQW1,random,ifnepitope2,med_ml_score,0.55
B4RQW1,random,ifnepitope2,med_blast_score,0.0
B4RQW1,random,ifnepitope2,med_total_score,0.55
Q5F5M1,random,ifnepitope2,mean_ml_score,0.626958904109589
Q5F5M1,random,ifnepitope2,mean_blast_score,0.0
Q5F5M1,random,ifnepitope2,mean_total_score,0.626958904109589
Q5F5M1,random,ifnepitope2,med_ml_score,0.62
Q5F5M1,random,ifnepitope2,med_blast_score,0.0
Q5F5M1,random,ifnepitope2,med_total_score,0.62
Q5F8J4,random,ifnepitope2,mean_ml_score,0.5785714285714286
Q5F8J4,random,ifnepitope2,mean_blast_score,0.0
Q5F8J4,random,ifnepitope2,mean_total_score,0.5785714285714286
Q5F8J4,random,ifnepitope2,med_ml_score,0.59
Q5F8J4,random,ifnepitope2,med_blast_score,0.0
Q5F8J4,random,ifnepitope2,med_total_score,0.59
B4RM87,random,ifnepitope2,mean_ml_score,0.6059829059829059
B4RM87,random,ifnepitope2,mean_blast_score,0.0
B4RM87,random,ifnepitope2,mean_total_score,0.6059829059829059
B4RM87,random,ifnepitope2,med_ml_score,0.61
B4RM87,random,ifnepitope2,med_blast_score,0.0
B4RM87,random,ifnepitope2,med_total_score,0.61
B4RJG2,random,ifnepitope2,mean_ml_score,0.6062068965517241
B4RJG2,random,ifnepitope2,mean_blast_score,0.0
B4RJG2,random,ifnepitope2,mean_total_score,0.6062068965517241
B4RJG2,random,ifnepitope2,med_ml_score,0.615
B4RJG2,random,ifnepitope2,med_blast_score,0.0
B4RJG2,random,ifnepitope2,med_total_score,0.615
Q5F5X2,random,ifnepitope2,mean_ml_score,0.613625
Q5F5X2,random,ifnepitope2,mean_blast_score,0.0
Q5F5X2,random,ifnepitope2,mean_total_score,0.613625
Q5F5X2,random,ifnepitope2,med_ml_score,0.6
Q5F5X2,random,ifnepitope2,med_blast_score,0.0
Q5F5X2,random,ifnepitope2,med_total_score,0.6
B4RQW3,random,ifnepitope2,mean_ml_score,0.6034851771511207
B4RQW3,random,ifnepitope2,mean_blast_score,0.0
B4RQW3,random,ifnepitope2,mean_total_score,0.6034851771511207
B4RQW3,random,ifnepitope2,med_ml_score,0.6
B4RQW3,random,ifnepitope2,med_blast_score,0.0
B4RQW3,random,ifnepitope2,med_total_score,0.6
Q5F9K6,random,ifnepitope2,mean_ml_score,0.6214457831325301
Q5F9K6,random,ifnepitope2,mean_blast_score,0.0
Q5F9K6,random,ifnepitope2,mean_total_score,0.6214457831325301
Q5F9K6,random,ifnepitope2,med_ml_score,0.62
Q5F9K6,random,ifnepitope2,med_blast_score,0.0
Q5F9K6,random,ifnepitope2,med_total_score,0.62
Q5F6L9,random,ifnepitope2,mean_ml_score,0.5983947939262473
Q5F6L9,random,ifnepitope2,mean_blast_score,0.0
Q5F6L9,random,ifnepitope2,mean_total_score,0.5983947939262473
Q5F6L9,random,ifnepitope2,med_ml_score,0.61
Q5F6L9,random,ifnepitope2,med_blast_score,0.0
Q5F6L9,random,ifnepitope2,med_total_score,0.61
P07047,random,ifnepitope2,mean_ml_score,0.5758883248730965
P07047,random,ifnepitope2,mean_blast_score,0.0
P07047,random,ifnepitope2,mean_total_score,0.5758883248730965
P07047,random,ifnepitope2,med_ml_score,0.57
P07047,random,ifnepitope2,med_blast_score,0.0
P07047,random,ifnepitope2,med_total_score,0.57
P52325,random,ifnepitope2,mean_ml_score,0.5807097791798107
P52325,random,ifnepitope2,mean_blast_score,0.0
P52325,random,ifnepitope2,mean_total_score,0.5807097791798107
P52325,random,ifnepitope2,med_ml_score,0.585
P52325,random,ifnepitope2,med_blast_score,0.0
P52325,random,ifnepitope2,med_total_score,0.585
B4RIY7,random,ifnepitope2,mean_ml_score,0.6110502283105023
B4RIY7,random,ifnepitope2,mean_blast_score,0.0
B4RIY7,random,ifnepitope2,mean_total_score,0.6110502283105023
B4RIY7,random,ifnepitope2,med_ml_score,0.61
B4RIY7,random,ifnepitope2,med_blast_score,0.0
B4RIY7,random,ifnepitope2,med_total_score,0.61
P31032,random,ifnepitope2,mean_ml_score,0.5721223021582734
P31032,random,ifnepitope2,mean_blast_score,0.0
P31032,random,ifnepitope2,mean_total_score,0.5721223021582734
P31032,random,ifnepitope2,med_ml_score,0.58
P31032,random,ifnepitope2,med_blast_score,0.0
P31032,random,ifnepitope2,med_total_score,0.58
Q5F623,random,ifnepitope2,mean_ml_score,0.6327152317880794
Q5F623,random,ifnepitope2,mean_blast_score,0.0
Q5F623,random,ifnepitope2,mean_total_score,0.6327152317880794
Q5F623,random,ifnepitope2,med_ml_score,0.64
Q5F623,random,ifnepitope2,med_blast_score,0.0
Q5F623,random,ifnepitope2,med_total_score,0.64
Q5FA47,random,ifnepitope2,mean_ml_score,0.6074747474747475
Q5FA47,random,ifnepitope2,mean_blast_score,0.0
Q5FA47,random,ifnepitope2,mean_total_score,0.6074747474747475
Q5FA47,random,ifnepitope2,med_ml_score,0.6
Q5FA47,random,ifnepitope2,med_blast_score,0.0
Q5FA47,random,ifnepitope2,med_total_score,0.6
Q04882,random,ifnepitope2,mean_ml_score,0.576078431372549
Q04882,random,ifnepitope2,mean_blast_score,0.0
Q04882,random,ifnepitope2,mean_total_score,0.576078431372549
Q04882,random,ifnepitope2,med_ml_score,0.58
Q04882,random,ifnepitope2,med_blast_score,0.0
Q04882,random,ifnepitope2,med_total_score,0.58
B4RJN4,random,ifnepitope2,mean_ml_score,0.6170886075949367
B4RJN4,random,ifnepitope2,mean_blast_score,0.0
B4RJN4,random,ifnepitope2,mean_total_score,0.6170886075949367
B4RJN4,random,ifnepitope2,med_ml_score,0.62
B4RJN4,random,ifnepitope2,med_blast_score,0.0
B4RJN4,random,ifnepitope2,med_total_score,0.62
B4RJ05,random,ifnepitope2,mean_ml_score,0.6033618233618233
B4RJ05,random,ifnepitope2,mean_blast_score,0.0
B4RJ05,random,ifnepitope2,mean_total_score,0.6033618233618233
B4RJ05,random,ifnepitope2,med_ml_score,0.61
B4RJ05,random,ifnepitope2,med_blast_score,0.0
B4RJ05,random,ifnepitope2,med_total_score,0.61
Q5F629,random,ifnepitope2,mean_ml_score,0.6132980972515856
Q5F629,random,ifnepitope2,mean_blast_score,0.0
Q5F629,random,ifnepitope2,mean_total_score,0.6132980972515856
Q5F629,random,ifnepitope2,med_ml_score,0.62
Q5F629,random,ifnepitope2,med_blast_score,0.0
Q5F629,random,ifnepitope2,med_total_score,0.62
B4RJ69,random,ifnepitope2,mean_ml_score,0.6336585365853659
B4RJ69,random,ifnepitope2,mean_blast_score,0.0
B4RJ69,random,ifnepitope2,mean_total_score,0.6336585365853659
B4RJ69,random,ifnepitope2,med_ml_score,0.64
B4RJ69,random,ifnepitope2,med_blast_score,0.0
B4RJ69,random,ifnepitope2,med_total_score,0.64
B4RLL1,random,ifnepitope2,mean_ml_score,0.5985542168674699
B4RLL1,random,ifnepitope2,mean_blast_score,0.0
B4RLL1,random,ifnepitope2,mean_total_score,0.5985542168674699
B4RLL1,random,ifnepitope2,med_ml_score,0.6
B4RLL1,random,ifnepitope2,med_blast_score,0.0
B4RLL1,random,ifnepitope2,med_total_score,0.6
O07817,random,ifnepitope2,mean_ml_score,0.6323232323232323
O07817,random,ifnepitope2,mean_blast_score,0.0
O07817,random,ifnepitope2,mean_total_score,0.6323232323232323
O07817,random,ifnepitope2,med_ml_score,0.61
O07817,random,ifnepitope2,med_blast_score,0.0
O07817,random,ifnepitope2,med_total_score,0.61
B4RQ33,random,ifnepitope2,mean_ml_score,0.6169942196531792
B4RQ33,random,ifnepitope2,mean_blast_score,0.0
B4RQ33,random,ifnepitope2,mean_total_score,0.6169942196531792
B4RQ33,random,ifnepitope2,med_ml_score,0.62
B4RQ33,random,ifnepitope2,med_blast_score,0.0
B4RQ33,random,ifnepitope2,med_total_score,0.62
Q5F775,random,ifnepitope2,mean_ml_score,0.586497461928934
Q5F775,random,ifnepitope2,mean_blast_score,0.0
Q5F775,random,ifnepitope2,mean_total_score,0.586497461928934
Q5F775,random,ifnepitope2,med_ml_score,0.59
Q5F775,random,ifnepitope2,med_blast_score,0.0
Q5F775,random,ifnepitope2,med_total_score,0.59
Q5F569,random,ifnepitope2,mean_ml_score,0.6189297658862877
Q5F569,random,ifnepitope2,mean_blast_score,0.0
Q5F569,random,ifnepitope2,mean_total_score,0.6189297658862877
Q5F569,random,ifnepitope2,med_ml_score,0.63
Q5F569,random,ifnepitope2,med_blast_score,0.0
Q5F569,random,ifnepitope2,med_total_score,0.63
B4RL47,random,ifnepitope2,mean_ml_score,0.6117049180327869
B4RL47,random,ifnepitope2,mean_blast_score,0.0
B4RL47,random,ifnepitope2,mean_total_score,0.6117049180327869
B4RL47,random,ifnepitope2,med_ml_score,0.6
B4RL47,random,ifnepitope2,med_blast_score,0.0
B4RL47,random,ifnepitope2,med_total_score,0.6
Q5FA29,random,ifnepitope2,mean_ml_score,0.5785427135678392
Q5FA29,random,ifnepitope2,mean_blast_score,0.0
Q5FA29,random,ifnepitope2,mean_total_score,0.5785427135678392
Q5FA29,random,ifnepitope2,med_ml_score,0.57
Q5FA29,random,ifnepitope2,med_blast_score,0.0
Q5FA29,random,ifnepitope2,med_total_score,0.57
B4RMI6,random,ifnepitope2,mean_ml_score,0.6036086956521739
B4RMI6,random,ifnepitope2,mean_blast_score,0.0
B4RMI6,random,ifnepitope2,mean_total_score,0.6036086956521739
B4RMI6,random,ifnepitope2,med_ml_score,0.61
B4RMI6,random,ifnepitope2,med_blast_score,0.0
B4RMI6,random,ifnepitope2,med_total_score,0.61
B4RQ61,random,ifnepitope2,mean_ml_score,0.6131753554502369
B4RQ61,random,ifnepitope2,mean_blast_score,0.0
B4RQ61,random,ifnepitope2,mean_total_score,0.6131753554502369
B4RQ61,random,ifnepitope2,med_ml_score,0.61
B4RQ61,random,ifnepitope2,med_blast_score,0.0
B4RQ61,random,ifnepitope2,med_total_score,0.61
Q5F882,random,ifnepitope2,mean_ml_score,0.5955725190839695
Q5F882,random,ifnepitope2,mean_blast_score,0.0
Q5F882,random,ifnepitope2,mean_total_score,0.5955725190839695
Q5F882,random,ifnepitope2,med_ml_score,0.6
Q5F882,random,ifnepitope2,med_blast_score,0.0
Q5F882,random,ifnepitope2,med_total_score,0.6
O07813,random,ifnepitope2,mean_ml_score,0.5837719298245614
O07813,random,ifnepitope2,mean_blast_score,0.0
O07813,random,ifnepitope2,mean_total_score,0.5837719298245614
O07813,random,ifnepitope2,med_ml_score,0.61
O07813,random,ifnepitope2,med_blast_score,0.0
O07813,random,ifnepitope2,med_total_score,0.61
Q5F9U4,random,ifnepitope2,mean_ml_score,0.6161526232114467
Q5F9U4,random,ifnepitope2,mean_blast_score,0.0
Q5F9U4,random,ifnepitope2,mean_total_score,0.6161526232114467
Q5F9U4,random,ifnepitope2,med_ml_score,0.62
Q5F9U4,random,ifnepitope2,med_blast_score,0.0
Q5F9U4,random,ifnepitope2,med_total_score,0.62
B4RJH7,random,ifnepitope2,mean_ml_score,0.612943469785575
B4RJH7,random,ifnepitope2,mean_blast_score,0.0
B4RJH7,random,ifnepitope2,mean_total_score,0.612943469785575
B4RJH7,random,ifnepitope2,med_ml_score,0.61
B4RJH7,random,ifnepitope2,med_blast_score,0.0
B4RJH7,random,ifnepitope2,med_total_score,0.61
Q5F7D8,random,ifnepitope2,mean_ml_score,0.6004275534441805
Q5F7D8,random,ifnepitope2,mean_blast_score,0.0
Q5F7D8,random,ifnepitope2,mean_total_score,0.6004275534441805
Q5F7D8,random,ifnepitope2,med_ml_score,0.6
Q5F7D8,random,ifnepitope2,med_blast_score,0.0
Q5F7D8,random,ifnepitope2,med_total_score,0.6
O06432,random,ifnepitope2,mean_ml_score,0.6203272727272727
O06432,random,ifnepitope2,mean_blast_score,0.0
O06432,random,ifnepitope2,mean_total_score,0.6203272727272727
O06432,random,ifnepitope2,med_ml_score,0.64
O06432,random,ifnepitope2,med_blast_score,0.0
O06432,random,ifnepitope2,med_total_score,0.64
Q5F6H4,random,ifnepitope2,mean_ml_score,0.6204590163934426
Q5F6H4,random,ifnepitope2,mean_blast_score,0.0
Q5F6H4,random,ifnepitope2,mean_total_score,0.6204590163934426
Q5F6H4,random,ifnepitope2,med_ml_score,0.62
Q5F6H4,random,ifnepitope2,med_blast_score,0.0
Q5F6H4,random,ifnepitope2,med_total_score,0.62
B4RK03,random,ifnepitope2,mean_ml_score,0.5992391304347826
B4RK03,random,ifnepitope2,mean_blast_score,0.0
B4RK03,random,ifnepitope2,mean_total_score,0.5992391304347826
B4RK03,random,ifnepitope2,med_ml_score,0.6
B4RK03,random,ifnepitope2,med_blast_score,0.0
B4RK03,random,ifnepitope2,med_total_score,0.6
B4RLX9,random,ifnepitope2,mean_ml_score,0.5858943089430895
B4RLX9,random,ifnepitope2,mean_blast_score,0.0
B4RLX9,random,ifnepitope2,mean_total_score,0.5858943089430895
B4RLX9,random,ifnepitope2,med_ml_score,0.6
B4RLX9,random,ifnepitope2,med_blast_score,0.0
B4RLX9,random,ifnepitope2,med_total_score,0.6
P09888,random,ifnepitope2,mean_ml_score,0.5748987854251012
P09888,random,ifnepitope2,mean_blast_score,0.0
P09888,random,ifnepitope2,mean_total_score,0.5748987854251012
P09888,random,ifnepitope2,med_ml_score,0.57
P09888,random,ifnepitope2,med_blast_score,0.0
P09888,random,ifnepitope2,med_total_score,0.57
Q04879,random,ifnepitope2,mean_ml_score,0.5386602870813397
Q04879,random,ifnepitope2,mean_blast_score,0.0
Q04879,random,ifnepitope2,mean_total_score,0.5386602870813397
Q04879,random,ifnepitope2,med_ml_score,0.54
Q04879,random,ifnepitope2,med_blast_score,0.0
Q04879,random,ifnepitope2,med_total_score,0.54
Q5FA47,random,ifnepitope2,mean_ml_score,0.6074747474747475
Q5FA47,random,ifnepitope2,mean_blast_score,0.0
Q5FA47,random,ifnepitope2,mean_total_score,0.6074747474747475
Q5FA47,random,ifnepitope2,med_ml_score,0.6
Q5FA47,random,ifnepitope2,med_blast_score,0.0
Q5FA47,random,ifnepitope2,med_total_score,0.6
B4RPA1,random,ifnepitope2,mean_ml_score,0.5782491582491582
B4RPA1,random,ifnepitope2,mean_blast_score,0.0
B4RPA1,random,ifnepitope2,mean_total_score,0.5782491582491582
B4RPA1,random,ifnepitope2,med_ml_score,0.58
B4RPA1,random,ifnepitope2,med_blast_score,0.0
B4RPA1,random,ifnepitope2,med_total_score,0.58
Q5F4W9,random,ifnepitope2,mean_ml_score,0.6173936170212766
Q5F4W9,random,ifnepitope2,mean_blast_score,0.0
Q5F4W9,random,ifnepitope2,mean_total_score,0.6173936170212766
Q5F4W9,random,ifnepitope2,med_ml_score,0.63
Q5F4W9,random,ifnepitope2,med_blast_score,0.0
Q5F4W9,random,ifnepitope2,med_total_score,0.63
P77914,random,ifnepitope2,mean_ml_score,0.5989932885906041
P77914,random,ifnepitope2,mean_blast_score,0.0
P77914,random,ifnepitope2,mean_total_score,0.5989932885906041
P77914,random,ifnepitope2,med_ml_score,0.6
P77914,random,ifnepitope2,med_blast_score,0.0
P77914,random,ifnepitope2,med_total_score,0.6
Q5F5F4,random,ifnepitope2,mean_ml_score,0.5816666666666667
Q5F5F4,random,ifnepitope2,mean_blast_score,0.0
Q5F5F4,random,ifnepitope2,mean_total_score,0.5816666666666667
Q5F5F4,random,ifnepitope2,med_ml_score,0.58
Q5F5F4,random,ifnepitope2,med_blast_score,0.0
Q5F5F4,random,ifnepitope2,med_total_score,0.58
P95354,random,ifnepitope2,mean_ml_score,0.5727173913043478
P95354,random,ifnepitope2,mean_blast_score,0.0
P95354,random,ifnepitope2,mean_total_score,0.5727173913043478
P95354,random,ifnepitope2,med_ml_score,0.565
P95354,random,ifnepitope2,med_blast_score,0.0
P95354,random,ifnepitope2,med_total_score,0.565
B4RIW3,random,ifnepitope2,mean_ml_score,0.6025311203319502
B4RIW3,random,ifnepitope2,mean_blast_score,0.0
B4RIW3,random,ifnepitope2,mean_total_score,0.6025311203319502
B4RIW3,random,ifnepitope2,med_ml_score,0.6
B4RIW3,random,ifnepitope2,med_blast_score,0.0
B4RIW3,random,ifnepitope2,med_total_score,0.6
B4RQK5,random,ifnepitope2,mean_ml_score,0.5854918032786885
B4RQK5,random,ifnepitope2,mean_blast_score,0.0
B4RQK5,random,ifnepitope2,mean_total_score,0.5854918032786885
B4RQK5,random,ifnepitope2,med_ml_score,0.6
B4RQK5,random,ifnepitope2,med_blast_score,0.0
B4RQK5,random,ifnepitope2,med_total_score,0.6
B4RNT1,random,ifnepitope2,mean_ml_score,0.600057603686636
B4RNT1,random,ifnepitope2,mean_blast_score,0.0
B4RNT1,random,ifnepitope2,mean_total_score,0.600057603686636
B4RNT1,random,ifnepitope2,med_ml_score,0.6
B4RNT1,random,ifnepitope2,med_blast_score,0.0
B4RNT1,random,ifnepitope2,med_total_score,0.6
Q04877,random,ifnepitope2,mean_ml_score,0.5799103139013453
Q04877,random,ifnepitope2,mean_blast_score,0.0
Q04877,random,ifnepitope2,mean_total_score,0.5799103139013453
Q04877,random,ifnepitope2,med_ml_score,0.59
Q04877,random,ifnepitope2,med_blast_score,0.0
Q04877,random,ifnepitope2,med_total_score,0.59
B4RLV5,random,ifnepitope2,mean_ml_score,0.6196766169154229
B4RLV5,random,ifnepitope2,mean_blast_score,0.0
B4RLV5,random,ifnepitope2,mean_total_score,0.6196766169154229
B4RLV5,random,ifnepitope2,med_ml_score,0.63
B4RLV5,random,ifnepitope2,med_blast_score,0.0
B4RLV5,random,ifnepitope2,med_total_score,0.63
B4RQY7,random,ifnepitope2,mean_ml_score,0.5882456140350877
B4RQY7,random,ifnepitope2,mean_blast_score,0.0
B4RQY7,random,ifnepitope2,mean_total_score,0.5882456140350877
B4RQY7,random,ifnepitope2,med_ml_score,0.59
B4RQY7,random,ifnepitope2,med_blast_score,0.0
B4RQY7,random,ifnepitope2,med_total_score,0.59
B4RJI8,random,ifnepitope2,mean_ml_score,0.6196078431372549
B4RJI8,random,ifnepitope2,mean_blast_score,0.0
B4RJI8,random,ifnepitope2,mean_total_score,0.6196078431372549
B4RJI8,random,ifnepitope2,med_ml_score,0.62
B4RJI8,random,ifnepitope2,med_blast_score,0.0
B4RJI8,random,ifnepitope2,med_total_score,0.62
B4RKC9,random,ifnepitope2,mean_ml_score,0.6
B4RKC9,random,ifnepitope2,mean_blast_score,0.0
B4RKC9,random,ifnepitope2,mean_total_score,0.6
B4RKC9,random,ifnepitope2,med_ml_score,0.59
B4RKC9,random,ifnepitope2,med_blast_score,0.0
B4RKC9,random,ifnepitope2,med_total_score,0.59
B4RNG2,random,ifnepitope2,mean_ml_score,0.5815873015873015
B4RNG2,random,ifnepitope2,mean_blast_score,0.0
B4RNG2,random,ifnepitope2,mean_total_score,0.5815873015873015
B4RNG2,random,ifnepitope2,med_ml_score,0.59
B4RNG2,random,ifnepitope2,med_blast_score,0.0
B4RNG2,random,ifnepitope2,med_total_score,0.59
P49979,random,ifnepitope2,mean_ml_score,0.5734299516908212
P49979,random,ifnepitope2,mean_blast_score,0.0
P49979,random,ifnepitope2,mean_total_score,0.5734299516908212
P49979,random,ifnepitope2,med_ml_score,0.58
P49979,random,ifnepitope2,med_blast_score,0.0
P49979,random,ifnepitope2,med_total_score,0.58
B4RJN3,random,ifnepitope2,mean_ml_score,0.5936842105263158
B4RJN3,random,ifnepitope2,mean_blast_score,0.0
B4RJN3,random,ifnepitope2,mean_total_score,0.5936842105263158
B4RJN3,random,ifnepitope2,med_ml_score,0.61
B4RJN3,random,ifnepitope2,med_blast_score,0.0
B4RJN3,random,ifnepitope2,med_total_score,0.61
Q5F746,random,ifnepitope2,mean_ml_score,0.5905963302752294
Q5F746,random,ifnepitope2,mean_blast_score,0.0
Q5F746,random,ifnepitope2,mean_total_score,0.5905963302752294
Q5F746,random,ifnepitope2,med_ml_score,0.6
Q5F746,random,ifnepitope2,med_blast_score,0.0
Q5F746,random,ifnepitope2,med_total_score,0.6
B4RM90,random,ifnepitope2,mean_ml_score,0.6034653465346534
B4RM90,random,ifnepitope2,mean_blast_score,0.0
B4RM90,random,ifnepitope2,mean_total_score,0.6034653465346534
B4RM90,random,ifnepitope2,med_ml_score,0.605
B4RM90,random,ifnepitope2,med_blast_score,0.0
B4RM90,random,ifnepitope2,med_total_score,0.605
Q5F9G8,random,ifnepitope2,mean_ml_score,0.6095744680851064
Q5F9G8,random,ifnepitope2,mean_blast_score,0.0
Q5F9G8,random,ifnepitope2,mean_total_score,0.6095744680851064
Q5F9G8,random,ifnepitope2,med_ml_score,0.62
Q5F9G8,random,ifnepitope2,med_blast_score,0.0
Q5F9G8,random,ifnepitope2,med_total_score,0.62
Q5F5X2,random,ifnepitope2,mean_ml_score,0.613625
Q5F5X2,random,ifnepitope2,mean_blast_score,0.0
Q5F5X2,random,ifnepitope2,mean_total_score,0.613625
Q5F5X2,random,ifnepitope2,med_ml_score,0.6
Q5F5X2,random,ifnepitope2,med_blast_score,0.0
Q5F5X2,random,ifnepitope2,med_total_score,0.6
B4RQW3,random,ifnepitope2,mean_ml_score,0.6028778018799711
B4RQW3,random,ifnepitope2,mean_blast_score,0.0
B4RQW3,random,ifnepitope2,mean_total_score,0.6028778018799711
B4RQW3,random,ifnepitope2,med_ml_score,0.6
B4RQW3,random,ifnepitope2,med_blast_score,0.0
B4RQW3,random,ifnepitope2,med_total_score,0.6
Q5F786,random,ifnepitope2,mean_ml_score,0.6167494356659142
Q5F786,random,ifnepitope2,mean_blast_score,0.0
Q5F786,random,ifnepitope2,mean_total_score,0.6167494356659142
Q5F786,random,ifnepitope2,med_ml_score,0.62
Q5F786,random,ifnepitope2,med_blast_score,0.0
Q5F786,random,ifnepitope2,med_total_score,0.62
B4RL16,random,ifnepitope2,mean_ml_score,0.5962790697674418
B4RL16,random,ifnepitope2,mean_blast_score,0.0
B4RL16,random,ifnepitope2,mean_total_score,0.5962790697674418
B4RL16,random,ifnepitope2,med_ml_score,0.59
B4RL16,random,ifnepitope2,med_blast_score,0.0
B4RL16,random,ifnepitope2,med_total_score,0.59
B4RN50,random,ifnepitope2,mean_ml_score,0.6200945626477541
B4RN50,random,ifnepitope2,mean_blast_score,0.0
B4RN50,random,ifnepitope2,mean_total_score,0.6200945626477541
B4RN50,random,ifnepitope2,med_ml_score,0.62
B4RN50,random,ifnepitope2,med_blast_score,0.0
B4RN50,random,ifnepitope2,med_total_score,0.62
B4RK79,random,ifnepitope2,mean_ml_score,0.6160714285714286
B4RK79,random,ifnepitope2,mean_blast_score,0.0
B4RK79,random,ifnepitope2,mean_total_score,0.6160714285714286
B4RK79,random,ifnepitope2,med_ml_score,0.625
B4RK79,random,ifnepitope2,med_blast_score,0.0
B4RK79,random,ifnepitope2,med_total_score,0.625
Q5F9D8,random,ifnepitope2,mean_ml_score,0.589402390438247
Q5F9D8,random,ifnepitope2,mean_blast_score,0.0
Q5F9D8,random,ifnepitope2,mean_total_score,0.589402390438247
Q5F9D8,random,ifnepitope2,med_ml_score,0.6
Q5F9D8,random,ifnepitope2,med_blast_score,0.0
Q5F9D8,random,ifnepitope2,med_total_score,0.6
B4RL58,random,ifnepitope2,mean_ml_score,0.5318181818181819
B4RL58,random,ifnepitope2,mean_blast_score,0.0
B4RL58,random,ifnepitope2,mean_total_score,0.5318181818181819
B4RL58,random,ifnepitope2,med_ml_score,0.53
B4RL58,random,ifnepitope2,med_blast_score,0.0
B4RL58,random,ifnepitope2,med_total_score,0.53
B4RNX2,random,ifnepitope2,mean_ml_score,0.5916267942583732
B4RNX2,random,ifnepitope2,mean_blast_score,0.0
B4RNX2,random,ifnepitope2,mean_total_score,0.5916267942583732
B4RNX2,random,ifnepitope2,med_ml_score,0.59
B4RNX2,random,ifnepitope2,med_blast_score,0.0
B4RNX2,random,ifnepitope2,med_total_score,0.59
B4RL77,random,ifnepitope2,mean_ml_score,0.6005526315789473
B4RL77,random,ifnepitope2,mean_blast_score,0.0
B4RL77,random,ifnepitope2,mean_total_score,0.6005526315789473
B4RL77,random,ifnepitope2,med_ml_score,0.6
B4RL77,random,ifnepitope2,med_blast_score,0.0
B4RL77,random,ifnepitope2,med_total_score,0.6
B4RJI1,random,ifnepitope2,mean_ml_score,0.5706410256410256
B4RJI1,random,ifnepitope2,mean_blast_score,0.0
B4RJI1,random,ifnepitope2,mean_total_score,0.5706410256410256
B4RJI1,random,ifnepitope2,med_ml_score,0.58
B4RJI1,random,ifnepitope2,med_blast_score,0.0
B4RJI1,random,ifnepitope2,med_total_score,0.58
Q5F7K9,random,ifnepitope2,mean_ml_score,0.6101459854014598
Q5F7K9,random,ifnepitope2,mean_blast_score,0.0
Q5F7K9,random,ifnepitope2,mean_total_score,0.6101459854014598
Q5F7K9,random,ifnepitope2,med_ml_score,0.62
Q5F7K9,random,ifnepitope2,med_blast_score,0.0
Q5F7K9,random,ifnepitope2,med_total_score,0.62
P0A0X8,random,ifnepitope2,mean_ml_score,0.5716176470588236
P0A0X8,random,ifnepitope2,mean_blast_score,0.0
P0A0X8,random,ifnepitope2,mean_total_score,0.5716176470588236
P0A0X8,random,ifnepitope2,med_ml_score,0.57
P0A0X8,random,ifnepitope2,med_blast_score,0.0
P0A0X8,random,ifnepitope2,med_total_score,0.57
B4RIY7,random,ifnepitope2,mean_ml_score,0.6125570776255708
B4RIY7,random,ifnepitope2,mean_blast_score,0.0
B4RIY7,random,ifnepitope2,mean_total_score,0.6125570776255708
B4RIY7,random,ifnepitope2,med_ml_score,0.61
B4RIY7,random,ifnepitope2,med_blast_score,0.0
B4RIY7,random,ifnepitope2,med_total_score,0.61
Q5F9R5,random,ifnepitope2,mean_ml_score,0.6458426966292135
Q5F9R5,random,ifnepitope2,mean_blast_score,0.0
Q5F9R5,random,ifnepitope2,mean_total_score,0.6458426966292135
Q5F9R5,random,ifnepitope2,med_ml_score,0.64
Q5F9R5,random,ifnepitope2,med_blast_score,0.0
Q5F9R5,random,ifnepitope2,med_total_score,0.64
Q04878,random,ifnepitope2,mean_ml_score,0.5386602870813397
Q04878,random,ifnepitope2,mean_blast_score,0.0
Q04878,random,ifnepitope2,mean_total_score,0.5386602870813397
Q04878,random,ifnepitope2,med_ml_score,0.54
Q04878,random,ifnepitope2,med_blast_score,0.0
Q04878,random,ifnepitope2,med_total_score,0.54
B4RR62,random,ifnepitope2,mean_ml_score,0.5582857142857143
B4RR62,random,ifnepitope2,mean_blast_score,0.0
B4RR62,random,ifnepitope2,mean_total_score,0.5582857142857143
B4RR62,random,ifnepitope2,med_ml_score,0.575
B4RR62,random,ifnepitope2,med_blast_score,0.0
B4RR62,random,ifnepitope2,med_total_score,0.575
Q5F6Y8,random,ifnepitope2,mean_ml_score,0.6125833333333334
Q5F6Y8,random,ifnepitope2,mean_blast_score,0.0
Q5F6Y8,random,ifnepitope2,mean_total_score,0.6125833333333334
Q5F6Y8,random,ifnepitope2,med_ml_score,0.61
Q5F6Y8,random,ifnepitope2,med_blast_score,0.0
Q5F6Y8,random,ifnepitope2,med_total_score,0.61
B4RPR1,random,ifnepitope2,mean_ml_score,0.5794087403598972
B4RPR1,random,ifnepitope2,mean_blast_score,0.0
B4RPR1,random,ifnepitope2,mean_total_score,0.5794087403598972
B4RPR1,random,ifnepitope2,med_ml_score,0.59
B4RPR1,random,ifnepitope2,med_blast_score,0.0
B4RPR1,random,ifnepitope2,med_total_score,0.59
Q5F5D9,random,ifnepitope2,mean_ml_score,0.5671276595744681
Q5F5D9,random,ifnepitope2,mean_blast_score,0.0
Q5F5D9,random,ifnepitope2,mean_total_score,0.5671276595744681
Q5F5D9,random,ifnepitope2,med_ml_score,0.57
Q5F5D9,random,ifnepitope2,med_blast_score,0.0
Q5F5D9,random,ifnepitope2,med_total_score,0.57
B4RQW1,random,ifnepitope2,mean_ml_score,0.5302608695652173
B4RQW1,random,ifnepitope2,mean_blast_score,0.0
B4RQW1,random,ifnepitope2,mean_total_score,0.5302608695652173
B4RQW1,random,ifnepitope2,med_ml_score,0.55
B4RQW1,random,ifnepitope2,med_blast_score,0.0
B4RQW1,random,ifnepitope2,med_total_score,0.55
Q5F5M1,random,ifnepitope2,mean_ml_score,0.6270958904109589
Q5F5M1,random,ifnepitope2,mean_blast_score,0.0
Q5F5M1,random,ifnepitope2,mean_total_score,0.6270958904109589
Q5F5M1,random,ifnepitope2,med_ml_score,0.62
Q5F5M1,random,ifnepitope2,med_blast_score,0.0
Q5F5M1,random,ifnepitope2,med_total_score,0.62
Q04876,random,ifnepitope2,mean_ml_score,0.5547533632286995
Q04876,random,ifnepitope2,mean_blast_score,0.0
Q04876,random,ifnepitope2,mean_total_score,0.5547533632286995
Q04876,random,ifnepitope2,med_ml_score,0.56
Q04876,random,ifnepitope2,med_blast_score,0.0
Q04876,random,ifnepitope2,med_total_score,0.56
Q50986,random,ifnepitope2,mean_ml_score,0.6186830357142857
Q50986,random,ifnepitope2,mean_blast_score,0.0
Q50986,random,ifnepitope2,mean_total_score,0.6186830357142857
Q50986,random,ifnepitope2,med_ml_score,0.62
Q50986,random,ifnepitope2,med_blast_score,0.0
Q50986,random,ifnepitope2,med_total_score,0.62
Q5F7G0,random,ifnepitope2,mean_ml_score,0.5979061371841156
Q5F7G0,random,ifnepitope2,mean_blast_score,0.0
Q5F7G0,random,ifnepitope2,mean_total_score,0.5979061371841156
Q5F7G0,random,ifnepitope2,med_ml_score,0.6
Q5F7G0,random,ifnepitope2,med_blast_score,0.0
Q5F7G0,random,ifnepitope2,med_total_score,0.6
Q59603,random,ifnepitope2,mean_ml_score,0.6092642140468227
Q59603,random,ifnepitope2,mean_blast_score,0.0
Q59603,random,ifnepitope2,mean_total_score,0.6092642140468227
Q59603,random,ifnepitope2,med_ml_score,0.61
Q59603,random,ifnepitope2,med_blast_score,0.0
Q59603,random,ifnepitope2,med_total_score,0.61
Q5F774,random,ifnepitope2,mean_ml_score,0.5987222222222223
Q5F774,random,ifnepitope2,mean_blast_score,0.0
Q5F774,random,ifnepitope2,mean_total_score,0.5987222222222223
Q5F774,random,ifnepitope2,med_ml_score,0.6
Q5F774,random,ifnepitope2,med_blast_score,0.0
Q5F774,random,ifnepitope2,med_total_score,0.6
B4RPI1,random,ifnepitope2,mean_ml_score,0.6122439024390244
B4RPI1,random,ifnepitope2,mean_blast_score,0.0
B4RPI1,random,ifnepitope2,mean_total_score,0.6122439024390244
B4RPI1,random,ifnepitope2,med_ml_score,0.62
B4RPI1,random,ifnepitope2,med_blast_score,0.0
B4RPI1,random,ifnepitope2,med_total_score,0.62
B4RQL3,random,ifnepitope2,mean_ml_score,0.616969696969697
B4RQL3,random,ifnepitope2,mean_blast_score,0.0
B4RQL3,random,ifnepitope2,mean_total_score,0.616969696969697
B4RQL3,random,ifnepitope2,med_ml_score,0.635
B4RQL3,random,ifnepitope2,med_blast_score,0.0
B4RQL3,random,ifnepitope2,med_total_score,0.635
Q5F5C8,random,ifnepitope2,mean_ml_score,0.6147431506849315
Q5F5C8,random,ifnepitope2,mean_blast_score,0.0
Q5F5C8,random,ifnepitope2,mean_total_score,0.6147431506849315
Q5F5C8,random,ifnepitope2,med_ml_score,0.63
Q5F5C8,random,ifnepitope2,med_blast_score,0.0
Q5F5C8,random,ifnepitope2,med_total_score,0.63
Q5F9Y6,random,ifnepitope2,mean_ml_score,0.5825296442687747
Q5F9Y6,random,ifnepitope2,mean_blast_score,0.0
Q5F9Y6,random,ifnepitope2,mean_total_score,0.5825296442687747
Q5F9Y6,random,ifnepitope2,med_ml_score,0.58
Q5F9Y6,random,ifnepitope2,med_blast_score,0.0
Q5F9Y6,random,ifnepitope2,med_total_score,0.58
Q5F5S2,random,ifnepitope2,mean_ml_score,0.5931756756756756
Q5F5S2,random,ifnepitope2,mean_blast_score,0.0
Q5F5S2,random,ifnepitope2,mean_total_score,0.5931756756756756
Q5F5S2,random,ifnepitope2,med_ml_score,0.58
Q5F5S2,random,ifnepitope2,med_blast_score,0.0
Q5F5S2,random,ifnepitope2,med_total_score,0.58
B4RK78,random,ifnepitope2,mean_ml_score,0.5856521739130435
B4RK78,random,ifnepitope2,mean_blast_score,0.0
B4RK78,random,ifnepitope2,mean_total_score,0.5856521739130435
B4RK78,random,ifnepitope2,med_ml_score,0.595
B4RK78,random,ifnepitope2,med_blast_score,0.0
B4RK78,random,ifnepitope2,med_total_score,0.595
Q5F5U1,random,ifnepitope2,mean_ml_score,0.5765573770491803
Q5F5U1,random,ifnepitope2,mean_blast_score,0.0
Q5F5U1,random,ifnepitope2,mean_total_score,0.5765573770491803
Q5F5U1,random,ifnepitope2,med_ml_score,0.58
Q5F5U1,random,ifnepitope2,med_blast_score,0.0
Q5F5U1,random,ifnepitope2,med_total_score,0.58
Q5F5T1,random,ifnepitope2,mean_ml_score,0.5997619047619047
Q5F5T1,random,ifnepitope2,mean_blast_score,0.0
Q5F5T1,random,ifnepitope2,mean_total_score,0.5997619047619047
Q5F5T1,random,ifnepitope2,med_ml_score,0.59
Q5F5T1,random,ifnepitope2,med_blast_score,0.0
Q5F5T1,random,ifnepitope2,med_total_score,0.59
B4RQY6,random,ifnepitope2,mean_ml_score,0.5802531645569621
B4RQY6,random,ifnepitope2,mean_blast_score,0.0
B4RQY6,random,ifnepitope2,mean_total_score,0.5802531645569621
B4RQY6,random,ifnepitope2,med_ml_score,0.6
B4RQY6,random,ifnepitope2,med_blast_score,0.0
B4RQY6,random,ifnepitope2,med_total_score,0.6
B4RQ67,random,ifnepitope2,mean_ml_score,0.5782436260623229
B4RQ67,random,ifnepitope2,mean_blast_score,0.0
B4RQ67,random,ifnepitope2,mean_total_score,0.5782436260623229
B4RQ67,random,ifnepitope2,med_ml_score,0.58
B4RQ67,random,ifnepitope2,med_blast_score,0.0
B4RQ67,random,ifnepitope2,med_total_score,0.58
Q5FAH8,random,ifnepitope2,mean_ml_score,0.5902380952380952
Q5FAH8,random,ifnepitope2,mean_blast_score,0.0
Q5FAH8,random,ifnepitope2,mean_total_score,0.5902380952380952
Q5FAH8,random,ifnepitope2,med_ml_score,0.59
Q5FAH8,random,ifnepitope2,med_blast_score,0.0
Q5FAH8,random,ifnepitope2,med_total_score,0.59
Q5F9U2,random,ifnepitope2,mean_ml_score,0.592280701754386
Q5F9U2,random,ifnepitope2,mean_blast_score,0.0
Q5F9U2,random,ifnepitope2,mean_total_score,0.592280701754386
Q5F9U2,random,ifnepitope2,med_ml_score,0.6
Q5F9U2,random,ifnepitope2,med_blast_score,0.0
Q5F9U2,random,ifnepitope2,med_total_score,0.6
Q50945,random,ifnepitope2,mean_ml_score,0.5692372881355933
Q50945,random,ifnepitope2,mean_blast_score,0.0
Q50945,random,ifnepitope2,mean_total_score,0.5692372881355933
Q50945,random,ifnepitope2,med_ml_score,0.6
Q50945,random,ifnepitope2,med_blast_score,0.0
Q50945,random,ifnepitope2,med_total_score,0.6
Q5FAF3,random,ifnepitope2,mean_ml_score,0.5239102564102565
Q5FAF3,random,ifnepitope2,mean_blast_score,0.0
Q5FAF3,random,ifnepitope2,mean_total_score,0.5239102564102565
Q5FAF3,random,ifnepitope2,med_ml_score,0.515
Q5FAF3,random,ifnepitope2,med_blast_score,0.0
Q5FAF3,random,ifnepitope2,med_total_score,0.515
P31032,random,ifnepitope2,mean_ml_score,0.5744964028776979
P31032,random,ifnepitope2,mean_blast_score,0.0
P31032,random,ifnepitope2,mean_total_score,0.5744964028776979
P31032,random,ifnepitope2,med_ml_score,0.58
P31032,random,ifnepitope2,med_blast_score,0.0
P31032,random,ifnepitope2,med_total_score,0.58
Q5F623,random,ifnepitope2,mean_ml_score,0.6449668874172185
Q5F623,random,ifnepitope2,mean_blast_score,0.0
Q5F623,random,ifnepitope2,mean_total_score,0.6449668874172185
Q5F623,random,ifnepitope2,med_ml_score,0.65
Q5F623,random,ifnepitope2,med_blast_score,0.0
Q5F623,random,ifnepitope2,med_total_score,0.65
B4RKA0,random,ifnepitope2,mean_ml_score,0.6216605166051661
B4RKA0,random,ifnepitope2,mean_blast_score,0.0
B4RKA0,random,ifnepitope2,mean_total_score,0.6216605166051661
B4RKA0,random,ifnepitope2,med_ml_score,0.62
B4RKA0,random,ifnepitope2,med_blast_score,0.0
B4RKA0,random,ifnepitope2,med_total_score,0.62
B4RQS8,random,ifnepitope2,mean_ml_score,0.6563097949886105
B4RQS8,random,ifnepitope2,mean_blast_score,0.0
B4RQS8,random,ifnepitope2,mean_total_score,0.6563097949886105
B4RQS8,random,ifnepitope2,med_ml_score,0.66
B4RQS8,random,ifnepitope2,med_blast_score,0.0
B4RQS8,random,ifnepitope2,med_total_score,0.66
B4RL47,random,ifnepitope2,mean_ml_score,0.6124918032786886
B4RL47,random,ifnepitope2,mean_blast_score,0.0
B4RL47,random,ifnepitope2,mean_total_score,0.6124918032786886
B4RL47,random,ifnepitope2,med_ml_score,0.6
B4RL47,random,ifnepitope2,med_blast_score,0.0
B4RL47,random,ifnepitope2,med_total_score,0.6
P07211,random,ifnepitope2,mean_ml_score,0.5204
P07211,random,ifnepitope2,mean_blast_score,0.0
P07211,random,ifnepitope2,mean_total_score,0.5204
P07211,random,ifnepitope2,med_ml_score,0.55
P07211,random,ifnepitope2,med_blast_score,0.0
P07211,random,ifnepitope2,med_total_score,0.55
B4RLK9,random,ifnepitope2,mean_ml_score,0.6027586206896551
B4RLK9,random,ifnepitope2,mean_blast_score,0.0
B4RLK9,random,ifnepitope2,mean_total_score,0.6027586206896551
B4RLK9,random,ifnepitope2,med_ml_score,0.61
B4RLK9,random,ifnepitope2,med_blast_score,0.0
B4RLK9,random,ifnepitope2,med_total_score,0.61
Q5F8I2,random,ifnepitope2,mean_ml_score,0.5985542168674699
Q5F8I2,random,ifnepitope2,mean_blast_score,0.0
Q5F8I2,random,ifnepitope2,mean_total_score,0.5985542168674699
Q5F8I2,random,ifnepitope2,med_ml_score,0.6
Q5F8I2,random,ifnepitope2,med_blast_score,0.0
Q5F8I2,random,ifnepitope2,med_total_score,0.6
B4RIW5,random,ifnepitope2,mean_ml_score,0.5787671232876712
B4RIW5,random,ifnepitope2,mean_blast_score,0.0
B4RIW5,random,ifnepitope2,mean_total_score,0.5787671232876712
B4RIW5,random,ifnepitope2,med_ml_score,0.58
B4RIW5,random,ifnepitope2,med_blast_score,0.0
B4RIW5,random,ifnepitope2,med_total_score,0.58
O05131,random,ifnepitope2,mean_ml_score,0.593987341772152
O05131,random,ifnepitope2,mean_blast_score,0.0
O05131,random,ifnepitope2,mean_total_score,0.593987341772152
O05131,random,ifnepitope2,med_ml_score,0.59
O05131,random,ifnepitope2,med_blast_score,0.0
O05131,random,ifnepitope2,med_total_score,0.59
Q5F542,random,ifnepitope2,mean_ml_score,0.5264772727272727
Q5F542,random,ifnepitope2,mean_blast_score,0.0
Q5F542,random,ifnepitope2,mean_total_score,0.5264772727272727
Q5F542,random,ifnepitope2,med_ml_score,0.52
Q5F542,random,ifnepitope2,med_blast_score,0.0
Q5F542,random,ifnepitope2,med_total_score,0.52
Q5F6P1,random,ifnepitope2,mean_ml_score,0.6041025641025641
Q5F6P1,random,ifnepitope2,mean_blast_score,0.0
Q5F6P1,random,ifnepitope2,mean_total_score,0.6041025641025641
Q5F6P1,random,ifnepitope2,med_ml_score,0.605
Q5F6P1,random,ifnepitope2,med_blast_score,0.0
Q5F6P1,random,ifnepitope2,med_total_score,0.605
B4RJG2,random,ifnepitope2,mean_ml_score,0.6007586206896551
B4RJG2,random,ifnepitope2,mean_blast_score,0.0
B4RJG2,random,ifnepitope2,mean_total_score,0.6007586206896551
B4RJG2,random,ifnepitope2,med_ml_score,0.61
B4RJG2,random,ifnepitope2,med_blast_score,0.0
B4RJG2,random,ifnepitope2,med_total_score,0.61
Q5F9U4,random,ifnepitope2,mean_ml_score,0.6183942766295707
Q5F9U4,random,ifnepitope2,mean_blast_score,0.0
Q5F9U4,random,ifnepitope2,mean_total_score,0.6183942766295707
Q5F9U4,random,ifnepitope2,med_ml_score,0.62
Q5F9U4,random,ifnepitope2,med_blast_score,0.0
Q5F9U4,random,ifnepitope2,med_total_score,0.62
B4RJL0,random,ifnepitope2,mean_ml_score,0.625432098765432
B4RJL0,random,ifnepitope2,mean_blast_score,0.0
B4RJL0,random,ifnepitope2,mean_total_score,0.625432098765432
B4RJL0,random,ifnepitope2,med_ml_score,0.63
B4RJL0,random,ifnepitope2,med_blast_score,0.0
B4RJL0,random,ifnepitope2,med_total_score,0.63
P35819,random,ifnepitope2,mean_ml_score,0.5836235955056179
P35819,random,ifnepitope2,mean_blast_score,0.0
P35819,random,ifnepitope2,mean_total_score,0.5836235955056179
P35819,random,ifnepitope2,med_ml_score,0.59
P35819,random,ifnepitope2,med_blast_score,0.0
P35819,random,ifnepitope2,med_total_score,0.59
Q5F5V1,random,ifnepitope2,mean_ml_score,0.5682828282828283
Q5F5V1,random,ifnepitope2,mean_blast_score,0.0
Q5F5V1,random,ifnepitope2,mean_total_score,0.5682828282828283
Q5F5V1,random,ifnepitope2,med_ml_score,0.57
Q5F5V1,random,ifnepitope2,med_blast_score,0.0
Q5F5V1,random,ifnepitope2,med_total_score,0.57
Q5F6I7,random,ifnepitope2,mean_ml_score,0.6166850828729282
Q5F6I7,random,ifnepitope2,mean_blast_score,0.0
Q5F6I7,random,ifnepitope2,mean_total_score,0.6166850828729282
Q5F6I7,random,ifnepitope2,med_ml_score,0.62
Q5F6I7,random,ifnepitope2,med_blast_score,0.0
Q5F6I7,random,ifnepitope2,med_total_score,0.62
B4RQ92,random,ifnepitope2,mean_ml_score,0.6128205128205129
B4RQ92,random,ifnepitope2,mean_blast_score,0.0
B4RQ92,random,ifnepitope2,mean_total_score,0.6128205128205129
B4RQ92,random,ifnepitope2,med_ml_score,0.62
B4RQ92,random,ifnepitope2,med_blast_score,0.0
B4RQ92,random,ifnepitope2,med_total_score,0.62
Q5F5A5,random,ifnepitope2,mean_ml_score,0.6052592592592593
Q5F5A5,random,ifnepitope2,mean_blast_score,0.0
Q5F5A5,random,ifnepitope2,mean_total_score,0.6052592592592593
Q5F5A5,random,ifnepitope2,med_ml_score,0.63
Q5F5A5,random,ifnepitope2,med_blast_score,0.0
Q5F5A5,random,ifnepitope2,med_total_score,0.63
P43505,random,ifnepitope2,mean_ml_score,0.5853960396039604
P43505,random,ifnepitope2,mean_blast_score,0.0
P43505,random,ifnepitope2,mean_total_score,0.5853960396039604
P43505,random,ifnepitope2,med_ml_score,0.59
P43505,random,ifnepitope2,med_blast_score,0.0
P43505,random,ifnepitope2,med_total_score,0.59
P21302,random,ifnepitope2,mean_ml_score,0.6143343653250773
P21302,random,ifnepitope2,mean_blast_score,0.0
P21302,random,ifnepitope2,mean_total_score,0.6143343653250773
P21302,random,ifnepitope2,med_ml_score,0.62
P21302,random,ifnepitope2,med_blast_score,0.0
P21302,random,ifnepitope2,med_total_score,0.62
Q5F8K2,random,ifnepitope2,mean_ml_score,0.637085201793722
Q5F8K2,random,ifnepitope2,mean_blast_score,0.0
Q5F8K2,random,ifnepitope2,mean_total_score,0.637085201793722
Q5F8K2,random,ifnepitope2,med_ml_score,0.66
Q5F8K2,random,ifnepitope2,med_blast_score,0.0
Q5F8K2,random,ifnepitope2,med_total_score,0.66
B4RKF0,random,ifnepitope2,mean_ml_score,0.6183150183150183
B4RKF0,random,ifnepitope2,mean_blast_score,0.0
B4RKF0,random,ifnepitope2,mean_total_score,0.6183150183150183
B4RKF0,random,ifnepitope2,med_ml_score,0.62
B4RKF0,random,ifnepitope2,med_blast_score,0.0
B4RKF0,random,ifnepitope2,med_total_score,0.62
Q5FA52,random,ifnepitope2,mean_ml_score,0.6286082474226804
Q5FA52,random,ifnepitope2,mean_blast_score,0.0
Q5FA52,random,ifnepitope2,mean_total_score,0.6286082474226804
Q5FA52,random,ifnepitope2,med_ml_score,0.64
Q5FA52,random,ifnepitope2,med_blast_score,0.0
Q5FA52,random,ifnepitope2,med_total_score,0.64
B4RMM2,random,ifnepitope2,mean_ml_score,0.584
B4RMM2,random,ifnepitope2,mean_blast_score,0.0
B4RMM2,random,ifnepitope2,mean_total_score,0.584
B4RMM2,random,ifnepitope2,med_ml_score,0.57
B4RMM2,random,ifnepitope2,med_blast_score,0.0
B4RMM2,random,ifnepitope2,med_total_score,0.57
Q5F775,random,ifnepitope2,mean_ml_score,0.586497461928934
Q5F775,random,ifnepitope2,mean_blast_score,0.0
Q5F775,random,ifnepitope2,mean_total_score,0.586497461928934
Q5F775,random,ifnepitope2,med_ml_score,0.59
Q5F775,random,ifnepitope2,med_blast_score,0.0
Q5F775,random,ifnepitope2,med_total_score,0.59
B4RM65,random,ifnepitope2,mean_ml_score,0.6053456221198157
B4RM65,random,ifnepitope2,mean_blast_score,0.0
B4RM65,random,ifnepitope2,mean_total_score,0.6053456221198157
B4RM65,random,ifnepitope2,med_ml_score,0.61
B4RM65,random,ifnepitope2,med_blast_score,0.0
B4RM65,random,ifnepitope2,med_total_score,0.61
Q5F9J9,random,ifnepitope2,mean_ml_score,0.6068934911242604
Q5F9J9,random,ifnepitope2,mean_blast_score,0.0
Q5F9J9,random,ifnepitope2,mean_total_score,0.6068934911242604
Q5F9J9,random,ifnepitope2,med_ml_score,0.61
Q5F9J9,random,ifnepitope2,med_blast_score,0.0
Q5F9J9,random,ifnepitope2,med_total_score,0.61
B4RM87,random,ifnepitope2,mean_ml_score,0.60258547008547
B4RM87,random,ifnepitope2,mean_blast_score,0.0
B4RM87,random,ifnepitope2,mean_total_score,0.60258547008547
B4RM87,random,ifnepitope2,med_ml_score,0.6
B4RM87,random,ifnepitope2,med_blast_score,0.0
B4RM87,random,ifnepitope2,med_total_score,0.6
B4RQI7,random,ifnepitope2,mean_ml_score,0.6148603351955307
B4RQI7,random,ifnepitope2,mean_blast_score,0.0
B4RQI7,random,ifnepitope2,mean_total_score,0.6148603351955307
B4RQI7,random,ifnepitope2,med_ml_score,0.63
B4RQI7,random,ifnepitope2,med_blast_score,0.0
B4RQI7,random,ifnepitope2,med_total_score,0.63
P17492,random,ifnepitope2,mean_ml_score,0.60134375
P17492,random,ifnepitope2,mean_blast_score,0.0
P17492,random,ifnepitope2,mean_total_score,0.60134375
P17492,random,ifnepitope2,med_ml_score,0.6
P17492,random,ifnepitope2,med_blast_score,0.0
P17492,random,ifnepitope2,med_total_score,0.6
B4RLE8,random,ifnepitope2,mean_ml_score,0.5520629370629371
B4RLE8,random,ifnepitope2,mean_blast_score,0.0
B4RLE8,random,ifnepitope2,mean_total_score,0.5520629370629371
B4RLE8,random,ifnepitope2,med_ml_score,0.56
B4RLE8,random,ifnepitope2,med_blast_score,0.0
B4RLE8,random,ifnepitope2,med_total_score,0.56
Q5F7D6,random,ifnepitope2,mean_ml_score,0.5848474576271186
Q5F7D6,random,ifnepitope2,mean_blast_score,0.0
Q5F7D6,random,ifnepitope2,mean_total_score,0.5848474576271186
Q5F7D6,random,ifnepitope2,med_ml_score,0.59
Q5F7D6,random,ifnepitope2,med_blast_score,0.0
Q5F7D6,random,ifnepitope2,med_total_score,0.59
B4RPQ3,random,ifnepitope2,mean_ml_score,0.6074561403508772
B4RPQ3,random,ifnepitope2,mean_blast_score,0.0
B4RPQ3,random,ifnepitope2,mean_total_score,0.6074561403508772
B4RPQ3,random,ifnepitope2,med_ml_score,0.61
B4RPQ3,random,ifnepitope2,med_blast_score,0.0
B4RPQ3,random,ifnepitope2,med_total_score,0.61
Q51003,random,ifnepitope2,mean_ml_score,0.621904761904762
Q51003,random,ifnepitope2,mean_blast_score,0.0
Q51003,random,ifnepitope2,mean_total_score,0.621904761904762
Q51003,random,ifnepitope2,med_ml_score,0.63
Q51003,random,ifnepitope2,med_blast_score,0.0
Q51003,random,ifnepitope2,med_total_score,0.63
B4RQN5,random,ifnepitope2,mean_ml_score,0.6236956521739131
B4RQN5,random,ifnepitope2,mean_blast_score,0.0
B4RQN5,random,ifnepitope2,mean_total_score,0.6236956521739131
B4RQN5,random,ifnepitope2,med_ml_score,0.62
B4RQN5,random,ifnepitope2,med_blast_score,0.0
B4RQN5,random,ifnepitope2,med_total_score,0.62
P37762,random,ifnepitope2,mean_ml_score,0.5985
P37762,random,ifnepitope2,mean_blast_score,0.0
P37762,random,ifnepitope2,mean_total_score,0.5985
P37762,random,ifnepitope2,med_ml_score,0.6
P37762,random,ifnepitope2,med_blast_score,0.0
P37762,random,ifnepitope2,med_total_score,0.6
B4RL28,random,ifnepitope2,mean_ml_score,0.6072222222222222
B4RL28,random,ifnepitope2,mean_blast_score,0.0
B4RL28,random,ifnepitope2,mean_total_score,0.6072222222222222
B4RL28,random,ifnepitope2,med_ml_score,0.61
B4RL28,random,ifnepitope2,med_blast_score,0.0
B4RL28,random,ifnepitope2,med_total_score,0.61
B4RLL6,random,ifnepitope2,mean_ml_score,0.6348341232227488
B4RLL6,random,ifnepitope2,mean_blast_score,0.0
B4RLL6,random,ifnepitope2,mean_total_score,0.6348341232227488
B4RLL6,random,ifnepitope2,med_ml_score,0.64
B4RLL6,random,ifnepitope2,med_blast_score,0.0
B4RLL6,random,ifnepitope2,med_total_score,0.64
Q5F5C4,random,ifnepitope2,mean_ml_score,0.6574409448818898
Q5F5C4,random,ifnepitope2,mean_blast_score,0.0
Q5F5C4,random,ifnepitope2,mean_total_score,0.6574409448818898
Q5F5C4,random,ifnepitope2,med_ml_score,0.66
Q5F5C4,random,ifnepitope2,med_blast_score,0.0
Q5F5C4,random,ifnepitope2,med_total_score,0.66
Q5FA29,random,ifnepitope2,mean_ml_score,0.5785427135678392
Q5FA29,random,ifnepitope2,mean_blast_score,0.0
Q5FA29,random,ifnepitope2,mean_total_score,0.5785427135678392
Q5FA29,random,ifnepitope2,med_ml_score,0.57
Q5FA29,random,ifnepitope2,med_blast_score,0.0
Q5FA29,random,ifnepitope2,med_total_score,0.57
B4RMI6,random,ifnepitope2,mean_ml_score,0.5986521739130435
B4RMI6,random,ifnepitope2,mean_blast_score,0.0
B4RMI6,random,ifnepitope2,mean_total_score,0.5986521739130435
B4RMI6,random,ifnepitope2,med_ml_score,0.61
B4RMI6,random,ifnepitope2,med_blast_score,0.0
B4RMI6,random,ifnepitope2,med_total_score,0.61
P58152,random,ifnepitope2,mean_ml_score,0.6362025316455696
P58152,random,ifnepitope2,mean_blast_score,0.0
P58152,random,ifnepitope2,mean_total_score,0.6362025316455696
P58152,random,ifnepitope2,med_ml_score,0.63
P58152,random,ifnepitope2,med_blast_score,0.0
P58152,random,ifnepitope2,med_total_score,0.63
Q06581,random,ifnepitope2,mean_ml_score,0.6248773006134969
Q06581,random,ifnepitope2,mean_blast_score,0.0
Q06581,random,ifnepitope2,mean_total_score,0.6248773006134969
Q06581,random,ifnepitope2,med_ml_score,0.64
Q06581,random,ifnepitope2,med_blast_score,0.0
Q06581,random,ifnepitope2,med_total_score,0.64
Q5F5U0,random,ifnepitope2,mean_ml_score,0.5963440860215053
Q5F5U0,random,ifnepitope2,mean_blast_score,0.0
Q5F5U0,random,ifnepitope2,mean_total_score,0.5963440860215053
Q5F5U0,random,ifnepitope2,med_ml_score,0.61
Q5F5U0,random,ifnepitope2,med_blast_score,0.0
Q5F5U0,random,ifnepitope2,med_total_score,0.61
Q51008,random,ifnepitope2,mean_ml_score,0.6315441176470589
Q51008,random,ifnepitope2,mean_blast_score,0.0
Q51008,random,ifnepitope2,mean_total_score,0.6315441176470589
Q51008,random,ifnepitope2,med_ml_score,0.63
Q51008,random,ifnepitope2,med_blast_score,0.0
Q51008,random,ifnepitope2,med_total_score,0.63
Q04882,random,ifnepitope2,mean_ml_score,0.5735510204081633
Q04882,random,ifnepitope2,mean_blast_score,0.0
Q04882,random,ifnepitope2,mean_total_score,0.5735510204081633
Q04882,random,ifnepitope2,med_ml_score,0.57
Q04882,random,ifnepitope2,med_blast_score,0.0
Q04882,random,ifnepitope2,med_total_score,0.57
P95361,random,ifnepitope2,mean_ml_score,0.6155938697318007
P95361,random,ifnepitope2,mean_blast_score,0.0
P95361,random,ifnepitope2,mean_total_score,0.6155938697318007
P95361,random,ifnepitope2,med_ml_score,0.64
P95361,random,ifnepitope2,med_blast_score,0.0
P95361,random,ifnepitope2,med_total_score,0.64
B4RLE6,random,ifnepitope2,mean_ml_score,0.5742961165048543
B4RLE6,random,ifnepitope2,mean_blast_score,0.0
B4RLE6,random,ifnepitope2,mean_total_score,0.5742961165048543
B4RLE6,random,ifnepitope2,med_ml_score,0.57
B4RLE6,random,ifnepitope2,med_blast_score,0.0
B4RLE6,random,ifnepitope2,med_total_score,0.57
B4RK82,random,ifnepitope2,mean_ml_score,0.5631313131313131
B4RK82,random,ifnepitope2,mean_blast_score,0.0
B4RK82,random,ifnepitope2,mean_total_score,0.5631313131313131
B4RK82,random,ifnepitope2,med_ml_score,0.57
B4RK82,random,ifnepitope2,med_blast_score,0.0
B4RK82,random,ifnepitope2,med_total_score,0.57
Q04885,random,ifnepitope2,mean_ml_score,0.5547533632286995
Q04885,random,ifnepitope2,mean_blast_score,0.0
Q04885,random,ifnepitope2,mean_total_score,0.5547533632286995
Q04885,random,ifnepitope2,med_ml_score,0.56
Q04885,random,ifnepitope2,med_blast_score,0.0
Q04885,random,ifnepitope2,med_total_score,0.56
B4RQ94,random,ifnepitope2,mean_ml_score,0.6164435146443514
B4RQ94,random,ifnepitope2,mean_blast_score,0.0
B4RQ94,random,ifnepitope2,mean_total_score,0.6164435146443514
B4RQ94,random,ifnepitope2,med_ml_score,0.61
B4RQ94,random,ifnepitope2,med_blast_score,0.0
B4RQ94,random,ifnepitope2,med_total_score,0.61
B4RP98,random,ifnepitope2,mean_ml_score,0.5951839464882943
B4RP98,random,ifnepitope2,mean_blast_score,0.0
B4RP98,random,ifnepitope2,mean_total_score,0.5951839464882943
B4RP98,random,ifnepitope2,med_ml_score,0.61
B4RP98,random,ifnepitope2,med_blast_score,0.0
B4RP98,random,ifnepitope2,med_total_score,0.61
Q5F4X8,random,ifnepitope2,mean_ml_score,0.5605537459283387
Q5F4X8,random,ifnepitope2,mean_blast_score,0.0
Q5F4X8,random,ifnepitope2,mean_total_score,0.5605537459283387
Q5F4X8,random,ifnepitope2,med_ml_score,0.56
Q5F4X8,random,ifnepitope2,med_blast_score,0.0
Q5F4X8,random,ifnepitope2,med_total_score,0.56
P72079,random,ifnepitope2,mean_ml_score,0.60046875
P72079,random,ifnepitope2,mean_blast_score,0.0
P72079,random,ifnepitope2,mean_total_score,0.60046875
P72079,random,ifnepitope2,med_ml_score,0.6
P72079,random,ifnepitope2,med_blast_score,0.0
P72079,random,ifnepitope2,med_total_score,0.6
Q50962,random,ifnepitope2,mean_ml_score,0.6078217821782178
Q50962,random,ifnepitope2,mean_blast_score,0.0
Q50962,random,ifnepitope2,mean_total_score,0.6078217821782178
Q50962,random,ifnepitope2,med_ml_score,0.61
Q50962,random,ifnepitope2,med_blast_score,0.0
Q50962,random,ifnepitope2,med_total_score,0.61
B4RPI3,random,ifnepitope2,mean_ml_score,0.6300657894736842
B4RPI3,random,ifnepitope2,mean_blast_score,0.0
B4RPI3,random,ifnepitope2,mean_total_score,0.6300657894736842
B4RPI3,random,ifnepitope2,med_ml_score,0.64
B4RPI3,random,ifnepitope2,med_blast_score,0.0
B4RPI3,random,ifnepitope2,med_total_score,0.64
B4RLX4,random,ifnepitope2,mean_ml_score,0.6065692307692307
B4RLX4,random,ifnepitope2,mean_blast_score,0.0
B4RLX4,random,ifnepitope2,mean_total_score,0.6065692307692307
B4RLX4,random,ifnepitope2,med_ml_score,0.61
B4RLX4,random,ifnepitope2,med_blast_score,0.0
B4RLX4,random,ifnepitope2,med_total_score,0.61
Q5F849,random,ifnepitope2,mean_ml_score,0.584487632508834
Q5F849,random,ifnepitope2,mean_blast_score,0.0
Q5F849,random,ifnepitope2,mean_total_score,0.584487632508834
Q5F849,random,ifnepitope2,med_ml_score,0.58
Q5F849,random,ifnepitope2,med_blast_score,0.0
Q5F849,random,ifnepitope2,med_total_score,0.58
B4RQ36,random,ifnepitope2,mean_ml_score,0.5828346456692913
B4RQ36,random,ifnepitope2,mean_blast_score,0.0
B4RQ36,random,ifnepitope2,mean_total_score,0.5828346456692913
B4RQ36,random,ifnepitope2,med_ml_score,0.59
B4RQ36,random,ifnepitope2,med_blast_score,0.0
B4RQ36,random,ifnepitope2,med_total_score,0.59
Q5F569,random,ifnepitope2,mean_ml_score,0.6189297658862877
Q5F569,random,ifnepitope2,mean_blast_score,0.0
Q5F569,random,ifnepitope2,mean_total_score,0.6189297658862877
Q5F569,random,ifnepitope2,med_ml_score,0.63
Q5F569,random,ifnepitope2,med_blast_score,0.0
Q5F569,random,ifnepitope2,med_total_score,0.63
Q9XB01,random,ifnepitope2,mean_ml_score,0.600735294117647
Q9XB01,random,ifnepitope2,mean_blast_score,0.0
Q9XB01,random,ifnepitope2,mean_total_score,0.600735294117647
Q9XB01,random,ifnepitope2,med_ml_score,0.6
Q9XB01,random,ifnepitope2,med_blast_score,0.0
Q9XB01,random,ifnepitope2,med_total_score,0.6
Q5F5V2,random,ifnepitope2,mean_ml_score,0.59409375
Q5F5V2,random,ifnepitope2,mean_blast_score,0.0
Q5F5V2,random,ifnepitope2,mean_total_score,0.59409375
Q5F5V2,random,ifnepitope2,med_ml_score,0.6
Q5F5V2,random,ifnepitope2,med_blast_score,0.0
Q5F5V2,random,ifnepitope2,med_total_score,0.6
B4RL22,random,ifnepitope2,mean_ml_score,0.5975886524822696
B4RL22,random,ifnepitope2,mean_blast_score,0.0
B4RL22,random,ifnepitope2,mean_total_score,0.5975886524822696
B4RL22,random,ifnepitope2,med_ml_score,0.6
B4RL22,random,ifnepitope2,med_blast_score,0.0
B4RL22,random,ifnepitope2,med_total_score,0.6
B4RJT3,random,ifnepitope2,mean_ml_score,0.5978195488721805
B4RJT3,random,ifnepitope2,mean_blast_score,0.0
B4RJT3,random,ifnepitope2,mean_total_score,0.5978195488721805
B4RJT3,random,ifnepitope2,med_ml_score,0.6
B4RJT3,random,ifnepitope2,med_blast_score,0.0
B4RJT3,random,ifnepitope2,med_total_score,0.6
Q5F551,random,ifnepitope2,mean_ml_score,0.5725153374233128
Q5F551,random,ifnepitope2,mean_blast_score,0.0
Q5F551,random,ifnepitope2,mean_total_score,0.5725153374233128
Q5F551,random,ifnepitope2,med_ml_score,0.57
Q5F551,random,ifnepitope2,med_blast_score,0.0
Q5F551,random,ifnepitope2,med_total_score,0.57
B4RLL1,random,ifnepitope2,mean_ml_score,0.5985542168674699
B4RLL1,random,ifnepitope2,mean_blast_score,0.0
B4RLL1,random,ifnepitope2,mean_total_score,0.5985542168674699
B4RLL1,random,ifnepitope2,med_ml_score,0.6
B4RLL1,random,ifnepitope2,med_blast_score,0.0
B4RLL1,random,ifnepitope2,med_total_score,0.6
O07817,random,ifnepitope2,mean_ml_score,0.6323232323232323
O07817,random,ifnepitope2,mean_blast_score,0.0
O07817,random,ifnepitope2,mean_total_score,0.6323232323232323
O07817,random,ifnepitope2,med_ml_score,0.61
O07817,random,ifnepitope2,med_blast_score,0.0
O07817,random,ifnepitope2,med_total_score,0.61
Q5F8J4,random,ifnepitope2,mean_ml_score,0.5766978922716628
Q5F8J4,random,ifnepitope2,mean_blast_score,0.0
Q5F8J4,random,ifnepitope2,mean_total_score,0.5766978922716628
Q5F8J4,random,ifnepitope2,med_ml_score,0.59
Q5F8J4,random,ifnepitope2,med_blast_score,0.0
Q5F8J4,random,ifnepitope2,med_total_score,0.59
P21152,random,ifnepitope2,mean_ml_score,0.5951470588235294
P21152,random,ifnepitope2,mean_blast_score,0.0
P21152,random,ifnepitope2,mean_total_score,0.5951470588235294
P21152,random,ifnepitope2,med_ml_score,0.61
P21152,random,ifnepitope2,med_blast_score,0.0
P21152,random,ifnepitope2,med_total_score,0.61
Q5F622,random,ifnepitope2,mean_ml_score,0.5921142857142857
Q5F622,random,ifnepitope2,mean_blast_score,0.0
Q5F622,random,ifnepitope2,mean_total_score,0.5921142857142857
Q5F622,random,ifnepitope2,med_ml_score,0.59
Q5F622,random,ifnepitope2,med_blast_score,0.0
Q5F622,random,ifnepitope2,med_total_score,0.59
Q5F7J4,random,ifnepitope2,mean_ml_score,0.6102373660030628
Q5F7J4,random,ifnepitope2,mean_blast_score,0.0
Q5F7J4,random,ifnepitope2,mean_total_score,0.6102373660030628
Q5F7J4,random,ifnepitope2,med_ml_score,0.61
Q5F7J4,random,ifnepitope2,med_blast_score,0.0
Q5F7J4,random,ifnepitope2,med_total_score,0.61
Q5F7H5,random,ifnepitope2,mean_ml_score,0.5954491017964072
Q5F7H5,random,ifnepitope2,mean_blast_score,0.0
Q5F7H5,random,ifnepitope2,mean_total_score,0.5954491017964072
Q5F7H5,random,ifnepitope2,med_ml_score,0.6
Q5F7H5,random,ifnepitope2,med_blast_score,0.0
Q5F7H5,random,ifnepitope2,med_total_score,0.6
B4RJ69,random,ifnepitope2,mean_ml_score,0.6322299651567944
B4RJ69,random,ifnepitope2,mean_blast_score,0.0
B4RJ69,random,ifnepitope2,mean_total_score,0.6322299651567944
B4RJ69,random,ifnepitope2,med_ml_score,0.64
B4RJ69,random,ifnepitope2,med_blast_score,0.0
B4RJ69,random,ifnepitope2,med_total_score,0.64
Q5F7C4,random,ifnepitope2,mean_ml_score,0.5899538106235566
Q5F7C4,random,ifnepitope2,mean_blast_score,0.0
Q5F7C4,random,ifnepitope2,mean_total_score,0.5899538106235566
Q5F7C4,random,ifnepitope2,med_ml_score,0.59
Q5F7C4,random,ifnepitope2,med_blast_score,0.0
Q5F7C4,random,ifnepitope2,med_total_score,0.59
Q50950,random,ifnepitope2,mean_ml_score,0.5855882352941176
Q50950,random,ifnepitope2,mean_blast_score,0.0
Q50950,random,ifnepitope2,mean_total_score,0.5855882352941176
Q50950,random,ifnepitope2,med_ml_score,0.59
Q50950,random,ifnepitope2,med_blast_score,0.0
Q50950,random,ifnepitope2,med_total_score,0.59
B4RPR2,random,ifnepitope2,mean_ml_score,0.6253545232273838
B4RPR2,random,ifnepitope2,mean_blast_score,0.0
B4RPR2,random,ifnepitope2,mean_total_score,0.6253545232273838
B4RPR2,random,ifnepitope2,med_ml_score,0.63
B4RPR2,random,ifnepitope2,med_blast_score,0.0
B4RPR2,random,ifnepitope2,med_total_score,0.63
P37094,random,ifnepitope2,mean_ml_score,0.6052
P37094,random,ifnepitope2,mean_blast_score,0.0
P37094,random,ifnepitope2,mean_total_score,0.6052
P37094,random,ifnepitope2,med_ml_score,0.6
P37094,random,ifnepitope2,med_blast_score,0.0
P37094,random,ifnepitope2,med_total_score,0.6
Q5F605,random,ifnepitope2,mean_ml_score,0.6467278287461774
Q5F605,random,ifnepitope2,mean_blast_score,0.0
Q5F605,random,ifnepitope2,mean_total_score,0.6467278287461774
Q5F605,random,ifnepitope2,med_ml_score,0.66
Q5F605,random,ifnepitope2,med_blast_score,0.0
Q5F605,random,ifnepitope2,med_total_score,0.66
Q5F8J0,random,ifnepitope2,mean_ml_score,0.610246913580247
Q5F8J0,random,ifnepitope2,mean_blast_score,0.0
Q5F8J0,random,ifnepitope2,mean_total_score,0.610246913580247
Q5F8J0,random,ifnepitope2,med_ml_score,0.62
Q5F8J0,random,ifnepitope2,med_blast_score,0.0
Q5F8J0,random,ifnepitope2,med_total_score,0.62
B4RJF6,random,ifnepitope2,mean_ml_score,0.5666891891891892
B4RJF6,random,ifnepitope2,mean_blast_score,0.0
B4RJF6,random,ifnepitope2,mean_total_score,0.5666891891891892
B4RJF6,random,ifnepitope2,med_ml_score,0.57
B4RJF6,random,ifnepitope2,med_blast_score,0.0
B4RJF6,random,ifnepitope2,med_total_score,0.57
Q5F8D4,random,ifnepitope2,mean_ml_score,0.5870288624787776
Q5F8D4,random,ifnepitope2,mean_blast_score,0.0
Q5F8D4,random,ifnepitope2,mean_total_score,0.5870288624787776
Q5F8D4,random,ifnepitope2,med_ml_score,0.58
Q5F8D4,random,ifnepitope2,med_blast_score,0.0
Q5F8D4,random,ifnepitope2,med_total_score,0.58
P04174,random,ifnepitope2,mean_ml_score,0.5931578947368421
P04174,random,ifnepitope2,mean_blast_score,0.0
P04174,random,ifnepitope2,mean_total_score,0.5931578947368421
P04174,random,ifnepitope2,med_ml_score,0.595
P04174,random,ifnepitope2,med_blast_score,0.0
P04174,random,ifnepitope2,med_total_score,0.595
Q5F783,random,ifnepitope2,mean_ml_score,0.6248109965635739
Q5F783,random,ifnepitope2,mean_blast_score,0.0
Q5F783,random,ifnepitope2,mean_total_score,0.6248109965635739
Q5F783,random,ifnepitope2,med_ml_score,0.63
Q5F783,random,ifnepitope2,med_blast_score,0.0
Q5F783,random,ifnepitope2,med_total_score,0.63
B4RJN4,random,ifnepitope2,mean_ml_score,0.6164556962025316
B4RJN4,random,ifnepitope2,mean_blast_score,0.0
B4RJN4,random,ifnepitope2,mean_total_score,0.6164556962025316
B4RJN4,random,ifnepitope2,med_ml_score,0.62
B4RJN4,random,ifnepitope2,med_blast_score,0.0
B4RJN4,random,ifnepitope2,med_total_score,0.62
B4RJY6,random,ifnepitope2,mean_ml_score,0.5404504504504505
B4RJY6,random,ifnepitope2,mean_blast_score,0.0
B4RJY6,random,ifnepitope2,mean_total_score,0.5404504504504505
B4RJY6,random,ifnepitope2,med_ml_score,0.55
B4RJY6,random,ifnepitope2,med_blast_score,0.0
B4RJY6,random,ifnepitope2,med_total_score,0.55
B4RNW8,random,ifnepitope2,mean_ml_score,0.5973732718894009
B4RNW8,random,ifnepitope2,mean_blast_score,0.0
B4RNW8,random,ifnepitope2,mean_total_score,0.5973732718894009
B4RNW8,random,ifnepitope2,med_ml_score,0.6
B4RNW8,random,ifnepitope2,med_blast_score,0.0
B4RNW8,random,ifnepitope2,med_total_score,0.6
Q5FA15,random,ifnepitope2,mean_ml_score,0.6053111111111111
Q5FA15,random,ifnepitope2,mean_blast_score,0.0
Q5FA15,random,ifnepitope2,mean_total_score,0.6053111111111111
Q5FA15,random,ifnepitope2,med_ml_score,0.61
Q5FA15,random,ifnepitope2,med_blast_score,0.0
Q5FA15,random,ifnepitope2,med_total_score,0.61
B4RR25,random,ifnepitope2,mean_ml_score,0.6142211055276382
B4RR25,random,ifnepitope2,mean_blast_score,0.0
B4RR25,random,ifnepitope2,mean_total_score,0.6142211055276382
B4RR25,random,ifnepitope2,med_ml_score,0.62
B4RR25,random,ifnepitope2,med_blast_score,0.0
B4RR25,random,ifnepitope2,med_total_score,0.62
B4RQQ5,random,ifnepitope2,mean_ml_score,0.607375
B4RQQ5,random,ifnepitope2,mean_blast_score,0.0
B4RQQ5,random,ifnepitope2,mean_total_score,0.607375
B4RQQ5,random,ifnepitope2,med_ml_score,0.62
B4RQQ5,random,ifnepitope2,med_blast_score,0.0
B4RQQ5,random,ifnepitope2,med_total_score,0.62
B4RL51,random,ifnepitope2,mean_ml_score,0.5640449438202247
B4RL51,random,ifnepitope2,mean_blast_score,0.0
B4RL51,random,ifnepitope2,mean_total_score,0.5640449438202247
B4RL51,random,ifnepitope2,med_ml_score,0.55
B4RL51,random,ifnepitope2,med_blast_score,0.0
B4RL51,random,ifnepitope2,med_total_score,0.55
B4RKY2,random,ifnepitope2,mean_ml_score,0.5927753303964758
B4RKY2,random,ifnepitope2,mean_blast_score,0.0
B4RKY2,random,ifnepitope2,mean_total_score,0.5927753303964758
B4RKY2,random,ifnepitope2,med_ml_score,0.59
B4RKY2,random,ifnepitope2,med_blast_score,0.0
B4RKY2,random,ifnepitope2,med_total_score,0.59
Q5F881,random,ifnepitope2,mean_ml_score,0.5941428571428572
Q5F881,random,ifnepitope2,mean_blast_score,0.0
Q5F881,random,ifnepitope2,mean_total_score,0.5941428571428572
Q5F881,random,ifnepitope2,med_ml_score,0.59
Q5F881,random,ifnepitope2,med_blast_score,0.0
Q5F881,random,ifnepitope2,med_total_score,0.59
B4RNL5,random,ifnepitope2,mean_ml_score,0.5764516129032258
B4RNL5,random,ifnepitope2,mean_blast_score,0.0
B4RNL5,random,ifnepitope2,mean_total_score,0.5764516129032258
B4RNL5,random,ifnepitope2,med_ml_score,0.56
B4RNL5,random,ifnepitope2,med_blast_score,0.0
B4RNL5,random,ifnepitope2,med_total_score,0.56
B4RK98,random,ifnepitope2,mean_ml_score,0.590566037735849
B4RK98,random,ifnepitope2,mean_blast_score,0.0
B4RK98,random,ifnepitope2,mean_total_score,0.590566037735849
B4RK98,random,ifnepitope2,med_ml_score,0.6
B4RK98,random,ifnepitope2,med_blast_score,0.0
B4RK98,random,ifnepitope2,med_total_score,0.6
Q5F9K6,random,ifnepitope2,mean_ml_score,0.6214457831325301
Q5F9K6,random,ifnepitope2,mean_blast_score,0.0
Q5F9K6,random,ifnepitope2,mean_total_score,0.6214457831325301
Q5F9K6,random,ifnepitope2,med_ml_score,0.62
Q5F9K6,random,ifnepitope2,med_blast_score,0.0
Q5F9K6,random,ifnepitope2,med_total_score,0.62
Q5F6L9,random,ifnepitope2,mean_ml_score,0.5983947939262473
Q5F6L9,random,ifnepitope2,mean_blast_score,0.0
Q5F6L9,random,ifnepitope2,mean_total_score,0.5983947939262473
Q5F6L9,random,ifnepitope2,med_ml_score,0.61
Q5F6L9,random,ifnepitope2,med_blast_score,0.0
Q5F6L9,random,ifnepitope2,med_total_score,0.61
Q5F8G9,random,ifnepitope2,mean_ml_score,0.5921527777777778
Q5F8G9,random,ifnepitope2,mean_blast_score,0.0
Q5F8G9,random,ifnepitope2,mean_total_score,0.5921527777777778
Q5F8G9,random,ifnepitope2,med_ml_score,0.6
Q5F8G9,random,ifnepitope2,med_blast_score,0.0
Q5F8G9,random,ifnepitope2,med_total_score,0.6
B4RR10,random,ifnepitope2,mean_ml_score,0.58112
B4RR10,random,ifnepitope2,mean_blast_score,0.0
B4RR10,random,ifnepitope2,mean_total_score,0.58112
B4RR10,random,ifnepitope2,med_ml_score,0.59
B4RR10,random,ifnepitope2,med_blast_score,0.0
B4RR10,random,ifnepitope2,med_total_score,0.59
P52325,random,ifnepitope2,mean_ml_score,0.5812618296529969
P52325,random,ifnepitope2,mean_blast_score,0.0
P52325,random,ifnepitope2,mean_total_score,0.5812618296529969
P52325,random,ifnepitope2,med_ml_score,0.585
P52325,random,ifnepitope2,med_blast_score,0.0
P52325,random,ifnepitope2,med_total_score,0.585
B4RQ61,random,ifnepitope2,mean_ml_score,0.6131753554502369
B4RQ61,random,ifnepitope2,mean_blast_score,0.0
B4RQ61,random,ifnepitope2,mean_total_score,0.6131753554502369
B4RQ61,random,ifnepitope2,med_ml_score,0.61
B4RQ61,random,ifnepitope2,med_blast_score,0.0
B4RQ61,random,ifnepitope2,med_total_score,0.61
Q5F882,random,ifnepitope2,mean_ml_score,0.5955725190839695
Q5F882,random,ifnepitope2,mean_blast_score,0.0
Q5F882,random,ifnepitope2,mean_total_score,0.5955725190839695
Q5F882,random,ifnepitope2,med_ml_score,0.6
Q5F882,random,ifnepitope2,med_blast_score,0.0
Q5F882,random,ifnepitope2,med_total_score,0.6
O07813,random,ifnepitope2,mean_ml_score,0.5775438596491228
O07813,random,ifnepitope2,mean_blast_score,0.0
O07813,random,ifnepitope2,mean_total_score,0.5775438596491228
O07813,random,ifnepitope2,med_ml_score,0.61
O07813,random,ifnepitope2,med_blast_score,0.0
O07813,random,ifnepitope2,med_total_score,0.61
Q5F935,random,ifnepitope2,mean_ml_score,0.6005172413793104
Q5F935,random,ifnepitope2,mean_blast_score,0.0
Q5F935,random,ifnepitope2,mean_total_score,0.6005172413793104
Q5F935,random,ifnepitope2,med_ml_score,0.605
Q5F935,random,ifnepitope2,med_blast_score,0.0
Q5F935,random,ifnepitope2,med_total_score,0.605
B4RJR8,random,ifnepitope2,mean_ml_score,0.6898076923076923
B4RJR8,random,ifnepitope2,mean_blast_score,0.0
B4RJR8,random,ifnepitope2,mean_total_score,0.6898076923076923
B4RJR8,random,ifnepitope2,med_ml_score,0.705
B4RJR8,random,ifnepitope2,med_blast_score,0.0
B4RJR8,random,ifnepitope2,med_total_score,0.705
Q5F5X0,random,ifnepitope2,mean_ml_score,0.5949481865284975
Q5F5X0,random,ifnepitope2,mean_blast_score,0.0
Q5F5X0,random,ifnepitope2,mean_total_score,0.5949481865284975
Q5F5X0,random,ifnepitope2,med_ml_score,0.6
Q5F5X0,random,ifnepitope2,med_blast_score,0.0
Q5F5X0,random,ifnepitope2,med_total_score,0.6
B4RQC7,random,ifnepitope2,mean_ml_score,0.5963386727688788
B4RQC7,random,ifnepitope2,mean_blast_score,0.0
B4RQC7,random,ifnepitope2,mean_total_score,0.5963386727688788
B4RQC7,random,ifnepitope2,med_ml_score,0.6
B4RQC7,random,ifnepitope2,med_blast_score,0.0
B4RQC7,random,ifnepitope2,med_total_score,0.6
Q5F9U0,random,ifnepitope2,mean_ml_score,0.6045482866043613
Q5F9U0,random,ifnepitope2,mean_blast_score,0.0
Q5F9U0,random,ifnepitope2,mean_total_score,0.6045482866043613
Q5F9U0,random,ifnepitope2,med_ml_score,0.59
Q5F9U0,random,ifnepitope2,med_blast_score,0.0
Q5F9U0,random,ifnepitope2,med_total_score,0.59
B4RQ33,random,ifnepitope2,mean_ml_score,0.6169942196531792
B4RQ33,random,ifnepitope2,mean_blast_score,0.0
B4RQ33,random,ifnepitope2,mean_total_score,0.6169942196531792
B4RQ33,random,ifnepitope2,med_ml_score,0.62
B4RQ33,random,ifnepitope2,med_blast_score,0.0
B4RQ33,random,ifnepitope2,med_total_score,0.62
Q5F8T6,random,ifnepitope2,mean_ml_score,0.6077011494252874
Q5F8T6,random,ifnepitope2,mean_blast_score,0.0
Q5F8T6,random,ifnepitope2,mean_total_score,0.6077011494252874
Q5F8T6,random,ifnepitope2,med_ml_score,0.61
Q5F8T6,random,ifnepitope2,med_blast_score,0.0
Q5F8T6,random,ifnepitope2,med_total_score,0.61
Q50973,random,ifnepitope2,mean_ml_score,0.5620175438596491
Q50973,random,ifnepitope2,mean_blast_score,0.0
Q50973,random,ifnepitope2,mean_total_score,0.5620175438596491
Q50973,random,ifnepitope2,med_ml_score,0.56
Q50973,random,ifnepitope2,med_blast_score,0.0
Q50973,random,ifnepitope2,med_total_score,0.56
Q5FA58,random,ifnepitope2,mean_ml_score,0.5859627329192547
Q5FA58,random,ifnepitope2,mean_blast_score,0.0
Q5FA58,random,ifnepitope2,mean_total_score,0.5859627329192547
Q5FA58,random,ifnepitope2,med_ml_score,0.6
Q5FA58,random,ifnepitope2,med_blast_score,0.0
Q5FA58,random,ifnepitope2,med_total_score,0.6
B4RP13,random,ifnepitope2,mean_ml_score,0.5772813238770685
B4RP13,random,ifnepitope2,mean_blast_score,0.0
B4RP13,random,ifnepitope2,mean_total_score,0.5772813238770685
B4RP13,random,ifnepitope2,med_ml_score,0.58
B4RP13,random,ifnepitope2,med_blast_score,0.0
B4RP13,random,ifnepitope2,med_total_score,0.58
B4RP57,random,ifnepitope2,mean_ml_score,0.6007272727272728
B4RP57,random,ifnepitope2,mean_blast_score,0.0
B4RP57,random,ifnepitope2,mean_total_score,0.6007272727272728
B4RP57,random,ifnepitope2,med_ml_score,0.61
B4RP57,random,ifnepitope2,med_blast_score,0.0
B4RP57,random,ifnepitope2,med_total_score,0.61
B4RQC6,random,ifnepitope2,mean_ml_score,0.6289397590361446
B4RQC6,random,ifnepitope2,mean_blast_score,0.0
B4RQC6,random,ifnepitope2,mean_total_score,0.6289397590361446
B4RQC6,random,ifnepitope2,med_ml_score,0.64
B4RQC6,random,ifnepitope2,med_blast_score,0.0
B4RQC6,random,ifnepitope2,med_total_score,0.64
B4RJ05,random,ifnepitope2,mean_ml_score,0.6033618233618233
B4RJ05,random,ifnepitope2,mean_blast_score,0.0
B4RJ05,random,ifnepitope2,mean_total_score,0.6033618233618233
B4RJ05,random,ifnepitope2,med_ml_score,0.61
B4RJ05,random,ifnepitope2,med_blast_score,0.0
B4RJ05,random,ifnepitope2,med_total_score,0.61
B4RLK3,random,ifnepitope2,mean_ml_score,0.5841232227488151
B4RLK3,random,ifnepitope2,mean_blast_score,0.0
B4RLK3,random,ifnepitope2,mean_total_score,0.5841232227488151
B4RLK3,random,ifnepitope2,med_ml_score,0.59
B4RLK3,random,ifnepitope2,med_blast_score,0.0
B4RLK3,random,ifnepitope2,med_total_score,0.59
Q5F5P6,random,ifnepitope2,mean_ml_score,0.600754716981132
Q5F5P6,random,ifnepitope2,mean_blast_score,0.0
Q5F5P6,random,ifnepitope2,mean_total_score,0.600754716981132
Q5F5P6,random,ifnepitope2,med_ml_score,0.62
Q5F5P6,random,ifnepitope2,med_blast_score,0.0
Q5F5P6,random,ifnepitope2,med_total_score,0.62
Q5F553,random,ifnepitope2,mean_ml_score,0.584125
Q5F553,random,ifnepitope2,mean_blast_score,0.0
Q5F553,random,ifnepitope2,mean_total_score,0.584125
Q5F553,random,ifnepitope2,med_ml_score,0.58
Q5F553,random,ifnepitope2,med_blast_score,0.0
Q5F553,random,ifnepitope2,med_total_score,0.58
Q5F5F3,random,ifnepitope2,mean_ml_score,0.5909401709401709
Q5F5F3,random,ifnepitope2,mean_blast_score,0.0
Q5F5F3,random,ifnepitope2,mean_total_score,0.5909401709401709
Q5F5F3,random,ifnepitope2,med_ml_score,0.6
Q5F5F3,random,ifnepitope2,med_blast_score,0.0
Q5F5F3,random,ifnepitope2,med_total_score,0.6
P39897,random,ifnepitope2,mean_ml_score,0.5963101604278075
P39897,random,ifnepitope2,mean_blast_score,0.0
P39897,random,ifnepitope2,mean_total_score,0.5963101604278075
P39897,random,ifnepitope2,med_ml_score,0.61
P39897,random,ifnepitope2,med_blast_score,0.0
P39897,random,ifnepitope2,med_total_score,0.61
B4RR07,random,ifnepitope2,mean_ml_score,0.627007299270073
B4RR07,random,ifnepitope2,mean_blast_score,0.0
B4RR07,random,ifnepitope2,mean_total_score,0.627007299270073
B4RR07,random,ifnepitope2,med_ml_score,0.63
B4RR07,random,ifnepitope2,med_blast_score,0.0
B4RR07,random,ifnepitope2,med_total_score,0.63
Q5F629,random,ifnepitope2,mean_ml_score,0.6132980972515856
Q5F629,random,ifnepitope2,mean_blast_score,0.0
Q5F629,random,ifnepitope2,mean_total_score,0.6132980972515856
Q5F629,random,ifnepitope2,med_ml_score,0.62
Q5F629,random,ifnepitope2,med_blast_score,0.0
Q5F629,random,ifnepitope2,med_total_score,0.62
B4RN40,random,ifnepitope2,mean_ml_score,0.5948301486199575
B4RN40,random,ifnepitope2,mean_blast_score,0.0
B4RN40,random,ifnepitope2,mean_total_score,0.5948301486199575
B4RN40,random,ifnepitope2,med_ml_score,0.61
B4RN40,random,ifnepitope2,med_blast_score,0.0
B4RN40,random,ifnepitope2,med_total_score,0.61
B4RN63,random,ifnepitope2,mean_ml_score,0.6384297520661157
B4RN63,random,ifnepitope2,mean_blast_score,0.0
B4RN63,random,ifnepitope2,mean_total_score,0.6384297520661157
B4RN63,random,ifnepitope2,med_ml_score,0.65
B4RN63,random,ifnepitope2,med_blast_score,0.0
B4RN63,random,ifnepitope2,med_total_score,0.65
B4RK11,random,ifnepitope2,mean_ml_score,0.6073839662447258
B4RK11,random,ifnepitope2,mean_blast_score,0.0
B4RK11,random,ifnepitope2,mean_total_score,0.6073839662447258
B4RK11,random,ifnepitope2,med_ml_score,0.61
B4RK11,random,ifnepitope2,med_blast_score,0.0
B4RK11,random,ifnepitope2,med_total_score,0.61
Q5F5R3,random,ifnepitope2,mean_ml_score,0.545506329113924
Q5F5R3,random,ifnepitope2,mean_blast_score,0.0
Q5F5R3,random,ifnepitope2,mean_total_score,0.545506329113924
Q5F5R3,random,ifnepitope2,med_ml_score,0.545
Q5F5R3,random,ifnepitope2,med_blast_score,0.0
Q5F5R3,random,ifnepitope2,med_total_score,0.545
B4RQE0,random,ifnepitope2,mean_ml_score,0.6224528301886793
B4RQE0,random,ifnepitope2,mean_blast_score,0.0
B4RQE0,random,ifnepitope2,mean_total_score,0.6224528301886793
B4RQE0,random,ifnepitope2,med_ml_score,0.62
B4RQE0,random,ifnepitope2,med_blast_score,0.0
B4RQE0,random,ifnepitope2,med_total_score,0.62
Q5F4W9,random,ifnepitope2,mean_ml_score,0.6173936170212766
Q5F4W9,random,ifnepitope2,mean_blast_score,0.0
Q5F4W9,random,ifnepitope2,mean_total_score,0.6173936170212766
Q5F4W9,random,ifnepitope2,med_ml_score,0.63
Q5F4W9,random,ifnepitope2,med_blast_score,0.0
Q5F4W9,random,ifnepitope2,med_total_score,0.63
Q04876,random,ifnepitope2,mean_ml_score,0.5856837606837607
Q04876,random,ifnepitope2,mean_blast_score,0.0
Q04876,random,ifnepitope2,mean_total_score,0.5856837606837607
Q04876,random,ifnepitope2,med_ml_score,0.59
Q04876,random,ifnepitope2,med_blast_score,0.0
Q04876,random,ifnepitope2,med_total_score,0.59
Q50986,random,ifnepitope2,mean_ml_score,0.61421875
Q50986,random,ifnepitope2,mean_blast_score,0.0
Q50986,random,ifnepitope2,mean_total_score,0.61421875
Q50986,random,ifnepitope2,med_ml_score,0.61
Q50986,random,ifnepitope2,med_blast_score,0.0
Q50986,random,ifnepitope2,med_total_score,0.61
Q5F7G0,random,ifnepitope2,mean_ml_score,0.5988989169675091
Q5F7G0,random,ifnepitope2,mean_blast_score,0.0
Q5F7G0,random,ifnepitope2,mean_total_score,0.5988989169675091
Q5F7G0,random,ifnepitope2,med_ml_score,0.6
Q5F7G0,random,ifnepitope2,med_blast_score,0.0
Q5F7G0,random,ifnepitope2,med_total_score,0.6
B4RJY6,random,ifnepitope2,mean_ml_score,0.5404504504504505
B4RJY6,random,ifnepitope2,mean_blast_score,0.0
B4RJY6,random,ifnepitope2,mean_total_score,0.5404504504504505
B4RJY6,random,ifnepitope2,med_ml_score,0.55
B4RJY6,random,ifnepitope2,med_blast_score,0.0
B4RJY6,random,ifnepitope2,med_total_score,0.55
B4RNW8,random,ifnepitope2,mean_ml_score,0.5973732718894009
B4RNW8,random,ifnepitope2,mean_blast_score,0.0
B4RNW8,random,ifnepitope2,mean_total_score,0.5973732718894009
B4RNW8,random,ifnepitope2,med_ml_score,0.6
B4RNW8,random,ifnepitope2,med_blast_score,0.0
B4RNW8,random,ifnepitope2,med_total_score,0.6
O07813,random,ifnepitope2,mean_ml_score,0.5775438596491228
O07813,random,ifnepitope2,mean_blast_score,0.0
O07813,random,ifnepitope2,mean_total_score,0.5775438596491228
O07813,random,ifnepitope2,med_ml_score,0.61
O07813,random,ifnepitope2,med_blast_score,0.0
O07813,random,ifnepitope2,med_total_score,0.61
B4RM65,random,ifnepitope2,mean_ml_score,0.6053456221198157
B4RM65,random,ifnepitope2,mean_blast_score,0.0
B4RM65,random,ifnepitope2,mean_total_score,0.6053456221198157
B4RM65,random,ifnepitope2,med_ml_score,0.61
B4RM65,random,ifnepitope2,med_blast_score,0.0
B4RM65,random,ifnepitope2,med_total_score,0.61
Q5F9J9,random,ifnepitope2,mean_ml_score,0.6107100591715976
Q5F9J9,random,ifnepitope2,mean_blast_score,0.0
Q5F9J9,random,ifnepitope2,mean_total_score,0.6107100591715976
Q5F9J9,random,ifnepitope2,med_ml_score,0.61
Q5F9J9,random,ifnepitope2,med_blast_score,0.0
Q5F9J9,random,ifnepitope2,med_total_score,0.61
B4RJH7,random,ifnepitope2,mean_ml_score,0.6135087719298246
B4RJH7,random,ifnepitope2,mean_blast_score,0.0
B4RJH7,random,ifnepitope2,mean_total_score,0.6135087719298246
B4RJH7,random,ifnepitope2,med_ml_score,0.61
B4RJH7,random,ifnepitope2,med_blast_score,0.0
B4RJH7,random,ifnepitope2,med_total_score,0.61
B4RNG2,random,ifnepitope2,mean_ml_score,0.5815873015873015
B4RNG2,random,ifnepitope2,mean_blast_score,0.0
B4RNG2,random,ifnepitope2,mean_total_score,0.5815873015873015
B4RNG2,random,ifnepitope2,med_ml_score,0.59
B4RNG2,random,ifnepitope2,med_blast_score,0.0
B4RNG2,random,ifnepitope2,med_total_score,0.59
Q5F8I2,random,ifnepitope2,mean_ml_score,0.5985542168674699
Q5F8I2,random,ifnepitope2,mean_blast_score,0.0
Q5F8I2,random,ifnepitope2,mean_total_score,0.5985542168674699
Q5F8I2,random,ifnepitope2,med_ml_score,0.6
Q5F8I2,random,ifnepitope2,med_blast_score,0.0
Q5F8I2,random,ifnepitope2,med_total_score,0.6
O05131,random,ifnepitope2,mean_ml_score,0.5944050632911393
O05131,random,ifnepitope2,mean_blast_score,0.0
O05131,random,ifnepitope2,mean_total_score,0.5944050632911393
O05131,random,ifnepitope2,med_ml_score,0.59
O05131,random,ifnepitope2,med_blast_score,0.0
O05131,random,ifnepitope2,med_total_score,0.59
Q5F5D9,random,ifnepitope2,mean_ml_score,0.5671276595744681
Q5F5D9,random,ifnepitope2,mean_blast_score,0.0
Q5F5D9,random,ifnepitope2,mean_total_score,0.5671276595744681
Q5F5D9,random,ifnepitope2,med_ml_score,0.57
Q5F5D9,random,ifnepitope2,med_blast_score,0.0
Q5F5D9,random,ifnepitope2,med_total_score,0.57
Q5F9R5,random,ifnepitope2,mean_ml_score,0.6458426966292135
Q5F9R5,random,ifnepitope2,mean_blast_score,0.0
Q5F9R5,random,ifnepitope2,mean_total_score,0.6458426966292135
Q5F9R5,random,ifnepitope2,med_ml_score,0.64
Q5F9R5,random,ifnepitope2,med_blast_score,0.0
Q5F9R5,random,ifnepitope2,med_total_score,0.64
Q04878,random,ifnepitope2,mean_ml_score,0.5847272727272728
Q04878,random,ifnepitope2,mean_blast_score,0.0
Q04878,random,ifnepitope2,mean_total_score,0.5847272727272728
Q04878,random,ifnepitope2,med_ml_score,0.59
Q04878,random,ifnepitope2,med_blast_score,0.0
Q04878,random,ifnepitope2,med_total_score,0.59
B4RPR1,random,ifnepitope2,mean_ml_score,0.5801285347043702
B4RPR1,random,ifnepitope2,mean_blast_score,0.0
B4RPR1,random,ifnepitope2,mean_total_score,0.5801285347043702
B4RPR1,random,ifnepitope2,med_ml_score,0.59
B4RPR1,random,ifnepitope2,med_blast_score,0.0
B4RPR1,random,ifnepitope2,med_total_score,0.59
Q5F5A5,random,ifnepitope2,mean_ml_score,0.6052592592592593
Q5F5A5,random,ifnepitope2,mean_blast_score,0.0
Q5F5A5,random,ifnepitope2,mean_total_score,0.6052592592592593
Q5F5A5,random,ifnepitope2,med_ml_score,0.63
Q5F5A5,random,ifnepitope2,med_blast_score,0.0
Q5F5A5,random,ifnepitope2,med_total_score,0.63
P21302,random,ifnepitope2,mean_ml_score,0.6143343653250773
P21302,random,ifnepitope2,mean_blast_score,0.0
P21302,random,ifnepitope2,mean_total_score,0.6143343653250773
P21302,random,ifnepitope2,med_ml_score,0.62
P21302,random,ifnepitope2,med_blast_score,0.0
P21302,random,ifnepitope2,med_total_score,0.62
Q5F7D8,random,ifnepitope2,mean_ml_score,0.6004275534441805
Q5F7D8,random,ifnepitope2,mean_blast_score,0.0
Q5F7D8,random,ifnepitope2,mean_total_score,0.6004275534441805
Q5F7D8,random,ifnepitope2,med_ml_score,0.6
Q5F7D8,random,ifnepitope2,med_blast_score,0.0
Q5F7D8,random,ifnepitope2,med_total_score,0.6
P17492,random,ifnepitope2,mean_ml_score,0.60390625
P17492,random,ifnepitope2,mean_blast_score,0.0
P17492,random,ifnepitope2,mean_total_score,0.60390625
P17492,random,ifnepitope2,med_ml_score,0.605
P17492,random,ifnepitope2,med_blast_score,0.0
P17492,random,ifnepitope2,med_total_score,0.605
Q5F9Y6,random,ifnepitope2,mean_ml_score,0.5858893280632411
Q5F9Y6,random,ifnepitope2,mean_blast_score,0.0
Q5F9Y6,random,ifnepitope2,mean_total_score,0.5858893280632411
Q5F9Y6,random,ifnepitope2,med_ml_score,0.58
Q5F9Y6,random,ifnepitope2,med_blast_score,0.0
Q5F9Y6,random,ifnepitope2,med_total_score,0.58
Q5F5S2,random,ifnepitope2,mean_ml_score,0.5931756756756756
Q5F5S2,random,ifnepitope2,mean_blast_score,0.0
Q5F5S2,random,ifnepitope2,mean_total_score,0.5931756756756756
Q5F5S2,random,ifnepitope2,med_ml_score,0.58
Q5F5S2,random,ifnepitope2,med_blast_score,0.0
Q5F5S2,random,ifnepitope2,med_total_score,0.58
B4RK78,random,ifnepitope2,mean_ml_score,0.5856521739130435
B4RK78,random,ifnepitope2,mean_blast_score,0.0
B4RK78,random,ifnepitope2,mean_total_score,0.5856521739130435
B4RK78,random,ifnepitope2,med_ml_score,0.595
B4RK78,random,ifnepitope2,med_blast_score,0.0
B4RK78,random,ifnepitope2,med_total_score,0.595
P09888,random,ifnepitope2,mean_ml_score,0.5752422907488987
P09888,random,ifnepitope2,mean_blast_score,0.0
P09888,random,ifnepitope2,mean_total_score,0.5752422907488987
P09888,random,ifnepitope2,med_ml_score,0.58
P09888,random,ifnepitope2,med_blast_score,0.0
P09888,random,ifnepitope2,med_total_score,0.58
B4RL16,random,ifnepitope2,mean_ml_score,0.5962790697674418
B4RL16,random,ifnepitope2,mean_blast_score,0.0
B4RL16,random,ifnepitope2,mean_total_score,0.5962790697674418
B4RL16,random,ifnepitope2,med_ml_score,0.59
B4RL16,random,ifnepitope2,med_blast_score,0.0
B4RL16,random,ifnepitope2,med_total_score,0.59
B4RP57,random,ifnepitope2,mean_ml_score,0.6007272727272728
B4RP57,random,ifnepitope2,mean_blast_score,0.0
B4RP57,random,ifnepitope2,mean_total_score,0.6007272727272728
B4RP57,random,ifnepitope2,med_ml_score,0.61
B4RP57,random,ifnepitope2,med_blast_score,0.0
B4RP57,random,ifnepitope2,med_total_score,0.61
Q50950,random,ifnepitope2,mean_ml_score,0.58375
Q50950,random,ifnepitope2,mean_blast_score,0.0
Q50950,random,ifnepitope2,mean_total_score,0.58375
Q50950,random,ifnepitope2,med_ml_score,0.595
Q50950,random,ifnepitope2,med_blast_score,0.0
Q50950,random,ifnepitope2,med_total_score,0.595
Q5F8J0,random,ifnepitope2,mean_ml_score,0.610246913580247
Q5F8J0,random,ifnepitope2,mean_blast_score,0.0
Q5F8J0,random,ifnepitope2,mean_total_score,0.610246913580247
Q5F8J0,random,ifnepitope2,med_ml_score,0.62
Q5F8J0,random,ifnepitope2,med_blast_score,0.0
Q5F8J0,random,ifnepitope2,med_total_score,0.62
P04174,random,ifnepitope2,mean_ml_score,0.5936842105263158
P04174,random,ifnepitope2,mean_blast_score,0.0
P04174,random,ifnepitope2,mean_total_score,0.5936842105263158
P04174,random,ifnepitope2,med_ml_score,0.6
P04174,random,ifnepitope2,med_blast_score,0.0
P04174,random,ifnepitope2,med_total_score,0.6
B4RQ36,random,ifnepitope2,mean_ml_score,0.5828346456692913
B4RQ36,random,ifnepitope2,mean_blast_score,0.0
B4RQ36,random,ifnepitope2,mean_total_score,0.5828346456692913
B4RQ36,random,ifnepitope2,med_ml_score,0.59
B4RQ36,random,ifnepitope2,med_blast_score,0.0
B4RQ36,random,ifnepitope2,med_total_score,0.59
Q5F605,random,ifnepitope2,mean_ml_score,0.6467278287461774
Q5F605,random,ifnepitope2,mean_blast_score,0.0
Q5F605,random,ifnepitope2,mean_total_score,0.6467278287461774
Q5F605,random,ifnepitope2,med_ml_score,0.66
Q5F605,random,ifnepitope2,med_blast_score,0.0
Q5F605,random,ifnepitope2,med_total_score,0.66
B4RMM2,random,ifnepitope2,mean_ml_score,0.584
B4RMM2,random,ifnepitope2,mean_blast_score,0.0
B4RMM2,random,ifnepitope2,mean_total_score,0.584
B4RMM2,random,ifnepitope2,med_ml_score,0.57
B4RMM2,random,ifnepitope2,med_blast_score,0.0
B4RMM2,random,ifnepitope2,med_total_score,0.57
B4RPR2,random,ifnepitope2,mean_ml_score,0.6253545232273838
B4RPR2,random,ifnepitope2,mean_blast_score,0.0
B4RPR2,random,ifnepitope2,mean_total_score,0.6253545232273838
B4RPR2,random,ifnepitope2,med_ml_score,0.63
B4RPR2,random,ifnepitope2,med_blast_score,0.0
B4RPR2,random,ifnepitope2,med_total_score,0.63
P37094,random,ifnepitope2,mean_ml_score,0.6052
P37094,random,ifnepitope2,mean_blast_score,0.0
P37094,random,ifnepitope2,mean_total_score,0.6052
P37094,random,ifnepitope2,med_ml_score,0.6
P37094,random,ifnepitope2,med_blast_score,0.0
P37094,random,ifnepitope2,med_total_score,0.6
B4RL22,random,ifnepitope2,mean_ml_score,0.6009397163120568
B4RL22,random,ifnepitope2,mean_blast_score,0.0
B4RL22,random,ifnepitope2,mean_total_score,0.6009397163120568
B4RL22,random,ifnepitope2,med_ml_score,0.61
B4RL22,random,ifnepitope2,med_blast_score,0.0
B4RL22,random,ifnepitope2,med_total_score,0.61
B4RN63,random,ifnepitope2,mean_ml_score,0.6384297520661157
B4RN63,random,ifnepitope2,mean_blast_score,0.0
B4RN63,random,ifnepitope2,mean_total_score,0.6384297520661157
B4RN63,random,ifnepitope2,med_ml_score,0.65
B4RN63,random,ifnepitope2,med_blast_score,0.0
B4RN63,random,ifnepitope2,med_total_score,0.65
B4RM90,random,ifnepitope2,mean_ml_score,0.6034653465346534
B4RM90,random,ifnepitope2,mean_blast_score,0.0
B4RM90,random,ifnepitope2,mean_total_score,0.6034653465346534
B4RM90,random,ifnepitope2,med_ml_score,0.605
B4RM90,random,ifnepitope2,med_blast_score,0.0
B4RM90,random,ifnepitope2,med_total_score,0.605
Q5F9G8,random,ifnepitope2,mean_ml_score,0.6072340425531915
Q5F9G8,random,ifnepitope2,mean_blast_score,0.0
Q5F9G8,random,ifnepitope2,mean_total_score,0.6072340425531915
Q5F9G8,random,ifnepitope2,med_ml_score,0.62
Q5F9G8,random,ifnepitope2,med_blast_score,0.0
Q5F9G8,random,ifnepitope2,med_total_score,0.62
Q59603,random,ifnepitope2,mean_ml_score,0.6092642140468227
Q59603,random,ifnepitope2,mean_blast_score,0.0
Q59603,random,ifnepitope2,mean_total_score,0.6092642140468227
Q59603,random,ifnepitope2,med_ml_score,0.61
Q59603,random,ifnepitope2,med_blast_score,0.0
Q59603,random,ifnepitope2,med_total_score,0.61
B4RJG2,random,ifnepitope2,mean_ml_score,0.6007586206896551
B4RJG2,random,ifnepitope2,mean_blast_score,0.0
B4RJG2,random,ifnepitope2,mean_total_score,0.6007586206896551
B4RJG2,random,ifnepitope2,med_ml_score,0.61
B4RJG2,random,ifnepitope2,med_blast_score,0.0
B4RJG2,random,ifnepitope2,med_total_score,0.61
P07211,random,ifnepitope2,mean_ml_score,0.5204
P07211,random,ifnepitope2,mean_blast_score,0.0
P07211,random,ifnepitope2,mean_total_score,0.5204
P07211,random,ifnepitope2,med_ml_score,0.55
P07211,random,ifnepitope2,med_blast_score,0.0
P07211,random,ifnepitope2,med_total_score,0.55
B4RLK9,random,ifnepitope2,mean_ml_score,0.6027586206896551
B4RLK9,random,ifnepitope2,mean_blast_score,0.0
B4RLK9,random,ifnepitope2,mean_total_score,0.6027586206896551
B4RLK9,random,ifnepitope2,med_ml_score,0.61
B4RLK9,random,ifnepitope2,med_blast_score,0.0
B4RLK9,random,ifnepitope2,med_total_score,0.61
P52325,random,ifnepitope2,mean_ml_score,0.5807097791798107
P52325,random,ifnepitope2,mean_blast_score,0.0
P52325,random,ifnepitope2,mean_total_score,0.5807097791798107
P52325,random,ifnepitope2,med_ml_score,0.585
P52325,random,ifnepitope2,med_blast_score,0.0
P52325,random,ifnepitope2,med_total_score,0.585
Q5F8K2,random,ifnepitope2,mean_ml_score,0.637085201793722
Q5F8K2,random,ifnepitope2,mean_blast_score,0.0
Q5F8K2,random,ifnepitope2,mean_total_score,0.637085201793722
Q5F8K2,random,ifnepitope2,med_ml_score,0.66
Q5F8K2,random,ifnepitope2,med_blast_score,0.0
Q5F8K2,random,ifnepitope2,med_total_score,0.66
B4RQQ5,random,ifnepitope2,mean_ml_score,0.607375
B4RQQ5,random,ifnepitope2,mean_blast_score,0.0
B4RQQ5,random,ifnepitope2,mean_total_score,0.607375
B4RQQ5,random,ifnepitope2,med_ml_score,0.62
B4RQQ5,random,ifnepitope2,med_blast_score,0.0
B4RQQ5,random,ifnepitope2,med_total_score,0.62
Q5FA15,random,ifnepitope2,mean_ml_score,0.6065777777777778
Q5FA15,random,ifnepitope2,mean_blast_score,0.0
Q5FA15,random,ifnepitope2,mean_total_score,0.6065777777777778
Q5FA15,random,ifnepitope2,med_ml_score,0.61
Q5FA15,random,ifnepitope2,med_blast_score,0.0
Q5FA15,random,ifnepitope2,med_total_score,0.61
Q5F6I7,random,ifnepitope2,mean_ml_score,0.6199723756906077
Q5F6I7,random,ifnepitope2,mean_blast_score,0.0
Q5F6I7,random,ifnepitope2,mean_total_score,0.6199723756906077
Q5F6I7,random,ifnepitope2,med_ml_score,0.625
Q5F6I7,random,ifnepitope2,med_blast_score,0.0
Q5F6I7,random,ifnepitope2,med_total_score,0.625
P49979,random,ifnepitope2,mean_ml_score,0.5734299516908212
P49979,random,ifnepitope2,mean_blast_score,0.0
P49979,random,ifnepitope2,mean_total_score,0.5734299516908212
P49979,random,ifnepitope2,med_ml_score,0.58
P49979,random,ifnepitope2,med_blast_score,0.0
P49979,random,ifnepitope2,med_total_score,0.58
B4RIW5,random,ifnepitope2,mean_ml_score,0.576027397260274
B4RIW5,random,ifnepitope2,mean_blast_score,0.0
B4RIW5,random,ifnepitope2,mean_total_score,0.576027397260274
B4RIW5,random,ifnepitope2,med_ml_score,0.57
B4RIW5,random,ifnepitope2,med_blast_score,0.0
B4RIW5,random,ifnepitope2,med_total_score,0.57
P95354,random,ifnepitope2,mean_ml_score,0.5727173913043478
P95354,random,ifnepitope2,mean_blast_score,0.0
P95354,random,ifnepitope2,mean_total_score,0.5727173913043478
P95354,random,ifnepitope2,med_ml_score,0.565
P95354,random,ifnepitope2,med_blast_score,0.0
P95354,random,ifnepitope2,med_total_score,0.565
Q5F4X8,random,ifnepitope2,mean_ml_score,0.5605537459283387
Q5F4X8,random,ifnepitope2,mean_blast_score,0.0
Q5F4X8,random,ifnepitope2,mean_total_score,0.5605537459283387
Q5F4X8,random,ifnepitope2,med_ml_score,0.56
Q5F4X8,random,ifnepitope2,med_blast_score,0.0
Q5F4X8,random,ifnepitope2,med_total_score,0.56
B4RQY6,random,ifnepitope2,mean_ml_score,0.5802531645569621
B4RQY6,random,ifnepitope2,mean_blast_score,0.0
B4RQY6,random,ifnepitope2,mean_total_score,0.5802531645569621
B4RQY6,random,ifnepitope2,med_ml_score,0.6
B4RQY6,random,ifnepitope2,med_blast_score,0.0
B4RQY6,random,ifnepitope2,med_total_score,0.6
B4RQ67,random,ifnepitope2,mean_ml_score,0.5782436260623229
B4RQ67,random,ifnepitope2,mean_blast_score,0.0
B4RQ67,random,ifnepitope2,mean_total_score,0.5782436260623229
B4RQ67,random,ifnepitope2,med_ml_score,0.58
B4RQ67,random,ifnepitope2,med_blast_score,0.0
B4RQ67,random,ifnepitope2,med_total_score,0.58
Q5F783,random,ifnepitope2,mean_ml_score,0.6248109965635739
Q5F783,random,ifnepitope2,mean_blast_score,0.0
Q5F783,random,ifnepitope2,mean_total_score,0.6248109965635739
Q5F783,random,ifnepitope2,med_ml_score,0.63
Q5F783,random,ifnepitope2,med_blast_score,0.0
Q5F783,random,ifnepitope2,med_total_score,0.63
Q06581,random,ifnepitope2,mean_ml_score,0.6248773006134969
Q06581,random,ifnepitope2,mean_blast_score,0.0
Q06581,random,ifnepitope2,mean_total_score,0.6248773006134969
Q06581,random,ifnepitope2,med_ml_score,0.64
Q06581,random,ifnepitope2,med_blast_score,0.0
Q06581,random,ifnepitope2,med_total_score,0.64
B4RN50,random,ifnepitope2,mean_ml_score,0.6200945626477541
B4RN50,random,ifnepitope2,mean_blast_score,0.0
B4RN50,random,ifnepitope2,mean_total_score,0.6200945626477541
B4RN50,random,ifnepitope2,med_ml_score,0.62
B4RN50,random,ifnepitope2,med_blast_score,0.0
B4RN50,random,ifnepitope2,med_total_score,0.62
Q5F7C4,random,ifnepitope2,mean_ml_score,0.5904272517321016
Q5F7C4,random,ifnepitope2,mean_blast_score,0.0
Q5F7C4,random,ifnepitope2,mean_total_score,0.5904272517321016
Q5F7C4,random,ifnepitope2,med_ml_score,0.595
Q5F7C4,random,ifnepitope2,med_blast_score,0.0
Q5F7C4,random,ifnepitope2,med_total_score,0.595
B4RLE6,random,ifnepitope2,mean_ml_score,0.5805825242718446
B4RLE6,random,ifnepitope2,mean_blast_score,0.0
B4RLE6,random,ifnepitope2,mean_total_score,0.5805825242718446
B4RLE6,random,ifnepitope2,med_ml_score,0.58
B4RLE6,random,ifnepitope2,med_blast_score,0.0
B4RLE6,random,ifnepitope2,med_total_score,0.58
B4RK82,random,ifnepitope2,mean_ml_score,0.5686868686868687
B4RK82,random,ifnepitope2,mean_blast_score,0.0
B4RK82,random,ifnepitope2,mean_total_score,0.5686868686868687
B4RK82,random,ifnepitope2,med_ml_score,0.57
B4RK82,random,ifnepitope2,med_blast_score,0.0
B4RK82,random,ifnepitope2,med_total_score,0.57
Q5F622,random,ifnepitope2,mean_ml_score,0.5921142857142857
Q5F622,random,ifnepitope2,mean_blast_score,0.0
Q5F622,random,ifnepitope2,mean_total_score,0.5921142857142857
Q5F622,random,ifnepitope2,med_ml_score,0.59
Q5F622,random,ifnepitope2,med_blast_score,0.0
Q5F622,random,ifnepitope2,med_total_score,0.59
B4RLL6,random,ifnepitope2,mean_ml_score,0.6348341232227488
B4RLL6,random,ifnepitope2,mean_blast_score,0.0
B4RLL6,random,ifnepitope2,mean_total_score,0.6348341232227488
B4RLL6,random,ifnepitope2,med_ml_score,0.64
B4RLL6,random,ifnepitope2,med_blast_score,0.0
B4RLL6,random,ifnepitope2,med_total_score,0.64
Q5F9U4,random,ifnepitope2,mean_ml_score,0.6183942766295707
Q5F9U4,random,ifnepitope2,mean_blast_score,0.0
Q5F9U4,random,ifnepitope2,mean_total_score,0.6183942766295707
Q5F9U4,random,ifnepitope2,med_ml_score,0.62
Q5F9U4,random,ifnepitope2,med_blast_score,0.0
Q5F9U4,random,ifnepitope2,med_total_score,0.62
Q5F882,random,ifnepitope2,mean_ml_score,0.5955725190839695
Q5F882,random,ifnepitope2,mean_blast_score,0.0
Q5F882,random,ifnepitope2,mean_total_score,0.5955725190839695
Q5F882,random,ifnepitope2,med_ml_score,0.6
Q5F882,random,ifnepitope2,med_blast_score,0.0
Q5F882,random,ifnepitope2,med_total_score,0.6
Q5F935,random,ifnepitope2,mean_ml_score,0.6005172413793104
Q5F935,random,ifnepitope2,mean_blast_score,0.0
Q5F935,random,ifnepitope2,mean_total_score,0.6005172413793104
Q5F935,random,ifnepitope2,med_ml_score,0.605
Q5F935,random,ifnepitope2,med_blast_score,0.0
Q5F935,random,ifnepitope2,med_total_score,0.605
Q5F5T1,random,ifnepitope2,mean_ml_score,0.5997619047619047
Q5F5T1,random,ifnepitope2,mean_blast_score,0.0
Q5F5T1,random,ifnepitope2,mean_total_score,0.5997619047619047
Q5F5T1,random,ifnepitope2,med_ml_score,0.59
Q5F5T1,random,ifnepitope2,med_blast_score,0.0
Q5F5T1,random,ifnepitope2,med_total_score,0.59
Q5F9K6,random,ifnepitope2,mean_ml_score,0.6214457831325301
Q5F9K6,random,ifnepitope2,mean_blast_score,0.0
Q5F9K6,random,ifnepitope2,mean_total_score,0.6214457831325301
Q5F9K6,random,ifnepitope2,med_ml_score,0.62
Q5F9K6,random,ifnepitope2,med_blast_score,0.0
Q5F9K6,random,ifnepitope2,med_total_score,0.62
Q5F6L9,random,ifnepitope2,mean_ml_score,0.5983947939262473
Q5F6L9,random,ifnepitope2,mean_blast_score,0.0
Q5F6L9,random,ifnepitope2,mean_total_score,0.5983947939262473
Q5F6L9,random,ifnepitope2,med_ml_score,0.61
Q5F6L9,random,ifnepitope2,med_blast_score,0.0
Q5F6L9,random,ifnepitope2,med_total_score,0.61
B4RR10,random,ifnepitope2,mean_ml_score,0.58112
B4RR10,random,ifnepitope2,mean_blast_score,0.0
B4RR10,random,ifnepitope2,mean_total_score,0.58112
B4RR10,random,ifnepitope2,med_ml_score,0.59
B4RR10,random,ifnepitope2,med_blast_score,0.0
B4RR10,random,ifnepitope2,med_total_score,0.59
Q5F881,random,ifnepitope2,mean_ml_score,0.5941428571428572
Q5F881,random,ifnepitope2,mean_blast_score,0.0
Q5F881,random,ifnepitope2,mean_total_score,0.5941428571428572
Q5F881,random,ifnepitope2,med_ml_score,0.59
Q5F881,random,ifnepitope2,med_blast_score,0.0
Q5F881,random,ifnepitope2,med_total_score,0.59
B4RJ05,random,ifnepitope2,mean_ml_score,0.6033618233618233
B4RJ05,random,ifnepitope2,mean_blast_score,0.0
B4RJ05,random,ifnepitope2,mean_total_score,0.6033618233618233
B4RJ05,random,ifnepitope2,med_ml_score,0.61
B4RJ05,random,ifnepitope2,med_blast_score,0.0
B4RJ05,random,ifnepitope2,med_total_score,0.61
Q5F786,random,ifnepitope2,mean_ml_score,0.6167494356659142
Q5F786,random,ifnepitope2,mean_blast_score,0.0
Q5F786,random,ifnepitope2,mean_total_score,0.6167494356659142
Q5F786,random,ifnepitope2,med_ml_score,0.62
Q5F786,random,ifnepitope2,med_blast_score,0.0
Q5F786,random,ifnepitope2,med_total_score,0.62
B4RP13,random,ifnepitope2,mean_ml_score,0.5772813238770685
B4RP13,random,ifnepitope2,mean_blast_score,0.0
B4RP13,random,ifnepitope2,mean_total_score,0.5772813238770685
B4RP13,random,ifnepitope2,med_ml_score,0.58
B4RP13,random,ifnepitope2,med_blast_score,0.0
B4RP13,random,ifnepitope2,med_total_score,0.58
Q51003,random,ifnepitope2,mean_ml_score,0.621904761904762
Q51003,random,ifnepitope2,mean_blast_score,0.0
Q51003,random,ifnepitope2,mean_total_score,0.621904761904762
Q51003,random,ifnepitope2,med_ml_score,0.63
Q51003,random,ifnepitope2,med_blast_score,0.0
Q51003,random,ifnepitope2,med_total_score,0.63
B4RQN5,random,ifnepitope2,mean_ml_score,0.6236956521739131
B4RQN5,random,ifnepitope2,mean_blast_score,0.0
B4RQN5,random,ifnepitope2,mean_total_score,0.6236956521739131
B4RQN5,random,ifnepitope2,med_ml_score,0.62
B4RQN5,random,ifnepitope2,med_blast_score,0.0
B4RQN5,random,ifnepitope2,med_total_score,0.62
B4RQ33,random,ifnepitope2,mean_ml_score,0.6169942196531792
B4RQ33,random,ifnepitope2,mean_blast_score,0.0
B4RQ33,random,ifnepitope2,mean_total_score,0.6169942196531792
B4RQ33,random,ifnepitope2,med_ml_score,0.62
B4RQ33,random,ifnepitope2,med_blast_score,0.0
B4RQ33,random,ifnepitope2,med_total_score,0.62
B4RQC6,random,ifnepitope2,mean_ml_score,0.6289397590361446
B4RQC6,random,ifnepitope2,mean_blast_score,0.0
B4RQC6,random,ifnepitope2,mean_total_score,0.6289397590361446
B4RQC6,random,ifnepitope2,med_ml_score,0.64
B4RQC6,random,ifnepitope2,med_blast_score,0.0
B4RQC6,random,ifnepitope2,med_total_score,0.64
B4RLX9,random,ifnepitope2,mean_ml_score,0.5858943089430895
B4RLX9,random,ifnepitope2,mean_blast_score,0.0
B4RLX9,random,ifnepitope2,mean_total_score,0.5858943089430895
B4RLX9,random,ifnepitope2,med_ml_score,0.6
B4RLX9,random,ifnepitope2,med_blast_score,0.0
B4RLX9,random,ifnepitope2,med_total_score,0.6
Q04879,random,ifnepitope2,mean_ml_score,0.5847272727272728
Q04879,random,ifnepitope2,mean_blast_score,0.0
Q04879,random,ifnepitope2,mean_total_score,0.5847272727272728
Q04879,random,ifnepitope2,med_ml_score,0.59
Q04879,random,ifnepitope2,med_blast_score,0.0
Q04879,random,ifnepitope2,med_total_score,0.59
B4RL77,random,ifnepitope2,mean_ml_score,0.6005526315789473
B4RL77,random,ifnepitope2,mean_blast_score,0.0
B4RL77,random,ifnepitope2,mean_total_score,0.6005526315789473
B4RL77,random,ifnepitope2,med_ml_score,0.6
B4RL77,random,ifnepitope2,med_blast_score,0.0
B4RL77,random,ifnepitope2,med_total_score,0.6
Q5FAH8,random,ifnepitope2,mean_ml_score,0.5902380952380952
Q5FAH8,random,ifnepitope2,mean_blast_score,0.0
Q5FAH8,random,ifnepitope2,mean_total_score,0.5902380952380952
Q5FAH8,random,ifnepitope2,med_ml_score,0.59
Q5FAH8,random,ifnepitope2,med_blast_score,0.0
Q5FAH8,random,ifnepitope2,med_total_score,0.59
B4RJN4,random,ifnepitope2,mean_ml_score,0.6164556962025316
B4RJN4,random,ifnepitope2,mean_blast_score,0.0
B4RJN4,random,ifnepitope2,mean_total_score,0.6164556962025316
B4RJN4,random,ifnepitope2,med_ml_score,0.62
B4RJN4,random,ifnepitope2,med_blast_score,0.0
B4RJN4,random,ifnepitope2,med_total_score,0.62
B4RJI8,random,ifnepitope2,mean_ml_score,0.6196078431372549
B4RJI8,random,ifnepitope2,mean_blast_score,0.0
B4RJI8,random,ifnepitope2,mean_total_score,0.6196078431372549
B4RJI8,random,ifnepitope2,med_ml_score,0.62
B4RJI8,random,ifnepitope2,med_blast_score,0.0
B4RJI8,random,ifnepitope2,med_total_score,0.62
B4RKC9,random,ifnepitope2,mean_ml_score,0.6
B4RKC9,random,ifnepitope2,mean_blast_score,0.0
B4RKC9,random,ifnepitope2,mean_total_score,0.6
B4RKC9,random,ifnepitope2,med_ml_score,0.59
B4RKC9,random,ifnepitope2,med_blast_score,0.0
B4RKC9,random,ifnepitope2,med_total_score,0.59
B4RJ69,random,ifnepitope2,mean_ml_score,0.6322299651567944
B4RJ69,random,ifnepitope2,mean_blast_score,0.0
B4RJ69,random,ifnepitope2,mean_total_score,0.6322299651567944
B4RJ69,random,ifnepitope2,med_ml_score,0.64
B4RJ69,random,ifnepitope2,med_blast_score,0.0
B4RJ69,random,ifnepitope2,med_total_score,0.64
B4RQ94,random,ifnepitope2,mean_ml_score,0.6159414225941423
B4RQ94,random,ifnepitope2,mean_blast_score,0.0
B4RQ94,random,ifnepitope2,mean_total_score,0.6159414225941423
B4RQ94,random,ifnepitope2,med_ml_score,0.61
B4RQ94,random,ifnepitope2,med_blast_score,0.0
B4RQ94,random,ifnepitope2,med_total_score,0.61
B4RP98,random,ifnepitope2,mean_ml_score,0.5951839464882943
B4RP98,random,ifnepitope2,mean_blast_score,0.0
B4RP98,random,ifnepitope2,mean_total_score,0.5951839464882943
B4RP98,random,ifnepitope2,med_ml_score,0.61
B4RP98,random,ifnepitope2,med_blast_score,0.0
B4RP98,random,ifnepitope2,med_total_score,0.61
B4RQK5,random,ifnepitope2,mean_ml_score,0.5854918032786885
B4RQK5,random,ifnepitope2,mean_blast_score,0.0
B4RQK5,random,ifnepitope2,mean_total_score,0.5854918032786885
B4RQK5,random,ifnepitope2,med_ml_score,0.6
B4RQK5,random,ifnepitope2,med_blast_score,0.0
B4RQK5,random,ifnepitope2,med_total_score,0.6
B4RNT1,random,ifnepitope2,mean_ml_score,0.5993548387096774
B4RNT1,random,ifnepitope2,mean_blast_score,0.0
B4RNT1,random,ifnepitope2,mean_total_score,0.5993548387096774
B4RNT1,random,ifnepitope2,med_ml_score,0.595
B4RNT1,random,ifnepitope2,med_blast_score,0.0
B4RNT1,random,ifnepitope2,med_total_score,0.595
Q5F5X2,random,ifnepitope2,mean_ml_score,0.613625
Q5F5X2,random,ifnepitope2,mean_blast_score,0.0
Q5F5X2,random,ifnepitope2,mean_total_score,0.613625
Q5F5X2,random,ifnepitope2,med_ml_score,0.6
Q5F5X2,random,ifnepitope2,med_blast_score,0.0
Q5F5X2,random,ifnepitope2,med_total_score,0.6
B4RQI7,random,ifnepitope2,mean_ml_score,0.6127653631284916
B4RQI7,random,ifnepitope2,mean_blast_score,0.0
B4RQI7,random,ifnepitope2,mean_total_score,0.6127653631284916
B4RQI7,random,ifnepitope2,med_ml_score,0.62
B4RQI7,random,ifnepitope2,med_blast_score,0.0
B4RQI7,random,ifnepitope2,med_total_score,0.62
B4RR07,random,ifnepitope2,mean_ml_score,0.6266909975669099
B4RR07,random,ifnepitope2,mean_blast_score,0.0
B4RR07,random,ifnepitope2,mean_total_score,0.6266909975669099
B4RR07,random,ifnepitope2,med_ml_score,0.63
B4RR07,random,ifnepitope2,med_blast_score,0.0
B4RR07,random,ifnepitope2,med_total_score,0.63
B4RQY7,random,ifnepitope2,mean_ml_score,0.5882456140350877
B4RQY7,random,ifnepitope2,mean_blast_score,0.0
B4RQY7,random,ifnepitope2,mean_total_score,0.5882456140350877
B4RQY7,random,ifnepitope2,med_ml_score,0.59
B4RQY7,random,ifnepitope2,med_blast_score,0.0
B4RQY7,random,ifnepitope2,med_total_score,0.59
B4RL28,random,ifnepitope2,mean_ml_score,0.6072222222222222
B4RL28,random,ifnepitope2,mean_blast_score,0.0
B4RL28,random,ifnepitope2,mean_total_score,0.6072222222222222
B4RL28,random,ifnepitope2,med_ml_score,0.61
B4RL28,random,ifnepitope2,med_blast_score,0.0
B4RL28,random,ifnepitope2,med_total_score,0.61
B4RL47,random,ifnepitope2,mean_ml_score,0.6124918032786886
B4RL47,random,ifnepitope2,mean_blast_score,0.0
B4RL47,random,ifnepitope2,mean_total_score,0.6124918032786886
B4RL47,random,ifnepitope2,med_ml_score,0.6
B4RL47,random,ifnepitope2,med_blast_score,0.0
B4RL47,random,ifnepitope2,med_total_score,0.6
B4RKA0,random,ifnepitope2,mean_ml_score,0.6216605166051661
B4RKA0,random,ifnepitope2,mean_blast_score,0.0
B4RKA0,random,ifnepitope2,mean_total_score,0.6216605166051661
B4RKA0,random,ifnepitope2,med_ml_score,0.62
B4RKA0,random,ifnepitope2,med_blast_score,0.0
B4RKA0,random,ifnepitope2,med_total_score,0.62
B4RQS8,random,ifnepitope2,mean_ml_score,0.6563097949886105
B4RQS8,random,ifnepitope2,mean_blast_score,0.0
B4RQS8,random,ifnepitope2,mean_total_score,0.6563097949886105
B4RQS8,random,ifnepitope2,med_ml_score,0.66
B4RQS8,random,ifnepitope2,med_blast_score,0.0
B4RQS8,random,ifnepitope2,med_total_score,0.66
Q5F9U0,random,ifnepitope2,mean_ml_score,0.6054828660436137
Q5F9U0,random,ifnepitope2,mean_blast_score,0.0
Q5F9U0,random,ifnepitope2,mean_total_score,0.6054828660436137
Q5F9U0,random,ifnepitope2,med_ml_score,0.6
Q5F9U0,random,ifnepitope2,med_blast_score,0.0
Q5F9U0,random,ifnepitope2,med_total_score,0.6
B4RR25,random,ifnepitope2,mean_ml_score,0.6142211055276382
B4RR25,random,ifnepitope2,mean_blast_score,0.0
B4RR25,random,ifnepitope2,mean_total_score,0.6142211055276382
B4RR25,random,ifnepitope2,med_ml_score,0.62
B4RR25,random,ifnepitope2,med_blast_score,0.0
B4RR25,random,ifnepitope2,med_total_score,0.62
Q5F8G9,random,ifnepitope2,mean_ml_score,0.5908680555555555
Q5F8G9,random,ifnepitope2,mean_blast_score,0.0
Q5F8G9,random,ifnepitope2,mean_total_score,0.5908680555555555
Q5F8G9,random,ifnepitope2,med_ml_score,0.59
Q5F8G9,random,ifnepitope2,med_blast_score,0.0
Q5F8G9,random,ifnepitope2,med_total_score,0.59
P21152,random,ifnepitope2,mean_ml_score,0.5951470588235294
P21152,random,ifnepitope2,mean_blast_score,0.0
P21152,random,ifnepitope2,mean_total_score,0.5951470588235294
P21152,random,ifnepitope2,med_ml_score,0.61
P21152,random,ifnepitope2,med_blast_score,0.0
P21152,random,ifnepitope2,med_total_score,0.61
B4RJN3,random,ifnepitope2,mean_ml_score,0.5936842105263158
B4RJN3,random,ifnepitope2,mean_blast_score,0.0
B4RJN3,random,ifnepitope2,mean_total_score,0.5936842105263158
B4RJN3,random,ifnepitope2,med_ml_score,0.61
B4RJN3,random,ifnepitope2,med_blast_score,0.0
B4RJN3,random,ifnepitope2,med_total_score,0.61
Q5F746,random,ifnepitope2,mean_ml_score,0.5905963302752294
Q5F746,random,ifnepitope2,mean_blast_score,0.0
Q5F746,random,ifnepitope2,mean_total_score,0.5905963302752294
Q5F746,random,ifnepitope2,med_ml_score,0.6
Q5F746,random,ifnepitope2,med_blast_score,0.0
Q5F746,random,ifnepitope2,med_total_score,0.6
B4RK03,random,ifnepitope2,mean_ml_score,0.5992391304347826
B4RK03,random,ifnepitope2,mean_blast_score,0.0
B4RK03,random,ifnepitope2,mean_total_score,0.5992391304347826
B4RK03,random,ifnepitope2,med_ml_score,0.6
B4RK03,random,ifnepitope2,med_blast_score,0.0
B4RK03,random,ifnepitope2,med_total_score,0.6
Q5F5V2,random,ifnepitope2,mean_ml_score,0.59409375
Q5F5V2,random,ifnepitope2,mean_blast_score,0.0
Q5F5V2,random,ifnepitope2,mean_total_score,0.59409375
Q5F5V2,random,ifnepitope2,med_ml_score,0.6
Q5F5V2,random,ifnepitope2,med_blast_score,0.0
Q5F5V2,random,ifnepitope2,med_total_score,0.6
Q5F5V1,random,ifnepitope2,mean_ml_score,0.5682828282828283
Q5F5V1,random,ifnepitope2,mean_blast_score,0.0
Q5F5V1,random,ifnepitope2,mean_total_score,0.5682828282828283
Q5F5V1,random,ifnepitope2,med_ml_score,0.57
Q5F5V1,random,ifnepitope2,med_blast_score,0.0
Q5F5V1,random,ifnepitope2,med_total_score,0.57
Q5F5U0,random,ifnepitope2,mean_ml_score,0.5963440860215053
Q5F5U0,random,ifnepitope2,mean_blast_score,0.0
Q5F5U0,random,ifnepitope2,mean_total_score,0.5963440860215053
Q5F5U0,random,ifnepitope2,med_ml_score,0.61
Q5F5U0,random,ifnepitope2,med_blast_score,0.0
Q5F5U0,random,ifnepitope2,med_total_score,0.61
Q51008,random,ifnepitope2,mean_ml_score,0.6315441176470589
Q51008,random,ifnepitope2,mean_blast_score,0.0
Q51008,random,ifnepitope2,mean_total_score,0.6315441176470589
Q51008,random,ifnepitope2,med_ml_score,0.63
Q51008,random,ifnepitope2,med_blast_score,0.0
Q51008,random,ifnepitope2,med_total_score,0.63
Q04882,random,ifnepitope2,mean_ml_score,0.5847272727272728
Q04882,random,ifnepitope2,mean_blast_score,0.0
Q04882,random,ifnepitope2,mean_total_score,0.5847272727272728
Q04882,random,ifnepitope2,med_ml_score,0.59
Q04882,random,ifnepitope2,med_blast_score,0.0
Q04882,random,ifnepitope2,med_total_score,0.59
Q5F629,random,ifnepitope2,mean_ml_score,0.6132980972515856
Q5F629,random,ifnepitope2,mean_blast_score,0.0
Q5F629,random,ifnepitope2,mean_total_score,0.6132980972515856
Q5F629,random,ifnepitope2,med_ml_score,0.62
Q5F629,random,ifnepitope2,med_blast_score,0.0
Q5F629,random,ifnepitope2,med_total_score,0.62
B4RKF0,random,ifnepitope2,mean_ml_score,0.6190842490842491
B4RKF0,random,ifnepitope2,mean_blast_score,0.0
B4RKF0,random,ifnepitope2,mean_total_score,0.6190842490842491
B4RKF0,random,ifnepitope2,med_ml_score,0.62
B4RKF0,random,ifnepitope2,med_blast_score,0.0
B4RKF0,random,ifnepitope2,med_total_score,0.62
B4RJI1,random,ifnepitope2,mean_ml_score,0.5706410256410256
B4RJI1,random,ifnepitope2,mean_blast_score,0.0
B4RJI1,random,ifnepitope2,mean_total_score,0.5706410256410256
B4RJI1,random,ifnepitope2,med_ml_score,0.58
B4RJI1,random,ifnepitope2,med_blast_score,0.0
B4RJI1,random,ifnepitope2,med_total_score,0.58
P0A0X8,random,ifnepitope2,mean_ml_score,0.5716176470588236
P0A0X8,random,ifnepitope2,mean_blast_score,0.0
P0A0X8,random,ifnepitope2,mean_total_score,0.5716176470588236
P0A0X8,random,ifnepitope2,med_ml_score,0.57
P0A0X8,random,ifnepitope2,med_blast_score,0.0
P0A0X8,random,ifnepitope2,med_total_score,0.57
B4RQL3,random,ifnepitope2,mean_ml_score,0.616969696969697
B4RQL3,random,ifnepitope2,mean_blast_score,0.0
B4RQL3,random,ifnepitope2,mean_total_score,0.616969696969697
B4RQL3,random,ifnepitope2,med_ml_score,0.635
B4RQL3,random,ifnepitope2,med_blast_score,0.0
B4RQL3,random,ifnepitope2,med_total_score,0.635
Q5F5C8,random,ifnepitope2,mean_ml_score,0.6137671232876712
Q5F5C8,random,ifnepitope2,mean_blast_score,0.0
Q5F5C8,random,ifnepitope2,mean_total_score,0.6137671232876712
Q5F5C8,random,ifnepitope2,med_ml_score,0.63
Q5F5C8,random,ifnepitope2,med_blast_score,0.0
Q5F5C8,random,ifnepitope2,med_total_score,0.63
B4RLE8,random,ifnepitope2,mean_ml_score,0.553041958041958
B4RLE8,random,ifnepitope2,mean_blast_score,0.0
B4RLE8,random,ifnepitope2,mean_total_score,0.553041958041958
B4RLE8,random,ifnepitope2,med_ml_score,0.56
B4RLE8,random,ifnepitope2,med_blast_score,0.0
B4RLE8,random,ifnepitope2,med_total_score,0.56
Q5F7D6,random,ifnepitope2,mean_ml_score,0.5830508474576271
Q5F7D6,random,ifnepitope2,mean_blast_score,0.0
Q5F7D6,random,ifnepitope2,mean_total_score,0.5830508474576271
Q5F7D6,random,ifnepitope2,med_ml_score,0.59
Q5F7D6,random,ifnepitope2,med_blast_score,0.0
Q5F7D6,random,ifnepitope2,med_total_score,0.59
B4RPQ3,random,ifnepitope2,mean_ml_score,0.6074561403508772
B4RPQ3,random,ifnepitope2,mean_blast_score,0.0
B4RPQ3,random,ifnepitope2,mean_total_score,0.6074561403508772
B4RPQ3,random,ifnepitope2,med_ml_score,0.61
B4RPQ3,random,ifnepitope2,med_blast_score,0.0
B4RPQ3,random,ifnepitope2,med_total_score,0.61
Q5F7H5,random,ifnepitope2,mean_ml_score,0.5958083832335329
Q5F7H5,random,ifnepitope2,mean_blast_score,0.0
Q5F7H5,random,ifnepitope2,mean_total_score,0.5958083832335329
Q5F7H5,random,ifnepitope2,med_ml_score,0.6
Q5F7H5,random,ifnepitope2,med_blast_score,0.0
Q5F7H5,random,ifnepitope2,med_total_score,0.6
Q5F849,random,ifnepitope2,mean_ml_score,0.5842756183745583
Q5F849,random,ifnepitope2,mean_blast_score,0.0
Q5F849,random,ifnepitope2,mean_total_score,0.5842756183745583
Q5F849,random,ifnepitope2,med_ml_score,0.58
Q5F849,random,ifnepitope2,med_blast_score,0.0
Q5F849,random,ifnepitope2,med_total_score,0.58
B4RM87,random,ifnepitope2,mean_ml_score,0.6043162393162393
B4RM87,random,ifnepitope2,mean_blast_score,0.0
B4RM87,random,ifnepitope2,mean_total_score,0.6043162393162393
B4RM87,random,ifnepitope2,med_ml_score,0.605
B4RM87,random,ifnepitope2,med_blast_score,0.0
B4RM87,random,ifnepitope2,med_total_score,0.605
Q5F8J4,random,ifnepitope2,mean_ml_score,0.5766978922716628
Q5F8J4,random,ifnepitope2,mean_blast_score,0.0
Q5F8J4,random,ifnepitope2,mean_total_score,0.5766978922716628
Q5F8J4,random,ifnepitope2,med_ml_score,0.59
Q5F8J4,random,ifnepitope2,med_blast_score,0.0
Q5F8J4,random,ifnepitope2,med_total_score,0.59
B4RQ61,random,ifnepitope2,mean_ml_score,0.6059715639810427
B4RQ61,random,ifnepitope2,mean_blast_score,0.0
B4RQ61,random,ifnepitope2,mean_total_score,0.6059715639810427
B4RQ61,random,ifnepitope2,med_ml_score,0.6
B4RQ61,random,ifnepitope2,med_blast_score,0.0
B4RQ61,random,ifnepitope2,med_total_score,0.6
Q5F9D8,random,ifnepitope2,mean_ml_score,0.589402390438247
Q5F9D8,random,ifnepitope2,mean_blast_score,0.0
Q5F9D8,random,ifnepitope2,mean_total_score,0.589402390438247
Q5F9D8,random,ifnepitope2,med_ml_score,0.6
Q5F9D8,random,ifnepitope2,med_blast_score,0.0
Q5F9D8,random,ifnepitope2,med_total_score,0.6
B4RLK3,random,ifnepitope2,mean_ml_score,0.5812085308056872
B4RLK3,random,ifnepitope2,mean_blast_score,0.0
B4RLK3,random,ifnepitope2,mean_total_score,0.5812085308056872
B4RLK3,random,ifnepitope2,med_ml_score,0.59
B4RLK3,random,ifnepitope2,med_blast_score,0.0
B4RLK3,random,ifnepitope2,med_total_score,0.59
P39897,random,ifnepitope2,mean_ml_score,0.5963101604278075
P39897,random,ifnepitope2,mean_blast_score,0.0
P39897,random,ifnepitope2,mean_total_score,0.5963101604278075
P39897,random,ifnepitope2,med_ml_score,0.61
P39897,random,ifnepitope2,med_blast_score,0.0
P39897,random,ifnepitope2,med_total_score,0.61
B4RIY7,random,ifnepitope2,mean_ml_score,0.6100456621004566
B4RIY7,random,ifnepitope2,mean_blast_score,0.0
B4RIY7,random,ifnepitope2,mean_total_score,0.6100456621004566
B4RIY7,random,ifnepitope2,med_ml_score,0.61
B4RIY7,random,ifnepitope2,med_blast_score,0.0
B4RIY7,random,ifnepitope2,med_total_score,0.61
Q50973,random,ifnepitope2,mean_ml_score,0.5620175438596491
Q50973,random,ifnepitope2,mean_blast_score,0.0
Q50973,random,ifnepitope2,mean_total_score,0.5620175438596491
Q50973,random,ifnepitope2,med_ml_score,0.56
Q50973,random,ifnepitope2,med_blast_score,0.0
Q50973,random,ifnepitope2,med_total_score,0.56
Q5FA58,random,ifnepitope2,mean_ml_score,0.5884472049689441
Q5FA58,random,ifnepitope2,mean_blast_score,0.0
Q5FA58,random,ifnepitope2,mean_total_score,0.5884472049689441
Q5FA58,random,ifnepitope2,med_ml_score,0.6
Q5FA58,random,ifnepitope2,med_blast_score,0.0
Q5FA58,random,ifnepitope2,med_total_score,0.6
B4RQC7,random,ifnepitope2,mean_ml_score,0.5963386727688788
B4RQC7,random,ifnepitope2,mean_blast_score,0.0
B4RQC7,random,ifnepitope2,mean_total_score,0.5963386727688788
B4RQC7,random,ifnepitope2,med_ml_score,0.6
B4RQC7,random,ifnepitope2,med_blast_score,0.0
B4RQC7,random,ifnepitope2,med_total_score,0.6
B4RN40,random,ifnepitope2,mean_ml_score,0.593099787685775
B4RN40,random,ifnepitope2,mean_blast_score,0.0
B4RN40,random,ifnepitope2,mean_total_score,0.593099787685775
B4RN40,random,ifnepitope2,med_ml_score,0.61
B4RN40,random,ifnepitope2,med_blast_score,0.0
B4RN40,random,ifnepitope2,med_total_score,0.61
B4RQW1,random,ifnepitope2,mean_ml_score,0.5302608695652173
B4RQW1,random,ifnepitope2,mean_blast_score,0.0
B4RQW1,random,ifnepitope2,mean_total_score,0.5302608695652173
B4RQW1,random,ifnepitope2,med_ml_score,0.55
B4RQW1,random,ifnepitope2,med_blast_score,0.0
B4RQW1,random,ifnepitope2,med_total_score,0.55
Q5F5M1,random,ifnepitope2,mean_ml_score,0.6284931506849315
Q5F5M1,random,ifnepitope2,mean_blast_score,0.0
Q5F5M1,random,ifnepitope2,mean_total_score,0.6284931506849315
Q5F5M1,random,ifnepitope2,med_ml_score,0.62
Q5F5M1,random,ifnepitope2,med_blast_score,0.0
Q5F5M1,random,ifnepitope2,med_total_score,0.62
B4RR62,random,ifnepitope2,mean_ml_score,0.5582857142857143
B4RR62,random,ifnepitope2,mean_blast_score,0.0
B4RR62,random,ifnepitope2,mean_total_score,0.5582857142857143
B4RR62,random,ifnepitope2,med_ml_score,0.575
B4RR62,random,ifnepitope2,med_blast_score,0.0
B4RR62,random,ifnepitope2,med_total_score,0.575
Q5F6Y8,random,ifnepitope2,mean_ml_score,0.6125833333333334
Q5F6Y8,random,ifnepitope2,mean_blast_score,0.0
Q5F6Y8,random,ifnepitope2,mean_total_score,0.6125833333333334
Q5F6Y8,random,ifnepitope2,med_ml_score,0.61
Q5F6Y8,random,ifnepitope2,med_blast_score,0.0
Q5F6Y8,random,ifnepitope2,med_total_score,0.61
Q5F5U1,random,ifnepitope2,mean_ml_score,0.5765573770491803
Q5F5U1,random,ifnepitope2,mean_blast_score,0.0
Q5F5U1,random,ifnepitope2,mean_total_score,0.5765573770491803
Q5F5U1,random,ifnepitope2,med_ml_score,0.58
Q5F5U1,random,ifnepitope2,med_blast_score,0.0
Q5F5U1,random,ifnepitope2,med_total_score,0.58
B4RP71,random,ifnepitope2,mean_ml_score,0.5879150579150579
B4RP71,random,ifnepitope2,mean_blast_score,0.0
B4RP71,random,ifnepitope2,mean_total_score,0.5879150579150579
B4RP71,random,ifnepitope2,med_ml_score,0.58
B4RP71,random,ifnepitope2,med_blast_score,0.0
B4RP71,random,ifnepitope2,med_total_score,0.58
Q5F775,random,ifnepitope2,mean_ml_score,0.586497461928934
Q5F775,random,ifnepitope2,mean_blast_score,0.0
Q5F775,random,ifnepitope2,mean_total_score,0.586497461928934
Q5F775,random,ifnepitope2,med_ml_score,0.59
Q5F775,random,ifnepitope2,med_blast_score,0.0
Q5F775,random,ifnepitope2,med_total_score,0.59
P43505,random,ifnepitope2,mean_ml_score,0.5843811881188119
P43505,random,ifnepitope2,mean_blast_score,0.0
P43505,random,ifnepitope2,mean_total_score,0.5843811881188119
P43505,random,ifnepitope2,med_ml_score,0.59
P43505,random,ifnepitope2,med_blast_score,0.0
P43505,random,ifnepitope2,med_total_score,0.59
Q5F6H4,random,ifnepitope2,mean_ml_score,0.620327868852459
Q5F6H4,random,ifnepitope2,mean_blast_score,0.0
Q5F6H4,random,ifnepitope2,mean_total_score,0.620327868852459
Q5F6H4,random,ifnepitope2,med_ml_score,0.62
Q5F6H4,random,ifnepitope2,med_blast_score,0.0
Q5F6H4,random,ifnepitope2,med_total_score,0.62
Q5F623,random,ifnepitope2,mean_ml_score,0.6327152317880794
Q5F623,random,ifnepitope2,mean_blast_score,0.0
Q5F623,random,ifnepitope2,mean_total_score,0.6327152317880794
Q5F623,random,ifnepitope2,med_ml_score,0.64
Q5F623,random,ifnepitope2,med_blast_score,0.0
Q5F623,random,ifnepitope2,med_total_score,0.64
Q5FA47,random,ifnepitope2,mean_ml_score,0.6090909090909091
Q5FA47,random,ifnepitope2,mean_blast_score,0.0
Q5FA47,random,ifnepitope2,mean_total_score,0.6090909090909091
Q5FA47,random,ifnepitope2,med_ml_score,0.6
Q5FA47,random,ifnepitope2,med_blast_score,0.0
Q5FA47,random,ifnepitope2,med_total_score,0.6
B4RPA1,random,ifnepitope2,mean_ml_score,0.5781649831649832
B4RPA1,random,ifnepitope2,mean_blast_score,0.0
B4RPA1,random,ifnepitope2,mean_total_score,0.5781649831649832
B4RPA1,random,ifnepitope2,med_ml_score,0.58
B4RPA1,random,ifnepitope2,med_blast_score,0.0
B4RPA1,random,ifnepitope2,med_total_score,0.58
P07047,random,ifnepitope2,mean_ml_score,0.5758883248730965
P07047,random,ifnepitope2,mean_blast_score,0.0
P07047,random,ifnepitope2,mean_total_score,0.5758883248730965
P07047,random,ifnepitope2,med_ml_score,0.57
P07047,random,ifnepitope2,med_blast_score,0.0
P07047,random,ifnepitope2,med_total_score,0.57
B4RJL0,random,ifnepitope2,mean_ml_score,0.625432098765432
B4RJL0,random,ifnepitope2,mean_blast_score,0.0
B4RJL0,random,ifnepitope2,mean_total_score,0.625432098765432
B4RJL0,random,ifnepitope2,med_ml_score,0.63
B4RJL0,random,ifnepitope2,med_blast_score,0.0
B4RJL0,random,ifnepitope2,med_total_score,0.63
B4RL58,random,ifnepitope2,mean_ml_score,0.5318181818181819
B4RL58,random,ifnepitope2,mean_blast_score,0.0
B4RL58,random,ifnepitope2,mean_total_score,0.5318181818181819
B4RL58,random,ifnepitope2,med_ml_score,0.53
B4RL58,random,ifnepitope2,med_blast_score,0.0
B4RL58,random,ifnepitope2,med_total_score,0.53
B4RNX2,random,ifnepitope2,mean_ml_score,0.5916267942583732
B4RNX2,random,ifnepitope2,mean_blast_score,0.0
B4RNX2,random,ifnepitope2,mean_total_score,0.5916267942583732
B4RNX2,random,ifnepitope2,med_ml_score,0.59
B4RNX2,random,ifnepitope2,med_blast_score,0.0
B4RNX2,random,ifnepitope2,med_total_score,0.59
Q5F5C4,random,ifnepitope2,mean_ml_score,0.6574409448818898
Q5F5C4,random,ifnepitope2,mean_blast_score,0.0
Q5F5C4,random,ifnepitope2,mean_total_score,0.6574409448818898
Q5F5C4,random,ifnepitope2,med_ml_score,0.66
Q5F5C4,random,ifnepitope2,med_blast_score,0.0
Q5F5C4,random,ifnepitope2,med_total_score,0.66
P35819,random,ifnepitope2,mean_ml_score,0.5844803370786517
P35819,random,ifnepitope2,mean_blast_score,0.0
P35819,random,ifnepitope2,mean_total_score,0.5844803370786517
P35819,random,ifnepitope2,med_ml_score,0.59
P35819,random,ifnepitope2,med_blast_score,0.0
P35819,random,ifnepitope2,med_total_score,0.59
P95361,random,ifnepitope2,mean_ml_score,0.6155938697318007
P95361,random,ifnepitope2,mean_blast_score,0.0
P95361,random,ifnepitope2,mean_total_score,0.6155938697318007
P95361,random,ifnepitope2,med_ml_score,0.64
P95361,random,ifnepitope2,med_blast_score,0.0
P95361,random,ifnepitope2,med_total_score,0.64
Q04885,random,ifnepitope2,mean_ml_score,0.5773239436619718
Q04885,random,ifnepitope2,mean_blast_score,0.0
Q04885,random,ifnepitope2,mean_total_score,0.5773239436619718
Q04885,random,ifnepitope2,med_ml_score,0.59
Q04885,random,ifnepitope2,med_blast_score,0.0
Q04885,random,ifnepitope2,med_total_score,0.59
B4RK11,random,ifnepitope2,mean_ml_score,0.6073839662447258
B4RK11,random,ifnepitope2,mean_blast_score,0.0
B4RK11,random,ifnepitope2,mean_total_score,0.6073839662447258
B4RK11,random,ifnepitope2,med_ml_score,0.61
B4RK11,random,ifnepitope2,med_blast_score,0.0
B4RK11,random,ifnepitope2,med_total_score,0.61
B4RL51,random,ifnepitope2,mean_ml_score,0.5644943820224719
B4RL51,random,ifnepitope2,mean_blast_score,0.0
B4RL51,random,ifnepitope2,mean_total_score,0.5644943820224719
B4RL51,random,ifnepitope2,med_ml_score,0.55
B4RL51,random,ifnepitope2,med_blast_score,0.0
B4RL51,random,ifnepitope2,med_total_score,0.55
B4RKY2,random,ifnepitope2,mean_ml_score,0.5927753303964758
B4RKY2,random,ifnepitope2,mean_blast_score,0.0
B4RKY2,random,ifnepitope2,mean_total_score,0.5927753303964758
B4RKY2,random,ifnepitope2,med_ml_score,0.59
B4RKY2,random,ifnepitope2,med_blast_score,0.0
B4RKY2,random,ifnepitope2,med_total_score,0.59
Q50962,random,ifnepitope2,mean_ml_score,0.6078217821782178
Q50962,random,ifnepitope2,mean_blast_score,0.0
Q50962,random,ifnepitope2,mean_total_score,0.6078217821782178
Q50962,random,ifnepitope2,med_ml_score,0.61
Q50962,random,ifnepitope2,med_blast_score,0.0
Q50962,random,ifnepitope2,med_total_score,0.61
B4RPI3,random,ifnepitope2,mean_ml_score,0.6300657894736842
B4RPI3,random,ifnepitope2,mean_blast_score,0.0
B4RPI3,random,ifnepitope2,mean_total_score,0.6300657894736842
B4RPI3,random,ifnepitope2,med_ml_score,0.64
B4RPI3,random,ifnepitope2,med_blast_score,0.0
B4RPI3,random,ifnepitope2,med_total_score,0.64
O06432,random,ifnepitope2,mean_ml_score,0.6203272727272727
O06432,random,ifnepitope2,mean_blast_score,0.0
O06432,random,ifnepitope2,mean_total_score,0.6203272727272727
O06432,random,ifnepitope2,med_ml_score,0.64
O06432,random,ifnepitope2,med_blast_score,0.0
O06432,random,ifnepitope2,med_total_score,0.64
Q5F9U2,random,ifnepitope2,mean_ml_score,0.592280701754386
Q5F9U2,random,ifnepitope2,mean_blast_score,0.0
Q5F9U2,random,ifnepitope2,mean_total_score,0.592280701754386
Q5F9U2,random,ifnepitope2,med_ml_score,0.6
Q5F9U2,random,ifnepitope2,med_blast_score,0.0
Q5F9U2,random,ifnepitope2,med_total_score,0.6
Q50945,random,ifnepitope2,mean_ml_score,0.5739830508474576
Q50945,random,ifnepitope2,mean_blast_score,0.0
Q50945,random,ifnepitope2,mean_total_score,0.5739830508474576
Q50945,random,ifnepitope2,med_ml_score,0.6
Q50945,random,ifnepitope2,med_blast_score,0.0
Q50945,random,ifnepitope2,med_total_score,0.6
Q5FAF3,random,ifnepitope2,mean_ml_score,0.5239102564102565
Q5FAF3,random,ifnepitope2,mean_blast_score,0.0
Q5FAF3,random,ifnepitope2,mean_total_score,0.5239102564102565
Q5FAF3,random,ifnepitope2,med_ml_score,0.515
Q5FAF3,random,ifnepitope2,med_blast_score,0.0
Q5FAF3,random,ifnepitope2,med_total_score,0.515
P31032,random,ifnepitope2,mean_ml_score,0.5744964028776979
P31032,random,ifnepitope2,mean_blast_score,0.0
P31032,random,ifnepitope2,mean_total_score,0.5744964028776979
P31032,random,ifnepitope2,med_ml_score,0.58
P31032,random,ifnepitope2,med_blast_score,0.0
P31032,random,ifnepitope2,med_total_score,0.58
Q5F8T6,random,ifnepitope2,mean_ml_score,0.6077011494252874
Q5F8T6,random,ifnepitope2,mean_blast_score,0.0
Q5F8T6,random,ifnepitope2,mean_total_score,0.6077011494252874
Q5F8T6,random,ifnepitope2,med_ml_score,0.61
Q5F8T6,random,ifnepitope2,med_blast_score,0.0
Q5F8T6,random,ifnepitope2,med_total_score,0.61
Q5F5R3,random,ifnepitope2,mean_ml_score,0.5508860759493671
Q5F5R3,random,ifnepitope2,mean_blast_score,0.0
Q5F5R3,random,ifnepitope2,mean_total_score,0.5508860759493671
Q5F5R3,random,ifnepitope2,med_ml_score,0.56
Q5F5R3,random,ifnepitope2,med_blast_score,0.0
Q5F5R3,random,ifnepitope2,med_total_score,0.56
B4RQE0,random,ifnepitope2,mean_ml_score,0.6224528301886793
B4RQE0,random,ifnepitope2,mean_blast_score,0.0
B4RQE0,random,ifnepitope2,mean_total_score,0.6224528301886793
B4RQE0,random,ifnepitope2,med_ml_score,0.62
B4RQE0,random,ifnepitope2,med_blast_score,0.0
B4RQE0,random,ifnepitope2,med_total_score,0.62
P77914,random,ifnepitope2,mean_ml_score,0.5941610738255033
P77914,random,ifnepitope2,mean_blast_score,0.0
P77914,random,ifnepitope2,mean_total_score,0.5941610738255033
P77914,random,ifnepitope2,med_ml_score,0.59
P77914,random,ifnepitope2,med_blast_score,0.0
P77914,random,ifnepitope2,med_total_score,0.59
Q5F5F4,random,ifnepitope2,mean_ml_score,0.5735869565217391
Q5F5F4,random,ifnepitope2,mean_blast_score,0.0
Q5F5F4,random,ifnepitope2,mean_total_score,0.5735869565217391
Q5F5F4,random,ifnepitope2,med_ml_score,0.58
Q5F5F4,random,ifnepitope2,med_blast_score,0.0
Q5F5F4,random,ifnepitope2,med_total_score,0.58
B4RIW3,random,ifnepitope2,mean_ml_score,0.6025311203319502
B4RIW3,random,ifnepitope2,mean_blast_score,0.0
B4RIW3,random,ifnepitope2,mean_total_score,0.6025311203319502
B4RIW3,random,ifnepitope2,med_ml_score,0.6
B4RIW3,random,ifnepitope2,med_blast_score,0.0
B4RIW3,random,ifnepitope2,med_total_score,0.6
P72079,random,ifnepitope2,mean_ml_score,0.6005729166666667
P72079,random,ifnepitope2,mean_blast_score,0.0
P72079,random,ifnepitope2,mean_total_score,0.6005729166666667
P72079,random,ifnepitope2,med_ml_score,0.6
P72079,random,ifnepitope2,med_blast_score,0.0
P72079,random,ifnepitope2,med_total_score,0.6
Q5F7K9,random,ifnepitope2,mean_ml_score,0.6101459854014598
Q5F7K9,random,ifnepitope2,mean_blast_score,0.0
Q5F7K9,random,ifnepitope2,mean_total_score,0.6101459854014598
Q5F7K9,random,ifnepitope2,med_ml_score,0.62
Q5F7K9,random,ifnepitope2,med_blast_score,0.0
Q5F7K9,random,ifnepitope2,med_total_score,0.62
B4RNL5,random,ifnepitope2,mean_ml_score,0.5764516129032258
B4RNL5,random,ifnepitope2,mean_blast_score,0.0
B4RNL5,random,ifnepitope2,mean_total_score,0.5764516129032258
B4RNL5,random,ifnepitope2,med_ml_score,0.56
B4RNL5,random,ifnepitope2,med_blast_score,0.0
B4RNL5,random,ifnepitope2,med_total_score,0.56
B4RK98,random,ifnepitope2,mean_ml_score,0.5894103773584906
B4RK98,random,ifnepitope2,mean_blast_score,0.0
B4RK98,random,ifnepitope2,mean_total_score,0.5894103773584906
B4RK98,random,ifnepitope2,med_ml_score,0.6
B4RK98,random,ifnepitope2,med_blast_score,0.0
B4RK98,random,ifnepitope2,med_total_score,0.6
B4RQ92,random,ifnepitope2,mean_ml_score,0.6128205128205129
B4RQ92,random,ifnepitope2,mean_blast_score,0.0
B4RQ92,random,ifnepitope2,mean_total_score,0.6128205128205129
B4RQ92,random,ifnepitope2,med_ml_score,0.62
B4RQ92,random,ifnepitope2,med_blast_score,0.0
B4RQ92,random,ifnepitope2,med_total_score,0.62
Q04877,random,ifnepitope2,mean_ml_score,0.5814285714285714
Q04877,random,ifnepitope2,mean_blast_score,0.0
Q04877,random,ifnepitope2,mean_total_score,0.5814285714285714
Q04877,random,ifnepitope2,med_ml_score,0.58
Q04877,random,ifnepitope2,med_blast_score,0.0
Q04877,random,ifnepitope2,med_total_score,0.58
B4RLV5,random,ifnepitope2,mean_ml_score,0.6196766169154229
B4RLV5,random,ifnepitope2,mean_blast_score,0.0
B4RLV5,random,ifnepitope2,mean_total_score,0.6196766169154229
B4RLV5,random,ifnepitope2,med_ml_score,0.63
B4RLV5,random,ifnepitope2,med_blast_score,0.0
B4RLV5,random,ifnepitope2,med_total_score,0.63
Q5F569,random,ifnepitope2,mean_ml_score,0.6189297658862877
Q5F569,random,ifnepitope2,mean_blast_score,0.0
Q5F569,random,ifnepitope2,mean_total_score,0.6189297658862877
Q5F569,random,ifnepitope2,med_ml_score,0.63
Q5F569,random,ifnepitope2,med_blast_score,0.0
Q5F569,random,ifnepitope2,med_total_score,0.63
Q9XB01,random,ifnepitope2,mean_ml_score,0.6031127450980392
Q9XB01,random,ifnepitope2,mean_blast_score,0.0
Q9XB01,random,ifnepitope2,mean_total_score,0.6031127450980392
Q9XB01,random,ifnepitope2,med_ml_score,0.6
Q9XB01,random,ifnepitope2,med_blast_score,0.0
Q9XB01,random,ifnepitope2,med_total_score,0.6
Q5F5X0,random,ifnepitope2,mean_ml_score,0.5949481865284975
Q5F5X0,random,ifnepitope2,mean_blast_score,0.0
Q5F5X0,random,ifnepitope2,mean_total_score,0.5949481865284975
Q5F5X0,random,ifnepitope2,med_ml_score,0.6
Q5F5X0,random,ifnepitope2,med_blast_score,0.0
Q5F5X0,random,ifnepitope2,med_total_score,0.6
Q5F542,random,ifnepitope2,mean_ml_score,0.5264772727272727
Q5F542,random,ifnepitope2,mean_blast_score,0.0
Q5F542,random,ifnepitope2,mean_total_score,0.5264772727272727
Q5F542,random,ifnepitope2,med_ml_score,0.52
Q5F542,random,ifnepitope2,med_blast_score,0.0
Q5F542,random,ifnepitope2,med_total_score,0.52
Q5F6P1,random,ifnepitope2,mean_ml_score,0.6041025641025641
Q5F6P1,random,ifnepitope2,mean_blast_score,0.0
Q5F6P1,random,ifnepitope2,mean_total_score,0.6041025641025641
Q5F6P1,random,ifnepitope2,med_ml_score,0.605
Q5F6P1,random,ifnepitope2,med_blast_score,0.0
Q5F6P1,random,ifnepitope2,med_total_score,0.605
B4RJT3,random,ifnepitope2,mean_ml_score,0.5978195488721805
B4RJT3,random,ifnepitope2,mean_blast_score,0.0
B4RJT3,random,ifnepitope2,mean_total_score,0.5978195488721805
B4RJT3,random,ifnepitope2,med_ml_score,0.6
B4RJT3,random,ifnepitope2,med_blast_score,0.0
B4RJT3,random,ifnepitope2,med_total_score,0.6
Q5F551,random,ifnepitope2,mean_ml_score,0.5725153374233128
Q5F551,random,ifnepitope2,mean_blast_score,0.0
Q5F551,random,ifnepitope2,mean_total_score,0.5725153374233128
Q5F551,random,ifnepitope2,med_ml_score,0.57
Q5F551,random,ifnepitope2,med_blast_score,0.0
Q5F551,random,ifnepitope2,med_total_score,0.57
B4RLL1,random,ifnepitope2,mean_ml_score,0.5985542168674699
B4RLL1,random,ifnepitope2,mean_blast_score,0.0
B4RLL1,random,ifnepitope2,mean_total_score,0.5985542168674699
B4RLL1,random,ifnepitope2,med_ml_score,0.6
B4RLL1,random,ifnepitope2,med_blast_score,0.0
B4RLL1,random,ifnepitope2,med_total_score,0.6
O07817,random,ifnepitope2,mean_ml_score,0.6323232323232323
O07817,random,ifnepitope2,mean_blast_score,0.0
O07817,random,ifnepitope2,mean_total_score,0.6323232323232323
O07817,random,ifnepitope2,med_ml_score,0.61
O07817,random,ifnepitope2,med_blast_score,0.0
O07817,random,ifnepitope2,med_total_score,0.61
B4RK79,random,ifnepitope2,mean_ml_score,0.6160714285714286
B4RK79,random,ifnepitope2,mean_blast_score,0.0
B4RK79,random,ifnepitope2,mean_total_score,0.6160714285714286
B4RK79,random,ifnepitope2,med_ml_score,0.625
B4RK79,random,ifnepitope2,med_blast_score,0.0
B4RK79,random,ifnepitope2,med_total_score,0.625
Q5F7J4,random,ifnepitope2,mean_ml_score,0.6107120980091884
Q5F7J4,random,ifnepitope2,mean_blast_score,0.0
Q5F7J4,random,ifnepitope2,mean_total_score,0.6107120980091884
Q5F7J4,random,ifnepitope2,med_ml_score,0.61
Q5F7J4,random,ifnepitope2,med_blast_score,0.0
Q5F7J4,random,ifnepitope2,med_total_score,0.61
Q5F774,random,ifnepitope2,mean_ml_score,0.5987222222222223
Q5F774,random,ifnepitope2,mean_blast_score,0.0
Q5F774,random,ifnepitope2,mean_total_score,0.5987222222222223
Q5F774,random,ifnepitope2,med_ml_score,0.6
Q5F774,random,ifnepitope2,med_blast_score,0.0
Q5F774,random,ifnepitope2,med_total_score,0.6
B4RPI1,random,ifnepitope2,mean_ml_score,0.6122439024390244
B4RPI1,random,ifnepitope2,mean_blast_score,0.0
B4RPI1,random,ifnepitope2,mean_total_score,0.6122439024390244
B4RPI1,random,ifnepitope2,med_ml_score,0.62
B4RPI1,random,ifnepitope2,med_blast_score,0.0
B4RPI1,random,ifnepitope2,med_total_score,0.62
P37762,random,ifnepitope2,mean_ml_score,0.5985
P37762,random,ifnepitope2,mean_blast_score,0.0
P37762,random,ifnepitope2,mean_total_score,0.5985
P37762,random,ifnepitope2,med_ml_score,0.6
P37762,random,ifnepitope2,med_blast_score,0.0
P37762,random,ifnepitope2,med_total_score,0.6
P58152,random,ifnepitope2,mean_ml_score,0.6362025316455696
P58152,random,ifnepitope2,mean_blast_score,0.0
P58152,random,ifnepitope2,mean_total_score,0.6362025316455696
P58152,random,ifnepitope2,med_ml_score,0.63
P58152,random,ifnepitope2,med_blast_score,0.0
P58152,random,ifnepitope2,med_total_score,0.63
B4RQW3,random,ifnepitope2,mean_ml_score,0.6036225596529284
B4RQW3,random,ifnepitope2,mean_blast_score,0.0
B4RQW3,random,ifnepitope2,mean_total_score,0.6036225596529284
B4RQW3,random,ifnepitope2,med_ml_score,0.6
B4RQW3,random,ifnepitope2,med_blast_score,0.0
B4RQW3,random,ifnepitope2,med_total_score,0.6
Q5FA29,random,ifnepitope2,mean_ml_score,0.5785427135678392
Q5FA29,random,ifnepitope2,mean_blast_score,0.0
Q5FA29,random,ifnepitope2,mean_total_score,0.5785427135678392
Q5FA29,random,ifnepitope2,med_ml_score,0.57
Q5FA29,random,ifnepitope2,med_blast_score,0.0
Q5FA29,random,ifnepitope2,med_total_score,0.57
B4RMI6,random,ifnepitope2,mean_ml_score,0.6035652173913043
B4RMI6,random,ifnepitope2,mean_blast_score,0.0
B4RMI6,random,ifnepitope2,mean_total_score,0.6035652173913043
B4RMI6,random,ifnepitope2,med_ml_score,0.615
B4RMI6,random,ifnepitope2,med_blast_score,0.0
B4RMI6,random,ifnepitope2,med_total_score,0.615
Q5F5P6,random,ifnepitope2,mean_ml_score,0.600754716981132
Q5F5P6,random,ifnepitope2,mean_blast_score,0.0
Q5F5P6,random,ifnepitope2,mean_total_score,0.600754716981132
Q5F5P6,random,ifnepitope2,med_ml_score,0.62
Q5F5P6,random,ifnepitope2,med_blast_score,0.0
Q5F5P6,random,ifnepitope2,med_total_score,0.62
Q5F553,random,ifnepitope2,mean_ml_score,0.584125
Q5F553,random,ifnepitope2,mean_blast_score,0.0
Q5F553,random,ifnepitope2,mean_total_score,0.584125
Q5F553,random,ifnepitope2,med_ml_score,0.58
Q5F553,random,ifnepitope2,med_blast_score,0.0
Q5F553,random,ifnepitope2,med_total_score,0.58
Q5F5F3,random,ifnepitope2,mean_ml_score,0.5909401709401709
Q5F5F3,random,ifnepitope2,mean_blast_score,0.0
Q5F5F3,random,ifnepitope2,mean_total_score,0.5909401709401709
Q5F5F3,random,ifnepitope2,med_ml_score,0.6
Q5F5F3,random,ifnepitope2,med_blast_score,0.0
Q5F5F3,random,ifnepitope2,med_total_score,0.6
B4RJR8,random,ifnepitope2,mean_ml_score,0.6898076923076923
B4RJR8,random,ifnepitope2,mean_blast_score,0.0
B4RJR8,random,ifnepitope2,mean_total_score,0.6898076923076923
B4RJR8,random,ifnepitope2,med_ml_score,0.705
B4RJR8,random,ifnepitope2,med_blast_score,0.0
B4RJR8,random,ifnepitope2,med_total_score,0.705
B4RJF6,random,ifnepitope2,mean_ml_score,0.5666891891891892
B4RJF6,random,ifnepitope2,mean_blast_score,0.0
B4RJF6,random,ifnepitope2,mean_total_score,0.5666891891891892
B4RJF6,random,ifnepitope2,med_ml_score,0.57
B4RJF6,random,ifnepitope2,med_blast_score,0.0
B4RJF6,random,ifnepitope2,med_total_score,0.57
Q5F8D4,random,ifnepitope2,mean_ml_score,0.5870288624787776
Q5F8D4,random,ifnepitope2,mean_blast_score,0.0
Q5F8D4,random,ifnepitope2,mean_total_score,0.5870288624787776
Q5F8D4,random,ifnepitope2,med_ml_score,0.58
Q5F8D4,random,ifnepitope2,med_blast_score,0.0
Q5F8D4,random,ifnepitope2,med_total_score,0.58
B4RLX4,random,ifnepitope2,mean_ml_score,0.6047846153846154
B4RLX4,random,ifnepitope2,mean_blast_score,0.0
B4RLX4,random,ifnepitope2,mean_total_score,0.6047846153846154
B4RLX4,random,ifnepitope2,med_ml_score,0.61
B4RLX4,random,ifnepitope2,med_blast_score,0.0
B4RLX4,random,ifnepitope2,med_total_score,0.61
B4RL47,random,ifnepitope2,mean_ml_score,0.6117049180327869
B4RL47,random,ifnepitope2,mean_blast_score,0.0
B4RL47,random,ifnepitope2,mean_total_score,0.6117049180327869
B4RL47,random,ifnepitope2,med_ml_score,0.6
B4RL47,random,ifnepitope2,med_blast_score,0.0
B4RL47,random,ifnepitope2,med_total_score,0.6
P58152,random,ifnepitope2,mean_ml_score,0.6362025316455696
P58152,random,ifnepitope2,mean_blast_score,0.0
P58152,random,ifnepitope2,mean_total_score,0.6362025316455696
P58152,random,ifnepitope2,med_ml_score,0.63
P58152,random,ifnepitope2,med_blast_score,0.0
P58152,random,ifnepitope2,med_total_score,0.63
Q06581,random,ifnepitope2,mean_ml_score,0.6248773006134969
Q06581,random,ifnepitope2,mean_blast_score,0.0
Q06581,random,ifnepitope2,mean_total_score,0.6248773006134969
Q06581,random,ifnepitope2,med_ml_score,0.64
Q06581,random,ifnepitope2,med_blast_score,0.0
Q06581,random,ifnepitope2,med_total_score,0.64
B4RK79,random,ifnepitope2,mean_ml_score,0.6160714285714286
B4RK79,random,ifnepitope2,mean_blast_score,0.0
B4RK79,random,ifnepitope2,mean_total_score,0.6160714285714286
B4RK79,random,ifnepitope2,med_ml_score,0.625
B4RK79,random,ifnepitope2,med_blast_score,0.0
B4RK79,random,ifnepitope2,med_total_score,0.625
Q5F9D8,random,ifnepitope2,mean_ml_score,0.5939043824701196
Q5F9D8,random,ifnepitope2,mean_blast_score,0.0
Q5F9D8,random,ifnepitope2,mean_total_score,0.5939043824701196
Q5F9D8,random,ifnepitope2,med_ml_score,0.6
Q5F9D8,random,ifnepitope2,med_blast_score,0.0
Q5F9D8,random,ifnepitope2,med_total_score,0.6
P04174,random,ifnepitope2,mean_ml_score,0.5982236842105263
P04174,random,ifnepitope2,mean_blast_score,0.0
P04174,random,ifnepitope2,mean_total_score,0.5982236842105263
P04174,random,ifnepitope2,med_ml_score,0.6
P04174,random,ifnepitope2,med_blast_score,0.0
P04174,random,ifnepitope2,med_total_score,0.6
Q50962,random,ifnepitope2,mean_ml_score,0.6078217821782178
Q50962,random,ifnepitope2,mean_blast_score,0.0
Q50962,random,ifnepitope2,mean_total_score,0.6078217821782178
Q50962,random,ifnepitope2,med_ml_score,0.61
Q50962,random,ifnepitope2,med_blast_score,0.0
Q50962,random,ifnepitope2,med_total_score,0.61
B4RR10,random,ifnepitope2,mean_ml_score,0.58112
B4RR10,random,ifnepitope2,mean_blast_score,0.0
B4RR10,random,ifnepitope2,mean_total_score,0.58112
B4RR10,random,ifnepitope2,med_ml_score,0.59
B4RR10,random,ifnepitope2,med_blast_score,0.0
B4RR10,random,ifnepitope2,med_total_score,0.59
P52325,random,ifnepitope2,mean_ml_score,0.5807097791798107
P52325,random,ifnepitope2,mean_blast_score,0.0
P52325,random,ifnepitope2,mean_total_score,0.5807097791798107
P52325,random,ifnepitope2,med_ml_score,0.585
P52325,random,ifnepitope2,med_blast_score,0.0
P52325,random,ifnepitope2,med_total_score,0.585
B4RLE8,random,ifnepitope2,mean_ml_score,0.5520629370629371
B4RLE8,random,ifnepitope2,mean_blast_score,0.0
B4RLE8,random,ifnepitope2,mean_total_score,0.5520629370629371
B4RLE8,random,ifnepitope2,med_ml_score,0.56
B4RLE8,random,ifnepitope2,med_blast_score,0.0
B4RLE8,random,ifnepitope2,med_total_score,0.56
B4RK78,random,ifnepitope2,mean_ml_score,0.5817391304347826
B4RK78,random,ifnepitope2,mean_blast_score,0.0
B4RK78,random,ifnepitope2,mean_total_score,0.5817391304347826
B4RK78,random,ifnepitope2,med_ml_score,0.59
B4RK78,random,ifnepitope2,med_blast_score,0.0
B4RK78,random,ifnepitope2,med_total_score,0.59
B4RK82,random,ifnepitope2,mean_ml_score,0.5686868686868687
B4RK82,random,ifnepitope2,mean_blast_score,0.0
B4RK82,random,ifnepitope2,mean_total_score,0.5686868686868687
B4RK82,random,ifnepitope2,med_ml_score,0.57
B4RK82,random,ifnepitope2,med_blast_score,0.0
B4RK82,random,ifnepitope2,med_total_score,0.57
B4RM87,random,ifnepitope2,mean_ml_score,0.6059829059829059
B4RM87,random,ifnepitope2,mean_blast_score,0.0
B4RM87,random,ifnepitope2,mean_total_score,0.6059829059829059
B4RM87,random,ifnepitope2,med_ml_score,0.61
B4RM87,random,ifnepitope2,med_blast_score,0.0
B4RM87,random,ifnepitope2,med_total_score,0.61
P39897,random,ifnepitope2,mean_ml_score,0.5984158415841584
P39897,random,ifnepitope2,mean_blast_score,0.0
P39897,random,ifnepitope2,mean_total_score,0.5984158415841584
P39897,random,ifnepitope2,med_ml_score,0.61
P39897,random,ifnepitope2,med_blast_score,0.0
P39897,random,ifnepitope2,med_total_score,0.61
B4RQC7,random,ifnepitope2,mean_ml_score,0.5966132723112129
B4RQC7,random,ifnepitope2,mean_blast_score,0.0
B4RQC7,random,ifnepitope2,mean_total_score,0.5966132723112129
B4RQC7,random,ifnepitope2,med_ml_score,0.6
B4RQC7,random,ifnepitope2,med_blast_score,0.0
B4RQC7,random,ifnepitope2,med_total_score,0.6
B4RR25,random,ifnepitope2,mean_ml_score,0.6142211055276382
B4RR25,random,ifnepitope2,mean_blast_score,0.0
B4RR25,random,ifnepitope2,mean_total_score,0.6142211055276382
B4RR25,random,ifnepitope2,med_ml_score,0.62
B4RR25,random,ifnepitope2,med_blast_score,0.0
B4RR25,random,ifnepitope2,med_total_score,0.62
Q5F5T1,random,ifnepitope2,mean_ml_score,0.5997619047619047
Q5F5T1,random,ifnepitope2,mean_blast_score,0.0
Q5F5T1,random,ifnepitope2,mean_total_score,0.5997619047619047
Q5F5T1,random,ifnepitope2,med_ml_score,0.59
Q5F5T1,random,ifnepitope2,med_blast_score,0.0
Q5F5T1,random,ifnepitope2,med_total_score,0.59
Q5F9K6,random,ifnepitope2,mean_ml_score,0.6214457831325301
Q5F9K6,random,ifnepitope2,mean_blast_score,0.0
Q5F9K6,random,ifnepitope2,mean_total_score,0.6214457831325301
Q5F9K6,random,ifnepitope2,med_ml_score,0.62
Q5F9K6,random,ifnepitope2,med_blast_score,0.0
Q5F9K6,random,ifnepitope2,med_total_score,0.62
Q5F6L9,random,ifnepitope2,mean_ml_score,0.5983947939262473
Q5F6L9,random,ifnepitope2,mean_blast_score,0.0
Q5F6L9,random,ifnepitope2,mean_total_score,0.5983947939262473
Q5F6L9,random,ifnepitope2,med_ml_score,0.61
Q5F6L9,random,ifnepitope2,med_blast_score,0.0
Q5F6L9,random,ifnepitope2,med_total_score,0.61
B4RLE6,random,ifnepitope2,mean_ml_score,0.5764077669902913
B4RLE6,random,ifnepitope2,mean_blast_score,0.0
B4RLE6,random,ifnepitope2,mean_total_score,0.5764077669902913
B4RLE6,random,ifnepitope2,med_ml_score,0.57
B4RLE6,random,ifnepitope2,med_blast_score,0.0
B4RLE6,random,ifnepitope2,med_total_score,0.57
B4RJG2,random,ifnepitope2,mean_ml_score,0.6062068965517241
B4RJG2,random,ifnepitope2,mean_blast_score,0.0
B4RJG2,random,ifnepitope2,mean_total_score,0.6062068965517241
B4RJG2,random,ifnepitope2,med_ml_score,0.615
B4RJG2,random,ifnepitope2,med_blast_score,0.0
B4RJG2,random,ifnepitope2,med_total_score,0.615
B4RQ36,random,ifnepitope2,mean_ml_score,0.5808661417322835
B4RQ36,random,ifnepitope2,mean_blast_score,0.0
B4RQ36,random,ifnepitope2,mean_total_score,0.5808661417322835
B4RQ36,random,ifnepitope2,med_ml_score,0.58
B4RQ36,random,ifnepitope2,med_blast_score,0.0
B4RQ36,random,ifnepitope2,med_total_score,0.58
Q5F629,random,ifnepitope2,mean_ml_score,0.6132980972515856
Q5F629,random,ifnepitope2,mean_blast_score,0.0
Q5F629,random,ifnepitope2,mean_total_score,0.6132980972515856
Q5F629,random,ifnepitope2,med_ml_score,0.62
Q5F629,random,ifnepitope2,med_blast_score,0.0
Q5F629,random,ifnepitope2,med_total_score,0.62
Q5F4W9,random,ifnepitope2,mean_ml_score,0.6179787234042553
Q5F4W9,random,ifnepitope2,mean_blast_score,0.0
Q5F4W9,random,ifnepitope2,mean_total_score,0.6179787234042553
Q5F4W9,random,ifnepitope2,med_ml_score,0.63
Q5F4W9,random,ifnepitope2,med_blast_score,0.0
Q5F4W9,random,ifnepitope2,med_total_score,0.63
Q5F8T6,random,ifnepitope2,mean_ml_score,0.6077011494252874
Q5F8T6,random,ifnepitope2,mean_blast_score,0.0
Q5F8T6,random,ifnepitope2,mean_total_score,0.6077011494252874
Q5F8T6,random,ifnepitope2,med_ml_score,0.61
Q5F8T6,random,ifnepitope2,med_blast_score,0.0
Q5F8T6,random,ifnepitope2,med_total_score,0.61
B4RNX2,random,ifnepitope2,mean_ml_score,0.5898086124401913
B4RNX2,random,ifnepitope2,mean_blast_score,0.0
B4RNX2,random,ifnepitope2,mean_total_score,0.5898086124401913
B4RNX2,random,ifnepitope2,med_ml_score,0.585
B4RNX2,random,ifnepitope2,med_blast_score,0.0
B4RNX2,random,ifnepitope2,med_total_score,0.585
Q5F5C4,random,ifnepitope2,mean_ml_score,0.6584251968503937
Q5F5C4,random,ifnepitope2,mean_blast_score,0.0
Q5F5C4,random,ifnepitope2,mean_total_score,0.6584251968503937
Q5F5C4,random,ifnepitope2,med_ml_score,0.66
Q5F5C4,random,ifnepitope2,med_blast_score,0.0
Q5F5C4,random,ifnepitope2,med_total_score,0.66
P35819,random,ifnepitope2,mean_ml_score,0.5838483146067416
P35819,random,ifnepitope2,mean_blast_score,0.0
P35819,random,ifnepitope2,mean_total_score,0.5838483146067416
P35819,random,ifnepitope2,med_ml_score,0.59
P35819,random,ifnepitope2,med_blast_score,0.0
P35819,random,ifnepitope2,med_total_score,0.59
Q5F7G0,random,ifnepitope2,mean_ml_score,0.5979061371841156
Q5F7G0,random,ifnepitope2,mean_blast_score,0.0
Q5F7G0,random,ifnepitope2,mean_total_score,0.5979061371841156
Q5F7G0,random,ifnepitope2,med_ml_score,0.6
Q5F7G0,random,ifnepitope2,med_blast_score,0.0
Q5F7G0,random,ifnepitope2,med_total_score,0.6
P43505,random,ifnepitope2,mean_ml_score,0.5841584158415841
P43505,random,ifnepitope2,mean_blast_score,0.0
P43505,random,ifnepitope2,mean_total_score,0.5841584158415841
P43505,random,ifnepitope2,med_ml_score,0.59
P43505,random,ifnepitope2,med_blast_score,0.0
P43505,random,ifnepitope2,med_total_score,0.59
Q5F783,random,ifnepitope2,mean_ml_score,0.6248109965635739
Q5F783,random,ifnepitope2,mean_blast_score,0.0
Q5F783,random,ifnepitope2,mean_total_score,0.6248109965635739
Q5F783,random,ifnepitope2,med_ml_score,0.63
Q5F783,random,ifnepitope2,med_blast_score,0.0
Q5F783,random,ifnepitope2,med_total_score,0.63
B4RJI8,random,ifnepitope2,mean_ml_score,0.6196078431372549
B4RJI8,random,ifnepitope2,mean_blast_score,0.0
B4RJI8,random,ifnepitope2,mean_total_score,0.6196078431372549
B4RJI8,random,ifnepitope2,med_ml_score,0.62
B4RJI8,random,ifnepitope2,med_blast_score,0.0
B4RJI8,random,ifnepitope2,med_total_score,0.62
B4RKC9,random,ifnepitope2,mean_ml_score,0.6
B4RKC9,random,ifnepitope2,mean_blast_score,0.0
B4RKC9,random,ifnepitope2,mean_total_score,0.6
B4RKC9,random,ifnepitope2,med_ml_score,0.59
B4RKC9,random,ifnepitope2,med_blast_score,0.0
B4RKC9,random,ifnepitope2,med_total_score,0.59
Q5F8I2,random,ifnepitope2,mean_ml_score,0.5985542168674699
Q5F8I2,random,ifnepitope2,mean_blast_score,0.0
Q5F8I2,random,ifnepitope2,mean_total_score,0.5985542168674699
Q5F8I2,random,ifnepitope2,med_ml_score,0.6
Q5F8I2,random,ifnepitope2,med_blast_score,0.0
Q5F8I2,random,ifnepitope2,med_total_score,0.6
B4RK98,random,ifnepitope2,mean_ml_score,0.590566037735849
B4RK98,random,ifnepitope2,mean_blast_score,0.0
B4RK98,random,ifnepitope2,mean_total_score,0.590566037735849
B4RK98,random,ifnepitope2,med_ml_score,0.6
B4RK98,random,ifnepitope2,med_blast_score,0.0
B4RK98,random,ifnepitope2,med_total_score,0.6
Q5F7H5,random,ifnepitope2,mean_ml_score,0.5958083832335329
Q5F7H5,random,ifnepitope2,mean_blast_score,0.0
Q5F7H5,random,ifnepitope2,mean_total_score,0.5958083832335329
Q5F7H5,random,ifnepitope2,med_ml_score,0.6
Q5F7H5,random,ifnepitope2,med_blast_score,0.0
Q5F7H5,random,ifnepitope2,med_total_score,0.6
Q51003,random,ifnepitope2,mean_ml_score,0.621904761904762
Q51003,random,ifnepitope2,mean_blast_score,0.0
Q51003,random,ifnepitope2,mean_total_score,0.621904761904762
Q51003,random,ifnepitope2,med_ml_score,0.63
Q51003,random,ifnepitope2,med_blast_score,0.0
Q51003,random,ifnepitope2,med_total_score,0.63
B4RQN5,random,ifnepitope2,mean_ml_score,0.6236956521739131
B4RQN5,random,ifnepitope2,mean_blast_score,0.0
B4RQN5,random,ifnepitope2,mean_total_score,0.6236956521739131
B4RQN5,random,ifnepitope2,med_ml_score,0.62
B4RQN5,random,ifnepitope2,med_blast_score,0.0
B4RQN5,random,ifnepitope2,med_total_score,0.62
P37762,random,ifnepitope2,mean_ml_score,0.59325
P37762,random,ifnepitope2,mean_blast_score,0.0
P37762,random,ifnepitope2,mean_total_score,0.59325
P37762,random,ifnepitope2,med_ml_score,0.59
P37762,random,ifnepitope2,med_blast_score,0.0
P37762,random,ifnepitope2,med_total_score,0.59
B4RQ33,random,ifnepitope2,mean_ml_score,0.6169942196531792
B4RQ33,random,ifnepitope2,mean_blast_score,0.0
B4RQ33,random,ifnepitope2,mean_total_score,0.6169942196531792
B4RQ33,random,ifnepitope2,med_ml_score,0.62
B4RQ33,random,ifnepitope2,med_blast_score,0.0
B4RQ33,random,ifnepitope2,med_total_score,0.62
Q5F774,random,ifnepitope2,mean_ml_score,0.5987222222222223
Q5F774,random,ifnepitope2,mean_blast_score,0.0
Q5F774,random,ifnepitope2,mean_total_score,0.5987222222222223
Q5F774,random,ifnepitope2,med_ml_score,0.6
Q5F774,random,ifnepitope2,med_blast_score,0.0
Q5F774,random,ifnepitope2,med_total_score,0.6
B4RPI1,random,ifnepitope2,mean_ml_score,0.6122439024390244
B4RPI1,random,ifnepitope2,mean_blast_score,0.0
B4RPI1,random,ifnepitope2,mean_total_score,0.6122439024390244
B4RPI1,random,ifnepitope2,med_ml_score,0.62
B4RPI1,random,ifnepitope2,med_blast_score,0.0
B4RPI1,random,ifnepitope2,med_total_score,0.62
P09888,random,ifnepitope2,mean_ml_score,0.5705038759689922
P09888,random,ifnepitope2,mean_blast_score,0.0
P09888,random,ifnepitope2,mean_total_score,0.5705038759689922
P09888,random,ifnepitope2,med_ml_score,0.57
P09888,random,ifnepitope2,med_blast_score,0.0
P09888,random,ifnepitope2,med_total_score,0.57
B4RL58,random,ifnepitope2,mean_ml_score,0.5318181818181819
B4RL58,random,ifnepitope2,mean_blast_score,0.0
B4RL58,random,ifnepitope2,mean_total_score,0.5318181818181819
B4RL58,random,ifnepitope2,med_ml_score,0.53
B4RL58,random,ifnepitope2,med_blast_score,0.0
B4RL58,random,ifnepitope2,med_total_score,0.53
O07813,random,ifnepitope2,mean_ml_score,0.5837719298245614
O07813,random,ifnepitope2,mean_blast_score,0.0
O07813,random,ifnepitope2,mean_total_score,0.5837719298245614
O07813,random,ifnepitope2,med_ml_score,0.61
O07813,random,ifnepitope2,med_blast_score,0.0
O07813,random,ifnepitope2,med_total_score,0.61
B4RM65,random,ifnepitope2,mean_ml_score,0.6053456221198157
B4RM65,random,ifnepitope2,mean_blast_score,0.0
B4RM65,random,ifnepitope2,mean_total_score,0.6053456221198157
B4RM65,random,ifnepitope2,med_ml_score,0.61
B4RM65,random,ifnepitope2,med_blast_score,0.0
B4RM65,random,ifnepitope2,med_total_score,0.61
Q5F9J9,random,ifnepitope2,mean_ml_score,0.6083136094674556
Q5F9J9,random,ifnepitope2,mean_blast_score,0.0
Q5F9J9,random,ifnepitope2,mean_total_score,0.6083136094674556
Q5F9J9,random,ifnepitope2,med_ml_score,0.61
Q5F9J9,random,ifnepitope2,med_blast_score,0.0
Q5F9J9,random,ifnepitope2,med_total_score,0.61
Q5F4X8,random,ifnepitope2,mean_ml_score,0.562773246329527
Q5F4X8,random,ifnepitope2,mean_blast_score,0.0
Q5F4X8,random,ifnepitope2,mean_total_score,0.562773246329527
Q5F4X8,random,ifnepitope2,med_ml_score,0.56
Q5F4X8,random,ifnepitope2,med_blast_score,0.0
Q5F4X8,random,ifnepitope2,med_total_score,0.56
B4RQY6,random,ifnepitope2,mean_ml_score,0.5802531645569621
B4RQY6,random,ifnepitope2,mean_blast_score,0.0
B4RQY6,random,ifnepitope2,mean_total_score,0.5802531645569621
B4RQY6,random,ifnepitope2,med_ml_score,0.6
B4RQY6,random,ifnepitope2,med_blast_score,0.0
B4RQY6,random,ifnepitope2,med_total_score,0.6
B4RQ67,random,ifnepitope2,mean_ml_score,0.5813031161473088
B4RQ67,random,ifnepitope2,mean_blast_score,0.0
B4RQ67,random,ifnepitope2,mean_total_score,0.5813031161473088
B4RQ67,random,ifnepitope2,med_ml_score,0.58
B4RQ67,random,ifnepitope2,med_blast_score,0.0
B4RQ67,random,ifnepitope2,med_total_score,0.58
B4RIW5,random,ifnepitope2,mean_ml_score,0.576027397260274
B4RIW5,random,ifnepitope2,mean_blast_score,0.0
B4RIW5,random,ifnepitope2,mean_total_score,0.576027397260274
B4RIW5,random,ifnepitope2,med_ml_score,0.57
B4RIW5,random,ifnepitope2,med_blast_score,0.0
B4RIW5,random,ifnepitope2,med_total_score,0.57
B4RN40,random,ifnepitope2,mean_ml_score,0.5924416135881104
B4RN40,random,ifnepitope2,mean_blast_score,0.0
B4RN40,random,ifnepitope2,mean_total_score,0.5924416135881104
B4RN40,random,ifnepitope2,med_ml_score,0.6
B4RN40,random,ifnepitope2,med_blast_score,0.0
B4RN40,random,ifnepitope2,med_total_score,0.6
B4RKY2,random,ifnepitope2,mean_ml_score,0.5927753303964758
B4RKY2,random,ifnepitope2,mean_blast_score,0.0
B4RKY2,random,ifnepitope2,mean_total_score,0.5927753303964758
B4RKY2,random,ifnepitope2,med_ml_score,0.59
B4RKY2,random,ifnepitope2,med_blast_score,0.0
B4RKY2,random,ifnepitope2,med_total_score,0.59
Q5F7D6,random,ifnepitope2,mean_ml_score,0.5830508474576271
Q5F7D6,random,ifnepitope2,mean_blast_score,0.0
Q5F7D6,random,ifnepitope2,mean_total_score,0.5830508474576271
Q5F7D6,random,ifnepitope2,med_ml_score,0.59
Q5F7D6,random,ifnepitope2,med_blast_score,0.0
Q5F7D6,random,ifnepitope2,med_total_score,0.59
Q5F9U0,random,ifnepitope2,mean_ml_score,0.6045482866043613
Q5F9U0,random,ifnepitope2,mean_blast_score,0.0
Q5F9U0,random,ifnepitope2,mean_total_score,0.6045482866043613
Q5F9U0,random,ifnepitope2,med_ml_score,0.59
Q5F9U0,random,ifnepitope2,med_blast_score,0.0
Q5F9U0,random,ifnepitope2,med_total_score,0.59
B4RLV5,random,ifnepitope2,mean_ml_score,0.6211940298507462
B4RLV5,random,ifnepitope2,mean_blast_score,0.0
B4RLV5,random,ifnepitope2,mean_total_score,0.6211940298507462
B4RLV5,random,ifnepitope2,med_ml_score,0.63
B4RLV5,random,ifnepitope2,med_blast_score,0.0
B4RLV5,random,ifnepitope2,med_total_score,0.63
B4RJN3,random,ifnepitope2,mean_ml_score,0.5981781376518218
B4RJN3,random,ifnepitope2,mean_blast_score,0.0
B4RJN3,random,ifnepitope2,mean_total_score,0.5981781376518218
B4RJN3,random,ifnepitope2,med_ml_score,0.61
B4RJN3,random,ifnepitope2,med_blast_score,0.0
B4RJN3,random,ifnepitope2,med_total_score,0.61
Q5F746,random,ifnepitope2,mean_ml_score,0.5903211009174312
Q5F746,random,ifnepitope2,mean_blast_score,0.0
Q5F746,random,ifnepitope2,mean_total_score,0.5903211009174312
Q5F746,random,ifnepitope2,med_ml_score,0.6
Q5F746,random,ifnepitope2,med_blast_score,0.0
Q5F746,random,ifnepitope2,med_total_score,0.6
Q5F542,random,ifnepitope2,mean_ml_score,0.5264772727272727
Q5F542,random,ifnepitope2,mean_blast_score,0.0
Q5F542,random,ifnepitope2,mean_total_score,0.5264772727272727
Q5F542,random,ifnepitope2,med_ml_score,0.52
Q5F542,random,ifnepitope2,med_blast_score,0.0
Q5F542,random,ifnepitope2,med_total_score,0.52
Q5F6P1,random,ifnepitope2,mean_ml_score,0.6033760683760684
Q5F6P1,random,ifnepitope2,mean_blast_score,0.0
Q5F6P1,random,ifnepitope2,mean_total_score,0.6033760683760684
Q5F6P1,random,ifnepitope2,med_ml_score,0.61
Q5F6P1,random,ifnepitope2,med_blast_score,0.0
Q5F6P1,random,ifnepitope2,med_total_score,0.61
B4RLK9,random,ifnepitope2,mean_ml_score,0.6027586206896551
B4RLK9,random,ifnepitope2,mean_blast_score,0.0
B4RLK9,random,ifnepitope2,mean_total_score,0.6027586206896551
B4RLK9,random,ifnepitope2,med_ml_score,0.61
B4RLK9,random,ifnepitope2,med_blast_score,0.0
B4RLK9,random,ifnepitope2,med_total_score,0.61
P0A0X8,random,ifnepitope2,mean_ml_score,0.5772058823529411
P0A0X8,random,ifnepitope2,mean_blast_score,0.0
P0A0X8,random,ifnepitope2,mean_total_score,0.5772058823529411
P0A0X8,random,ifnepitope2,med_ml_score,0.58
P0A0X8,random,ifnepitope2,med_blast_score,0.0
P0A0X8,random,ifnepitope2,med_total_score,0.58
B4RQL3,random,ifnepitope2,mean_ml_score,0.616969696969697
B4RQL3,random,ifnepitope2,mean_blast_score,0.0
B4RQL3,random,ifnepitope2,mean_total_score,0.616969696969697
B4RQL3,random,ifnepitope2,med_ml_score,0.635
B4RQL3,random,ifnepitope2,med_blast_score,0.0
B4RQL3,random,ifnepitope2,med_total_score,0.635
Q5F5C8,random,ifnepitope2,mean_ml_score,0.6133561643835617
Q5F5C8,random,ifnepitope2,mean_blast_score,0.0
Q5F5C8,random,ifnepitope2,mean_total_score,0.6133561643835617
Q5F5C8,random,ifnepitope2,med_ml_score,0.63
Q5F5C8,random,ifnepitope2,med_blast_score,0.0
Q5F5C8,random,ifnepitope2,med_total_score,0.63
P72079,random,ifnepitope2,mean_ml_score,0.6005729166666667
P72079,random,ifnepitope2,mean_blast_score,0.0
P72079,random,ifnepitope2,mean_total_score,0.6005729166666667
P72079,random,ifnepitope2,med_ml_score,0.6
P72079,random,ifnepitope2,med_blast_score,0.0
P72079,random,ifnepitope2,med_total_score,0.6
B4RJY6,random,ifnepitope2,mean_ml_score,0.5404504504504505
B4RJY6,random,ifnepitope2,mean_blast_score,0.0
B4RJY6,random,ifnepitope2,mean_total_score,0.5404504504504505
B4RJY6,random,ifnepitope2,med_ml_score,0.55
B4RJY6,random,ifnepitope2,med_blast_score,0.0
B4RJY6,random,ifnepitope2,med_total_score,0.55
B4RNW8,random,ifnepitope2,mean_ml_score,0.5973732718894009
B4RNW8,random,ifnepitope2,mean_blast_score,0.0
B4RNW8,random,ifnepitope2,mean_total_score,0.5973732718894009
B4RNW8,random,ifnepitope2,med_ml_score,0.6
B4RNW8,random,ifnepitope2,med_blast_score,0.0
B4RNW8,random,ifnepitope2,med_total_score,0.6
Q5FAH8,random,ifnepitope2,mean_ml_score,0.5902380952380952
Q5FAH8,random,ifnepitope2,mean_blast_score,0.0
Q5FAH8,random,ifnepitope2,mean_total_score,0.5902380952380952
Q5FAH8,random,ifnepitope2,med_ml_score,0.59
Q5FAH8,random,ifnepitope2,med_blast_score,0.0
Q5FAH8,random,ifnepitope2,med_total_score,0.59
Q51008,random,ifnepitope2,mean_ml_score,0.6315441176470589
Q51008,random,ifnepitope2,mean_blast_score,0.0
Q51008,random,ifnepitope2,mean_total_score,0.6315441176470589
Q51008,random,ifnepitope2,med_ml_score,0.63
Q51008,random,ifnepitope2,med_blast_score,0.0
Q51008,random,ifnepitope2,med_total_score,0.63
Q5F623,random,ifnepitope2,mean_ml_score,0.6327152317880794
Q5F623,random,ifnepitope2,mean_blast_score,0.0
Q5F623,random,ifnepitope2,mean_total_score,0.6327152317880794
Q5F623,random,ifnepitope2,med_ml_score,0.64
Q5F623,random,ifnepitope2,med_blast_score,0.0
Q5F623,random,ifnepitope2,med_total_score,0.64
B4RQ92,random,ifnepitope2,mean_ml_score,0.615982905982906
B4RQ92,random,ifnepitope2,mean_blast_score,0.0
B4RQ92,random,ifnepitope2,mean_total_score,0.615982905982906
B4RQ92,random,ifnepitope2,med_ml_score,0.62
B4RQ92,random,ifnepitope2,med_blast_score,0.0
B4RQ92,random,ifnepitope2,med_total_score,0.62
Q04877,random,ifnepitope2,mean_ml_score,0.5707421875
Q04877,random,ifnepitope2,mean_blast_score,0.0
Q04877,random,ifnepitope2,mean_total_score,0.5707421875
Q04877,random,ifnepitope2,med_ml_score,0.57
Q04877,random,ifnepitope2,med_blast_score,0.0
Q04877,random,ifnepitope2,med_total_score,0.57
B4RPQ3,random,ifnepitope2,mean_ml_score,0.609188596491228
B4RPQ3,random,ifnepitope2,mean_blast_score,0.0
B4RPQ3,random,ifnepitope2,mean_total_score,0.609188596491228
B4RPQ3,random,ifnepitope2,med_ml_score,0.61
B4RPQ3,random,ifnepitope2,med_blast_score,0.0
B4RPQ3,random,ifnepitope2,med_total_score,0.61
Q5F5U1,random,ifnepitope2,mean_ml_score,0.5765573770491803
Q5F5U1,random,ifnepitope2,mean_blast_score,0.0
Q5F5U1,random,ifnepitope2,mean_total_score,0.5765573770491803
Q5F5U1,random,ifnepitope2,med_ml_score,0.58
Q5F5U1,random,ifnepitope2,med_blast_score,0.0
Q5F5U1,random,ifnepitope2,med_total_score,0.58
B4RP71,random,ifnepitope2,mean_ml_score,0.5897297297297297
B4RP71,random,ifnepitope2,mean_blast_score,0.0
B4RP71,random,ifnepitope2,mean_total_score,0.5897297297297297
B4RP71,random,ifnepitope2,med_ml_score,0.58
B4RP71,random,ifnepitope2,med_blast_score,0.0
B4RP71,random,ifnepitope2,med_total_score,0.58
Q5F849,random,ifnepitope2,mean_ml_score,0.5847349823321555
Q5F849,random,ifnepitope2,mean_blast_score,0.0
Q5F849,random,ifnepitope2,mean_total_score,0.5847349823321555
Q5F849,random,ifnepitope2,med_ml_score,0.58
Q5F849,random,ifnepitope2,med_blast_score,0.0
Q5F849,random,ifnepitope2,med_total_score,0.58
B4RR07,random,ifnepitope2,mean_ml_score,0.6274452554744525
B4RR07,random,ifnepitope2,mean_blast_score,0.0
B4RR07,random,ifnepitope2,mean_total_score,0.6274452554744525
B4RR07,random,ifnepitope2,med_ml_score,0.62
B4RR07,random,ifnepitope2,med_blast_score,0.0
B4RR07,random,ifnepitope2,med_total_score,0.62
B4RJH7,random,ifnepitope2,mean_ml_score,0.6122612085769981
B4RJH7,random,ifnepitope2,mean_blast_score,0.0
B4RJH7,random,ifnepitope2,mean_total_score,0.6122612085769981
B4RJH7,random,ifnepitope2,med_ml_score,0.61
B4RJH7,random,ifnepitope2,med_blast_score,0.0
B4RJH7,random,ifnepitope2,med_total_score,0.61
Q5F5A5,random,ifnepitope2,mean_ml_score,0.6052592592592593
Q5F5A5,random,ifnepitope2,mean_blast_score,0.0
Q5F5A5,random,ifnepitope2,mean_total_score,0.6052592592592593
Q5F5A5,random,ifnepitope2,med_ml_score,0.63
Q5F5A5,random,ifnepitope2,med_blast_score,0.0
Q5F5A5,random,ifnepitope2,med_total_score,0.63
P21302,random,ifnepitope2,mean_ml_score,0.6175541795665634
P21302,random,ifnepitope2,mean_blast_score,0.0
P21302,random,ifnepitope2,mean_total_score,0.6175541795665634
P21302,random,ifnepitope2,med_ml_score,0.62
P21302,random,ifnepitope2,med_blast_score,0.0
P21302,random,ifnepitope2,med_total_score,0.62
Q5F569,random,ifnepitope2,mean_ml_score,0.6189297658862877
Q5F569,random,ifnepitope2,mean_blast_score,0.0
Q5F569,random,ifnepitope2,mean_total_score,0.6189297658862877
Q5F569,random,ifnepitope2,med_ml_score,0.63
Q5F569,random,ifnepitope2,med_blast_score,0.0
Q5F569,random,ifnepitope2,med_total_score,0.63
Q5F551,random,ifnepitope2,mean_ml_score,0.5776687116564417
Q5F551,random,ifnepitope2,mean_blast_score,0.0
Q5F551,random,ifnepitope2,mean_total_score,0.5776687116564417
Q5F551,random,ifnepitope2,med_ml_score,0.59
Q5F551,random,ifnepitope2,med_blast_score,0.0
Q5F551,random,ifnepitope2,med_total_score,0.59
Q5F5V2,random,ifnepitope2,mean_ml_score,0.59409375
Q5F5V2,random,ifnepitope2,mean_blast_score,0.0
Q5F5V2,random,ifnepitope2,mean_total_score,0.59409375
Q5F5V2,random,ifnepitope2,med_ml_score,0.6
Q5F5V2,random,ifnepitope2,med_blast_score,0.0
Q5F5V2,random,ifnepitope2,med_total_score,0.6
Q5F8K2,random,ifnepitope2,mean_ml_score,0.637085201793722
Q5F8K2,random,ifnepitope2,mean_blast_score,0.0
Q5F8K2,random,ifnepitope2,mean_total_score,0.637085201793722
Q5F8K2,random,ifnepitope2,med_ml_score,0.66
Q5F8K2,random,ifnepitope2,med_blast_score,0.0
Q5F8K2,random,ifnepitope2,med_total_score,0.66
B4RL28,random,ifnepitope2,mean_ml_score,0.6072222222222222
B4RL28,random,ifnepitope2,mean_blast_score,0.0
B4RL28,random,ifnepitope2,mean_total_score,0.6072222222222222
B4RL28,random,ifnepitope2,med_ml_score,0.61
B4RL28,random,ifnepitope2,med_blast_score,0.0
B4RL28,random,ifnepitope2,med_total_score,0.61
B4RM90,random,ifnepitope2,mean_ml_score,0.6034653465346534
B4RM90,random,ifnepitope2,mean_blast_score,0.0
B4RM90,random,ifnepitope2,mean_total_score,0.6034653465346534
B4RM90,random,ifnepitope2,med_ml_score,0.605
B4RM90,random,ifnepitope2,med_blast_score,0.0
B4RM90,random,ifnepitope2,med_total_score,0.605
Q04876,random,ifnepitope2,mean_ml_score,0.5717721518987342
Q04876,random,ifnepitope2,mean_blast_score,0.0
Q04876,random,ifnepitope2,mean_total_score,0.5717721518987342
Q04876,random,ifnepitope2,med_ml_score,0.57
Q04876,random,ifnepitope2,med_blast_score,0.0
Q04876,random,ifnepitope2,med_total_score,0.57
B4RMI6,random,ifnepitope2,mean_ml_score,0.6036086956521739
B4RMI6,random,ifnepitope2,mean_blast_score,0.0
B4RMI6,random,ifnepitope2,mean_total_score,0.6036086956521739
B4RMI6,random,ifnepitope2,med_ml_score,0.61
B4RMI6,random,ifnepitope2,med_blast_score,0.0
B4RMI6,random,ifnepitope2,med_total_score,0.61
B4RN50,random,ifnepitope2,mean_ml_score,0.6200945626477541
B4RN50,random,ifnepitope2,mean_blast_score,0.0
B4RN50,random,ifnepitope2,mean_total_score,0.6200945626477541
B4RN50,random,ifnepitope2,med_ml_score,0.62
B4RN50,random,ifnepitope2,med_blast_score,0.0
B4RN50,random,ifnepitope2,med_total_score,0.62
B4RQ61,random,ifnepitope2,mean_ml_score,0.6131753554502369
B4RQ61,random,ifnepitope2,mean_blast_score,0.0
B4RQ61,random,ifnepitope2,mean_total_score,0.6131753554502369
B4RQ61,random,ifnepitope2,med_ml_score,0.61
B4RQ61,random,ifnepitope2,med_blast_score,0.0
B4RQ61,random,ifnepitope2,med_total_score,0.61
B4RJI1,random,ifnepitope2,mean_ml_score,0.572724358974359
B4RJI1,random,ifnepitope2,mean_blast_score,0.0
B4RJI1,random,ifnepitope2,mean_total_score,0.572724358974359
B4RJI1,random,ifnepitope2,med_ml_score,0.58
B4RJI1,random,ifnepitope2,med_blast_score,0.0
B4RJI1,random,ifnepitope2,med_total_score,0.58
Q5F7K9,random,ifnepitope2,mean_ml_score,0.6101459854014598
Q5F7K9,random,ifnepitope2,mean_blast_score,0.0
Q5F7K9,random,ifnepitope2,mean_total_score,0.6101459854014598
Q5F7K9,random,ifnepitope2,med_ml_score,0.62
Q5F7K9,random,ifnepitope2,med_blast_score,0.0
Q5F7K9,random,ifnepitope2,med_total_score,0.62
Q5F622,random,ifnepitope2,mean_ml_score,0.5921142857142857
Q5F622,random,ifnepitope2,mean_blast_score,0.0
Q5F622,random,ifnepitope2,mean_total_score,0.5921142857142857
Q5F622,random,ifnepitope2,med_ml_score,0.59
Q5F622,random,ifnepitope2,med_blast_score,0.0
Q5F622,random,ifnepitope2,med_total_score,0.59
P95361,random,ifnepitope2,mean_ml_score,0.614367816091954
P95361,random,ifnepitope2,mean_blast_score,0.0
P95361,random,ifnepitope2,mean_total_score,0.614367816091954
P95361,random,ifnepitope2,med_ml_score,0.64
P95361,random,ifnepitope2,med_blast_score,0.0
P95361,random,ifnepitope2,med_total_score,0.64
P77914,random,ifnepitope2,mean_ml_score,0.5941610738255033
P77914,random,ifnepitope2,mean_blast_score,0.0
P77914,random,ifnepitope2,mean_total_score,0.5941610738255033
P77914,random,ifnepitope2,med_ml_score,0.59
P77914,random,ifnepitope2,med_blast_score,0.0
P77914,random,ifnepitope2,med_total_score,0.59
Q5F5F4,random,ifnepitope2,mean_ml_score,0.5735869565217391
Q5F5F4,random,ifnepitope2,mean_blast_score,0.0
Q5F5F4,random,ifnepitope2,mean_total_score,0.5735869565217391
Q5F5F4,random,ifnepitope2,med_ml_score,0.58
Q5F5F4,random,ifnepitope2,med_blast_score,0.0
Q5F5F4,random,ifnepitope2,med_total_score,0.58
P95354,random,ifnepitope2,mean_ml_score,0.5695652173913044
P95354,random,ifnepitope2,mean_blast_score,0.0
P95354,random,ifnepitope2,mean_total_score,0.5695652173913044
P95354,random,ifnepitope2,med_ml_score,0.56
P95354,random,ifnepitope2,med_blast_score,0.0
P95354,random,ifnepitope2,med_total_score,0.56
B4RIW3,random,ifnepitope2,mean_ml_score,0.6025311203319502
B4RIW3,random,ifnepitope2,mean_blast_score,0.0
B4RIW3,random,ifnepitope2,mean_total_score,0.6025311203319502
B4RIW3,random,ifnepitope2,med_ml_score,0.6
B4RIW3,random,ifnepitope2,med_blast_score,0.0
B4RIW3,random,ifnepitope2,med_total_score,0.6
B4RKA0,random,ifnepitope2,mean_ml_score,0.6216605166051661
B4RKA0,random,ifnepitope2,mean_blast_score,0.0
B4RKA0,random,ifnepitope2,mean_total_score,0.6216605166051661
B4RKA0,random,ifnepitope2,med_ml_score,0.62
B4RKA0,random,ifnepitope2,med_blast_score,0.0
B4RKA0,random,ifnepitope2,med_total_score,0.62
B4RQS8,random,ifnepitope2,mean_ml_score,0.6563097949886105
B4RQS8,random,ifnepitope2,mean_blast_score,0.0
B4RQS8,random,ifnepitope2,mean_total_score,0.6563097949886105
B4RQS8,random,ifnepitope2,med_ml_score,0.66
B4RQS8,random,ifnepitope2,med_blast_score,0.0
B4RQS8,random,ifnepitope2,med_total_score,0.66
B4RN63,random,ifnepitope2,mean_ml_score,0.6382438016528925
B4RN63,random,ifnepitope2,mean_blast_score,0.0
B4RN63,random,ifnepitope2,mean_total_score,0.6382438016528925
B4RN63,random,ifnepitope2,med_ml_score,0.65
B4RN63,random,ifnepitope2,med_blast_score,0.0
B4RN63,random,ifnepitope2,med_total_score,0.65
Q5F8G9,random,ifnepitope2,mean_ml_score,0.5905208333333334
Q5F8G9,random,ifnepitope2,mean_blast_score,0.0
Q5F8G9,random,ifnepitope2,mean_total_score,0.5905208333333334
Q5F8G9,random,ifnepitope2,med_ml_score,0.59
Q5F8G9,random,ifnepitope2,med_blast_score,0.0
Q5F8G9,random,ifnepitope2,med_total_score,0.59
Q5F8J4,random,ifnepitope2,mean_ml_score,0.5785714285714286
Q5F8J4,random,ifnepitope2,mean_blast_score,0.0
Q5F8J4,random,ifnepitope2,mean_total_score,0.5785714285714286
Q5F8J4,random,ifnepitope2,med_ml_score,0.59
Q5F8J4,random,ifnepitope2,med_blast_score,0.0
Q5F8J4,random,ifnepitope2,med_total_score,0.59
P21152,random,ifnepitope2,mean_ml_score,0.5951470588235294
P21152,random,ifnepitope2,mean_blast_score,0.0
P21152,random,ifnepitope2,mean_total_score,0.5951470588235294
P21152,random,ifnepitope2,med_ml_score,0.61
P21152,random,ifnepitope2,med_blast_score,0.0
P21152,random,ifnepitope2,med_total_score,0.61
P07211,random,ifnepitope2,mean_ml_score,0.5204
P07211,random,ifnepitope2,mean_blast_score,0.0
P07211,random,ifnepitope2,mean_total_score,0.5204
P07211,random,ifnepitope2,med_ml_score,0.55
P07211,random,ifnepitope2,med_blast_score,0.0
P07211,random,ifnepitope2,med_total_score,0.55
Q5FA58,random,ifnepitope2,mean_ml_score,0.5878260869565217
Q5FA58,random,ifnepitope2,mean_blast_score,0.0
Q5FA58,random,ifnepitope2,mean_total_score,0.5878260869565217
Q5FA58,random,ifnepitope2,med_ml_score,0.59
Q5FA58,random,ifnepitope2,med_blast_score,0.0
Q5FA58,random,ifnepitope2,med_total_score,0.59
B4RL51,random,ifnepitope2,mean_ml_score,0.5640449438202247
B4RL51,random,ifnepitope2,mean_blast_score,0.0
B4RL51,random,ifnepitope2,mean_total_score,0.5640449438202247
B4RL51,random,ifnepitope2,med_ml_score,0.55
B4RL51,random,ifnepitope2,med_blast_score,0.0
B4RL51,random,ifnepitope2,med_total_score,0.55
Q5F8J0,random,ifnepitope2,mean_ml_score,0.6096296296296296
Q5F8J0,random,ifnepitope2,mean_blast_score,0.0
Q5F8J0,random,ifnepitope2,mean_total_score,0.6096296296296296
Q5F8J0,random,ifnepitope2,med_ml_score,0.62
Q5F8J0,random,ifnepitope2,med_blast_score,0.0
Q5F8J0,random,ifnepitope2,med_total_score,0.62
B4RJF6,random,ifnepitope2,mean_ml_score,0.5666891891891892
B4RJF6,random,ifnepitope2,mean_blast_score,0.0
B4RJF6,random,ifnepitope2,mean_total_score,0.5666891891891892
B4RJF6,random,ifnepitope2,med_ml_score,0.57
B4RJF6,random,ifnepitope2,med_blast_score,0.0
B4RJF6,random,ifnepitope2,med_total_score,0.57
Q5F8D4,random,ifnepitope2,mean_ml_score,0.5862648556876061
Q5F8D4,random,ifnepitope2,mean_blast_score,0.0
Q5F8D4,random,ifnepitope2,mean_total_score,0.5862648556876061
Q5F8D4,random,ifnepitope2,med_ml_score,0.58
Q5F8D4,random,ifnepitope2,med_blast_score,0.0
Q5F8D4,random,ifnepitope2,med_total_score,0.58
B4RJN4,random,ifnepitope2,mean_ml_score,0.6170886075949367
B4RJN4,random,ifnepitope2,mean_blast_score,0.0
B4RJN4,random,ifnepitope2,mean_total_score,0.6170886075949367
B4RJN4,random,ifnepitope2,med_ml_score,0.62
B4RJN4,random,ifnepitope2,med_blast_score,0.0
B4RJN4,random,ifnepitope2,med_total_score,0.62
B4RNG2,random,ifnepitope2,mean_ml_score,0.5815873015873015
B4RNG2,random,ifnepitope2,mean_blast_score,0.0
B4RNG2,random,ifnepitope2,mean_total_score,0.5815873015873015
B4RNG2,random,ifnepitope2,med_ml_score,0.59
B4RNG2,random,ifnepitope2,med_blast_score,0.0
B4RNG2,random,ifnepitope2,med_total_score,0.59
P49979,random,ifnepitope2,mean_ml_score,0.5734299516908212
P49979,random,ifnepitope2,mean_blast_score,0.0
P49979,random,ifnepitope2,mean_total_score,0.5734299516908212
P49979,random,ifnepitope2,med_ml_score,0.58
P49979,random,ifnepitope2,med_blast_score,0.0
P49979,random,ifnepitope2,med_total_score,0.58
O05131,random,ifnepitope2,mean_ml_score,0.593987341772152
O05131,random,ifnepitope2,mean_blast_score,0.0
O05131,random,ifnepitope2,mean_total_score,0.593987341772152
O05131,random,ifnepitope2,med_ml_score,0.59
O05131,random,ifnepitope2,med_blast_score,0.0
O05131,random,ifnepitope2,med_total_score,0.59
Q5F5D9,random,ifnepitope2,mean_ml_score,0.5671276595744681
Q5F5D9,random,ifnepitope2,mean_blast_score,0.0
Q5F5D9,random,ifnepitope2,mean_total_score,0.5671276595744681
Q5F5D9,random,ifnepitope2,med_ml_score,0.57
Q5F5D9,random,ifnepitope2,med_blast_score,0.0
Q5F5D9,random,ifnepitope2,med_total_score,0.57
B4RQW1,random,ifnepitope2,mean_ml_score,0.5302608695652173
B4RQW1,random,ifnepitope2,mean_blast_score,0.0
B4RQW1,random,ifnepitope2,mean_total_score,0.5302608695652173
B4RQW1,random,ifnepitope2,med_ml_score,0.55
B4RQW1,random,ifnepitope2,med_blast_score,0.0
B4RQW1,random,ifnepitope2,med_total_score,0.55
Q5F5M1,random,ifnepitope2,mean_ml_score,0.626958904109589
Q5F5M1,random,ifnepitope2,mean_blast_score,0.0
Q5F5M1,random,ifnepitope2,mean_total_score,0.626958904109589
Q5F5M1,random,ifnepitope2,med_ml_score,0.62
Q5F5M1,random,ifnepitope2,med_blast_score,0.0
Q5F5M1,random,ifnepitope2,med_total_score,0.62
Q5F786,random,ifnepitope2,mean_ml_score,0.6167494356659142
Q5F786,random,ifnepitope2,mean_blast_score,0.0
Q5F786,random,ifnepitope2,mean_total_score,0.6167494356659142
Q5F786,random,ifnepitope2,med_ml_score,0.62
Q5F786,random,ifnepitope2,med_blast_score,0.0
Q5F786,random,ifnepitope2,med_total_score,0.62
B4RP57,random,ifnepitope2,mean_ml_score,0.6007272727272728
B4RP57,random,ifnepitope2,mean_blast_score,0.0
B4RP57,random,ifnepitope2,mean_total_score,0.6007272727272728
B4RP57,random,ifnepitope2,med_ml_score,0.61
B4RP57,random,ifnepitope2,med_blast_score,0.0
B4RP57,random,ifnepitope2,med_total_score,0.61
Q5F882,random,ifnepitope2,mean_ml_score,0.5955725190839695
Q5F882,random,ifnepitope2,mean_blast_score,0.0
Q5F882,random,ifnepitope2,mean_total_score,0.5955725190839695
Q5F882,random,ifnepitope2,med_ml_score,0.6
Q5F882,random,ifnepitope2,med_blast_score,0.0
Q5F882,random,ifnepitope2,med_total_score,0.6
Q5F935,random,ifnepitope2,mean_ml_score,0.6005172413793104
Q5F935,random,ifnepitope2,mean_blast_score,0.0
Q5F935,random,ifnepitope2,mean_total_score,0.6005172413793104
Q5F935,random,ifnepitope2,med_ml_score,0.605
Q5F935,random,ifnepitope2,med_blast_score,0.0
Q5F935,random,ifnepitope2,med_total_score,0.605
Q5F5P6,random,ifnepitope2,mean_ml_score,0.600754716981132
Q5F5P6,random,ifnepitope2,mean_blast_score,0.0
Q5F5P6,random,ifnepitope2,mean_total_score,0.600754716981132
Q5F5P6,random,ifnepitope2,med_ml_score,0.62
Q5F5P6,random,ifnepitope2,med_blast_score,0.0
Q5F5P6,random,ifnepitope2,med_total_score,0.62
B4RKF0,random,ifnepitope2,mean_ml_score,0.6190842490842491
B4RKF0,random,ifnepitope2,mean_blast_score,0.0
B4RKF0,random,ifnepitope2,mean_total_score,0.6190842490842491
B4RKF0,random,ifnepitope2,med_ml_score,0.62
B4RKF0,random,ifnepitope2,med_blast_score,0.0
B4RKF0,random,ifnepitope2,med_total_score,0.62
Q5FA29,random,ifnepitope2,mean_ml_score,0.5785427135678392
Q5FA29,random,ifnepitope2,mean_blast_score,0.0
Q5FA29,random,ifnepitope2,mean_total_score,0.5785427135678392
Q5FA29,random,ifnepitope2,med_ml_score,0.57
Q5FA29,random,ifnepitope2,med_blast_score,0.0
Q5FA29,random,ifnepitope2,med_total_score,0.57
Q5F6H4,random,ifnepitope2,mean_ml_score,0.620327868852459
Q5F6H4,random,ifnepitope2,mean_blast_score,0.0
Q5F6H4,random,ifnepitope2,mean_total_score,0.620327868852459
Q5F6H4,random,ifnepitope2,med_ml_score,0.62
Q5F6H4,random,ifnepitope2,med_blast_score,0.0
Q5F6H4,random,ifnepitope2,med_total_score,0.62
B4RK03,random,ifnepitope2,mean_ml_score,0.6019202898550725
B4RK03,random,ifnepitope2,mean_blast_score,0.0
B4RK03,random,ifnepitope2,mean_total_score,0.6019202898550725
B4RK03,random,ifnepitope2,med_ml_score,0.6
B4RK03,random,ifnepitope2,med_blast_score,0.0
B4RK03,random,ifnepitope2,med_total_score,0.6
Q9XB01,random,ifnepitope2,mean_ml_score,0.600735294117647
Q9XB01,random,ifnepitope2,mean_blast_score,0.0
Q9XB01,random,ifnepitope2,mean_total_score,0.600735294117647
Q9XB01,random,ifnepitope2,med_ml_score,0.6
Q9XB01,random,ifnepitope2,med_blast_score,0.0
Q9XB01,random,ifnepitope2,med_total_score,0.6
P37094,random,ifnepitope2,mean_ml_score,0.6052
P37094,random,ifnepitope2,mean_blast_score,0.0
P37094,random,ifnepitope2,mean_total_score,0.6052
P37094,random,ifnepitope2,med_ml_score,0.6
P37094,random,ifnepitope2,med_blast_score,0.0
P37094,random,ifnepitope2,med_total_score,0.6
Q50950,random,ifnepitope2,mean_ml_score,0.585
Q50950,random,ifnepitope2,mean_blast_score,0.0
Q50950,random,ifnepitope2,mean_total_score,0.585
Q50950,random,ifnepitope2,med_ml_score,0.6
Q50950,random,ifnepitope2,med_blast_score,0.0
Q50950,random,ifnepitope2,med_total_score,0.6
Q5F9R5,random,ifnepitope2,mean_ml_score,0.6458426966292135
Q5F9R5,random,ifnepitope2,mean_blast_score,0.0
Q5F9R5,random,ifnepitope2,mean_total_score,0.6458426966292135
Q5F9R5,random,ifnepitope2,med_ml_score,0.64
Q5F9R5,random,ifnepitope2,med_blast_score,0.0
Q5F9R5,random,ifnepitope2,med_total_score,0.64
Q04878,random,ifnepitope2,mean_ml_score,0.5811520737327189
Q04878,random,ifnepitope2,mean_blast_score,0.0
Q04878,random,ifnepitope2,mean_total_score,0.5811520737327189
Q04878,random,ifnepitope2,med_ml_score,0.58
Q04878,random,ifnepitope2,med_blast_score,0.0
Q04878,random,ifnepitope2,med_total_score,0.58
B4RR62,random,ifnepitope2,mean_ml_score,0.5582857142857143
B4RR62,random,ifnepitope2,mean_blast_score,0.0
B4RR62,random,ifnepitope2,mean_total_score,0.5582857142857143
B4RR62,random,ifnepitope2,med_ml_score,0.575
B4RR62,random,ifnepitope2,med_blast_score,0.0
B4RR62,random,ifnepitope2,med_total_score,0.575
Q5F6Y8,random,ifnepitope2,mean_ml_score,0.6125833333333334
Q5F6Y8,random,ifnepitope2,mean_blast_score,0.0
Q5F6Y8,random,ifnepitope2,mean_total_score,0.6125833333333334
Q5F6Y8,random,ifnepitope2,med_ml_score,0.61
Q5F6Y8,random,ifnepitope2,med_blast_score,0.0
Q5F6Y8,random,ifnepitope2,med_total_score,0.61
B4RPR1,random,ifnepitope2,mean_ml_score,0.5783033419023136
B4RPR1,random,ifnepitope2,mean_blast_score,0.0
B4RPR1,random,ifnepitope2,mean_total_score,0.5783033419023136
B4RPR1,random,ifnepitope2,med_ml_score,0.59
B4RPR1,random,ifnepitope2,med_blast_score,0.0
B4RPR1,random,ifnepitope2,med_total_score,0.59
B4RLL6,random,ifnepitope2,mean_ml_score,0.6396208530805687
B4RLL6,random,ifnepitope2,mean_blast_score,0.0
B4RLL6,random,ifnepitope2,mean_total_score,0.6396208530805687
B4RLL6,random,ifnepitope2,med_ml_score,0.64
B4RLL6,random,ifnepitope2,med_blast_score,0.0
B4RLL6,random,ifnepitope2,med_total_score,0.64
Q5F9U4,random,ifnepitope2,mean_ml_score,0.6161526232114467
Q5F9U4,random,ifnepitope2,mean_blast_score,0.0
Q5F9U4,random,ifnepitope2,mean_total_score,0.6161526232114467
Q5F9U4,random,ifnepitope2,med_ml_score,0.62
Q5F9U4,random,ifnepitope2,med_blast_score,0.0
Q5F9U4,random,ifnepitope2,med_total_score,0.62
Q5F7J4,random,ifnepitope2,mean_ml_score,0.6096477794793261
Q5F7J4,random,ifnepitope2,mean_blast_score,0.0
Q5F7J4,random,ifnepitope2,mean_total_score,0.6096477794793261
Q5F7J4,random,ifnepitope2,med_ml_score,0.61
Q5F7J4,random,ifnepitope2,med_blast_score,0.0
Q5F7J4,random,ifnepitope2,med_total_score,0.61
B4RLK3,random,ifnepitope2,mean_ml_score,0.5841350710900474
B4RLK3,random,ifnepitope2,mean_blast_score,0.0
B4RLK3,random,ifnepitope2,mean_total_score,0.5841350710900474
B4RLK3,random,ifnepitope2,med_ml_score,0.59
B4RLK3,random,ifnepitope2,med_blast_score,0.0
B4RLK3,random,ifnepitope2,med_total_score,0.59
B4RP13,random,ifnepitope2,mean_ml_score,0.5772813238770685
B4RP13,random,ifnepitope2,mean_blast_score,0.0
B4RP13,random,ifnepitope2,mean_total_score,0.5772813238770685
B4RP13,random,ifnepitope2,med_ml_score,0.58
B4RP13,random,ifnepitope2,med_blast_score,0.0
B4RP13,random,ifnepitope2,med_total_score,0.58
Q5F5X0,random,ifnepitope2,mean_ml_score,0.5949481865284975
Q5F5X0,random,ifnepitope2,mean_blast_score,0.0
Q5F5X0,random,ifnepitope2,mean_total_score,0.5949481865284975
Q5F5X0,random,ifnepitope2,med_ml_score,0.6
Q5F5X0,random,ifnepitope2,med_blast_score,0.0
Q5F5X0,random,ifnepitope2,med_total_score,0.6
B4RQQ5,random,ifnepitope2,mean_ml_score,0.607375
B4RQQ5,random,ifnepitope2,mean_blast_score,0.0
B4RQQ5,random,ifnepitope2,mean_total_score,0.607375
B4RQQ5,random,ifnepitope2,med_ml_score,0.62
B4RQQ5,random,ifnepitope2,med_blast_score,0.0
B4RQQ5,random,ifnepitope2,med_total_score,0.62
Q5F5R3,random,ifnepitope2,mean_ml_score,0.5508860759493671
Q5F5R3,random,ifnepitope2,mean_blast_score,0.0
Q5F5R3,random,ifnepitope2,mean_total_score,0.5508860759493671
Q5F5R3,random,ifnepitope2,med_ml_score,0.56
Q5F5R3,random,ifnepitope2,med_blast_score,0.0
Q5F5R3,random,ifnepitope2,med_total_score,0.56
B4RQE0,random,ifnepitope2,mean_ml_score,0.6224528301886793
B4RQE0,random,ifnepitope2,mean_blast_score,0.0
B4RQE0,random,ifnepitope2,mean_total_score,0.6224528301886793
B4RQE0,random,ifnepitope2,med_ml_score,0.62
B4RQE0,random,ifnepitope2,med_blast_score,0.0
B4RQE0,random,ifnepitope2,med_total_score,0.62
Q5FA52,random,ifnepitope2,mean_ml_score,0.6314432989690721
Q5FA52,random,ifnepitope2,mean_blast_score,0.0
Q5FA52,random,ifnepitope2,mean_total_score,0.6314432989690721
Q5FA52,random,ifnepitope2,med_ml_score,0.64
Q5FA52,random,ifnepitope2,med_blast_score,0.0
Q5FA52,random,ifnepitope2,med_total_score,0.64
Q5F775,random,ifnepitope2,mean_ml_score,0.586497461928934
Q5F775,random,ifnepitope2,mean_blast_score,0.0
Q5F775,random,ifnepitope2,mean_total_score,0.586497461928934
Q5F775,random,ifnepitope2,med_ml_score,0.59
Q5F775,random,ifnepitope2,med_blast_score,0.0
Q5F775,random,ifnepitope2,med_total_score,0.59
B4RLX9,random,ifnepitope2,mean_ml_score,0.5858943089430895
B4RLX9,random,ifnepitope2,mean_blast_score,0.0
B4RLX9,random,ifnepitope2,mean_total_score,0.5858943089430895
B4RLX9,random,ifnepitope2,med_ml_score,0.6
B4RLX9,random,ifnepitope2,med_blast_score,0.0
B4RLX9,random,ifnepitope2,med_total_score,0.6
Q04879,random,ifnepitope2,mean_ml_score,0.5811520737327189
Q04879,random,ifnepitope2,mean_blast_score,0.0
Q04879,random,ifnepitope2,mean_total_score,0.5811520737327189
Q04879,random,ifnepitope2,med_ml_score,0.58
Q04879,random,ifnepitope2,med_blast_score,0.0
Q04879,random,ifnepitope2,med_total_score,0.58
B4RL77,random,ifnepitope2,mean_ml_score,0.6017105263157895
B4RL77,random,ifnepitope2,mean_blast_score,0.0
B4RL77,random,ifnepitope2,mean_total_score,0.6017105263157895
B4RL77,random,ifnepitope2,med_ml_score,0.6
B4RL77,random,ifnepitope2,med_blast_score,0.0
B4RL77,random,ifnepitope2,med_total_score,0.6
B4RJT3,random,ifnepitope2,mean_ml_score,0.5978195488721805
B4RJT3,random,ifnepitope2,mean_blast_score,0.0
B4RJT3,random,ifnepitope2,mean_total_score,0.5978195488721805
B4RJT3,random,ifnepitope2,med_ml_score,0.6
B4RJT3,random,ifnepitope2,med_blast_score,0.0
B4RJT3,random,ifnepitope2,med_total_score,0.6
B4RLL1,random,ifnepitope2,mean_ml_score,0.5985542168674699
B4RLL1,random,ifnepitope2,mean_blast_score,0.0
B4RLL1,random,ifnepitope2,mean_total_score,0.5985542168674699
B4RLL1,random,ifnepitope2,med_ml_score,0.6
B4RLL1,random,ifnepitope2,med_blast_score,0.0
B4RLL1,random,ifnepitope2,med_total_score,0.6
O07817,random,ifnepitope2,mean_ml_score,0.6323232323232323
O07817,random,ifnepitope2,mean_blast_score,0.0
O07817,random,ifnepitope2,mean_total_score,0.6323232323232323
O07817,random,ifnepitope2,med_ml_score,0.61
O07817,random,ifnepitope2,med_blast_score,0.0
O07817,random,ifnepitope2,med_total_score,0.61
B4RL22,random,ifnepitope2,mean_ml_score,0.6008510638297873
B4RL22,random,ifnepitope2,mean_blast_score,0.0
B4RL22,random,ifnepitope2,mean_total_score,0.6008510638297873
B4RL22,random,ifnepitope2,med_ml_score,0.61
B4RL22,random,ifnepitope2,med_blast_score,0.0
B4RL22,random,ifnepitope2,med_total_score,0.61
B4RQY7,random,ifnepitope2,mean_ml_score,0.5882456140350877
B4RQY7,random,ifnepitope2,mean_blast_score,0.0
B4RQY7,random,ifnepitope2,mean_total_score,0.5882456140350877
B4RQY7,random,ifnepitope2,med_ml_score,0.59
B4RQY7,random,ifnepitope2,med_blast_score,0.0
B4RQY7,random,ifnepitope2,med_total_score,0.59
B4RPR2,random,ifnepitope2,mean_ml_score,0.6253545232273838
B4RPR2,random,ifnepitope2,mean_blast_score,0.0
B4RPR2,random,ifnepitope2,mean_total_score,0.6253545232273838
B4RPR2,random,ifnepitope2,med_ml_score,0.63
B4RPR2,random,ifnepitope2,med_blast_score,0.0
B4RPR2,random,ifnepitope2,med_total_score,0.63
B4RLX4,random,ifnepitope2,mean_ml_score,0.6009597523219814
B4RLX4,random,ifnepitope2,mean_blast_score,0.0
B4RLX4,random,ifnepitope2,mean_total_score,0.6009597523219814
B4RLX4,random,ifnepitope2,med_ml_score,0.6
B4RLX4,random,ifnepitope2,med_blast_score,0.0
B4RLX4,random,ifnepitope2,med_total_score,0.6
Q5F881,random,ifnepitope2,mean_ml_score,0.5941428571428572
Q5F881,random,ifnepitope2,mean_blast_score,0.0
Q5F881,random,ifnepitope2,mean_total_score,0.5941428571428572
Q5F881,random,ifnepitope2,med_ml_score,0.59
Q5F881,random,ifnepitope2,med_blast_score,0.0
Q5F881,random,ifnepitope2,med_total_score,0.59
B4RNL5,random,ifnepitope2,mean_ml_score,0.5764516129032258
B4RNL5,random,ifnepitope2,mean_blast_score,0.0
B4RNL5,random,ifnepitope2,mean_total_score,0.5764516129032258
B4RNL5,random,ifnepitope2,med_ml_score,0.56
B4RNL5,random,ifnepitope2,med_blast_score,0.0
B4RNL5,random,ifnepitope2,med_total_score,0.56
B4RJ69,random,ifnepitope2,mean_ml_score,0.6336585365853659
B4RJ69,random,ifnepitope2,mean_blast_score,0.0
B4RJ69,random,ifnepitope2,mean_total_score,0.6336585365853659
B4RJ69,random,ifnepitope2,med_ml_score,0.64
B4RJ69,random,ifnepitope2,med_blast_score,0.0
B4RJ69,random,ifnepitope2,med_total_score,0.64
Q5F7C4,random,ifnepitope2,mean_ml_score,0.5909122401847575
Q5F7C4,random,ifnepitope2,mean_blast_score,0.0
Q5F7C4,random,ifnepitope2,mean_total_score,0.5909122401847575
Q5F7C4,random,ifnepitope2,med_ml_score,0.6
Q5F7C4,random,ifnepitope2,med_blast_score,0.0
Q5F7C4,random,ifnepitope2,med_total_score,0.6
B4RK11,random,ifnepitope2,mean_ml_score,0.6073839662447258
B4RK11,random,ifnepitope2,mean_blast_score,0.0
B4RK11,random,ifnepitope2,mean_total_score,0.6073839662447258
B4RK11,random,ifnepitope2,med_ml_score,0.61
B4RK11,random,ifnepitope2,med_blast_score,0.0
B4RK11,random,ifnepitope2,med_total_score,0.61
Q5F605,random,ifnepitope2,mean_ml_score,0.647217125382263
Q5F605,random,ifnepitope2,mean_blast_score,0.0
Q5F605,random,ifnepitope2,mean_total_score,0.647217125382263
Q5F605,random,ifnepitope2,med_ml_score,0.66
Q5F605,random,ifnepitope2,med_blast_score,0.0
Q5F605,random,ifnepitope2,med_total_score,0.66
B4RMM2,random,ifnepitope2,mean_ml_score,0.584
B4RMM2,random,ifnepitope2,mean_blast_score,0.0
B4RMM2,random,ifnepitope2,mean_total_score,0.584
B4RMM2,random,ifnepitope2,med_ml_score,0.57
B4RMM2,random,ifnepitope2,med_blast_score,0.0
B4RMM2,random,ifnepitope2,med_total_score,0.57
B4RQI7,random,ifnepitope2,mean_ml_score,0.6148603351955307
B4RQI7,random,ifnepitope2,mean_blast_score,0.0
B4RQI7,random,ifnepitope2,mean_total_score,0.6148603351955307
B4RQI7,random,ifnepitope2,med_ml_score,0.63
B4RQI7,random,ifnepitope2,med_blast_score,0.0
B4RQI7,random,ifnepitope2,med_total_score,0.63
B4RL16,random,ifnepitope2,mean_ml_score,0.5935348837209302
B4RL16,random,ifnepitope2,mean_blast_score,0.0
B4RL16,random,ifnepitope2,mean_total_score,0.5935348837209302
B4RL16,random,ifnepitope2,med_ml_score,0.59
B4RL16,random,ifnepitope2,med_blast_score,0.0
B4RL16,random,ifnepitope2,med_total_score,0.59
Q5F5X2,random,ifnepitope2,mean_ml_score,0.613625
Q5F5X2,random,ifnepitope2,mean_blast_score,0.0
Q5F5X2,random,ifnepitope2,mean_total_score,0.613625
Q5F5X2,random,ifnepitope2,med_ml_score,0.6
Q5F5X2,random,ifnepitope2,med_blast_score,0.0
Q5F5X2,random,ifnepitope2,med_total_score,0.6
B4RQW3,random,ifnepitope2,mean_ml_score,0.6034851771511207
B4RQW3,random,ifnepitope2,mean_blast_score,0.0
B4RQW3,random,ifnepitope2,mean_total_score,0.6034851771511207
B4RQW3,random,ifnepitope2,med_ml_score,0.6
B4RQW3,random,ifnepitope2,med_blast_score,0.0
B4RQW3,random,ifnepitope2,med_total_score,0.6
B4RQ94,random,ifnepitope2,mean_ml_score,0.6164435146443514
B4RQ94,random,ifnepitope2,mean_blast_score,0.0
B4RQ94,random,ifnepitope2,mean_total_score,0.6164435146443514
B4RQ94,random,ifnepitope2,med_ml_score,0.61
B4RQ94,random,ifnepitope2,med_blast_score,0.0
B4RQ94,random,ifnepitope2,med_total_score,0.61
B4RP98,random,ifnepitope2,mean_ml_score,0.5951839464882943
B4RP98,random,ifnepitope2,mean_blast_score,0.0
B4RP98,random,ifnepitope2,mean_total_score,0.5951839464882943
B4RP98,random,ifnepitope2,med_ml_score,0.61
B4RP98,random,ifnepitope2,med_blast_score,0.0
B4RP98,random,ifnepitope2,med_total_score,0.61
B4RJ05,random,ifnepitope2,mean_ml_score,0.6033618233618233
B4RJ05,random,ifnepitope2,mean_blast_score,0.0
B4RJ05,random,ifnepitope2,mean_total_score,0.6033618233618233
B4RJ05,random,ifnepitope2,med_ml_score,0.61
B4RJ05,random,ifnepitope2,med_blast_score,0.0
B4RJ05,random,ifnepitope2,med_total_score,0.61
Q5F7D8,random,ifnepitope2,mean_ml_score,0.6004275534441805
Q5F7D8,random,ifnepitope2,mean_blast_score,0.0
Q5F7D8,random,ifnepitope2,mean_total_score,0.6004275534441805
Q5F7D8,random,ifnepitope2,med_ml_score,0.6
Q5F7D8,random,ifnepitope2,med_blast_score,0.0
Q5F7D8,random,ifnepitope2,med_total_score,0.6
O06432,random,ifnepitope2,mean_ml_score,0.6203272727272727
O06432,random,ifnepitope2,mean_blast_score,0.0
O06432,random,ifnepitope2,mean_total_score,0.6203272727272727
O06432,random,ifnepitope2,med_ml_score,0.64
O06432,random,ifnepitope2,med_blast_score,0.0
O06432,random,ifnepitope2,med_total_score,0.64
Q5F9U2,random,ifnepitope2,mean_ml_score,0.592280701754386
Q5F9U2,random,ifnepitope2,mean_blast_score,0.0
Q5F9U2,random,ifnepitope2,mean_total_score,0.592280701754386
Q5F9U2,random,ifnepitope2,med_ml_score,0.6
Q5F9U2,random,ifnepitope2,med_blast_score,0.0
Q5F9U2,random,ifnepitope2,med_total_score,0.6
Q50945,random,ifnepitope2,mean_ml_score,0.5654237288135593
Q50945,random,ifnepitope2,mean_blast_score,0.0
Q50945,random,ifnepitope2,mean_total_score,0.5654237288135593
Q50945,random,ifnepitope2,med_ml_score,0.58
Q50945,random,ifnepitope2,med_blast_score,0.0
Q50945,random,ifnepitope2,med_total_score,0.58
Q5FAF3,random,ifnepitope2,mean_ml_score,0.5239102564102565
Q5FAF3,random,ifnepitope2,mean_blast_score,0.0
Q5FAF3,random,ifnepitope2,mean_total_score,0.5239102564102565
Q5FAF3,random,ifnepitope2,med_ml_score,0.515
Q5FAF3,random,ifnepitope2,med_blast_score,0.0
Q5FAF3,random,ifnepitope2,med_total_score,0.515
P31032,random,ifnepitope2,mean_ml_score,0.5721223021582734
P31032,random,ifnepitope2,mean_blast_score,0.0
P31032,random,ifnepitope2,mean_total_score,0.5721223021582734
P31032,random,ifnepitope2,med_ml_score,0.58
P31032,random,ifnepitope2,med_blast_score,0.0
P31032,random,ifnepitope2,med_total_score,0.58
Q5FA47,random,ifnepitope2,mean_ml_score,0.6074747474747475
Q5FA47,random,ifnepitope2,mean_blast_score,0.0
Q5FA47,random,ifnepitope2,mean_total_score,0.6074747474747475
Q5FA47,random,ifnepitope2,med_ml_score,0.6
Q5FA47,random,ifnepitope2,med_blast_score,0.0
Q5FA47,random,ifnepitope2,med_total_score,0.6
B4RPA1,random,ifnepitope2,mean_ml_score,0.5775084175084175
B4RPA1,random,ifnepitope2,mean_blast_score,0.0
B4RPA1,random,ifnepitope2,mean_total_score,0.5775084175084175
B4RPA1,random,ifnepitope2,med_ml_score,0.58
B4RPA1,random,ifnepitope2,med_blast_score,0.0
B4RPA1,random,ifnepitope2,med_total_score,0.58
Q5F6I7,random,ifnepitope2,mean_ml_score,0.6179834254143647
Q5F6I7,random,ifnepitope2,mean_blast_score,0.0
Q5F6I7,random,ifnepitope2,mean_total_score,0.6179834254143647
Q5F6I7,random,ifnepitope2,med_ml_score,0.62
Q5F6I7,random,ifnepitope2,med_blast_score,0.0
Q5F6I7,random,ifnepitope2,med_total_score,0.62
B4RPI3,random,ifnepitope2,mean_ml_score,0.6300657894736842
B4RPI3,random,ifnepitope2,mean_blast_score,0.0
B4RPI3,random,ifnepitope2,mean_total_score,0.6300657894736842
B4RPI3,random,ifnepitope2,med_ml_score,0.64
B4RPI3,random,ifnepitope2,med_blast_score,0.0
B4RPI3,random,ifnepitope2,med_total_score,0.64
B4RQC6,random,ifnepitope2,mean_ml_score,0.627132530120482
B4RQC6,random,ifnepitope2,mean_blast_score,0.0
B4RQC6,random,ifnepitope2,mean_total_score,0.627132530120482
B4RQC6,random,ifnepitope2,med_ml_score,0.64
B4RQC6,random,ifnepitope2,med_blast_score,0.0
B4RQC6,random,ifnepitope2,med_total_score,0.64
B4RIY7,random,ifnepitope2,mean_ml_score,0.6110502283105023
B4RIY7,random,ifnepitope2,mean_blast_score,0.0
B4RIY7,random,ifnepitope2,mean_total_score,0.6110502283105023
B4RIY7,random,ifnepitope2,med_ml_score,0.61
B4RIY7,random,ifnepitope2,med_blast_score,0.0
B4RIY7,random,ifnepitope2,med_total_score,0.61
Q5FA15,random,ifnepitope2,mean_ml_score,0.6064666666666667
Q5FA15,random,ifnepitope2,mean_blast_score,0.0
Q5FA15,random,ifnepitope2,mean_total_score,0.6064666666666667
Q5FA15,random,ifnepitope2,med_ml_score,0.61
Q5FA15,random,ifnepitope2,med_blast_score,0.0
Q5FA15,random,ifnepitope2,med_total_score,0.61
Q50973,random,ifnepitope2,mean_ml_score,0.5620175438596491
Q50973,random,ifnepitope2,mean_blast_score,0.0
Q50973,random,ifnepitope2,mean_total_score,0.5620175438596491
Q50973,random,ifnepitope2,med_ml_score,0.56
Q50973,random,ifnepitope2,med_blast_score,0.0
Q50973,random,ifnepitope2,med_total_score,0.56
Q5F9Y6,random,ifnepitope2,mean_ml_score,0.5825296442687747
Q5F9Y6,random,ifnepitope2,mean_blast_score,0.0
Q5F9Y6,random,ifnepitope2,mean_total_score,0.5825296442687747
Q5F9Y6,random,ifnepitope2,med_ml_score,0.58
Q5F9Y6,random,ifnepitope2,med_blast_score,0.0
Q5F9Y6,random,ifnepitope2,med_total_score,0.58
Q5F5S2,random,ifnepitope2,mean_ml_score,0.5931756756756756
Q5F5S2,random,ifnepitope2,mean_blast_score,0.0
Q5F5S2,random,ifnepitope2,mean_total_score,0.5931756756756756
Q5F5S2,random,ifnepitope2,med_ml_score,0.58
Q5F5S2,random,ifnepitope2,med_blast_score,0.0
Q5F5S2,random,ifnepitope2,med_total_score,0.58
Q50986,random,ifnepitope2,mean_ml_score,0.6190178571428572
Q50986,random,ifnepitope2,mean_blast_score,0.0
Q50986,random,ifnepitope2,mean_total_score,0.6190178571428572
Q50986,random,ifnepitope2,med_ml_score,0.62
Q50986,random,ifnepitope2,med_blast_score,0.0
Q50986,random,ifnepitope2,med_total_score,0.62
B4RJL0,random,ifnepitope2,mean_ml_score,0.625432098765432
B4RJL0,random,ifnepitope2,mean_blast_score,0.0
B4RJL0,random,ifnepitope2,mean_total_score,0.625432098765432
B4RJL0,random,ifnepitope2,med_ml_score,0.63
B4RJL0,random,ifnepitope2,med_blast_score,0.0
B4RJL0,random,ifnepitope2,med_total_score,0.63
Q5F5V1,random,ifnepitope2,mean_ml_score,0.5682828282828283
Q5F5V1,random,ifnepitope2,mean_blast_score,0.0
Q5F5V1,random,ifnepitope2,mean_total_score,0.5682828282828283
Q5F5V1,random,ifnepitope2,med_ml_score,0.57
Q5F5V1,random,ifnepitope2,med_blast_score,0.0
Q5F5V1,random,ifnepitope2,med_total_score,0.57
Q5F5U0,random,ifnepitope2,mean_ml_score,0.5963440860215053
Q5F5U0,random,ifnepitope2,mean_blast_score,0.0
Q5F5U0,random,ifnepitope2,mean_total_score,0.5963440860215053
Q5F5U0,random,ifnepitope2,med_ml_score,0.61
Q5F5U0,random,ifnepitope2,med_blast_score,0.0
Q5F5U0,random,ifnepitope2,med_total_score,0.61
Q04882,random,ifnepitope2,mean_ml_score,0.5811520737327189
Q04882,random,ifnepitope2,mean_blast_score,0.0
Q04882,random,ifnepitope2,mean_total_score,0.5811520737327189
Q04882,random,ifnepitope2,med_ml_score,0.58
Q04882,random,ifnepitope2,med_blast_score,0.0
Q04882,random,ifnepitope2,med_total_score,0.58
Q59603,random,ifnepitope2,mean_ml_score,0.6092642140468227
Q59603,random,ifnepitope2,mean_blast_score,0.0
Q59603,random,ifnepitope2,mean_total_score,0.6092642140468227
Q59603,random,ifnepitope2,med_ml_score,0.61
Q59603,random,ifnepitope2,med_blast_score,0.0
Q59603,random,ifnepitope2,med_total_score,0.61
B4RQK5,random,ifnepitope2,mean_ml_score,0.5854918032786885
B4RQK5,random,ifnepitope2,mean_blast_score,0.0
B4RQK5,random,ifnepitope2,mean_total_score,0.5854918032786885
B4RQK5,random,ifnepitope2,med_ml_score,0.6
B4RQK5,random,ifnepitope2,med_blast_score,0.0
B4RQK5,random,ifnepitope2,med_total_score,0.6
B4RNT1,random,ifnepitope2,mean_ml_score,0.5995391705069124
B4RNT1,random,ifnepitope2,mean_blast_score,0.0
B4RNT1,random,ifnepitope2,mean_total_score,0.5995391705069124
B4RNT1,random,ifnepitope2,med_ml_score,0.6
B4RNT1,random,ifnepitope2,med_blast_score,0.0
B4RNT1,random,ifnepitope2,med_total_score,0.6
Q04885,random,ifnepitope2,mean_ml_score,0.5717721518987342
Q04885,random,ifnepitope2,mean_blast_score,0.0
Q04885,random,ifnepitope2,mean_total_score,0.5717721518987342
Q04885,random,ifnepitope2,med_ml_score,0.57
Q04885,random,ifnepitope2,med_blast_score,0.0
Q04885,random,ifnepitope2,med_total_score,0.57
Q5F9G8,random,ifnepitope2,mean_ml_score,0.6095744680851064
Q5F9G8,random,ifnepitope2,mean_blast_score,0.0
Q5F9G8,random,ifnepitope2,mean_total_score,0.6095744680851064
Q5F9G8,random,ifnepitope2,med_ml_score,0.62
Q5F9G8,random,ifnepitope2,med_blast_score,0.0
Q5F9G8,random,ifnepitope2,med_total_score,0.62
Q5F553,random,ifnepitope2,mean_ml_score,0.584125
Q5F553,random,ifnepitope2,mean_blast_score,0.0
Q5F553,random,ifnepitope2,mean_total_score,0.584125
Q5F553,random,ifnepitope2,med_ml_score,0.58
Q5F553,random,ifnepitope2,med_blast_score,0.0
Q5F553,random,ifnepitope2,med_total_score,0.58
Q5F5F3,random,ifnepitope2,mean_ml_score,0.5909401709401709
Q5F5F3,random,ifnepitope2,mean_blast_score,0.0
Q5F5F3,random,ifnepitope2,mean_total_score,0.5909401709401709
Q5F5F3,random,ifnepitope2,med_ml_score,0.6
Q5F5F3,random,ifnepitope2,med_blast_score,0.0
Q5F5F3,random,ifnepitope2,med_total_score,0.6
B4RJR8,random,ifnepitope2,mean_ml_score,0.6898076923076923
B4RJR8,random,ifnepitope2,mean_blast_score,0.0
B4RJR8,random,ifnepitope2,mean_total_score,0.6898076923076923
B4RJR8,random,ifnepitope2,med_ml_score,0.705
B4RJR8,random,ifnepitope2,med_blast_score,0.0
B4RJR8,random,ifnepitope2,med_total_score,0.705
Q5F7C4,random,ifnepitope2,mean_ml_score,0.5905889145496536
Q5F7C4,random,ifnepitope2,mean_blast_score,0.0
Q5F7C4,random,ifnepitope2,mean_total_score,0.5905889145496536
Q5F7C4,random,ifnepitope2,med_ml_score,0.59
Q5F7C4,random,ifnepitope2,med_blast_score,0.0
Q5F7C4,random,ifnepitope2,med_total_score,0.59
B4RP57,random,ifnepitope2,mean_ml_score,0.6007272727272728
B4RP57,random,ifnepitope2,mean_blast_score,0.0
B4RP57,random,ifnepitope2,mean_total_score,0.6007272727272728
B4RP57,random,ifnepitope2,med_ml_score,0.61
B4RP57,random,ifnepitope2,med_blast_score,0.0
B4RP57,random,ifnepitope2,med_total_score,0.61
Q5F7H5,random,ifnepitope2,mean_ml_score,0.5958083832335329
Q5F7H5,random,ifnepitope2,mean_blast_score,0.0
Q5F7H5,random,ifnepitope2,mean_total_score,0.5958083832335329
Q5F7H5,random,ifnepitope2,med_ml_score,0.6
Q5F7H5,random,ifnepitope2,med_blast_score,0.0
Q5F7H5,random,ifnepitope2,med_total_score,0.6
B4RNT1,random,ifnepitope2,mean_ml_score,0.5995506912442397
B4RNT1,random,ifnepitope2,mean_blast_score,0.0
B4RNT1,random,ifnepitope2,mean_total_score,0.5995506912442397
B4RNT1,random,ifnepitope2,med_ml_score,0.6
B4RNT1,random,ifnepitope2,med_blast_score,0.0
B4RNT1,random,ifnepitope2,med_total_score,0.6
Q50973,random,ifnepitope2,mean_ml_score,0.5596198830409357
Q50973,random,ifnepitope2,mean_blast_score,0.0
Q50973,random,ifnepitope2,mean_total_score,0.5596198830409357
Q50973,random,ifnepitope2,med_ml_score,0.56
Q50973,random,ifnepitope2,med_blast_score,0.0
Q50973,random,ifnepitope2,med_total_score,0.56
P43505,random,ifnepitope2,mean_ml_score,0.5874009900990099
P43505,random,ifnepitope2,mean_blast_score,0.0
P43505,random,ifnepitope2,mean_total_score,0.5874009900990099
P43505,random,ifnepitope2,med_ml_score,0.59
P43505,random,ifnepitope2,med_blast_score,0.0
P43505,random,ifnepitope2,med_total_score,0.59
P21302,random,ifnepitope2,mean_ml_score,0.6143343653250773
P21302,random,ifnepitope2,mean_blast_score,0.0
P21302,random,ifnepitope2,mean_total_score,0.6143343653250773
P21302,random,ifnepitope2,med_ml_score,0.62
P21302,random,ifnepitope2,med_blast_score,0.0
P21302,random,ifnepitope2,med_total_score,0.62
B4RKA0,random,ifnepitope2,mean_ml_score,0.6216605166051661
B4RKA0,random,ifnepitope2,mean_blast_score,0.0
B4RKA0,random,ifnepitope2,mean_total_score,0.6216605166051661
B4RKA0,random,ifnepitope2,med_ml_score,0.62
B4RKA0,random,ifnepitope2,med_blast_score,0.0
B4RKA0,random,ifnepitope2,med_total_score,0.62
B4RQS8,random,ifnepitope2,mean_ml_score,0.656127562642369
B4RQS8,random,ifnepitope2,mean_blast_score,0.0
B4RQS8,random,ifnepitope2,mean_total_score,0.656127562642369
B4RQS8,random,ifnepitope2,med_ml_score,0.66
B4RQS8,random,ifnepitope2,med_blast_score,0.0
B4RQS8,random,ifnepitope2,med_total_score,0.66
B4RN40,random,ifnepitope2,mean_ml_score,0.5935668789808918
B4RN40,random,ifnepitope2,mean_blast_score,0.0
B4RN40,random,ifnepitope2,mean_total_score,0.5935668789808918
B4RN40,random,ifnepitope2,med_ml_score,0.61
B4RN40,random,ifnepitope2,med_blast_score,0.0
B4RN40,random,ifnepitope2,med_total_score,0.61
B4RQY6,random,ifnepitope2,mean_ml_score,0.5802531645569621
B4RQY6,random,ifnepitope2,mean_blast_score,0.0
B4RQY6,random,ifnepitope2,mean_total_score,0.5802531645569621
B4RQY6,random,ifnepitope2,med_ml_score,0.6
B4RQY6,random,ifnepitope2,med_blast_score,0.0
B4RQY6,random,ifnepitope2,med_total_score,0.6
Q5F622,random,ifnepitope2,mean_ml_score,0.5921142857142857
Q5F622,random,ifnepitope2,mean_blast_score,0.0
Q5F622,random,ifnepitope2,mean_total_score,0.5921142857142857
Q5F622,random,ifnepitope2,med_ml_score,0.59
Q5F622,random,ifnepitope2,med_blast_score,0.0
Q5F622,random,ifnepitope2,med_total_score,0.59
Q5F7J4,random,ifnepitope2,mean_ml_score,0.6107120980091884
Q5F7J4,random,ifnepitope2,mean_blast_score,0.0
Q5F7J4,random,ifnepitope2,mean_total_score,0.6107120980091884
Q5F7J4,random,ifnepitope2,med_ml_score,0.61
Q5F7J4,random,ifnepitope2,med_blast_score,0.0
Q5F7J4,random,ifnepitope2,med_total_score,0.61
B4RJ69,random,ifnepitope2,mean_ml_score,0.6336585365853659
B4RJ69,random,ifnepitope2,mean_blast_score,0.0
B4RJ69,random,ifnepitope2,mean_total_score,0.6336585365853659
B4RJ69,random,ifnepitope2,med_ml_score,0.64
B4RJ69,random,ifnepitope2,med_blast_score,0.0
B4RJ69,random,ifnepitope2,med_total_score,0.64
B4RR25,random,ifnepitope2,mean_ml_score,0.6142211055276382
B4RR25,random,ifnepitope2,mean_blast_score,0.0
B4RR25,random,ifnepitope2,mean_total_score,0.6142211055276382
B4RR25,random,ifnepitope2,med_ml_score,0.62
B4RR25,random,ifnepitope2,med_blast_score,0.0
B4RR25,random,ifnepitope2,med_total_score,0.62
Q5F5T1,random,ifnepitope2,mean_ml_score,0.5997619047619047
Q5F5T1,random,ifnepitope2,mean_blast_score,0.0
Q5F5T1,random,ifnepitope2,mean_total_score,0.5997619047619047
Q5F5T1,random,ifnepitope2,med_ml_score,0.59
Q5F5T1,random,ifnepitope2,med_blast_score,0.0
Q5F5T1,random,ifnepitope2,med_total_score,0.59
Q5F9K6,random,ifnepitope2,mean_ml_score,0.6214457831325301
Q5F9K6,random,ifnepitope2,mean_blast_score,0.0
Q5F9K6,random,ifnepitope2,mean_total_score,0.6214457831325301
Q5F9K6,random,ifnepitope2,med_ml_score,0.62
Q5F9K6,random,ifnepitope2,med_blast_score,0.0
Q5F9K6,random,ifnepitope2,med_total_score,0.62
Q5F6L9,random,ifnepitope2,mean_ml_score,0.5983947939262473
Q5F6L9,random,ifnepitope2,mean_blast_score,0.0
Q5F6L9,random,ifnepitope2,mean_total_score,0.5983947939262473
Q5F6L9,random,ifnepitope2,med_ml_score,0.61
Q5F6L9,random,ifnepitope2,med_blast_score,0.0
Q5F6L9,random,ifnepitope2,med_total_score,0.61
Q50986,random,ifnepitope2,mean_ml_score,0.6166964285714286
Q50986,random,ifnepitope2,mean_blast_score,0.0
Q50986,random,ifnepitope2,mean_total_score,0.6166964285714286
Q50986,random,ifnepitope2,med_ml_score,0.62
Q50986,random,ifnepitope2,med_blast_score,0.0
Q50986,random,ifnepitope2,med_total_score,0.62
Q5F4W9,random,ifnepitope2,mean_ml_score,0.6179787234042553
Q5F4W9,random,ifnepitope2,mean_blast_score,0.0
Q5F4W9,random,ifnepitope2,mean_total_score,0.6179787234042553
Q5F4W9,random,ifnepitope2,med_ml_score,0.63
Q5F4W9,random,ifnepitope2,med_blast_score,0.0
Q5F4W9,random,ifnepitope2,med_total_score,0.63
B4RQC6,random,ifnepitope2,mean_ml_score,0.627132530120482
B4RQC6,random,ifnepitope2,mean_blast_score,0.0
B4RQC6,random,ifnepitope2,mean_total_score,0.627132530120482
B4RQC6,random,ifnepitope2,med_ml_score,0.64
B4RQC6,random,ifnepitope2,med_blast_score,0.0
B4RQC6,random,ifnepitope2,med_total_score,0.64
B4RJ05,random,ifnepitope2,mean_ml_score,0.6033618233618233
B4RJ05,random,ifnepitope2,mean_blast_score,0.0
B4RJ05,random,ifnepitope2,mean_total_score,0.6033618233618233
B4RJ05,random,ifnepitope2,med_ml_score,0.61
B4RJ05,random,ifnepitope2,med_blast_score,0.0
B4RJ05,random,ifnepitope2,med_total_score,0.61
Q5F7D8,random,ifnepitope2,mean_ml_score,0.6004275534441805
Q5F7D8,random,ifnepitope2,mean_blast_score,0.0
Q5F7D8,random,ifnepitope2,mean_total_score,0.6004275534441805
Q5F7D8,random,ifnepitope2,med_ml_score,0.6
Q5F7D8,random,ifnepitope2,med_blast_score,0.0
Q5F7D8,random,ifnepitope2,med_total_score,0.6
O06432,random,ifnepitope2,mean_ml_score,0.6203272727272727
O06432,random,ifnepitope2,mean_blast_score,0.0
O06432,random,ifnepitope2,mean_total_score,0.6203272727272727
O06432,random,ifnepitope2,med_ml_score,0.64
O06432,random,ifnepitope2,med_blast_score,0.0
O06432,random,ifnepitope2,med_total_score,0.64
Q5F935,random,ifnepitope2,mean_ml_score,0.6005172413793104
Q5F935,random,ifnepitope2,mean_blast_score,0.0
Q5F935,random,ifnepitope2,mean_total_score,0.6005172413793104
Q5F935,random,ifnepitope2,med_ml_score,0.605
Q5F935,random,ifnepitope2,med_blast_score,0.0
Q5F935,random,ifnepitope2,med_total_score,0.605
Q5F542,random,ifnepitope2,mean_ml_score,0.5264772727272727
Q5F542,random,ifnepitope2,mean_blast_score,0.0
Q5F542,random,ifnepitope2,mean_total_score,0.5264772727272727
Q5F542,random,ifnepitope2,med_ml_score,0.52
Q5F542,random,ifnepitope2,med_blast_score,0.0
Q5F542,random,ifnepitope2,med_total_score,0.52
Q5F6P1,random,ifnepitope2,mean_ml_score,0.6033760683760684
Q5F6P1,random,ifnepitope2,mean_blast_score,0.0
Q5F6P1,random,ifnepitope2,mean_total_score,0.6033760683760684
Q5F6P1,random,ifnepitope2,med_ml_score,0.61
Q5F6P1,random,ifnepitope2,med_blast_score,0.0
Q5F6P1,random,ifnepitope2,med_total_score,0.61
B4RJG2,random,ifnepitope2,mean_ml_score,0.6062068965517241
B4RJG2,random,ifnepitope2,mean_blast_score,0.0
B4RJG2,random,ifnepitope2,mean_total_score,0.6062068965517241
B4RJG2,random,ifnepitope2,med_ml_score,0.615
B4RJG2,random,ifnepitope2,med_blast_score,0.0
B4RJG2,random,ifnepitope2,med_total_score,0.615
B4RQW1,random,ifnepitope2,mean_ml_score,0.5302608695652173
B4RQW1,random,ifnepitope2,mean_blast_score,0.0
B4RQW1,random,ifnepitope2,mean_total_score,0.5302608695652173
B4RQW1,random,ifnepitope2,med_ml_score,0.55
B4RQW1,random,ifnepitope2,med_blast_score,0.0
B4RQW1,random,ifnepitope2,med_total_score,0.55
Q5F5M1,random,ifnepitope2,mean_ml_score,0.626958904109589
Q5F5M1,random,ifnepitope2,mean_blast_score,0.0
Q5F5M1,random,ifnepitope2,mean_total_score,0.626958904109589
Q5F5M1,random,ifnepitope2,med_ml_score,0.62
Q5F5M1,random,ifnepitope2,med_blast_score,0.0
Q5F5M1,random,ifnepitope2,med_total_score,0.62
B4RQ61,random,ifnepitope2,mean_ml_score,0.6091469194312796
B4RQ61,random,ifnepitope2,mean_blast_score,0.0
B4RQ61,random,ifnepitope2,mean_total_score,0.6091469194312796
B4RQ61,random,ifnepitope2,med_ml_score,0.6
B4RQ61,random,ifnepitope2,med_blast_score,0.0
B4RQ61,random,ifnepitope2,med_total_score,0.6
Q5F882,random,ifnepitope2,mean_ml_score,0.5955725190839695
Q5F882,random,ifnepitope2,mean_blast_score,0.0
Q5F882,random,ifnepitope2,mean_total_score,0.5955725190839695
Q5F882,random,ifnepitope2,med_ml_score,0.6
Q5F882,random,ifnepitope2,med_blast_score,0.0
Q5F882,random,ifnepitope2,med_total_score,0.6
O07813,random,ifnepitope2,mean_ml_score,0.5837719298245614
O07813,random,ifnepitope2,mean_blast_score,0.0
O07813,random,ifnepitope2,mean_total_score,0.5837719298245614
O07813,random,ifnepitope2,med_ml_score,0.61
O07813,random,ifnepitope2,med_blast_score,0.0
O07813,random,ifnepitope2,med_total_score,0.61
Q04878,random,ifnepitope2,mean_ml_score,0.5753275109170306
Q04878,random,ifnepitope2,mean_blast_score,0.0
Q04878,random,ifnepitope2,mean_total_score,0.5753275109170306
Q04878,random,ifnepitope2,med_ml_score,0.59
Q04878,random,ifnepitope2,med_blast_score,0.0
Q04878,random,ifnepitope2,med_total_score,0.59
B4RR62,random,ifnepitope2,mean_ml_score,0.5582857142857143
B4RR62,random,ifnepitope2,mean_blast_score,0.0
B4RR62,random,ifnepitope2,mean_total_score,0.5582857142857143
B4RR62,random,ifnepitope2,med_ml_score,0.575
B4RR62,random,ifnepitope2,med_blast_score,0.0
B4RR62,random,ifnepitope2,med_total_score,0.575
Q5F6Y8,random,ifnepitope2,mean_ml_score,0.6125833333333334
Q5F6Y8,random,ifnepitope2,mean_blast_score,0.0
Q5F6Y8,random,ifnepitope2,mean_total_score,0.6125833333333334
Q5F6Y8,random,ifnepitope2,med_ml_score,0.61
Q5F6Y8,random,ifnepitope2,med_blast_score,0.0
Q5F6Y8,random,ifnepitope2,med_total_score,0.61
B4RPR1,random,ifnepitope2,mean_ml_score,0.577095115681234
B4RPR1,random,ifnepitope2,mean_blast_score,0.0
B4RPR1,random,ifnepitope2,mean_total_score,0.577095115681234
B4RPR1,random,ifnepitope2,med_ml_score,0.59
B4RPR1,random,ifnepitope2,med_blast_score,0.0
B4RPR1,random,ifnepitope2,med_total_score,0.59
Q5F5D9,random,ifnepitope2,mean_ml_score,0.5671276595744681
Q5F5D9,random,ifnepitope2,mean_blast_score,0.0
Q5F5D9,random,ifnepitope2,mean_total_score,0.5671276595744681
Q5F5D9,random,ifnepitope2,med_ml_score,0.57
Q5F5D9,random,ifnepitope2,med_blast_score,0.0
Q5F5D9,random,ifnepitope2,med_total_score,0.57
Q04885,random,ifnepitope2,mean_ml_score,0.5757709251101322
Q04885,random,ifnepitope2,mean_blast_score,0.0
Q04885,random,ifnepitope2,mean_total_score,0.5757709251101322
Q04885,random,ifnepitope2,med_ml_score,0.58
Q04885,random,ifnepitope2,med_blast_score,0.0
Q04885,random,ifnepitope2,med_total_score,0.58
Q5FAH8,random,ifnepitope2,mean_ml_score,0.5902380952380952
Q5FAH8,random,ifnepitope2,mean_blast_score,0.0
Q5FAH8,random,ifnepitope2,mean_total_score,0.5902380952380952
Q5FAH8,random,ifnepitope2,med_ml_score,0.59
Q5FAH8,random,ifnepitope2,med_blast_score,0.0
Q5FAH8,random,ifnepitope2,med_total_score,0.59
Q5F783,random,ifnepitope2,mean_ml_score,0.6248109965635739
Q5F783,random,ifnepitope2,mean_blast_score,0.0
Q5F783,random,ifnepitope2,mean_total_score,0.6248109965635739
Q5F783,random,ifnepitope2,med_ml_score,0.63
Q5F783,random,ifnepitope2,med_blast_score,0.0
Q5F783,random,ifnepitope2,med_total_score,0.63
B4RQ94,random,ifnepitope2,mean_ml_score,0.6164435146443514
B4RQ94,random,ifnepitope2,mean_blast_score,0.0
B4RQ94,random,ifnepitope2,mean_total_score,0.6164435146443514
B4RQ94,random,ifnepitope2,med_ml_score,0.61
B4RQ94,random,ifnepitope2,med_blast_score,0.0
B4RQ94,random,ifnepitope2,med_total_score,0.61
B4RQQ5,random,ifnepitope2,mean_ml_score,0.607375
B4RQQ5,random,ifnepitope2,mean_blast_score,0.0
B4RQQ5,random,ifnepitope2,mean_total_score,0.607375
B4RQQ5,random,ifnepitope2,med_ml_score,0.62
B4RQQ5,random,ifnepitope2,med_blast_score,0.0
B4RQQ5,random,ifnepitope2,med_total_score,0.62
B4RKF0,random,ifnepitope2,mean_ml_score,0.616996336996337
B4RKF0,random,ifnepitope2,mean_blast_score,0.0
B4RKF0,random,ifnepitope2,mean_total_score,0.616996336996337
B4RKF0,random,ifnepitope2,med_ml_score,0.61
B4RKF0,random,ifnepitope2,med_blast_score,0.0
B4RKF0,random,ifnepitope2,med_total_score,0.61
Q5FA52,random,ifnepitope2,mean_ml_score,0.6286082474226804
Q5FA52,random,ifnepitope2,mean_blast_score,0.0
Q5FA52,random,ifnepitope2,mean_total_score,0.6286082474226804
Q5FA52,random,ifnepitope2,med_ml_score,0.64
Q5FA52,random,ifnepitope2,med_blast_score,0.0
Q5FA52,random,ifnepitope2,med_total_score,0.64
B4RMM2,random,ifnepitope2,mean_ml_score,0.5844694533762058
B4RMM2,random,ifnepitope2,mean_blast_score,0.0
B4RMM2,random,ifnepitope2,mean_total_score,0.5844694533762058
B4RMM2,random,ifnepitope2,med_ml_score,0.57
B4RMM2,random,ifnepitope2,med_blast_score,0.0
B4RMM2,random,ifnepitope2,med_total_score,0.57
Q5F775,random,ifnepitope2,mean_ml_score,0.586497461928934
Q5F775,random,ifnepitope2,mean_blast_score,0.0
Q5F775,random,ifnepitope2,mean_total_score,0.586497461928934
Q5F775,random,ifnepitope2,med_ml_score,0.59
Q5F775,random,ifnepitope2,med_blast_score,0.0
Q5F775,random,ifnepitope2,med_total_score,0.59
Q59603,random,ifnepitope2,mean_ml_score,0.6095317725752508
Q59603,random,ifnepitope2,mean_blast_score,0.0
Q59603,random,ifnepitope2,mean_total_score,0.6095317725752508
Q59603,random,ifnepitope2,med_ml_score,0.61
Q59603,random,ifnepitope2,med_blast_score,0.0
Q59603,random,ifnepitope2,med_total_score,0.61
B4RQY7,random,ifnepitope2,mean_ml_score,0.5882456140350877
B4RQY7,random,ifnepitope2,mean_blast_score,0.0
B4RQY7,random,ifnepitope2,mean_total_score,0.5882456140350877
B4RQY7,random,ifnepitope2,med_ml_score,0.59
B4RQY7,random,ifnepitope2,med_blast_score,0.0
B4RQY7,random,ifnepitope2,med_total_score,0.59
B4RJH7,random,ifnepitope2,mean_ml_score,0.6127875243664718
B4RJH7,random,ifnepitope2,mean_blast_score,0.0
B4RJH7,random,ifnepitope2,mean_total_score,0.6127875243664718
B4RJH7,random,ifnepitope2,med_ml_score,0.61
B4RJH7,random,ifnepitope2,med_blast_score,0.0
B4RJH7,random,ifnepitope2,med_total_score,0.61
B4RJN3,random,ifnepitope2,mean_ml_score,0.5981781376518218
B4RJN3,random,ifnepitope2,mean_blast_score,0.0
B4RJN3,random,ifnepitope2,mean_total_score,0.5981781376518218
B4RJN3,random,ifnepitope2,med_ml_score,0.61
B4RJN3,random,ifnepitope2,med_blast_score,0.0
B4RJN3,random,ifnepitope2,med_total_score,0.61
Q5F746,random,ifnepitope2,mean_ml_score,0.5914908256880734
Q5F746,random,ifnepitope2,mean_blast_score,0.0
Q5F746,random,ifnepitope2,mean_total_score,0.5914908256880734
Q5F746,random,ifnepitope2,med_ml_score,0.6
Q5F746,random,ifnepitope2,med_blast_score,0.0
Q5F746,random,ifnepitope2,med_total_score,0.6
Q5F4X8,random,ifnepitope2,mean_ml_score,0.5623941368078176
Q5F4X8,random,ifnepitope2,mean_blast_score,0.0
Q5F4X8,random,ifnepitope2,mean_total_score,0.5623941368078176
Q5F4X8,random,ifnepitope2,med_ml_score,0.56
Q5F4X8,random,ifnepitope2,med_blast_score,0.0
Q5F4X8,random,ifnepitope2,med_total_score,0.56
B4RNL5,random,ifnepitope2,mean_ml_score,0.5764516129032258
B4RNL5,random,ifnepitope2,mean_blast_score,0.0
B4RNL5,random,ifnepitope2,mean_total_score,0.5764516129032258
B4RNL5,random,ifnepitope2,med_ml_score,0.56
B4RNL5,random,ifnepitope2,med_blast_score,0.0
B4RNL5,random,ifnepitope2,med_total_score,0.56
B4RK98,random,ifnepitope2,mean_ml_score,0.590566037735849
B4RK98,random,ifnepitope2,mean_blast_score,0.0
B4RK98,random,ifnepitope2,mean_total_score,0.590566037735849
B4RK98,random,ifnepitope2,med_ml_score,0.6
B4RK98,random,ifnepitope2,med_blast_score,0.0
B4RK98,random,ifnepitope2,med_total_score,0.6
B4RK79,random,ifnepitope2,mean_ml_score,0.6160714285714286
B4RK79,random,ifnepitope2,mean_blast_score,0.0
B4RK79,random,ifnepitope2,mean_total_score,0.6160714285714286
B4RK79,random,ifnepitope2,med_ml_score,0.625
B4RK79,random,ifnepitope2,med_blast_score,0.0
B4RK79,random,ifnepitope2,med_total_score,0.625
Q5F9D8,random,ifnepitope2,mean_ml_score,0.5881274900398407
Q5F9D8,random,ifnepitope2,mean_blast_score,0.0
Q5F9D8,random,ifnepitope2,mean_total_score,0.5881274900398407
Q5F9D8,random,ifnepitope2,med_ml_score,0.6
Q5F9D8,random,ifnepitope2,med_blast_score,0.0
Q5F9D8,random,ifnepitope2,med_total_score,0.6
Q5F8J0,random,ifnepitope2,mean_ml_score,0.6096296296296296
Q5F8J0,random,ifnepitope2,mean_blast_score,0.0
Q5F8J0,random,ifnepitope2,mean_total_score,0.6096296296296296
Q5F8J0,random,ifnepitope2,med_ml_score,0.62
Q5F8J0,random,ifnepitope2,med_blast_score,0.0
Q5F8J0,random,ifnepitope2,med_total_score,0.62
Q5F5U0,random,ifnepitope2,mean_ml_score,0.5963440860215053
Q5F5U0,random,ifnepitope2,mean_blast_score,0.0
Q5F5U0,random,ifnepitope2,mean_total_score,0.5963440860215053
Q5F5U0,random,ifnepitope2,med_ml_score,0.61
Q5F5U0,random,ifnepitope2,med_blast_score,0.0
Q5F5U0,random,ifnepitope2,med_total_score,0.61
Q51008,random,ifnepitope2,mean_ml_score,0.6315441176470589
Q51008,random,ifnepitope2,mean_blast_score,0.0
Q51008,random,ifnepitope2,mean_total_score,0.6315441176470589
Q51008,random,ifnepitope2,med_ml_score,0.63
Q51008,random,ifnepitope2,med_blast_score,0.0
Q51008,random,ifnepitope2,med_total_score,0.63
Q04882,random,ifnepitope2,mean_ml_score,0.573811475409836
Q04882,random,ifnepitope2,mean_blast_score,0.0
Q04882,random,ifnepitope2,mean_total_score,0.573811475409836
Q04882,random,ifnepitope2,med_ml_score,0.58
Q04882,random,ifnepitope2,med_blast_score,0.0
Q04882,random,ifnepitope2,med_total_score,0.58
P95361,random,ifnepitope2,mean_ml_score,0.6155938697318007
P95361,random,ifnepitope2,mean_blast_score,0.0
P95361,random,ifnepitope2,mean_total_score,0.6155938697318007
P95361,random,ifnepitope2,med_ml_score,0.64
P95361,random,ifnepitope2,med_blast_score,0.0
P95361,random,ifnepitope2,med_total_score,0.64
B4RLX4,random,ifnepitope2,mean_ml_score,0.6009597523219814
B4RLX4,random,ifnepitope2,mean_blast_score,0.0
B4RLX4,random,ifnepitope2,mean_total_score,0.6009597523219814
B4RLX4,random,ifnepitope2,med_ml_score,0.6
B4RLX4,random,ifnepitope2,med_blast_score,0.0
B4RLX4,random,ifnepitope2,med_total_score,0.6
P39897,random,ifnepitope2,mean_ml_score,0.5951980198019802
P39897,random,ifnepitope2,mean_blast_score,0.0
P39897,random,ifnepitope2,mean_total_score,0.5951980198019802
P39897,random,ifnepitope2,med_ml_score,0.61
P39897,random,ifnepitope2,med_blast_score,0.0
P39897,random,ifnepitope2,med_total_score,0.61
P72079,random,ifnepitope2,mean_ml_score,0.6005729166666667
P72079,random,ifnepitope2,mean_blast_score,0.0
P72079,random,ifnepitope2,mean_total_score,0.6005729166666667
P72079,random,ifnepitope2,med_ml_score,0.6
P72079,random,ifnepitope2,med_blast_score,0.0
P72079,random,ifnepitope2,med_total_score,0.6
B4RJY6,random,ifnepitope2,mean_ml_score,0.5404504504504505
B4RJY6,random,ifnepitope2,mean_blast_score,0.0
B4RJY6,random,ifnepitope2,mean_total_score,0.5404504504504505
B4RJY6,random,ifnepitope2,med_ml_score,0.55
B4RJY6,random,ifnepitope2,med_blast_score,0.0
B4RJY6,random,ifnepitope2,med_total_score,0.55
B4RNW8,random,ifnepitope2,mean_ml_score,0.5951152073732718
B4RNW8,random,ifnepitope2,mean_blast_score,0.0
B4RNW8,random,ifnepitope2,mean_total_score,0.5951152073732718
B4RNW8,random,ifnepitope2,med_ml_score,0.6
B4RNW8,random,ifnepitope2,med_blast_score,0.0
B4RNW8,random,ifnepitope2,med_total_score,0.6
Q50950,random,ifnepitope2,mean_ml_score,0.5895220588235294
Q50950,random,ifnepitope2,mean_blast_score,0.0
Q50950,random,ifnepitope2,mean_total_score,0.5895220588235294
Q50950,random,ifnepitope2,med_ml_score,0.6
Q50950,random,ifnepitope2,med_blast_score,0.0
Q50950,random,ifnepitope2,med_total_score,0.6
Q9XB01,random,ifnepitope2,mean_ml_score,0.600735294117647
Q9XB01,random,ifnepitope2,mean_blast_score,0.0
Q9XB01,random,ifnepitope2,mean_total_score,0.600735294117647
Q9XB01,random,ifnepitope2,med_ml_score,0.6
Q9XB01,random,ifnepitope2,med_blast_score,0.0
Q9XB01,random,ifnepitope2,med_total_score,0.6
B4RJT3,random,ifnepitope2,mean_ml_score,0.5978195488721805
B4RJT3,random,ifnepitope2,mean_blast_score,0.0
B4RJT3,random,ifnepitope2,mean_total_score,0.5978195488721805
B4RJT3,random,ifnepitope2,med_ml_score,0.6
B4RJT3,random,ifnepitope2,med_blast_score,0.0
B4RJT3,random,ifnepitope2,med_total_score,0.6
Q5F551,random,ifnepitope2,mean_ml_score,0.5776687116564417
Q5F551,random,ifnepitope2,mean_blast_score,0.0
Q5F551,random,ifnepitope2,mean_total_score,0.5776687116564417
Q5F551,random,ifnepitope2,med_ml_score,0.59
Q5F551,random,ifnepitope2,med_blast_score,0.0
Q5F551,random,ifnepitope2,med_total_score,0.59
B4RLE6,random,ifnepitope2,mean_ml_score,0.5764077669902913
B4RLE6,random,ifnepitope2,mean_blast_score,0.0
B4RLE6,random,ifnepitope2,mean_total_score,0.5764077669902913
B4RLE6,random,ifnepitope2,med_ml_score,0.57
B4RLE6,random,ifnepitope2,med_blast_score,0.0
B4RLE6,random,ifnepitope2,med_total_score,0.57
B4RK82,random,ifnepitope2,mean_ml_score,0.5686868686868687
B4RK82,random,ifnepitope2,mean_blast_score,0.0
B4RK82,random,ifnepitope2,mean_total_score,0.5686868686868687
B4RK82,random,ifnepitope2,med_ml_score,0.57
B4RK82,random,ifnepitope2,med_blast_score,0.0
B4RK82,random,ifnepitope2,med_total_score,0.57
B4RIW5,random,ifnepitope2,mean_ml_score,0.576027397260274
B4RIW5,random,ifnepitope2,mean_blast_score,0.0
B4RIW5,random,ifnepitope2,mean_total_score,0.576027397260274
B4RIW5,random,ifnepitope2,med_ml_score,0.57
B4RIW5,random,ifnepitope2,med_blast_score,0.0
B4RIW5,random,ifnepitope2,med_total_score,0.57
O05131,random,ifnepitope2,mean_ml_score,0.593987341772152
O05131,random,ifnepitope2,mean_blast_score,0.0
O05131,random,ifnepitope2,mean_total_score,0.593987341772152
O05131,random,ifnepitope2,med_ml_score,0.59
O05131,random,ifnepitope2,med_blast_score,0.0
O05131,random,ifnepitope2,med_total_score,0.59
B4RR10,random,ifnepitope2,mean_ml_score,0.5824
B4RR10,random,ifnepitope2,mean_blast_score,0.0
B4RR10,random,ifnepitope2,mean_total_score,0.5824
B4RR10,random,ifnepitope2,med_ml_score,0.59
B4RR10,random,ifnepitope2,med_blast_score,0.0
B4RR10,random,ifnepitope2,med_total_score,0.59
P52325,random,ifnepitope2,mean_ml_score,0.5807097791798107
P52325,random,ifnepitope2,mean_blast_score,0.0
P52325,random,ifnepitope2,mean_total_score,0.5807097791798107
P52325,random,ifnepitope2,med_ml_score,0.585
P52325,random,ifnepitope2,med_blast_score,0.0
P52325,random,ifnepitope2,med_total_score,0.585
B4RPR2,random,ifnepitope2,mean_ml_score,0.6253545232273838
B4RPR2,random,ifnepitope2,mean_blast_score,0.0
B4RPR2,random,ifnepitope2,mean_total_score,0.6253545232273838
B4RPR2,random,ifnepitope2,med_ml_score,0.63
B4RPR2,random,ifnepitope2,med_blast_score,0.0
B4RPR2,random,ifnepitope2,med_total_score,0.63
Q5F849,random,ifnepitope2,mean_ml_score,0.584982332155477
Q5F849,random,ifnepitope2,mean_blast_score,0.0
Q5F849,random,ifnepitope2,mean_total_score,0.584982332155477
Q5F849,random,ifnepitope2,med_ml_score,0.58
Q5F849,random,ifnepitope2,med_blast_score,0.0
Q5F849,random,ifnepitope2,med_total_score,0.58
B4RQ36,random,ifnepitope2,mean_ml_score,0.5808661417322835
B4RQ36,random,ifnepitope2,mean_blast_score,0.0
B4RQ36,random,ifnepitope2,mean_total_score,0.5808661417322835
B4RQ36,random,ifnepitope2,med_ml_score,0.58
B4RQ36,random,ifnepitope2,med_blast_score,0.0
B4RQ36,random,ifnepitope2,med_total_score,0.58
P04174,random,ifnepitope2,mean_ml_score,0.5931578947368421
P04174,random,ifnepitope2,mean_blast_score,0.0
P04174,random,ifnepitope2,mean_total_score,0.5931578947368421
P04174,random,ifnepitope2,med_ml_score,0.595
P04174,random,ifnepitope2,med_blast_score,0.0
P04174,random,ifnepitope2,med_total_score,0.595
B4RPI3,random,ifnepitope2,mean_ml_score,0.6300657894736842
B4RPI3,random,ifnepitope2,mean_blast_score,0.0
B4RPI3,random,ifnepitope2,mean_total_score,0.6300657894736842
B4RPI3,random,ifnepitope2,med_ml_score,0.64
B4RPI3,random,ifnepitope2,med_blast_score,0.0
B4RPI3,random,ifnepitope2,med_total_score,0.64
B4RLL1,random,ifnepitope2,mean_ml_score,0.5985542168674699
B4RLL1,random,ifnepitope2,mean_blast_score,0.0
B4RLL1,random,ifnepitope2,mean_total_score,0.5985542168674699
B4RLL1,random,ifnepitope2,med_ml_score,0.6
B4RLL1,random,ifnepitope2,med_blast_score,0.0
B4RLL1,random,ifnepitope2,med_total_score,0.6
O07817,random,ifnepitope2,mean_ml_score,0.6323232323232323
O07817,random,ifnepitope2,mean_blast_score,0.0
O07817,random,ifnepitope2,mean_total_score,0.6323232323232323
O07817,random,ifnepitope2,med_ml_score,0.61
O07817,random,ifnepitope2,med_blast_score,0.0
O07817,random,ifnepitope2,med_total_score,0.61
Q5F5V2,random,ifnepitope2,mean_ml_score,0.59409375
Q5F5V2,random,ifnepitope2,mean_blast_score,0.0
Q5F5V2,random,ifnepitope2,mean_total_score,0.59409375
Q5F5V2,random,ifnepitope2,med_ml_score,0.6
Q5F5V2,random,ifnepitope2,med_blast_score,0.0
Q5F5V2,random,ifnepitope2,med_total_score,0.6
B4RL22,random,ifnepitope2,mean_ml_score,0.6009397163120568
B4RL22,random,ifnepitope2,mean_blast_score,0.0
B4RL22,random,ifnepitope2,mean_total_score,0.6009397163120568
B4RL22,random,ifnepitope2,med_ml_score,0.61
B4RL22,random,ifnepitope2,med_blast_score,0.0
B4RL22,random,ifnepitope2,med_total_score,0.61
Q5F8K2,random,ifnepitope2,mean_ml_score,0.637085201793722
Q5F8K2,random,ifnepitope2,mean_blast_score,0.0
Q5F8K2,random,ifnepitope2,mean_total_score,0.637085201793722
Q5F8K2,random,ifnepitope2,med_ml_score,0.66
Q5F8K2,random,ifnepitope2,med_blast_score,0.0
Q5F8K2,random,ifnepitope2,med_total_score,0.66
B4RJF6,random,ifnepitope2,mean_ml_score,0.5666891891891892
B4RJF6,random,ifnepitope2,mean_blast_score,0.0
B4RJF6,random,ifnepitope2,mean_total_score,0.5666891891891892
B4RJF6,random,ifnepitope2,med_ml_score,0.57
B4RJF6,random,ifnepitope2,med_blast_score,0.0
B4RJF6,random,ifnepitope2,med_total_score,0.57
Q5F8D4,random,ifnepitope2,mean_ml_score,0.5872495755517827
Q5F8D4,random,ifnepitope2,mean_blast_score,0.0
Q5F8D4,random,ifnepitope2,mean_total_score,0.5872495755517827
Q5F8D4,random,ifnepitope2,med_ml_score,0.58
Q5F8D4,random,ifnepitope2,med_blast_score,0.0
Q5F8D4,random,ifnepitope2,med_total_score,0.58
Q5FA29,random,ifnepitope2,mean_ml_score,0.5785427135678392
Q5FA29,random,ifnepitope2,mean_blast_score,0.0
Q5FA29,random,ifnepitope2,mean_total_score,0.5785427135678392
Q5FA29,random,ifnepitope2,med_ml_score,0.57
Q5FA29,random,ifnepitope2,med_blast_score,0.0
Q5FA29,random,ifnepitope2,med_total_score,0.57
B4RMI6,random,ifnepitope2,mean_ml_score,0.6013478260869565
B4RMI6,random,ifnepitope2,mean_blast_score,0.0
B4RMI6,random,ifnepitope2,mean_total_score,0.6013478260869565
B4RMI6,random,ifnepitope2,med_ml_score,0.61
B4RMI6,random,ifnepitope2,med_blast_score,0.0
B4RMI6,random,ifnepitope2,med_total_score,0.61
Q5F9R5,random,ifnepitope2,mean_ml_score,0.6458426966292135
Q5F9R5,random,ifnepitope2,mean_blast_score,0.0
Q5F9R5,random,ifnepitope2,mean_total_score,0.6458426966292135
Q5F9R5,random,ifnepitope2,med_ml_score,0.64
Q5F9R5,random,ifnepitope2,med_blast_score,0.0
Q5F9R5,random,ifnepitope2,med_total_score,0.64
B4RP13,random,ifnepitope2,mean_ml_score,0.5764066193853428
B4RP13,random,ifnepitope2,mean_blast_score,0.0
B4RP13,random,ifnepitope2,mean_total_score,0.5764066193853428
B4RP13,random,ifnepitope2,med_ml_score,0.58
B4RP13,random,ifnepitope2,med_blast_score,0.0
B4RP13,random,ifnepitope2,med_total_score,0.58
B4RLL6,random,ifnepitope2,mean_ml_score,0.6348341232227488
B4RLL6,random,ifnepitope2,mean_blast_score,0.0
B4RLL6,random,ifnepitope2,mean_total_score,0.6348341232227488
B4RLL6,random,ifnepitope2,med_ml_score,0.64
B4RLL6,random,ifnepitope2,med_blast_score,0.0
B4RLL6,random,ifnepitope2,med_total_score,0.64
Q5F5C4,random,ifnepitope2,mean_ml_score,0.6574409448818898
Q5F5C4,random,ifnepitope2,mean_blast_score,0.0
Q5F5C4,random,ifnepitope2,mean_total_score,0.6574409448818898
Q5F5C4,random,ifnepitope2,med_ml_score,0.66
Q5F5C4,random,ifnepitope2,med_blast_score,0.0
Q5F5C4,random,ifnepitope2,med_total_score,0.66
B4RLX9,random,ifnepitope2,mean_ml_score,0.5858943089430895
B4RLX9,random,ifnepitope2,mean_blast_score,0.0
B4RLX9,random,ifnepitope2,mean_total_score,0.5858943089430895
B4RLX9,random,ifnepitope2,med_ml_score,0.6
B4RLX9,random,ifnepitope2,med_blast_score,0.0
B4RLX9,random,ifnepitope2,med_total_score,0.6
Q04879,random,ifnepitope2,mean_ml_score,0.5753275109170306
Q04879,random,ifnepitope2,mean_blast_score,0.0
Q04879,random,ifnepitope2,mean_total_score,0.5753275109170306
Q04879,random,ifnepitope2,med_ml_score,0.59
Q04879,random,ifnepitope2,med_blast_score,0.0
Q04879,random,ifnepitope2,med_total_score,0.59
B4RJI1,random,ifnepitope2,mean_ml_score,0.5726602564102564
B4RJI1,random,ifnepitope2,mean_blast_score,0.0
B4RJI1,random,ifnepitope2,mean_total_score,0.5726602564102564
B4RJI1,random,ifnepitope2,med_ml_score,0.58
B4RJI1,random,ifnepitope2,med_blast_score,0.0
B4RJI1,random,ifnepitope2,med_total_score,0.58
B4RJL0,random,ifnepitope2,mean_ml_score,0.6171604938271605
B4RJL0,random,ifnepitope2,mean_blast_score,0.0
B4RJL0,random,ifnepitope2,mean_total_score,0.6171604938271605
B4RJL0,random,ifnepitope2,med_ml_score,0.63
B4RJL0,random,ifnepitope2,med_blast_score,0.0
B4RJL0,random,ifnepitope2,med_total_score,0.63
P35819,random,ifnepitope2,mean_ml_score,0.5834517045454546
P35819,random,ifnepitope2,mean_blast_score,0.0
P35819,random,ifnepitope2,mean_total_score,0.5834517045454546
P35819,random,ifnepitope2,med_ml_score,0.59
P35819,random,ifnepitope2,med_blast_score,0.0
P35819,random,ifnepitope2,med_total_score,0.59
Q5F5V1,random,ifnepitope2,mean_ml_score,0.5682828282828283
Q5F5V1,random,ifnepitope2,mean_blast_score,0.0
Q5F5V1,random,ifnepitope2,mean_total_score,0.5682828282828283
Q5F5V1,random,ifnepitope2,med_ml_score,0.57
Q5F5V1,random,ifnepitope2,med_blast_score,0.0
Q5F5V1,random,ifnepitope2,med_total_score,0.57
Q5F881,random,ifnepitope2,mean_ml_score,0.5941428571428572
Q5F881,random,ifnepitope2,mean_blast_score,0.0
Q5F881,random,ifnepitope2,mean_total_score,0.5941428571428572
Q5F881,random,ifnepitope2,med_ml_score,0.59
Q5F881,random,ifnepitope2,med_blast_score,0.0
Q5F881,random,ifnepitope2,med_total_score,0.59
B4RQ33,random,ifnepitope2,mean_ml_score,0.6169942196531792
B4RQ33,random,ifnepitope2,mean_blast_score,0.0
B4RQ33,random,ifnepitope2,mean_total_score,0.6169942196531792
B4RQ33,random,ifnepitope2,med_ml_score,0.62
B4RQ33,random,ifnepitope2,med_blast_score,0.0
B4RQ33,random,ifnepitope2,med_total_score,0.62
Q5F8T6,random,ifnepitope2,mean_ml_score,0.6077011494252874
Q5F8T6,random,ifnepitope2,mean_blast_score,0.0
Q5F8T6,random,ifnepitope2,mean_total_score,0.6077011494252874
Q5F8T6,random,ifnepitope2,med_ml_score,0.61
Q5F8T6,random,ifnepitope2,med_blast_score,0.0
Q5F8T6,random,ifnepitope2,med_total_score,0.61
B4RL77,random,ifnepitope2,mean_ml_score,0.5975263157894737
B4RL77,random,ifnepitope2,mean_blast_score,0.0
B4RL77,random,ifnepitope2,mean_total_score,0.5975263157894737
B4RL77,random,ifnepitope2,med_ml_score,0.6
B4RL77,random,ifnepitope2,med_blast_score,0.0
B4RL77,random,ifnepitope2,med_total_score,0.6
B4RK11,random,ifnepitope2,mean_ml_score,0.6073839662447258
B4RK11,random,ifnepitope2,mean_blast_score,0.0
B4RK11,random,ifnepitope2,mean_total_score,0.6073839662447258
B4RK11,random,ifnepitope2,med_ml_score,0.61
B4RK11,random,ifnepitope2,med_blast_score,0.0
B4RK11,random,ifnepitope2,med_total_score,0.61
Q5F5R3,random,ifnepitope2,mean_ml_score,0.5474050632911392
Q5F5R3,random,ifnepitope2,mean_blast_score,0.0
Q5F5R3,random,ifnepitope2,mean_total_score,0.5474050632911392
Q5F5R3,random,ifnepitope2,med_ml_score,0.55
Q5F5R3,random,ifnepitope2,med_blast_score,0.0
Q5F5R3,random,ifnepitope2,med_total_score,0.55
B4RIY7,random,ifnepitope2,mean_ml_score,0.6100456621004566
B4RIY7,random,ifnepitope2,mean_blast_score,0.0
B4RIY7,random,ifnepitope2,mean_total_score,0.6100456621004566
B4RIY7,random,ifnepitope2,med_ml_score,0.61
B4RIY7,random,ifnepitope2,med_blast_score,0.0
B4RIY7,random,ifnepitope2,med_total_score,0.61
P58152,random,ifnepitope2,mean_ml_score,0.6362025316455696
P58152,random,ifnepitope2,mean_blast_score,0.0
P58152,random,ifnepitope2,mean_total_score,0.6362025316455696
P58152,random,ifnepitope2,med_ml_score,0.63
P58152,random,ifnepitope2,med_blast_score,0.0
P58152,random,ifnepitope2,med_total_score,0.63
Q06581,random,ifnepitope2,mean_ml_score,0.6248773006134969
Q06581,random,ifnepitope2,mean_blast_score,0.0
Q06581,random,ifnepitope2,mean_total_score,0.6248773006134969
Q06581,random,ifnepitope2,med_ml_score,0.64
Q06581,random,ifnepitope2,med_blast_score,0.0
Q06581,random,ifnepitope2,med_total_score,0.64
B4RN50,random,ifnepitope2,mean_ml_score,0.6209456264775414
B4RN50,random,ifnepitope2,mean_blast_score,0.0
B4RN50,random,ifnepitope2,mean_total_score,0.6209456264775414
B4RN50,random,ifnepitope2,med_ml_score,0.62
B4RN50,random,ifnepitope2,med_blast_score,0.0
B4RN50,random,ifnepitope2,med_total_score,0.62
Q5F9Y6,random,ifnepitope2,mean_ml_score,0.5858893280632411
Q5F9Y6,random,ifnepitope2,mean_blast_score,0.0
Q5F9Y6,random,ifnepitope2,mean_total_score,0.5858893280632411
Q5F9Y6,random,ifnepitope2,med_ml_score,0.58
Q5F9Y6,random,ifnepitope2,med_blast_score,0.0
Q5F9Y6,random,ifnepitope2,med_total_score,0.58
B4RQK5,random,ifnepitope2,mean_ml_score,0.5854918032786885
B4RQK5,random,ifnepitope2,mean_blast_score,0.0
B4RQK5,random,ifnepitope2,mean_total_score,0.5854918032786885
B4RQK5,random,ifnepitope2,med_ml_score,0.6
B4RQK5,random,ifnepitope2,med_blast_score,0.0
B4RQK5,random,ifnepitope2,med_total_score,0.6
Q5F6H4,random,ifnepitope2,mean_ml_score,0.6223606557377049
Q5F6H4,random,ifnepitope2,mean_blast_score,0.0
Q5F6H4,random,ifnepitope2,mean_total_score,0.6223606557377049
Q5F6H4,random,ifnepitope2,med_ml_score,0.63
Q5F6H4,random,ifnepitope2,med_blast_score,0.0
Q5F6H4,random,ifnepitope2,med_total_score,0.63
B4RK03,random,ifnepitope2,mean_ml_score,0.5992391304347826
B4RK03,random,ifnepitope2,mean_blast_score,0.0
B4RK03,random,ifnepitope2,mean_total_score,0.5992391304347826
B4RK03,random,ifnepitope2,med_ml_score,0.6
B4RK03,random,ifnepitope2,med_blast_score,0.0
B4RK03,random,ifnepitope2,med_total_score,0.6
Q5F569,random,ifnepitope2,mean_ml_score,0.6189297658862877
Q5F569,random,ifnepitope2,mean_blast_score,0.0
Q5F569,random,ifnepitope2,mean_total_score,0.6189297658862877
Q5F569,random,ifnepitope2,med_ml_score,0.63
Q5F569,random,ifnepitope2,med_blast_score,0.0
Q5F569,random,ifnepitope2,med_total_score,0.63
B4RN63,random,ifnepitope2,mean_ml_score,0.6384917355371901
B4RN63,random,ifnepitope2,mean_blast_score,0.0
B4RN63,random,ifnepitope2,mean_total_score,0.6384917355371901
B4RN63,random,ifnepitope2,med_ml_score,0.65
B4RN63,random,ifnepitope2,med_blast_score,0.0
B4RN63,random,ifnepitope2,med_total_score,0.65
P37762,random,ifnepitope2,mean_ml_score,0.5950357142857143
P37762,random,ifnepitope2,mean_blast_score,0.0
P37762,random,ifnepitope2,mean_total_score,0.5950357142857143
P37762,random,ifnepitope2,med_ml_score,0.59
P37762,random,ifnepitope2,med_blast_score,0.0
P37762,random,ifnepitope2,med_total_score,0.59
B4RQI7,random,ifnepitope2,mean_ml_score,0.6069553072625699
B4RQI7,random,ifnepitope2,mean_blast_score,0.0
B4RQI7,random,ifnepitope2,mean_total_score,0.6069553072625699
B4RQI7,random,ifnepitope2,med_ml_score,0.62
B4RQI7,random,ifnepitope2,med_blast_score,0.0
B4RQI7,random,ifnepitope2,med_total_score,0.62
Q5F9U4,random,ifnepitope2,mean_ml_score,0.6141176470588235
Q5F9U4,random,ifnepitope2,mean_blast_score,0.0
Q5F9U4,random,ifnepitope2,mean_total_score,0.6141176470588235
Q5F9U4,random,ifnepitope2,med_ml_score,0.62
Q5F9U4,random,ifnepitope2,med_blast_score,0.0
Q5F9U4,random,ifnepitope2,med_total_score,0.62
B4RPQ3,random,ifnepitope2,mean_ml_score,0.6097587719298245
B4RPQ3,random,ifnepitope2,mean_blast_score,0.0
B4RPQ3,random,ifnepitope2,mean_total_score,0.6097587719298245
B4RPQ3,random,ifnepitope2,med_ml_score,0.61
B4RPQ3,random,ifnepitope2,med_blast_score,0.0
B4RPQ3,random,ifnepitope2,med_total_score,0.61
B4RQE0,random,ifnepitope2,mean_ml_score,0.6224528301886793
B4RQE0,random,ifnepitope2,mean_blast_score,0.0
B4RQE0,random,ifnepitope2,mean_total_score,0.6224528301886793
B4RQE0,random,ifnepitope2,med_ml_score,0.62
B4RQE0,random,ifnepitope2,med_blast_score,0.0
B4RQE0,random,ifnepitope2,med_total_score,0.62
Q5F605,random,ifnepitope2,mean_ml_score,0.6468807339449542
Q5F605,random,ifnepitope2,mean_blast_score,0.0
Q5F605,random,ifnepitope2,mean_total_score,0.6468807339449542
Q5F605,random,ifnepitope2,med_ml_score,0.66
Q5F605,random,ifnepitope2,med_blast_score,0.0
Q5F605,random,ifnepitope2,med_total_score,0.66
B4RLK3,random,ifnepitope2,mean_ml_score,0.5810663507109005
B4RLK3,random,ifnepitope2,mean_blast_score,0.0
B4RLK3,random,ifnepitope2,mean_total_score,0.5810663507109005
B4RLK3,random,ifnepitope2,med_ml_score,0.59
B4RLK3,random,ifnepitope2,med_blast_score,0.0
B4RLK3,random,ifnepitope2,med_total_score,0.59
P07211,random,ifnepitope2,mean_ml_score,0.5204
P07211,random,ifnepitope2,mean_blast_score,0.0
P07211,random,ifnepitope2,mean_total_score,0.5204
P07211,random,ifnepitope2,med_ml_score,0.55
P07211,random,ifnepitope2,med_blast_score,0.0
P07211,random,ifnepitope2,med_total_score,0.55
B4RLK9,random,ifnepitope2,mean_ml_score,0.6027586206896551
B4RLK9,random,ifnepitope2,mean_blast_score,0.0
B4RLK9,random,ifnepitope2,mean_total_score,0.6027586206896551
B4RLK9,random,ifnepitope2,med_ml_score,0.61
B4RLK9,random,ifnepitope2,med_blast_score,0.0
B4RLK9,random,ifnepitope2,med_total_score,0.61
Q5F623,random,ifnepitope2,mean_ml_score,0.6327152317880794
Q5F623,random,ifnepitope2,mean_blast_score,0.0
Q5F623,random,ifnepitope2,mean_total_score,0.6327152317880794
Q5F623,random,ifnepitope2,med_ml_score,0.64
Q5F623,random,ifnepitope2,med_blast_score,0.0
Q5F623,random,ifnepitope2,med_total_score,0.64
Q5FA47,random,ifnepitope2,mean_ml_score,0.6045454545454545
Q5FA47,random,ifnepitope2,mean_blast_score,0.0
Q5FA47,random,ifnepitope2,mean_total_score,0.6045454545454545
Q5FA47,random,ifnepitope2,med_ml_score,0.59
Q5FA47,random,ifnepitope2,med_blast_score,0.0
Q5FA47,random,ifnepitope2,med_total_score,0.59
B4RPA1,random,ifnepitope2,mean_ml_score,0.5782491582491582
B4RPA1,random,ifnepitope2,mean_blast_score,0.0
B4RPA1,random,ifnepitope2,mean_total_score,0.5782491582491582
B4RPA1,random,ifnepitope2,med_ml_score,0.58
B4RPA1,random,ifnepitope2,med_blast_score,0.0
B4RPA1,random,ifnepitope2,med_total_score,0.58
B4RQN5,random,ifnepitope2,mean_ml_score,0.6236956521739131
B4RQN5,random,ifnepitope2,mean_blast_score,0.0
B4RQN5,random,ifnepitope2,mean_total_score,0.6236956521739131
B4RQN5,random,ifnepitope2,med_ml_score,0.62
B4RQN5,random,ifnepitope2,med_blast_score,0.0
B4RQN5,random,ifnepitope2,med_total_score,0.62
B4RLE8,random,ifnepitope2,mean_ml_score,0.5572377622377622
B4RLE8,random,ifnepitope2,mean_blast_score,0.0
B4RLE8,random,ifnepitope2,mean_total_score,0.5572377622377622
B4RLE8,random,ifnepitope2,med_ml_score,0.56
B4RLE8,random,ifnepitope2,med_blast_score,0.0
B4RLE8,random,ifnepitope2,med_total_score,0.56
Q5F7D6,random,ifnepitope2,mean_ml_score,0.5830508474576271
Q5F7D6,random,ifnepitope2,mean_blast_score,0.0
Q5F7D6,random,ifnepitope2,mean_total_score,0.5830508474576271
Q5F7D6,random,ifnepitope2,med_ml_score,0.59
Q5F7D6,random,ifnepitope2,med_blast_score,0.0
Q5F7D6,random,ifnepitope2,med_total_score,0.59
Q5F9U0,random,ifnepitope2,mean_ml_score,0.6072274143302181
Q5F9U0,random,ifnepitope2,mean_blast_score,0.0
Q5F9U0,random,ifnepitope2,mean_total_score,0.6072274143302181
Q5F9U0,random,ifnepitope2,med_ml_score,0.59
Q5F9U0,random,ifnepitope2,med_blast_score,0.0
Q5F9U0,random,ifnepitope2,med_total_score,0.59
Q5F5U1,random,ifnepitope2,mean_ml_score,0.5765573770491803
Q5F5U1,random,ifnepitope2,mean_blast_score,0.0
Q5F5U1,random,ifnepitope2,mean_total_score,0.5765573770491803
Q5F5U1,random,ifnepitope2,med_ml_score,0.58
Q5F5U1,random,ifnepitope2,med_blast_score,0.0
Q5F5U1,random,ifnepitope2,med_total_score,0.58
B4RP71,random,ifnepitope2,mean_ml_score,0.588996138996139
B4RP71,random,ifnepitope2,mean_blast_score,0.0
B4RP71,random,ifnepitope2,mean_total_score,0.588996138996139
B4RP71,random,ifnepitope2,med_ml_score,0.58
B4RP71,random,ifnepitope2,med_blast_score,0.0
B4RP71,random,ifnepitope2,med_total_score,0.58
Q5FA58,random,ifnepitope2,mean_ml_score,0.5859627329192547
Q5FA58,random,ifnepitope2,mean_blast_score,0.0
Q5FA58,random,ifnepitope2,mean_total_score,0.5859627329192547
Q5FA58,random,ifnepitope2,med_ml_score,0.6
Q5FA58,random,ifnepitope2,med_blast_score,0.0
Q5FA58,random,ifnepitope2,med_total_score,0.6
B4RL51,random,ifnepitope2,mean_ml_score,0.5644943820224719
B4RL51,random,ifnepitope2,mean_blast_score,0.0
B4RL51,random,ifnepitope2,mean_total_score,0.5644943820224719
B4RL51,random,ifnepitope2,med_ml_score,0.55
B4RL51,random,ifnepitope2,med_blast_score,0.0
B4RL51,random,ifnepitope2,med_total_score,0.55
Q04876,random,ifnepitope2,mean_ml_score,0.5809375
Q04876,random,ifnepitope2,mean_blast_score,0.0
Q04876,random,ifnepitope2,mean_total_score,0.5809375
Q04876,random,ifnepitope2,med_ml_score,0.58
Q04876,random,ifnepitope2,med_blast_score,0.0
Q04876,random,ifnepitope2,med_total_score,0.58
Q5F7G0,random,ifnepitope2,mean_ml_score,0.5983574007220217
Q5F7G0,random,ifnepitope2,mean_blast_score,0.0
Q5F7G0,random,ifnepitope2,mean_total_score,0.5983574007220217
Q5F7G0,random,ifnepitope2,med_ml_score,0.6
Q5F7G0,random,ifnepitope2,med_blast_score,0.0
Q5F7G0,random,ifnepitope2,med_total_score,0.6
P09888,random,ifnepitope2,mean_ml_score,0.5808888888888889
P09888,random,ifnepitope2,mean_blast_score,0.0
P09888,random,ifnepitope2,mean_total_score,0.5808888888888889
P09888,random,ifnepitope2,med_ml_score,0.58
P09888,random,ifnepitope2,med_blast_score,0.0
P09888,random,ifnepitope2,med_total_score,0.58
B4RJN4,random,ifnepitope2,mean_ml_score,0.6164556962025316
B4RJN4,random,ifnepitope2,mean_blast_score,0.0
B4RJN4,random,ifnepitope2,mean_total_score,0.6164556962025316
B4RJN4,random,ifnepitope2,med_ml_score,0.62
B4RJN4,random,ifnepitope2,med_blast_score,0.0
B4RJN4,random,ifnepitope2,med_total_score,0.62
B4RJI8,random,ifnepitope2,mean_ml_score,0.6196078431372549
B4RJI8,random,ifnepitope2,mean_blast_score,0.0
B4RJI8,random,ifnepitope2,mean_total_score,0.6196078431372549
B4RJI8,random,ifnepitope2,med_ml_score,0.62
B4RJI8,random,ifnepitope2,med_blast_score,0.0
B4RJI8,random,ifnepitope2,med_total_score,0.62
B4RKC9,random,ifnepitope2,mean_ml_score,0.6
B4RKC9,random,ifnepitope2,mean_blast_score,0.0
B4RKC9,random,ifnepitope2,mean_total_score,0.6
B4RKC9,random,ifnepitope2,med_ml_score,0.59
B4RKC9,random,ifnepitope2,med_blast_score,0.0
B4RKC9,random,ifnepitope2,med_total_score,0.59
Q5F786,random,ifnepitope2,mean_ml_score,0.6167494356659142
Q5F786,random,ifnepitope2,mean_blast_score,0.0
Q5F786,random,ifnepitope2,mean_total_score,0.6167494356659142
Q5F786,random,ifnepitope2,med_ml_score,0.62
Q5F786,random,ifnepitope2,med_blast_score,0.0
Q5F786,random,ifnepitope2,med_total_score,0.62
B4RL16,random,ifnepitope2,mean_ml_score,0.5935348837209302
B4RL16,random,ifnepitope2,mean_blast_score,0.0
B4RL16,random,ifnepitope2,mean_total_score,0.5935348837209302
B4RL16,random,ifnepitope2,med_ml_score,0.59
B4RL16,random,ifnepitope2,med_blast_score,0.0
B4RL16,random,ifnepitope2,med_total_score,0.59
B4RL28,random,ifnepitope2,mean_ml_score,0.6072222222222222
B4RL28,random,ifnepitope2,mean_blast_score,0.0
B4RL28,random,ifnepitope2,mean_total_score,0.6072222222222222
B4RL28,random,ifnepitope2,med_ml_score,0.61
B4RL28,random,ifnepitope2,med_blast_score,0.0
B4RL28,random,ifnepitope2,med_total_score,0.61
B4RL47,random,ifnepitope2,mean_ml_score,0.6125245901639345
B4RL47,random,ifnepitope2,mean_blast_score,0.0
B4RL47,random,ifnepitope2,mean_total_score,0.6125245901639345
B4RL47,random,ifnepitope2,med_ml_score,0.6
B4RL47,random,ifnepitope2,med_blast_score,0.0
B4RL47,random,ifnepitope2,med_total_score,0.6
B4RQ92,random,ifnepitope2,mean_ml_score,0.615982905982906
B4RQ92,random,ifnepitope2,mean_blast_score,0.0
B4RQ92,random,ifnepitope2,mean_total_score,0.615982905982906
B4RQ92,random,ifnepitope2,med_ml_score,0.62
B4RQ92,random,ifnepitope2,med_blast_score,0.0
B4RQ92,random,ifnepitope2,med_total_score,0.62
Q04877,random,ifnepitope2,mean_ml_score,0.6092307692307692
Q04877,random,ifnepitope2,mean_blast_score,0.0
Q04877,random,ifnepitope2,mean_total_score,0.6092307692307692
Q04877,random,ifnepitope2,med_ml_score,0.62
Q04877,random,ifnepitope2,med_blast_score,0.0
Q04877,random,ifnepitope2,med_total_score,0.62
B4RLV5,random,ifnepitope2,mean_ml_score,0.6201492537313433
B4RLV5,random,ifnepitope2,mean_blast_score,0.0
B4RLV5,random,ifnepitope2,mean_total_score,0.6201492537313433
B4RLV5,random,ifnepitope2,med_ml_score,0.63
B4RLV5,random,ifnepitope2,med_blast_score,0.0
B4RLV5,random,ifnepitope2,med_total_score,0.63
P37094,random,ifnepitope2,mean_ml_score,0.6052
P37094,random,ifnepitope2,mean_blast_score,0.0
P37094,random,ifnepitope2,mean_total_score,0.6052
P37094,random,ifnepitope2,med_ml_score,0.6
P37094,random,ifnepitope2,med_blast_score,0.0
P37094,random,ifnepitope2,med_total_score,0.6
Q5FA15,random,ifnepitope2,mean_ml_score,0.6064666666666667
Q5FA15,random,ifnepitope2,mean_blast_score,0.0
Q5FA15,random,ifnepitope2,mean_total_score,0.6064666666666667
Q5FA15,random,ifnepitope2,med_ml_score,0.61
Q5FA15,random,ifnepitope2,med_blast_score,0.0
Q5FA15,random,ifnepitope2,med_total_score,0.61
Q5FAF3,random,ifnepitope2,mean_ml_score,0.5239102564102565
Q5FAF3,random,ifnepitope2,mean_blast_score,0.0
Q5FAF3,random,ifnepitope2,mean_total_score,0.5239102564102565
Q5FAF3,random,ifnepitope2,med_ml_score,0.515
Q5FAF3,random,ifnepitope2,med_blast_score,0.0
Q5FAF3,random,ifnepitope2,med_total_score,0.515
B4RM90,random,ifnepitope2,mean_ml_score,0.6034653465346534
B4RM90,random,ifnepitope2,mean_blast_score,0.0
B4RM90,random,ifnepitope2,mean_total_score,0.6034653465346534
B4RM90,random,ifnepitope2,med_ml_score,0.605
B4RM90,random,ifnepitope2,med_blast_score,0.0
B4RM90,random,ifnepitope2,med_total_score,0.605
Q5F9G8,random,ifnepitope2,mean_ml_score,0.6072340425531915
Q5F9G8,random,ifnepitope2,mean_blast_score,0.0
Q5F9G8,random,ifnepitope2,mean_total_score,0.6072340425531915
Q5F9G8,random,ifnepitope2,med_ml_score,0.62
Q5F9G8,random,ifnepitope2,med_blast_score,0.0
Q5F9G8,random,ifnepitope2,med_total_score,0.62
B4RL58,random,ifnepitope2,mean_ml_score,0.5318181818181819
B4RL58,random,ifnepitope2,mean_blast_score,0.0
B4RL58,random,ifnepitope2,mean_total_score,0.5318181818181819
B4RL58,random,ifnepitope2,med_ml_score,0.53
B4RL58,random,ifnepitope2,med_blast_score,0.0
B4RL58,random,ifnepitope2,med_total_score,0.53
B4RNX2,random,ifnepitope2,mean_ml_score,0.5916267942583732
B4RNX2,random,ifnepitope2,mean_blast_score,0.0
B4RNX2,random,ifnepitope2,mean_total_score,0.5916267942583732
B4RNX2,random,ifnepitope2,med_ml_score,0.59
B4RNX2,random,ifnepitope2,med_blast_score,0.0
B4RNX2,random,ifnepitope2,med_total_score,0.59
Q5F5P6,random,ifnepitope2,mean_ml_score,0.600754716981132
Q5F5P6,random,ifnepitope2,mean_blast_score,0.0
Q5F5P6,random,ifnepitope2,mean_total_score,0.600754716981132
Q5F5P6,random,ifnepitope2,med_ml_score,0.62
Q5F5P6,random,ifnepitope2,med_blast_score,0.0
Q5F5P6,random,ifnepitope2,med_total_score,0.62
Q5F553,random,ifnepitope2,mean_ml_score,0.584125
Q5F553,random,ifnepitope2,mean_blast_score,0.0
Q5F553,random,ifnepitope2,mean_total_score,0.584125
Q5F553,random,ifnepitope2,med_ml_score,0.58
Q5F553,random,ifnepitope2,med_blast_score,0.0
Q5F553,random,ifnepitope2,med_total_score,0.58
Q5F5F3,random,ifnepitope2,mean_ml_score,0.5909401709401709
Q5F5F3,random,ifnepitope2,mean_blast_score,0.0
Q5F5F3,random,ifnepitope2,mean_total_score,0.5909401709401709
Q5F5F3,random,ifnepitope2,med_ml_score,0.6
Q5F5F3,random,ifnepitope2,med_blast_score,0.0
Q5F5F3,random,ifnepitope2,med_total_score,0.6
Q5F5S2,random,ifnepitope2,mean_ml_score,0.5931756756756756
Q5F5S2,random,ifnepitope2,mean_blast_score,0.0
Q5F5S2,random,ifnepitope2,mean_total_score,0.5931756756756756
Q5F5S2,random,ifnepitope2,med_ml_score,0.58
Q5F5S2,random,ifnepitope2,med_blast_score,0.0
Q5F5S2,random,ifnepitope2,med_total_score,0.58
B4RK78,random,ifnepitope2,mean_ml_score,0.5856521739130435
B4RK78,random,ifnepitope2,mean_blast_score,0.0
B4RK78,random,ifnepitope2,mean_total_score,0.5856521739130435
B4RK78,random,ifnepitope2,med_ml_score,0.595
B4RK78,random,ifnepitope2,med_blast_score,0.0
B4RK78,random,ifnepitope2,med_total_score,0.595
Q5F8G9,random,ifnepitope2,mean_ml_score,0.5908680555555555
Q5F8G9,random,ifnepitope2,mean_blast_score,0.0
Q5F8G9,random,ifnepitope2,mean_total_score,0.5908680555555555
Q5F8G9,random,ifnepitope2,med_ml_score,0.59
Q5F8G9,random,ifnepitope2,med_blast_score,0.0
Q5F8G9,random,ifnepitope2,med_total_score,0.59
Q5F8J4,random,ifnepitope2,mean_ml_score,0.5785714285714286
Q5F8J4,random,ifnepitope2,mean_blast_score,0.0
Q5F8J4,random,ifnepitope2,mean_total_score,0.5785714285714286
Q5F8J4,random,ifnepitope2,med_ml_score,0.59
Q5F8J4,random,ifnepitope2,med_blast_score,0.0
Q5F8J4,random,ifnepitope2,med_total_score,0.59
P21152,random,ifnepitope2,mean_ml_score,0.5951470588235294
P21152,random,ifnepitope2,mean_blast_score,0.0
P21152,random,ifnepitope2,mean_total_score,0.5951470588235294
P21152,random,ifnepitope2,med_ml_score,0.61
P21152,random,ifnepitope2,med_blast_score,0.0
P21152,random,ifnepitope2,med_total_score,0.61
Q5F774,random,ifnepitope2,mean_ml_score,0.5987222222222223
Q5F774,random,ifnepitope2,mean_blast_score,0.0
Q5F774,random,ifnepitope2,mean_total_score,0.5987222222222223
Q5F774,random,ifnepitope2,med_ml_score,0.6
Q5F774,random,ifnepitope2,med_blast_score,0.0
Q5F774,random,ifnepitope2,med_total_score,0.6
B4RPI1,random,ifnepitope2,mean_ml_score,0.6122439024390244
B4RPI1,random,ifnepitope2,mean_blast_score,0.0
B4RPI1,random,ifnepitope2,mean_total_score,0.6122439024390244
B4RPI1,random,ifnepitope2,med_ml_score,0.62
B4RPI1,random,ifnepitope2,med_blast_score,0.0
B4RPI1,random,ifnepitope2,med_total_score,0.62
B4RR07,random,ifnepitope2,mean_ml_score,0.6266909975669099
B4RR07,random,ifnepitope2,mean_blast_score,0.0
B4RR07,random,ifnepitope2,mean_total_score,0.6266909975669099
B4RR07,random,ifnepitope2,med_ml_score,0.63
B4RR07,random,ifnepitope2,med_blast_score,0.0
B4RR07,random,ifnepitope2,med_total_score,0.63
Q5F629,random,ifnepitope2,mean_ml_score,0.6132980972515856
Q5F629,random,ifnepitope2,mean_blast_score,0.0
Q5F629,random,ifnepitope2,mean_total_score,0.6132980972515856
Q5F629,random,ifnepitope2,med_ml_score,0.62
Q5F629,random,ifnepitope2,med_blast_score,0.0
Q5F629,random,ifnepitope2,med_total_score,0.62
Q5F5A5,random,ifnepitope2,mean_ml_score,0.6052592592592593
Q5F5A5,random,ifnepitope2,mean_blast_score,0.0
Q5F5A5,random,ifnepitope2,mean_total_score,0.6052592592592593
Q5F5A5,random,ifnepitope2,med_ml_score,0.63
Q5F5A5,random,ifnepitope2,med_blast_score,0.0
Q5F5A5,random,ifnepitope2,med_total_score,0.63
B4RKY2,random,ifnepitope2,mean_ml_score,0.5937665198237886
B4RKY2,random,ifnepitope2,mean_blast_score,0.0
B4RKY2,random,ifnepitope2,mean_total_score,0.5937665198237886
B4RKY2,random,ifnepitope2,med_ml_score,0.59
B4RKY2,random,ifnepitope2,med_blast_score,0.0
B4RKY2,random,ifnepitope2,med_total_score,0.59
Q5F7K9,random,ifnepitope2,mean_ml_score,0.6101459854014598
Q5F7K9,random,ifnepitope2,mean_blast_score,0.0
Q5F7K9,random,ifnepitope2,mean_total_score,0.6101459854014598
Q5F7K9,random,ifnepitope2,med_ml_score,0.62
Q5F7K9,random,ifnepitope2,med_blast_score,0.0
Q5F7K9,random,ifnepitope2,med_total_score,0.62
P0A0X8,random,ifnepitope2,mean_ml_score,0.5772058823529411
P0A0X8,random,ifnepitope2,mean_blast_score,0.0
P0A0X8,random,ifnepitope2,mean_total_score,0.5772058823529411
P0A0X8,random,ifnepitope2,med_ml_score,0.58
P0A0X8,random,ifnepitope2,med_blast_score,0.0
P0A0X8,random,ifnepitope2,med_total_score,0.58
B4RQL3,random,ifnepitope2,mean_ml_score,0.616969696969697
B4RQL3,random,ifnepitope2,mean_blast_score,0.0
B4RQL3,random,ifnepitope2,mean_total_score,0.616969696969697
B4RQL3,random,ifnepitope2,med_ml_score,0.635
B4RQL3,random,ifnepitope2,med_blast_score,0.0
B4RQL3,random,ifnepitope2,med_total_score,0.635
Q5F5C8,random,ifnepitope2,mean_ml_score,0.6134246575342466
Q5F5C8,random,ifnepitope2,mean_blast_score,0.0
Q5F5C8,random,ifnepitope2,mean_total_score,0.6134246575342466
Q5F5C8,random,ifnepitope2,med_ml_score,0.63
Q5F5C8,random,ifnepitope2,med_blast_score,0.0
Q5F5C8,random,ifnepitope2,med_total_score,0.63
B4RM65,random,ifnepitope2,mean_ml_score,0.6053456221198157
B4RM65,random,ifnepitope2,mean_blast_score,0.0
B4RM65,random,ifnepitope2,mean_total_score,0.6053456221198157
B4RM65,random,ifnepitope2,med_ml_score,0.61
B4RM65,random,ifnepitope2,med_blast_score,0.0
B4RM65,random,ifnepitope2,med_total_score,0.61
Q5F9J9,random,ifnepitope2,mean_ml_score,0.6076923076923076
Q5F9J9,random,ifnepitope2,mean_blast_score,0.0
Q5F9J9,random,ifnepitope2,mean_total_score,0.6076923076923076
Q5F9J9,random,ifnepitope2,med_ml_score,0.61
Q5F9J9,random,ifnepitope2,med_blast_score,0.0
Q5F9J9,random,ifnepitope2,med_total_score,0.61
B4RM87,random,ifnepitope2,mean_ml_score,0.6043162393162393
B4RM87,random,ifnepitope2,mean_blast_score,0.0
B4RM87,random,ifnepitope2,mean_total_score,0.6043162393162393
B4RM87,random,ifnepitope2,med_ml_score,0.605
B4RM87,random,ifnepitope2,med_blast_score,0.0
B4RM87,random,ifnepitope2,med_total_score,0.605
B4RJR8,random,ifnepitope2,mean_ml_score,0.6898076923076923
B4RJR8,random,ifnepitope2,mean_blast_score,0.0
B4RJR8,random,ifnepitope2,mean_total_score,0.6898076923076923
B4RJR8,random,ifnepitope2,med_ml_score,0.705
B4RJR8,random,ifnepitope2,med_blast_score,0.0
B4RJR8,random,ifnepitope2,med_total_score,0.705
Q5F5X0,random,ifnepitope2,mean_ml_score,0.5937823834196891
Q5F5X0,random,ifnepitope2,mean_blast_score,0.0
Q5F5X0,random,ifnepitope2,mean_total_score,0.5937823834196891
Q5F5X0,random,ifnepitope2,med_ml_score,0.6
Q5F5X0,random,ifnepitope2,med_blast_score,0.0
Q5F5X0,random,ifnepitope2,med_total_score,0.6
B4RQC7,random,ifnepitope2,mean_ml_score,0.5996567505720823
B4RQC7,random,ifnepitope2,mean_blast_score,0.0
B4RQC7,random,ifnepitope2,mean_total_score,0.5996567505720823
B4RQC7,random,ifnepitope2,med_ml_score,0.61
B4RQC7,random,ifnepitope2,med_blast_score,0.0
B4RQC7,random,ifnepitope2,med_total_score,0.61
P77914,random,ifnepitope2,mean_ml_score,0.5941610738255033
P77914,random,ifnepitope2,mean_blast_score,0.0
P77914,random,ifnepitope2,mean_total_score,0.5941610738255033
P77914,random,ifnepitope2,med_ml_score,0.59
P77914,random,ifnepitope2,med_blast_score,0.0
P77914,random,ifnepitope2,med_total_score,0.59
Q5F5F4,random,ifnepitope2,mean_ml_score,0.5735869565217391
Q5F5F4,random,ifnepitope2,mean_blast_score,0.0
Q5F5F4,random,ifnepitope2,mean_total_score,0.5735869565217391
Q5F5F4,random,ifnepitope2,med_ml_score,0.58
Q5F5F4,random,ifnepitope2,med_blast_score,0.0
Q5F5F4,random,ifnepitope2,med_total_score,0.58
P95354,random,ifnepitope2,mean_ml_score,0.5698913043478261
P95354,random,ifnepitope2,mean_blast_score,0.0
P95354,random,ifnepitope2,mean_total_score,0.5698913043478261
P95354,random,ifnepitope2,med_ml_score,0.56
P95354,random,ifnepitope2,med_blast_score,0.0
P95354,random,ifnepitope2,med_total_score,0.56
B4RIW3,random,ifnepitope2,mean_ml_score,0.6025311203319502
B4RIW3,random,ifnepitope2,mean_blast_score,0.0
B4RIW3,random,ifnepitope2,mean_total_score,0.6025311203319502
B4RIW3,random,ifnepitope2,med_ml_score,0.6
B4RIW3,random,ifnepitope2,med_blast_score,0.0
B4RIW3,random,ifnepitope2,med_total_score,0.6
Q5F9U2,random,ifnepitope2,mean_ml_score,0.592280701754386
Q5F9U2,random,ifnepitope2,mean_blast_score,0.0
Q5F9U2,random,ifnepitope2,mean_total_score,0.592280701754386
Q5F9U2,random,ifnepitope2,med_ml_score,0.6
Q5F9U2,random,ifnepitope2,med_blast_score,0.0
Q5F9U2,random,ifnepitope2,med_total_score,0.6
Q50945,random,ifnepitope2,mean_ml_score,0.5714406779661017
Q50945,random,ifnepitope2,mean_blast_score,0.0
Q50945,random,ifnepitope2,mean_total_score,0.5714406779661017
Q50945,random,ifnepitope2,med_ml_score,0.595
Q50945,random,ifnepitope2,med_blast_score,0.0
Q50945,random,ifnepitope2,med_total_score,0.595
P31032,random,ifnepitope2,mean_ml_score,0.5744964028776979
P31032,random,ifnepitope2,mean_blast_score,0.0
P31032,random,ifnepitope2,mean_total_score,0.5744964028776979
P31032,random,ifnepitope2,med_ml_score,0.58
P31032,random,ifnepitope2,med_blast_score,0.0
P31032,random,ifnepitope2,med_total_score,0.58
B4RP98,random,ifnepitope2,mean_ml_score,0.5951839464882943
B4RP98,random,ifnepitope2,mean_blast_score,0.0
B4RP98,random,ifnepitope2,mean_total_score,0.5951839464882943
B4RP98,random,ifnepitope2,med_ml_score,0.61
B4RP98,random,ifnepitope2,med_blast_score,0.0
B4RP98,random,ifnepitope2,med_total_score,0.61
Q5F6I7,random,ifnepitope2,mean_ml_score,0.6163259668508287
Q5F6I7,random,ifnepitope2,mean_blast_score,0.0
Q5F6I7,random,ifnepitope2,mean_total_score,0.6163259668508287
Q5F6I7,random,ifnepitope2,med_ml_score,0.625
Q5F6I7,random,ifnepitope2,med_blast_score,0.0
Q5F6I7,random,ifnepitope2,med_total_score,0.625
Q5F5X2,random,ifnepitope2,mean_ml_score,0.613625
Q5F5X2,random,ifnepitope2,mean_blast_score,0.0
Q5F5X2,random,ifnepitope2,mean_total_score,0.613625
Q5F5X2,random,ifnepitope2,med_ml_score,0.6
Q5F5X2,random,ifnepitope2,med_blast_score,0.0
Q5F5X2,random,ifnepitope2,med_total_score,0.6
B4RQW3,random,ifnepitope2,mean_ml_score,0.6028778018799711
B4RQW3,random,ifnepitope2,mean_blast_score,0.0
B4RQW3,random,ifnepitope2,mean_total_score,0.6028778018799711
B4RQW3,random,ifnepitope2,med_ml_score,0.6
B4RQW3,random,ifnepitope2,med_blast_score,0.0
B4RQW3,random,ifnepitope2,med_total_score,0.6
B4RNG2,random,ifnepitope2,mean_ml_score,0.5815873015873015
B4RNG2,random,ifnepitope2,mean_blast_score,0.0
B4RNG2,random,ifnepitope2,mean_total_score,0.5815873015873015
B4RNG2,random,ifnepitope2,med_ml_score,0.59
B4RNG2,random,ifnepitope2,med_blast_score,0.0
B4RNG2,random,ifnepitope2,med_total_score,0.59
P49979,random,ifnepitope2,mean_ml_score,0.5734299516908212
P49979,random,ifnepitope2,mean_blast_score,0.0
P49979,random,ifnepitope2,mean_total_score,0.5734299516908212
P49979,random,ifnepitope2,med_ml_score,0.58
P49979,random,ifnepitope2,med_blast_score,0.0
P49979,random,ifnepitope2,med_total_score,0.58
Q5F8I2,random,ifnepitope2,mean_ml_score,0.5985542168674699
Q5F8I2,random,ifnepitope2,mean_blast_score,0.0
Q5F8I2,random,ifnepitope2,mean_total_score,0.5985542168674699
Q5F8I2,random,ifnepitope2,med_ml_score,0.6
Q5F8I2,random,ifnepitope2,med_blast_score,0.0
Q5F8I2,random,ifnepitope2,med_total_score,0.6
Q5F9K6,random,ifnepitope2,mean_ml_score,0.6214457831325301
Q5F9K6,random,ifnepitope2,mean_blast_score,0.0
Q5F9K6,random,ifnepitope2,mean_total_score,0.6214457831325301
Q5F9K6,random,ifnepitope2,med_ml_score,0.62
Q5F9K6,random,ifnepitope2,med_blast_score,0.0
Q5F9K6,random,ifnepitope2,med_total_score,0.62
Q5F6L9,random,ifnepitope2,mean_ml_score,0.5983947939262473
Q5F6L9,random,ifnepitope2,mean_blast_score,0.0
Q5F6L9,random,ifnepitope2,mean_total_score,0.5983947939262473
Q5F6L9,random,ifnepitope2,med_ml_score,0.61
Q5F6L9,random,ifnepitope2,med_blast_score,0.0
Q5F6L9,random,ifnepitope2,med_total_score,0.61
Q50986,random,ifnepitope2,mean_ml_score,0.616875
Q50986,random,ifnepitope2,mean_blast_score,0.0
Q50986,random,ifnepitope2,mean_total_score,0.616875
Q50986,random,ifnepitope2,med_ml_score,0.62
Q50986,random,ifnepitope2,med_blast_score,0.0
Q50986,random,ifnepitope2,med_total_score,0.62
Q5F7G0,random,ifnepitope2,mean_ml_score,0.5988989169675091
Q5F7G0,random,ifnepitope2,mean_blast_score,0.0
Q5F7G0,random,ifnepitope2,mean_total_score,0.5988989169675091
Q5F7G0,random,ifnepitope2,med_ml_score,0.6
Q5F7G0,random,ifnepitope2,med_blast_score,0.0
Q5F7G0,random,ifnepitope2,med_total_score,0.6
Q5F7H5,random,ifnepitope2,mean_ml_score,0.5958083832335329
Q5F7H5,random,ifnepitope2,mean_blast_score,0.0
Q5F7H5,random,ifnepitope2,mean_total_score,0.5958083832335329
Q5F7H5,random,ifnepitope2,med_ml_score,0.6
Q5F7H5,random,ifnepitope2,med_blast_score,0.0
Q5F7H5,random,ifnepitope2,med_total_score,0.6
Q5F4W9,random,ifnepitope2,mean_ml_score,0.6179787234042553
Q5F4W9,random,ifnepitope2,mean_blast_score,0.0
Q5F4W9,random,ifnepitope2,mean_total_score,0.6179787234042553
Q5F4W9,random,ifnepitope2,med_ml_score,0.63
Q5F4W9,random,ifnepitope2,med_blast_score,0.0
Q5F4W9,random,ifnepitope2,med_total_score,0.63
P72079,random,ifnepitope2,mean_ml_score,0.60046875
P72079,random,ifnepitope2,mean_blast_score,0.0
P72079,random,ifnepitope2,mean_total_score,0.60046875
P72079,random,ifnepitope2,med_ml_score,0.6
P72079,random,ifnepitope2,med_blast_score,0.0
P72079,random,ifnepitope2,med_total_score,0.6
B4RJN3,random,ifnepitope2,mean_ml_score,0.5936842105263158
B4RJN3,random,ifnepitope2,mean_blast_score,0.0
B4RJN3,random,ifnepitope2,mean_total_score,0.5936842105263158
B4RJN3,random,ifnepitope2,med_ml_score,0.61
B4RJN3,random,ifnepitope2,med_blast_score,0.0
B4RJN3,random,ifnepitope2,med_total_score,0.61
Q5F746,random,ifnepitope2,mean_ml_score,0.5905963302752294
Q5F746,random,ifnepitope2,mean_blast_score,0.0
Q5F746,random,ifnepitope2,mean_total_score,0.5905963302752294
Q5F746,random,ifnepitope2,med_ml_score,0.6
Q5F746,random,ifnepitope2,med_blast_score,0.0
Q5F746,random,ifnepitope2,med_total_score,0.6
Q04876,random,ifnepitope2,mean_ml_score,0.5876444444444444
Q04876,random,ifnepitope2,mean_blast_score,0.0
Q04876,random,ifnepitope2,mean_total_score,0.5876444444444444
Q04876,random,ifnepitope2,med_ml_score,0.59
Q04876,random,ifnepitope2,med_blast_score,0.0
Q04876,random,ifnepitope2,med_total_score,0.59
B4RMM2,random,ifnepitope2,mean_ml_score,0.5844694533762058
B4RMM2,random,ifnepitope2,mean_blast_score,0.0
B4RMM2,random,ifnepitope2,mean_total_score,0.5844694533762058
B4RMM2,random,ifnepitope2,med_ml_score,0.57
B4RMM2,random,ifnepitope2,med_blast_score,0.0
B4RMM2,random,ifnepitope2,med_total_score,0.57
Q5F775,random,ifnepitope2,mean_ml_score,0.586497461928934
Q5F775,random,ifnepitope2,mean_blast_score,0.0
Q5F775,random,ifnepitope2,mean_total_score,0.586497461928934
Q5F775,random,ifnepitope2,med_ml_score,0.59
Q5F775,random,ifnepitope2,med_blast_score,0.0
Q5F775,random,ifnepitope2,med_total_score,0.59
B4RR25,random,ifnepitope2,mean_ml_score,0.6142211055276382
B4RR25,random,ifnepitope2,mean_blast_score,0.0
B4RR25,random,ifnepitope2,mean_total_score,0.6142211055276382
B4RR25,random,ifnepitope2,med_ml_score,0.62
B4RR25,random,ifnepitope2,med_blast_score,0.0
B4RR25,random,ifnepitope2,med_total_score,0.62
Q5F5U1,random,ifnepitope2,mean_ml_score,0.5765573770491803
Q5F5U1,random,ifnepitope2,mean_blast_score,0.0
Q5F5U1,random,ifnepitope2,mean_total_score,0.5765573770491803
Q5F5U1,random,ifnepitope2,med_ml_score,0.58
Q5F5U1,random,ifnepitope2,med_blast_score,0.0
Q5F5U1,random,ifnepitope2,med_total_score,0.58
B4RP71,random,ifnepitope2,mean_ml_score,0.5914092664092664
B4RP71,random,ifnepitope2,mean_blast_score,0.0
B4RP71,random,ifnepitope2,mean_total_score,0.5914092664092664
B4RP71,random,ifnepitope2,med_ml_score,0.58
B4RP71,random,ifnepitope2,med_blast_score,0.0
B4RP71,random,ifnepitope2,med_total_score,0.58
P09888,random,ifnepitope2,mean_ml_score,0.5876444444444444
P09888,random,ifnepitope2,mean_blast_score,0.0
P09888,random,ifnepitope2,mean_total_score,0.5876444444444444
P09888,random,ifnepitope2,med_ml_score,0.59
P09888,random,ifnepitope2,med_blast_score,0.0
P09888,random,ifnepitope2,med_total_score,0.59
Q04879,random,ifnepitope2,mean_ml_score,0.575695652173913
Q04879,random,ifnepitope2,mean_blast_score,0.0
Q04879,random,ifnepitope2,mean_total_score,0.575695652173913
Q04879,random,ifnepitope2,med_ml_score,0.58
Q04879,random,ifnepitope2,med_blast_score,0.0
Q04879,random,ifnepitope2,med_total_score,0.58
B4RL58,random,ifnepitope2,mean_ml_score,0.5318181818181819
B4RL58,random,ifnepitope2,mean_blast_score,0.0
B4RL58,random,ifnepitope2,mean_total_score,0.5318181818181819
B4RL58,random,ifnepitope2,med_ml_score,0.53
B4RL58,random,ifnepitope2,med_blast_score,0.0
B4RL58,random,ifnepitope2,med_total_score,0.53
B4RNL5,random,ifnepitope2,mean_ml_score,0.5764516129032258
B4RNL5,random,ifnepitope2,mean_blast_score,0.0
B4RNL5,random,ifnepitope2,mean_total_score,0.5764516129032258
B4RNL5,random,ifnepitope2,med_ml_score,0.56
B4RNL5,random,ifnepitope2,med_blast_score,0.0
B4RNL5,random,ifnepitope2,med_total_score,0.56
Q5F5F3,random,ifnepitope2,mean_ml_score,0.5909401709401709
Q5F5F3,random,ifnepitope2,mean_blast_score,0.0
Q5F5F3,random,ifnepitope2,mean_total_score,0.5909401709401709
Q5F5F3,random,ifnepitope2,med_ml_score,0.6
Q5F5F3,random,ifnepitope2,med_blast_score,0.0
Q5F5F3,random,ifnepitope2,med_total_score,0.6
Q5F882,random,ifnepitope2,mean_ml_score,0.5955725190839695
Q5F882,random,ifnepitope2,mean_blast_score,0.0
Q5F882,random,ifnepitope2,mean_total_score,0.5955725190839695
Q5F882,random,ifnepitope2,med_ml_score,0.6
Q5F882,random,ifnepitope2,med_blast_score,0.0
Q5F882,random,ifnepitope2,med_total_score,0.6
O07813,random,ifnepitope2,mean_ml_score,0.5837719298245614
O07813,random,ifnepitope2,mean_blast_score,0.0
O07813,random,ifnepitope2,mean_total_score,0.5837719298245614
O07813,random,ifnepitope2,med_ml_score,0.61
O07813,random,ifnepitope2,med_blast_score,0.0
O07813,random,ifnepitope2,med_total_score,0.61
B4RQY6,random,ifnepitope2,mean_ml_score,0.5802531645569621
B4RQY6,random,ifnepitope2,mean_blast_score,0.0
B4RQY6,random,ifnepitope2,mean_total_score,0.5802531645569621
B4RQY6,random,ifnepitope2,med_ml_score,0.6
B4RQY6,random,ifnepitope2,med_blast_score,0.0
B4RQY6,random,ifnepitope2,med_total_score,0.6
Q5F629,random,ifnepitope2,mean_ml_score,0.6132980972515856
Q5F629,random,ifnepitope2,mean_blast_score,0.0
Q5F629,random,ifnepitope2,mean_total_score,0.6132980972515856
Q5F629,random,ifnepitope2,med_ml_score,0.62
Q5F629,random,ifnepitope2,med_blast_score,0.0
Q5F629,random,ifnepitope2,med_total_score,0.62
B4RQY7,random,ifnepitope2,mean_ml_score,0.5882456140350877
B4RQY7,random,ifnepitope2,mean_blast_score,0.0
B4RQY7,random,ifnepitope2,mean_total_score,0.5882456140350877
B4RQY7,random,ifnepitope2,med_ml_score,0.59
B4RQY7,random,ifnepitope2,med_blast_score,0.0
B4RQY7,random,ifnepitope2,med_total_score,0.59
B4RJH7,random,ifnepitope2,mean_ml_score,0.6135087719298246
B4RJH7,random,ifnepitope2,mean_blast_score,0.0
B4RJH7,random,ifnepitope2,mean_total_score,0.6135087719298246
B4RJH7,random,ifnepitope2,med_ml_score,0.61
B4RJH7,random,ifnepitope2,med_blast_score,0.0
B4RJH7,random,ifnepitope2,med_total_score,0.61
B4RQ67,random,ifnepitope2,mean_ml_score,0.5834277620396601
B4RQ67,random,ifnepitope2,mean_blast_score,0.0
B4RQ67,random,ifnepitope2,mean_total_score,0.5834277620396601
B4RQ67,random,ifnepitope2,med_ml_score,0.58
B4RQ67,random,ifnepitope2,med_blast_score,0.0
B4RQ67,random,ifnepitope2,med_total_score,0.58
Q5FAH8,random,ifnepitope2,mean_ml_score,0.5902380952380952
Q5FAH8,random,ifnepitope2,mean_blast_score,0.0
Q5FAH8,random,ifnepitope2,mean_total_score,0.5902380952380952
Q5FAH8,random,ifnepitope2,med_ml_score,0.59
Q5FAH8,random,ifnepitope2,med_blast_score,0.0
Q5FAH8,random,ifnepitope2,med_total_score,0.59
P58152,random,ifnepitope2,mean_ml_score,0.6362025316455696
P58152,random,ifnepitope2,mean_blast_score,0.0
P58152,random,ifnepitope2,mean_total_score,0.6362025316455696
P58152,random,ifnepitope2,med_ml_score,0.63
P58152,random,ifnepitope2,med_blast_score,0.0
P58152,random,ifnepitope2,med_total_score,0.63
Q06581,random,ifnepitope2,mean_ml_score,0.6248773006134969
Q06581,random,ifnepitope2,mean_blast_score,0.0
Q06581,random,ifnepitope2,mean_total_score,0.6248773006134969
Q06581,random,ifnepitope2,med_ml_score,0.64
Q06581,random,ifnepitope2,med_blast_score,0.0
Q06581,random,ifnepitope2,med_total_score,0.64
Q5F4X8,random,ifnepitope2,mean_ml_score,0.5605537459283387
Q5F4X8,random,ifnepitope2,mean_blast_score,0.0
Q5F4X8,random,ifnepitope2,mean_total_score,0.5605537459283387
Q5F4X8,random,ifnepitope2,med_ml_score,0.56
Q5F4X8,random,ifnepitope2,med_blast_score,0.0
Q5F4X8,random,ifnepitope2,med_total_score,0.56
P04174,random,ifnepitope2,mean_ml_score,0.5931578947368421
P04174,random,ifnepitope2,mean_blast_score,0.0
P04174,random,ifnepitope2,mean_total_score,0.5931578947368421
P04174,random,ifnepitope2,med_ml_score,0.595
P04174,random,ifnepitope2,med_blast_score,0.0
P04174,random,ifnepitope2,med_total_score,0.595
B4RLX4,random,ifnepitope2,mean_ml_score,0.6019814241486068
B4RLX4,random,ifnepitope2,mean_blast_score,0.0
B4RLX4,random,ifnepitope2,mean_total_score,0.6019814241486068
B4RLX4,random,ifnepitope2,med_ml_score,0.61
B4RLX4,random,ifnepitope2,med_blast_score,0.0
B4RLX4,random,ifnepitope2,med_total_score,0.61
O06432,random,ifnepitope2,mean_ml_score,0.6203272727272727
O06432,random,ifnepitope2,mean_blast_score,0.0
O06432,random,ifnepitope2,mean_total_score,0.6203272727272727
O06432,random,ifnepitope2,med_ml_score,0.64
O06432,random,ifnepitope2,med_blast_score,0.0
O06432,random,ifnepitope2,med_total_score,0.64
Q5F9U2,random,ifnepitope2,mean_ml_score,0.592280701754386
Q5F9U2,random,ifnepitope2,mean_blast_score,0.0
Q5F9U2,random,ifnepitope2,mean_total_score,0.592280701754386
Q5F9U2,random,ifnepitope2,med_ml_score,0.6
Q5F9U2,random,ifnepitope2,med_blast_score,0.0
Q5F9U2,random,ifnepitope2,med_total_score,0.6
Q50945,random,ifnepitope2,mean_ml_score,0.5692372881355933
Q50945,random,ifnepitope2,mean_blast_score,0.0
Q50945,random,ifnepitope2,mean_total_score,0.5692372881355933
Q50945,random,ifnepitope2,med_ml_score,0.6
Q50945,random,ifnepitope2,med_blast_score,0.0
Q50945,random,ifnepitope2,med_total_score,0.6
Q5FAF3,random,ifnepitope2,mean_ml_score,0.5239102564102565
Q5FAF3,random,ifnepitope2,mean_blast_score,0.0
Q5FAF3,random,ifnepitope2,mean_total_score,0.5239102564102565
Q5FAF3,random,ifnepitope2,med_ml_score,0.515
Q5FAF3,random,ifnepitope2,med_blast_score,0.0
Q5FAF3,random,ifnepitope2,med_total_score,0.515
P31032,random,ifnepitope2,mean_ml_score,0.5744964028776979
P31032,random,ifnepitope2,mean_blast_score,0.0
P31032,random,ifnepitope2,mean_total_score,0.5744964028776979
P31032,random,ifnepitope2,med_ml_score,0.58
P31032,random,ifnepitope2,med_blast_score,0.0
P31032,random,ifnepitope2,med_total_score,0.58
Q5FA47,random,ifnepitope2,mean_ml_score,0.6074747474747475
Q5FA47,random,ifnepitope2,mean_blast_score,0.0
Q5FA47,random,ifnepitope2,mean_total_score,0.6074747474747475
Q5FA47,random,ifnepitope2,med_ml_score,0.6
Q5FA47,random,ifnepitope2,med_blast_score,0.0
Q5FA47,random,ifnepitope2,med_total_score,0.6
B4RPA1,random,ifnepitope2,mean_ml_score,0.581936026936027
B4RPA1,random,ifnepitope2,mean_blast_score,0.0
B4RPA1,random,ifnepitope2,mean_total_score,0.581936026936027
B4RPA1,random,ifnepitope2,med_ml_score,0.58
B4RPA1,random,ifnepitope2,med_blast_score,0.0
B4RPA1,random,ifnepitope2,med_total_score,0.58
B4RLX9,random,ifnepitope2,mean_ml_score,0.5858943089430895
B4RLX9,random,ifnepitope2,mean_blast_score,0.0
B4RLX9,random,ifnepitope2,mean_total_score,0.5858943089430895
B4RLX9,random,ifnepitope2,med_ml_score,0.6
B4RLX9,random,ifnepitope2,med_blast_score,0.0
B4RLX9,random,ifnepitope2,med_total_score,0.6
B4RL51,random,ifnepitope2,mean_ml_score,0.5640449438202247
B4RL51,random,ifnepitope2,mean_blast_score,0.0
B4RL51,random,ifnepitope2,mean_total_score,0.5640449438202247
B4RL51,random,ifnepitope2,med_ml_score,0.55
B4RL51,random,ifnepitope2,med_blast_score,0.0
B4RL51,random,ifnepitope2,med_total_score,0.55
B4RKY2,random,ifnepitope2,mean_ml_score,0.5927753303964758
B4RKY2,random,ifnepitope2,mean_blast_score,0.0
B4RKY2,random,ifnepitope2,mean_total_score,0.5927753303964758
B4RKY2,random,ifnepitope2,med_ml_score,0.59
B4RKY2,random,ifnepitope2,med_blast_score,0.0
B4RKY2,random,ifnepitope2,med_total_score,0.59
Q50973,random,ifnepitope2,mean_ml_score,0.5620175438596491
Q50973,random,ifnepitope2,mean_blast_score,0.0
Q50973,random,ifnepitope2,mean_total_score,0.5620175438596491
Q50973,random,ifnepitope2,med_ml_score,0.56
Q50973,random,ifnepitope2,med_blast_score,0.0
Q50973,random,ifnepitope2,med_total_score,0.56
Q5FA58,random,ifnepitope2,mean_ml_score,0.5884472049689441
Q5FA58,random,ifnepitope2,mean_blast_score,0.0
Q5FA58,random,ifnepitope2,mean_total_score,0.5884472049689441
Q5FA58,random,ifnepitope2,med_ml_score,0.6
Q5FA58,random,ifnepitope2,med_blast_score,0.0
Q5FA58,random,ifnepitope2,med_total_score,0.6
B4RL47,random,ifnepitope2,mean_ml_score,0.6124918032786886
B4RL47,random,ifnepitope2,mean_blast_score,0.0
B4RL47,random,ifnepitope2,mean_total_score,0.6124918032786886
B4RL47,random,ifnepitope2,med_ml_score,0.6
B4RL47,random,ifnepitope2,med_blast_score,0.0
B4RL47,random,ifnepitope2,med_total_score,0.6
Q5F8G9,random,ifnepitope2,mean_ml_score,0.5908680555555555
Q5F8G9,random,ifnepitope2,mean_blast_score,0.0
Q5F8G9,random,ifnepitope2,mean_total_score,0.5908680555555555
Q5F8G9,random,ifnepitope2,med_ml_score,0.59
Q5F8G9,random,ifnepitope2,med_blast_score,0.0
Q5F8G9,random,ifnepitope2,med_total_score,0.59
Q5F8J4,random,ifnepitope2,mean_ml_score,0.5756440281030445
Q5F8J4,random,ifnepitope2,mean_blast_score,0.0
Q5F8J4,random,ifnepitope2,mean_total_score,0.5756440281030445
Q5F8J4,random,ifnepitope2,med_ml_score,0.59
Q5F8J4,random,ifnepitope2,med_blast_score,0.0
Q5F8J4,random,ifnepitope2,med_total_score,0.59
P21152,random,ifnepitope2,mean_ml_score,0.5951470588235294
P21152,random,ifnepitope2,mean_blast_score,0.0
P21152,random,ifnepitope2,mean_total_score,0.5951470588235294
P21152,random,ifnepitope2,med_ml_score,0.61
P21152,random,ifnepitope2,med_blast_score,0.0
P21152,random,ifnepitope2,med_total_score,0.61
B4RJY6,random,ifnepitope2,mean_ml_score,0.5404504504504505
B4RJY6,random,ifnepitope2,mean_blast_score,0.0
B4RJY6,random,ifnepitope2,mean_total_score,0.5404504504504505
B4RJY6,random,ifnepitope2,med_ml_score,0.55
B4RJY6,random,ifnepitope2,med_blast_score,0.0
B4RJY6,random,ifnepitope2,med_total_score,0.55
B4RNW8,random,ifnepitope2,mean_ml_score,0.5951152073732718
B4RNW8,random,ifnepitope2,mean_blast_score,0.0
B4RNW8,random,ifnepitope2,mean_total_score,0.5951152073732718
B4RNW8,random,ifnepitope2,med_ml_score,0.6
B4RNW8,random,ifnepitope2,med_blast_score,0.0
B4RNW8,random,ifnepitope2,med_total_score,0.6
B4RR62,random,ifnepitope2,mean_ml_score,0.5582857142857143
B4RR62,random,ifnepitope2,mean_blast_score,0.0
B4RR62,random,ifnepitope2,mean_total_score,0.5582857142857143
B4RR62,random,ifnepitope2,med_ml_score,0.575
B4RR62,random,ifnepitope2,med_blast_score,0.0
B4RR62,random,ifnepitope2,med_total_score,0.575
Q5F6Y8,random,ifnepitope2,mean_ml_score,0.6125833333333334
Q5F6Y8,random,ifnepitope2,mean_blast_score,0.0
Q5F6Y8,random,ifnepitope2,mean_total_score,0.6125833333333334
Q5F6Y8,random,ifnepitope2,med_ml_score,0.61
Q5F6Y8,random,ifnepitope2,med_blast_score,0.0
Q5F6Y8,random,ifnepitope2,med_total_score,0.61
B4RPR1,random,ifnepitope2,mean_ml_score,0.5755784061696658
B4RPR1,random,ifnepitope2,mean_blast_score,0.0
B4RPR1,random,ifnepitope2,mean_total_score,0.5755784061696658
B4RPR1,random,ifnepitope2,med_ml_score,0.59
B4RPR1,random,ifnepitope2,med_blast_score,0.0
B4RPR1,random,ifnepitope2,med_total_score,0.59
Q51008,random,ifnepitope2,mean_ml_score,0.6315441176470589
Q51008,random,ifnepitope2,mean_blast_score,0.0
Q51008,random,ifnepitope2,mean_total_score,0.6315441176470589
Q51008,random,ifnepitope2,med_ml_score,0.63
Q51008,random,ifnepitope2,med_blast_score,0.0
Q51008,random,ifnepitope2,med_total_score,0.63
Q04882,random,ifnepitope2,mean_ml_score,0.5771102661596959
Q04882,random,ifnepitope2,mean_blast_score,0.0
Q04882,random,ifnepitope2,mean_total_score,0.5771102661596959
Q04882,random,ifnepitope2,med_ml_score,0.58
Q04882,random,ifnepitope2,med_blast_score,0.0
Q04882,random,ifnepitope2,med_total_score,0.58
P95361,random,ifnepitope2,mean_ml_score,0.6155938697318007
P95361,random,ifnepitope2,mean_blast_score,0.0
P95361,random,ifnepitope2,mean_total_score,0.6155938697318007
P95361,random,ifnepitope2,med_ml_score,0.64
P95361,random,ifnepitope2,med_blast_score,0.0
P95361,random,ifnepitope2,med_total_score,0.64
B4RQ94,random,ifnepitope2,mean_ml_score,0.6164435146443514
B4RQ94,random,ifnepitope2,mean_blast_score,0.0
B4RQ94,random,ifnepitope2,mean_total_score,0.6164435146443514
B4RQ94,random,ifnepitope2,med_ml_score,0.61
B4RQ94,random,ifnepitope2,med_blast_score,0.0
B4RQ94,random,ifnepitope2,med_total_score,0.61
B4RQQ5,random,ifnepitope2,mean_ml_score,0.607375
B4RQQ5,random,ifnepitope2,mean_blast_score,0.0
B4RQQ5,random,ifnepitope2,mean_total_score,0.607375
B4RQQ5,random,ifnepitope2,med_ml_score,0.62
B4RQQ5,random,ifnepitope2,med_blast_score,0.0
B4RQQ5,random,ifnepitope2,med_total_score,0.62
B4RLL6,random,ifnepitope2,mean_ml_score,0.6348341232227488
B4RLL6,random,ifnepitope2,mean_blast_score,0.0
B4RLL6,random,ifnepitope2,mean_total_score,0.6348341232227488
B4RLL6,random,ifnepitope2,med_ml_score,0.64
B4RLL6,random,ifnepitope2,med_blast_score,0.0
B4RLL6,random,ifnepitope2,med_total_score,0.64
B4RK78,random,ifnepitope2,mean_ml_score,0.5856521739130435
B4RK78,random,ifnepitope2,mean_blast_score,0.0
B4RK78,random,ifnepitope2,mean_total_score,0.5856521739130435
B4RK78,random,ifnepitope2,med_ml_score,0.595
B4RK78,random,ifnepitope2,med_blast_score,0.0
B4RK78,random,ifnepitope2,med_total_score,0.595
B4RLE6,random,ifnepitope2,mean_ml_score,0.5742961165048543
B4RLE6,random,ifnepitope2,mean_blast_score,0.0
B4RLE6,random,ifnepitope2,mean_total_score,0.5742961165048543
B4RLE6,random,ifnepitope2,med_ml_score,0.57
B4RLE6,random,ifnepitope2,med_blast_score,0.0
B4RLE6,random,ifnepitope2,med_total_score,0.57
B4RJN4,random,ifnepitope2,mean_ml_score,0.6164556962025316
B4RJN4,random,ifnepitope2,mean_blast_score,0.0
B4RJN4,random,ifnepitope2,mean_total_score,0.6164556962025316
B4RJN4,random,ifnepitope2,med_ml_score,0.62
B4RJN4,random,ifnepitope2,med_blast_score,0.0
B4RJN4,random,ifnepitope2,med_total_score,0.62
B4RJI8,random,ifnepitope2,mean_ml_score,0.6196078431372549
B4RJI8,random,ifnepitope2,mean_blast_score,0.0
B4RJI8,random,ifnepitope2,mean_total_score,0.6196078431372549
B4RJI8,random,ifnepitope2,med_ml_score,0.62
B4RJI8,random,ifnepitope2,med_blast_score,0.0
B4RJI8,random,ifnepitope2,med_total_score,0.62
B4RKC9,random,ifnepitope2,mean_ml_score,0.6
B4RKC9,random,ifnepitope2,mean_blast_score,0.0
B4RKC9,random,ifnepitope2,mean_total_score,0.6
B4RKC9,random,ifnepitope2,med_ml_score,0.59
B4RKC9,random,ifnepitope2,med_blast_score,0.0
B4RKC9,random,ifnepitope2,med_total_score,0.59
B4RJT3,random,ifnepitope2,mean_ml_score,0.5978195488721805
B4RJT3,random,ifnepitope2,mean_blast_score,0.0
B4RJT3,random,ifnepitope2,mean_total_score,0.5978195488721805
B4RJT3,random,ifnepitope2,med_ml_score,0.6
B4RJT3,random,ifnepitope2,med_blast_score,0.0
B4RJT3,random,ifnepitope2,med_total_score,0.6
Q5F551,random,ifnepitope2,mean_ml_score,0.5725153374233128
Q5F551,random,ifnepitope2,mean_blast_score,0.0
Q5F551,random,ifnepitope2,mean_total_score,0.5725153374233128
Q5F551,random,ifnepitope2,med_ml_score,0.57
Q5F551,random,ifnepitope2,med_blast_score,0.0
Q5F551,random,ifnepitope2,med_total_score,0.57
Q5F7C4,random,ifnepitope2,mean_ml_score,0.5899538106235566
Q5F7C4,random,ifnepitope2,mean_blast_score,0.0
Q5F7C4,random,ifnepitope2,mean_total_score,0.5899538106235566
Q5F7C4,random,ifnepitope2,med_ml_score,0.59
Q5F7C4,random,ifnepitope2,med_blast_score,0.0
Q5F7C4,random,ifnepitope2,med_total_score,0.59
Q5F5P6,random,ifnepitope2,mean_ml_score,0.600754716981132
Q5F5P6,random,ifnepitope2,mean_blast_score,0.0
Q5F5P6,random,ifnepitope2,mean_total_score,0.600754716981132
Q5F5P6,random,ifnepitope2,med_ml_score,0.62
Q5F5P6,random,ifnepitope2,med_blast_score,0.0
Q5F5P6,random,ifnepitope2,med_total_score,0.62
Q5F553,random,ifnepitope2,mean_ml_score,0.584125
Q5F553,random,ifnepitope2,mean_blast_score,0.0
Q5F553,random,ifnepitope2,mean_total_score,0.584125
Q5F553,random,ifnepitope2,med_ml_score,0.58
Q5F553,random,ifnepitope2,med_blast_score,0.0
Q5F553,random,ifnepitope2,med_total_score,0.58
Q5F6H4,random,ifnepitope2,mean_ml_score,0.6204590163934426
Q5F6H4,random,ifnepitope2,mean_blast_score,0.0
Q5F6H4,random,ifnepitope2,mean_total_score,0.6204590163934426
Q5F6H4,random,ifnepitope2,med_ml_score,0.62
Q5F6H4,random,ifnepitope2,med_blast_score,0.0
Q5F6H4,random,ifnepitope2,med_total_score,0.62
B4RK03,random,ifnepitope2,mean_ml_score,0.6019202898550725
B4RK03,random,ifnepitope2,mean_blast_score,0.0
B4RK03,random,ifnepitope2,mean_total_score,0.6019202898550725
B4RK03,random,ifnepitope2,med_ml_score,0.6
B4RK03,random,ifnepitope2,med_blast_score,0.0
B4RK03,random,ifnepitope2,med_total_score,0.6
Q9XB01,random,ifnepitope2,mean_ml_score,0.600735294117647
Q9XB01,random,ifnepitope2,mean_blast_score,0.0
Q9XB01,random,ifnepitope2,mean_total_score,0.600735294117647
Q9XB01,random,ifnepitope2,med_ml_score,0.6
Q9XB01,random,ifnepitope2,med_blast_score,0.0
Q9XB01,random,ifnepitope2,med_total_score,0.6
Q5FA29,random,ifnepitope2,mean_ml_score,0.5785427135678392
Q5FA29,random,ifnepitope2,mean_blast_score,0.0
Q5FA29,random,ifnepitope2,mean_total_score,0.5785427135678392
Q5FA29,random,ifnepitope2,med_ml_score,0.57
Q5FA29,random,ifnepitope2,med_blast_score,0.0
Q5FA29,random,ifnepitope2,med_total_score,0.57
P07047,random,ifnepitope2,mean_ml_score,0.5758883248730965
P07047,random,ifnepitope2,mean_blast_score,0.0
P07047,random,ifnepitope2,mean_total_score,0.5758883248730965
P07047,random,ifnepitope2,med_ml_score,0.57
P07047,random,ifnepitope2,med_blast_score,0.0
P07047,random,ifnepitope2,med_total_score,0.57
Q5F786,random,ifnepitope2,mean_ml_score,0.6167494356659142
Q5F786,random,ifnepitope2,mean_blast_score,0.0
Q5F786,random,ifnepitope2,mean_total_score,0.6167494356659142
Q5F786,random,ifnepitope2,med_ml_score,0.62
Q5F786,random,ifnepitope2,med_blast_score,0.0
Q5F786,random,ifnepitope2,med_total_score,0.62
B4RL16,random,ifnepitope2,mean_ml_score,0.5962790697674418
B4RL16,random,ifnepitope2,mean_blast_score,0.0
B4RL16,random,ifnepitope2,mean_total_score,0.5962790697674418
B4RL16,random,ifnepitope2,med_ml_score,0.59
B4RL16,random,ifnepitope2,med_blast_score,0.0
B4RL16,random,ifnepitope2,med_total_score,0.59
B4RNG2,random,ifnepitope2,mean_ml_score,0.5815873015873015
B4RNG2,random,ifnepitope2,mean_blast_score,0.0
B4RNG2,random,ifnepitope2,mean_total_score,0.5815873015873015
B4RNG2,random,ifnepitope2,med_ml_score,0.59
B4RNG2,random,ifnepitope2,med_blast_score,0.0
B4RNG2,random,ifnepitope2,med_total_score,0.59
P49979,random,ifnepitope2,mean_ml_score,0.5734299516908212
P49979,random,ifnepitope2,mean_blast_score,0.0
P49979,random,ifnepitope2,mean_total_score,0.5734299516908212
P49979,random,ifnepitope2,med_ml_score,0.58
P49979,random,ifnepitope2,med_blast_score,0.0
P49979,random,ifnepitope2,med_total_score,0.58
Q5F8I2,random,ifnepitope2,mean_ml_score,0.5985542168674699
Q5F8I2,random,ifnepitope2,mean_blast_score,0.0
Q5F8I2,random,ifnepitope2,mean_total_score,0.5985542168674699
Q5F8I2,random,ifnepitope2,med_ml_score,0.6
Q5F8I2,random,ifnepitope2,med_blast_score,0.0
Q5F8I2,random,ifnepitope2,med_total_score,0.6
B4RP98,random,ifnepitope2,mean_ml_score,0.5951839464882943
B4RP98,random,ifnepitope2,mean_blast_score,0.0
B4RP98,random,ifnepitope2,mean_total_score,0.5951839464882943
B4RP98,random,ifnepitope2,med_ml_score,0.61
B4RP98,random,ifnepitope2,med_blast_score,0.0
B4RP98,random,ifnepitope2,med_total_score,0.61
Q5F6I7,random,ifnepitope2,mean_ml_score,0.6177900552486187
Q5F6I7,random,ifnepitope2,mean_blast_score,0.0
Q5F6I7,random,ifnepitope2,mean_total_score,0.6177900552486187
Q5F6I7,random,ifnepitope2,med_ml_score,0.62
Q5F6I7,random,ifnepitope2,med_blast_score,0.0
Q5F6I7,random,ifnepitope2,med_total_score,0.62
B4RLE8,random,ifnepitope2,mean_ml_score,0.5512237762237763
B4RLE8,random,ifnepitope2,mean_blast_score,0.0
B4RLE8,random,ifnepitope2,mean_total_score,0.5512237762237763
B4RLE8,random,ifnepitope2,med_ml_score,0.555
B4RLE8,random,ifnepitope2,med_blast_score,0.0
B4RLE8,random,ifnepitope2,med_total_score,0.555
B4RPQ3,random,ifnepitope2,mean_ml_score,0.6092543859649123
B4RPQ3,random,ifnepitope2,mean_blast_score,0.0
B4RPQ3,random,ifnepitope2,mean_total_score,0.6092543859649123
B4RPQ3,random,ifnepitope2,med_ml_score,0.61
B4RPQ3,random,ifnepitope2,med_blast_score,0.0
B4RPQ3,random,ifnepitope2,med_total_score,0.61
Q5F8T6,random,ifnepitope2,mean_ml_score,0.6088505747126437
Q5F8T6,random,ifnepitope2,mean_blast_score,0.0
Q5F8T6,random,ifnepitope2,mean_total_score,0.6088505747126437
Q5F8T6,random,ifnepitope2,med_ml_score,0.615
Q5F8T6,random,ifnepitope2,med_blast_score,0.0
Q5F8T6,random,ifnepitope2,med_total_score,0.615
Q5F5R3,random,ifnepitope2,mean_ml_score,0.545506329113924
Q5F5R3,random,ifnepitope2,mean_blast_score,0.0
Q5F5R3,random,ifnepitope2,mean_total_score,0.545506329113924
Q5F5R3,random,ifnepitope2,med_ml_score,0.545
Q5F5R3,random,ifnepitope2,med_blast_score,0.0
Q5F5R3,random,ifnepitope2,med_total_score,0.545
B4RQE0,random,ifnepitope2,mean_ml_score,0.6224528301886793
B4RQE0,random,ifnepitope2,mean_blast_score,0.0
B4RQE0,random,ifnepitope2,mean_total_score,0.6224528301886793
B4RQE0,random,ifnepitope2,med_ml_score,0.62
B4RQE0,random,ifnepitope2,med_blast_score,0.0
B4RQE0,random,ifnepitope2,med_total_score,0.62
Q5F5A5,random,ifnepitope2,mean_ml_score,0.6052592592592593
Q5F5A5,random,ifnepitope2,mean_blast_score,0.0
Q5F5A5,random,ifnepitope2,mean_total_score,0.6052592592592593
Q5F5A5,random,ifnepitope2,med_ml_score,0.63
Q5F5A5,random,ifnepitope2,med_blast_score,0.0
Q5F5A5,random,ifnepitope2,med_total_score,0.63
P43505,random,ifnepitope2,mean_ml_score,0.5851732673267327
P43505,random,ifnepitope2,mean_blast_score,0.0
P43505,random,ifnepitope2,mean_total_score,0.5851732673267327
P43505,random,ifnepitope2,med_ml_score,0.59
P43505,random,ifnepitope2,med_blast_score,0.0
P43505,random,ifnepitope2,med_total_score,0.59
P21302,random,ifnepitope2,mean_ml_score,0.6143343653250773
P21302,random,ifnepitope2,mean_blast_score,0.0
P21302,random,ifnepitope2,mean_total_score,0.6143343653250773
P21302,random,ifnepitope2,med_ml_score,0.62
P21302,random,ifnepitope2,med_blast_score,0.0
P21302,random,ifnepitope2,med_total_score,0.62
B4RPI1,random,ifnepitope2,mean_ml_score,0.6122439024390244
B4RPI1,random,ifnepitope2,mean_blast_score,0.0
B4RPI1,random,ifnepitope2,mean_total_score,0.6122439024390244
B4RPI1,random,ifnepitope2,med_ml_score,0.62
B4RPI1,random,ifnepitope2,med_blast_score,0.0
B4RPI1,random,ifnepitope2,med_total_score,0.62
Q5F7K9,random,ifnepitope2,mean_ml_score,0.6101459854014598
Q5F7K9,random,ifnepitope2,mean_blast_score,0.0
Q5F7K9,random,ifnepitope2,mean_total_score,0.6101459854014598
Q5F7K9,random,ifnepitope2,med_ml_score,0.62
Q5F7K9,random,ifnepitope2,med_blast_score,0.0
Q5F7K9,random,ifnepitope2,med_total_score,0.62
P0A0X8,random,ifnepitope2,mean_ml_score,0.5772058823529411
P0A0X8,random,ifnepitope2,mean_blast_score,0.0
P0A0X8,random,ifnepitope2,mean_total_score,0.5772058823529411
P0A0X8,random,ifnepitope2,med_ml_score,0.58
P0A0X8,random,ifnepitope2,med_blast_score,0.0
P0A0X8,random,ifnepitope2,med_total_score,0.58
Q5F622,random,ifnepitope2,mean_ml_score,0.5921142857142857
Q5F622,random,ifnepitope2,mean_blast_score,0.0
Q5F622,random,ifnepitope2,mean_total_score,0.5921142857142857
Q5F622,random,ifnepitope2,med_ml_score,0.59
Q5F622,random,ifnepitope2,med_blast_score,0.0
Q5F622,random,ifnepitope2,med_total_score,0.59
B4RJG2,random,ifnepitope2,mean_ml_score,0.6007586206896551
B4RJG2,random,ifnepitope2,mean_blast_score,0.0
B4RJG2,random,ifnepitope2,mean_total_score,0.6007586206896551
B4RJG2,random,ifnepitope2,med_ml_score,0.61
B4RJG2,random,ifnepitope2,med_blast_score,0.0
B4RJG2,random,ifnepitope2,med_total_score,0.61
B4RP13,random,ifnepitope2,mean_ml_score,0.5772813238770685
B4RP13,random,ifnepitope2,mean_blast_score,0.0
B4RP13,random,ifnepitope2,mean_total_score,0.5772813238770685
B4RP13,random,ifnepitope2,med_ml_score,0.58
B4RP13,random,ifnepitope2,med_blast_score,0.0
B4RP13,random,ifnepitope2,med_total_score,0.58
B4RP57,random,ifnepitope2,mean_ml_score,0.601939393939394
B4RP57,random,ifnepitope2,mean_blast_score,0.0
B4RP57,random,ifnepitope2,mean_total_score,0.601939393939394
B4RP57,random,ifnepitope2,med_ml_score,0.61
B4RP57,random,ifnepitope2,med_blast_score,0.0
B4RP57,random,ifnepitope2,med_total_score,0.61
Q5F5U0,random,ifnepitope2,mean_ml_score,0.5963440860215053
Q5F5U0,random,ifnepitope2,mean_blast_score,0.0
Q5F5U0,random,ifnepitope2,mean_total_score,0.5963440860215053
Q5F5U0,random,ifnepitope2,med_ml_score,0.61
Q5F5U0,random,ifnepitope2,med_blast_score,0.0
Q5F5U0,random,ifnepitope2,med_total_score,0.61
Q5F7D6,random,ifnepitope2,mean_ml_score,0.5830508474576271
Q5F7D6,random,ifnepitope2,mean_blast_score,0.0
Q5F7D6,random,ifnepitope2,mean_total_score,0.5830508474576271
Q5F7D6,random,ifnepitope2,med_ml_score,0.59
Q5F7D6,random,ifnepitope2,med_blast_score,0.0
Q5F7D6,random,ifnepitope2,med_total_score,0.59
Q5F9U0,random,ifnepitope2,mean_ml_score,0.6045482866043613
Q5F9U0,random,ifnepitope2,mean_blast_score,0.0
Q5F9U0,random,ifnepitope2,mean_total_score,0.6045482866043613
Q5F9U0,random,ifnepitope2,med_ml_score,0.59
Q5F9U0,random,ifnepitope2,med_blast_score,0.0
Q5F9U0,random,ifnepitope2,med_total_score,0.59
P17492,random,ifnepitope2,mean_ml_score,0.60390625
P17492,random,ifnepitope2,mean_blast_score,0.0
P17492,random,ifnepitope2,mean_total_score,0.60390625
P17492,random,ifnepitope2,med_ml_score,0.605
P17492,random,ifnepitope2,med_blast_score,0.0
P17492,random,ifnepitope2,med_total_score,0.605
Q5F5M1,random,ifnepitope2,mean_ml_score,0.6242465753424657
Q5F5M1,random,ifnepitope2,mean_blast_score,0.0
Q5F5M1,random,ifnepitope2,mean_total_score,0.6242465753424657
Q5F5M1,random,ifnepitope2,med_ml_score,0.62
Q5F5M1,random,ifnepitope2,med_blast_score,0.0
Q5F5M1,random,ifnepitope2,med_total_score,0.62
Q5F9R5,random,ifnepitope2,mean_ml_score,0.6458426966292135
Q5F9R5,random,ifnepitope2,mean_blast_score,0.0
Q5F9R5,random,ifnepitope2,mean_total_score,0.6458426966292135
Q5F9R5,random,ifnepitope2,med_ml_score,0.64
Q5F9R5,random,ifnepitope2,med_blast_score,0.0
Q5F9R5,random,ifnepitope2,med_total_score,0.64
Q04878,random,ifnepitope2,mean_ml_score,0.575695652173913
Q04878,random,ifnepitope2,mean_blast_score,0.0
Q04878,random,ifnepitope2,mean_total_score,0.575695652173913
Q04878,random,ifnepitope2,med_ml_score,0.58
Q04878,random,ifnepitope2,med_blast_score,0.0
Q04878,random,ifnepitope2,med_total_score,0.58
P77914,random,ifnepitope2,mean_ml_score,0.5989932885906041
P77914,random,ifnepitope2,mean_blast_score,0.0
P77914,random,ifnepitope2,mean_total_score,0.5989932885906041
P77914,random,ifnepitope2,med_ml_score,0.6
P77914,random,ifnepitope2,med_blast_score,0.0
P77914,random,ifnepitope2,med_total_score,0.6
Q5F5F4,random,ifnepitope2,mean_ml_score,0.5734782608695652
Q5F5F4,random,ifnepitope2,mean_blast_score,0.0
Q5F5F4,random,ifnepitope2,mean_total_score,0.5734782608695652
Q5F5F4,random,ifnepitope2,med_ml_score,0.58
Q5F5F4,random,ifnepitope2,med_blast_score,0.0
Q5F5F4,random,ifnepitope2,med_total_score,0.58
P95354,random,ifnepitope2,mean_ml_score,0.5730434782608695
P95354,random,ifnepitope2,mean_blast_score,0.0
P95354,random,ifnepitope2,mean_total_score,0.5730434782608695
P95354,random,ifnepitope2,med_ml_score,0.565
P95354,random,ifnepitope2,med_blast_score,0.0
P95354,random,ifnepitope2,med_total_score,0.565
Q5F8J0,random,ifnepitope2,mean_ml_score,0.6096296296296296
Q5F8J0,random,ifnepitope2,mean_blast_score,0.0
Q5F8J0,random,ifnepitope2,mean_total_score,0.6096296296296296
Q5F8J0,random,ifnepitope2,med_ml_score,0.62
Q5F8J0,random,ifnepitope2,med_blast_score,0.0
Q5F8J0,random,ifnepitope2,med_total_score,0.62
Q5F8D4,random,ifnepitope2,mean_ml_score,0.5870288624787776
Q5F8D4,random,ifnepitope2,mean_blast_score,0.0
Q5F8D4,random,ifnepitope2,mean_total_score,0.5870288624787776
Q5F8D4,random,ifnepitope2,med_ml_score,0.58
Q5F8D4,random,ifnepitope2,med_blast_score,0.0
Q5F8D4,random,ifnepitope2,med_total_score,0.58
Q5F5T1,random,ifnepitope2,mean_ml_score,0.5997619047619047
Q5F5T1,random,ifnepitope2,mean_blast_score,0.0
Q5F5T1,random,ifnepitope2,mean_total_score,0.5997619047619047
Q5F5T1,random,ifnepitope2,med_ml_score,0.59
Q5F5T1,random,ifnepitope2,med_blast_score,0.0
Q5F5T1,random,ifnepitope2,med_total_score,0.59
B4RJI1,random,ifnepitope2,mean_ml_score,0.5706410256410256
B4RJI1,random,ifnepitope2,mean_blast_score,0.0
B4RJI1,random,ifnepitope2,mean_total_score,0.5706410256410256
B4RJI1,random,ifnepitope2,med_ml_score,0.58
B4RJI1,random,ifnepitope2,med_blast_score,0.0
B4RJI1,random,ifnepitope2,med_total_score,0.58
B4RQL3,random,ifnepitope2,mean_ml_score,0.616969696969697
B4RQL3,random,ifnepitope2,mean_blast_score,0.0
B4RQL3,random,ifnepitope2,mean_total_score,0.616969696969697
B4RQL3,random,ifnepitope2,med_ml_score,0.635
B4RQL3,random,ifnepitope2,med_blast_score,0.0
B4RQL3,random,ifnepitope2,med_total_score,0.635
Q5F5C8,random,ifnepitope2,mean_ml_score,0.6153938356164383
Q5F5C8,random,ifnepitope2,mean_blast_score,0.0
Q5F5C8,random,ifnepitope2,mean_total_score,0.6153938356164383
Q5F5C8,random,ifnepitope2,med_ml_score,0.63
Q5F5C8,random,ifnepitope2,med_blast_score,0.0
Q5F5C8,random,ifnepitope2,med_total_score,0.63
B4RJ69,random,ifnepitope2,mean_ml_score,0.6322299651567944
B4RJ69,random,ifnepitope2,mean_blast_score,0.0
B4RJ69,random,ifnepitope2,mean_total_score,0.6322299651567944
B4RJ69,random,ifnepitope2,med_ml_score,0.64
B4RJ69,random,ifnepitope2,med_blast_score,0.0
B4RJ69,random,ifnepitope2,med_total_score,0.64
B4RKA0,random,ifnepitope2,mean_ml_score,0.6216605166051661
B4RKA0,random,ifnepitope2,mean_blast_score,0.0
B4RKA0,random,ifnepitope2,mean_total_score,0.6216605166051661
B4RKA0,random,ifnepitope2,med_ml_score,0.62
B4RKA0,random,ifnepitope2,med_blast_score,0.0
B4RKA0,random,ifnepitope2,med_total_score,0.62
B4RN63,random,ifnepitope2,mean_ml_score,0.6391528925619835
B4RN63,random,ifnepitope2,mean_blast_score,0.0
B4RN63,random,ifnepitope2,mean_total_score,0.6391528925619835
B4RN63,random,ifnepitope2,med_ml_score,0.65
B4RN63,random,ifnepitope2,med_blast_score,0.0
B4RN63,random,ifnepitope2,med_total_score,0.65
B4RQ33,random,ifnepitope2,mean_ml_score,0.6169942196531792
B4RQ33,random,ifnepitope2,mean_blast_score,0.0
B4RQ33,random,ifnepitope2,mean_total_score,0.6169942196531792
B4RQ33,random,ifnepitope2,med_ml_score,0.62
B4RQ33,random,ifnepitope2,med_blast_score,0.0
B4RQ33,random,ifnepitope2,med_total_score,0.62
B4RK11,random,ifnepitope2,mean_ml_score,0.6073839662447258
B4RK11,random,ifnepitope2,mean_blast_score,0.0
B4RK11,random,ifnepitope2,mean_total_score,0.6073839662447258
B4RK11,random,ifnepitope2,med_ml_score,0.61
B4RK11,random,ifnepitope2,med_blast_score,0.0
B4RK11,random,ifnepitope2,med_total_score,0.61
Q5F605,random,ifnepitope2,mean_ml_score,0.6467278287461774
Q5F605,random,ifnepitope2,mean_blast_score,0.0
Q5F605,random,ifnepitope2,mean_total_score,0.6467278287461774
Q5F605,random,ifnepitope2,med_ml_score,0.66
Q5F605,random,ifnepitope2,med_blast_score,0.0
Q5F605,random,ifnepitope2,med_total_score,0.66
Q5FA52,random,ifnepitope2,mean_ml_score,0.6286082474226804
Q5FA52,random,ifnepitope2,mean_blast_score,0.0
Q5FA52,random,ifnepitope2,mean_total_score,0.6286082474226804
Q5FA52,random,ifnepitope2,med_ml_score,0.64
Q5FA52,random,ifnepitope2,med_blast_score,0.0
Q5FA52,random,ifnepitope2,med_total_score,0.64
B4RJR8,random,ifnepitope2,mean_ml_score,0.6898076923076923
B4RJR8,random,ifnepitope2,mean_blast_score,0.0
B4RJR8,random,ifnepitope2,mean_total_score,0.6898076923076923
B4RJR8,random,ifnepitope2,med_ml_score,0.705
B4RJR8,random,ifnepitope2,med_blast_score,0.0
B4RJR8,random,ifnepitope2,med_total_score,0.705
Q5F5D9,random,ifnepitope2,mean_ml_score,0.5671276595744681
Q5F5D9,random,ifnepitope2,mean_blast_score,0.0
Q5F5D9,random,ifnepitope2,mean_total_score,0.5671276595744681
Q5F5D9,random,ifnepitope2,med_ml_score,0.57
Q5F5D9,random,ifnepitope2,med_blast_score,0.0
Q5F5D9,random,ifnepitope2,med_total_score,0.57
B4RQW1,random,ifnepitope2,mean_ml_score,0.5302608695652173
B4RQW1,random,ifnepitope2,mean_blast_score,0.0
B4RQW1,random,ifnepitope2,mean_total_score,0.5302608695652173
B4RQW1,random,ifnepitope2,med_ml_score,0.55
B4RQW1,random,ifnepitope2,med_blast_score,0.0
B4RQW1,random,ifnepitope2,med_total_score,0.55
B4RQI7,random,ifnepitope2,mean_ml_score,0.6148603351955307
B4RQI7,random,ifnepitope2,mean_blast_score,0.0
B4RQI7,random,ifnepitope2,mean_total_score,0.6148603351955307
B4RQI7,random,ifnepitope2,med_ml_score,0.63
B4RQI7,random,ifnepitope2,med_blast_score,0.0
B4RQI7,random,ifnepitope2,med_total_score,0.63
B4RPR2,random,ifnepitope2,mean_ml_score,0.6253545232273838
B4RPR2,random,ifnepitope2,mean_blast_score,0.0
B4RPR2,random,ifnepitope2,mean_total_score,0.6253545232273838
B4RPR2,random,ifnepitope2,med_ml_score,0.63
B4RPR2,random,ifnepitope2,med_blast_score,0.0
B4RPR2,random,ifnepitope2,med_total_score,0.63
Q5F5X0,random,ifnepitope2,mean_ml_score,0.5949481865284975
Q5F5X0,random,ifnepitope2,mean_blast_score,0.0
Q5F5X0,random,ifnepitope2,mean_total_score,0.5949481865284975
Q5F5X0,random,ifnepitope2,med_ml_score,0.6
Q5F5X0,random,ifnepitope2,med_blast_score,0.0
Q5F5X0,random,ifnepitope2,med_total_score,0.6
Q5F542,random,ifnepitope2,mean_ml_score,0.5264772727272727
Q5F542,random,ifnepitope2,mean_blast_score,0.0
Q5F542,random,ifnepitope2,mean_total_score,0.5264772727272727
Q5F542,random,ifnepitope2,med_ml_score,0.52
Q5F542,random,ifnepitope2,med_blast_score,0.0
Q5F542,random,ifnepitope2,med_total_score,0.52
Q5F935,random,ifnepitope2,mean_ml_score,0.6005172413793104
Q5F935,random,ifnepitope2,mean_blast_score,0.0
Q5F935,random,ifnepitope2,mean_total_score,0.6005172413793104
Q5F935,random,ifnepitope2,med_ml_score,0.605
Q5F935,random,ifnepitope2,med_blast_score,0.0
Q5F935,random,ifnepitope2,med_total_score,0.605
B4RM65,random,ifnepitope2,mean_ml_score,0.6053456221198157
B4RM65,random,ifnepitope2,mean_blast_score,0.0
B4RM65,random,ifnepitope2,mean_total_score,0.6053456221198157
B4RM65,random,ifnepitope2,med_ml_score,0.61
B4RM65,random,ifnepitope2,med_blast_score,0.0
B4RM65,random,ifnepitope2,med_total_score,0.61
Q5F9J9,random,ifnepitope2,mean_ml_score,0.6068934911242604
Q5F9J9,random,ifnepitope2,mean_blast_score,0.0
Q5F9J9,random,ifnepitope2,mean_total_score,0.6068934911242604
Q5F9J9,random,ifnepitope2,med_ml_score,0.61
Q5F9J9,random,ifnepitope2,med_blast_score,0.0
Q5F9J9,random,ifnepitope2,med_total_score,0.61
B4RQS8,random,ifnepitope2,mean_ml_score,0.656127562642369
B4RQS8,random,ifnepitope2,mean_blast_score,0.0
B4RQS8,random,ifnepitope2,mean_total_score,0.656127562642369
B4RQS8,random,ifnepitope2,med_ml_score,0.66
B4RQS8,random,ifnepitope2,med_blast_score,0.0
B4RQS8,random,ifnepitope2,med_total_score,0.66
Q51003,random,ifnepitope2,mean_ml_score,0.621904761904762
Q51003,random,ifnepitope2,mean_blast_score,0.0
Q51003,random,ifnepitope2,mean_total_score,0.621904761904762
Q51003,random,ifnepitope2,med_ml_score,0.63
Q51003,random,ifnepitope2,med_blast_score,0.0
Q51003,random,ifnepitope2,med_total_score,0.63
Q5F783,random,ifnepitope2,mean_ml_score,0.6248109965635739
Q5F783,random,ifnepitope2,mean_blast_score,0.0
Q5F783,random,ifnepitope2,mean_total_score,0.6248109965635739
Q5F783,random,ifnepitope2,med_ml_score,0.63
Q5F783,random,ifnepitope2,med_blast_score,0.0
Q5F783,random,ifnepitope2,med_total_score,0.63
Q59603,random,ifnepitope2,mean_ml_score,0.6092642140468227
Q59603,random,ifnepitope2,mean_blast_score,0.0
Q59603,random,ifnepitope2,mean_total_score,0.6092642140468227
Q59603,random,ifnepitope2,med_ml_score,0.61
Q59603,random,ifnepitope2,med_blast_score,0.0
Q59603,random,ifnepitope2,med_total_score,0.61
B4RJ05,random,ifnepitope2,mean_ml_score,0.603019943019943
B4RJ05,random,ifnepitope2,mean_blast_score,0.0
B4RJ05,random,ifnepitope2,mean_total_score,0.603019943019943
B4RJ05,random,ifnepitope2,med_ml_score,0.61
B4RJ05,random,ifnepitope2,med_blast_score,0.0
B4RJ05,random,ifnepitope2,med_total_score,0.61
B4RIY7,random,ifnepitope2,mean_ml_score,0.6100456621004566
B4RIY7,random,ifnepitope2,mean_blast_score,0.0
B4RIY7,random,ifnepitope2,mean_total_score,0.6100456621004566
B4RIY7,random,ifnepitope2,med_ml_score,0.61
B4RIY7,random,ifnepitope2,med_blast_score,0.0
B4RIY7,random,ifnepitope2,med_total_score,0.61
Q5F7D8,random,ifnepitope2,mean_ml_score,0.6004275534441805
Q5F7D8,random,ifnepitope2,mean_blast_score,0.0
Q5F7D8,random,ifnepitope2,mean_total_score,0.6004275534441805
Q5F7D8,random,ifnepitope2,med_ml_score,0.6
Q5F7D8,random,ifnepitope2,med_blast_score,0.0
Q5F7D8,random,ifnepitope2,med_total_score,0.6
Q5F881,random,ifnepitope2,mean_ml_score,0.5941428571428572
Q5F881,random,ifnepitope2,mean_blast_score,0.0
Q5F881,random,ifnepitope2,mean_total_score,0.5941428571428572
Q5F881,random,ifnepitope2,med_ml_score,0.59
Q5F881,random,ifnepitope2,med_blast_score,0.0
Q5F881,random,ifnepitope2,med_total_score,0.59
B4RK98,random,ifnepitope2,mean_ml_score,0.590566037735849
B4RK98,random,ifnepitope2,mean_blast_score,0.0
B4RK98,random,ifnepitope2,mean_total_score,0.590566037735849
B4RK98,random,ifnepitope2,med_ml_score,0.6
B4RK98,random,ifnepitope2,med_blast_score,0.0
B4RK98,random,ifnepitope2,med_total_score,0.6
B4RQ61,random,ifnepitope2,mean_ml_score,0.6131753554502369
B4RQ61,random,ifnepitope2,mean_blast_score,0.0
B4RQ61,random,ifnepitope2,mean_total_score,0.6131753554502369
B4RQ61,random,ifnepitope2,med_ml_score,0.61
B4RQ61,random,ifnepitope2,med_blast_score,0.0
B4RQ61,random,ifnepitope2,med_total_score,0.61
B4RLL1,random,ifnepitope2,mean_ml_score,0.5985542168674699
B4RLL1,random,ifnepitope2,mean_blast_score,0.0
B4RLL1,random,ifnepitope2,mean_total_score,0.5985542168674699
B4RLL1,random,ifnepitope2,med_ml_score,0.6
B4RLL1,random,ifnepitope2,med_blast_score,0.0
B4RLL1,random,ifnepitope2,med_total_score,0.6
O07817,random,ifnepitope2,mean_ml_score,0.6323232323232323
O07817,random,ifnepitope2,mean_blast_score,0.0
O07817,random,ifnepitope2,mean_total_score,0.6323232323232323
O07817,random,ifnepitope2,med_ml_score,0.61
O07817,random,ifnepitope2,med_blast_score,0.0
O07817,random,ifnepitope2,med_total_score,0.61
Q5F5V2,random,ifnepitope2,mean_ml_score,0.59409375
Q5F5V2,random,ifnepitope2,mean_blast_score,0.0
Q5F5V2,random,ifnepitope2,mean_total_score,0.59409375
Q5F5V2,random,ifnepitope2,med_ml_score,0.6
Q5F5V2,random,ifnepitope2,med_blast_score,0.0
Q5F5V2,random,ifnepitope2,med_total_score,0.6
B4RLK9,random,ifnepitope2,mean_ml_score,0.6027586206896551
B4RLK9,random,ifnepitope2,mean_blast_score,0.0
B4RLK9,random,ifnepitope2,mean_total_score,0.6027586206896551
B4RLK9,random,ifnepitope2,med_ml_score,0.61
B4RLK9,random,ifnepitope2,med_blast_score,0.0
B4RLK9,random,ifnepitope2,med_total_score,0.61
B4RK82,random,ifnepitope2,mean_ml_score,0.5651515151515152
B4RK82,random,ifnepitope2,mean_blast_score,0.0
B4RK82,random,ifnepitope2,mean_total_score,0.5651515151515152
B4RK82,random,ifnepitope2,med_ml_score,0.57
B4RK82,random,ifnepitope2,med_blast_score,0.0
B4RK82,random,ifnepitope2,med_total_score,0.57
Q04885,random,ifnepitope2,mean_ml_score,0.5734497816593886
Q04885,random,ifnepitope2,mean_blast_score,0.0
Q04885,random,ifnepitope2,mean_total_score,0.5734497816593886
Q04885,random,ifnepitope2,med_ml_score,0.58
Q04885,random,ifnepitope2,med_blast_score,0.0
Q04885,random,ifnepitope2,med_total_score,0.58
B4RM90,random,ifnepitope2,mean_ml_score,0.6034653465346534
B4RM90,random,ifnepitope2,mean_blast_score,0.0
B4RM90,random,ifnepitope2,mean_total_score,0.6034653465346534
B4RM90,random,ifnepitope2,med_ml_score,0.605
B4RM90,random,ifnepitope2,med_blast_score,0.0
B4RM90,random,ifnepitope2,med_total_score,0.605
P37094,random,ifnepitope2,mean_ml_score,0.6052
P37094,random,ifnepitope2,mean_blast_score,0.0
P37094,random,ifnepitope2,mean_total_score,0.6052
P37094,random,ifnepitope2,med_ml_score,0.6
P37094,random,ifnepitope2,med_blast_score,0.0
P37094,random,ifnepitope2,med_total_score,0.6
B4RLK3,random,ifnepitope2,mean_ml_score,0.5812085308056872
B4RLK3,random,ifnepitope2,mean_blast_score,0.0
B4RLK3,random,ifnepitope2,mean_total_score,0.5812085308056872
B4RLK3,random,ifnepitope2,med_ml_score,0.59
B4RLK3,random,ifnepitope2,med_blast_score,0.0
B4RLK3,random,ifnepitope2,med_total_score,0.59
B4RIW3,random,ifnepitope2,mean_ml_score,0.6025311203319502
B4RIW3,random,ifnepitope2,mean_blast_score,0.0
B4RIW3,random,ifnepitope2,mean_total_score,0.6025311203319502
B4RIW3,random,ifnepitope2,med_ml_score,0.6
B4RIW3,random,ifnepitope2,med_blast_score,0.0
B4RIW3,random,ifnepitope2,med_total_score,0.6
Q5F569,random,ifnepitope2,mean_ml_score,0.6189297658862877
Q5F569,random,ifnepitope2,mean_blast_score,0.0
Q5F569,random,ifnepitope2,mean_total_score,0.6189297658862877
Q5F569,random,ifnepitope2,med_ml_score,0.63
Q5F569,random,ifnepitope2,med_blast_score,0.0
Q5F569,random,ifnepitope2,med_total_score,0.63
B4RNX2,random,ifnepitope2,mean_ml_score,0.5916267942583732
B4RNX2,random,ifnepitope2,mean_blast_score,0.0
B4RNX2,random,ifnepitope2,mean_total_score,0.5916267942583732
B4RNX2,random,ifnepitope2,med_ml_score,0.59
B4RNX2,random,ifnepitope2,med_blast_score,0.0
B4RNX2,random,ifnepitope2,med_total_score,0.59
B4RL77,random,ifnepitope2,mean_ml_score,0.6005526315789473
B4RL77,random,ifnepitope2,mean_blast_score,0.0
B4RL77,random,ifnepitope2,mean_total_score,0.6005526315789473
B4RL77,random,ifnepitope2,med_ml_score,0.6
B4RL77,random,ifnepitope2,med_blast_score,0.0
B4RL77,random,ifnepitope2,med_total_score,0.6
B4RMI6,random,ifnepitope2,mean_ml_score,0.5986521739130435
B4RMI6,random,ifnepitope2,mean_blast_score,0.0
B4RMI6,random,ifnepitope2,mean_total_score,0.5986521739130435
B4RMI6,random,ifnepitope2,med_ml_score,0.61
B4RMI6,random,ifnepitope2,med_blast_score,0.0
B4RMI6,random,ifnepitope2,med_total_score,0.61
P35819,random,ifnepitope2,mean_ml_score,0.5836235955056179
P35819,random,ifnepitope2,mean_blast_score,0.0
P35819,random,ifnepitope2,mean_total_score,0.5836235955056179
P35819,random,ifnepitope2,med_ml_score,0.59
P35819,random,ifnepitope2,med_blast_score,0.0
P35819,random,ifnepitope2,med_total_score,0.59
Q5F5V1,random,ifnepitope2,mean_ml_score,0.5682828282828283
Q5F5V1,random,ifnepitope2,mean_blast_score,0.0
Q5F5V1,random,ifnepitope2,mean_total_score,0.5682828282828283
Q5F5V1,random,ifnepitope2,med_ml_score,0.57
Q5F5V1,random,ifnepitope2,med_blast_score,0.0
Q5F5V1,random,ifnepitope2,med_total_score,0.57
B4RN50,random,ifnepitope2,mean_ml_score,0.618628841607565
B4RN50,random,ifnepitope2,mean_blast_score,0.0
B4RN50,random,ifnepitope2,mean_total_score,0.618628841607565
B4RN50,random,ifnepitope2,med_ml_score,0.62
B4RN50,random,ifnepitope2,med_blast_score,0.0
B4RN50,random,ifnepitope2,med_total_score,0.62
B4RR10,random,ifnepitope2,mean_ml_score,0.58112
B4RR10,random,ifnepitope2,mean_blast_score,0.0
B4RR10,random,ifnepitope2,mean_total_score,0.58112
B4RR10,random,ifnepitope2,med_ml_score,0.59
B4RR10,random,ifnepitope2,med_blast_score,0.0
B4RR10,random,ifnepitope2,med_total_score,0.59
P52325,random,ifnepitope2,mean_ml_score,0.5812618296529969
P52325,random,ifnepitope2,mean_blast_score,0.0
P52325,random,ifnepitope2,mean_total_score,0.5812618296529969
P52325,random,ifnepitope2,med_ml_score,0.585
P52325,random,ifnepitope2,med_blast_score,0.0
P52325,random,ifnepitope2,med_total_score,0.585
Q5F5X2,random,ifnepitope2,mean_ml_score,0.613625
Q5F5X2,random,ifnepitope2,mean_blast_score,0.0
Q5F5X2,random,ifnepitope2,mean_total_score,0.613625
Q5F5X2,random,ifnepitope2,med_ml_score,0.6
Q5F5X2,random,ifnepitope2,med_blast_score,0.0
Q5F5X2,random,ifnepitope2,med_total_score,0.6
B4RQW3,random,ifnepitope2,mean_ml_score,0.6028778018799711
B4RQW3,random,ifnepitope2,mean_blast_score,0.0
B4RQW3,random,ifnepitope2,mean_total_score,0.6028778018799711
B4RQW3,random,ifnepitope2,med_ml_score,0.6
B4RQW3,random,ifnepitope2,med_blast_score,0.0
B4RQW3,random,ifnepitope2,med_total_score,0.6
Q5F7J4,random,ifnepitope2,mean_ml_score,0.6094946401225115
Q5F7J4,random,ifnepitope2,mean_blast_score,0.0
Q5F7J4,random,ifnepitope2,mean_total_score,0.6094946401225115
Q5F7J4,random,ifnepitope2,med_ml_score,0.61
Q5F7J4,random,ifnepitope2,med_blast_score,0.0
Q5F7J4,random,ifnepitope2,med_total_score,0.61
Q5F6P1,random,ifnepitope2,mean_ml_score,0.6001709401709402
Q5F6P1,random,ifnepitope2,mean_blast_score,0.0
Q5F6P1,random,ifnepitope2,mean_total_score,0.6001709401709402
Q5F6P1,random,ifnepitope2,med_ml_score,0.605
Q5F6P1,random,ifnepitope2,med_blast_score,0.0
Q5F6P1,random,ifnepitope2,med_total_score,0.605
B4RJL0,random,ifnepitope2,mean_ml_score,0.625432098765432
B4RJL0,random,ifnepitope2,mean_blast_score,0.0
B4RJL0,random,ifnepitope2,mean_total_score,0.625432098765432
B4RJL0,random,ifnepitope2,med_ml_score,0.63
B4RJL0,random,ifnepitope2,med_blast_score,0.0
B4RJL0,random,ifnepitope2,med_total_score,0.63
B4RQ92,random,ifnepitope2,mean_ml_score,0.6128205128205129
B4RQ92,random,ifnepitope2,mean_blast_score,0.0
B4RQ92,random,ifnepitope2,mean_total_score,0.6128205128205129
B4RQ92,random,ifnepitope2,med_ml_score,0.62
B4RQ92,random,ifnepitope2,med_blast_score,0.0
B4RQ92,random,ifnepitope2,med_total_score,0.62
Q04877,random,ifnepitope2,mean_ml_score,0.5876444444444444
Q04877,random,ifnepitope2,mean_blast_score,0.0
Q04877,random,ifnepitope2,mean_total_score,0.5876444444444444
Q04877,random,ifnepitope2,med_ml_score,0.59
Q04877,random,ifnepitope2,med_blast_score,0.0
Q04877,random,ifnepitope2,med_total_score,0.59
B4RLV5,random,ifnepitope2,mean_ml_score,0.6196766169154229
B4RLV5,random,ifnepitope2,mean_blast_score,0.0
B4RLV5,random,ifnepitope2,mean_total_score,0.6196766169154229
B4RLV5,random,ifnepitope2,med_ml_score,0.63
B4RLV5,random,ifnepitope2,med_blast_score,0.0
B4RLV5,random,ifnepitope2,med_total_score,0.63
B4RJF6,random,ifnepitope2,mean_ml_score,0.5666891891891892
B4RJF6,random,ifnepitope2,mean_blast_score,0.0
B4RJF6,random,ifnepitope2,mean_total_score,0.5666891891891892
B4RJF6,random,ifnepitope2,med_ml_score,0.57
B4RJF6,random,ifnepitope2,med_blast_score,0.0
B4RJF6,random,ifnepitope2,med_total_score,0.57
Q50962,random,ifnepitope2,mean_ml_score,0.6078217821782178
Q50962,random,ifnepitope2,mean_blast_score,0.0
Q50962,random,ifnepitope2,mean_total_score,0.6078217821782178
Q50962,random,ifnepitope2,med_ml_score,0.61
Q50962,random,ifnepitope2,med_blast_score,0.0
Q50962,random,ifnepitope2,med_total_score,0.61
B4RPI3,random,ifnepitope2,mean_ml_score,0.6300657894736842
B4RPI3,random,ifnepitope2,mean_blast_score,0.0
B4RPI3,random,ifnepitope2,mean_total_score,0.6300657894736842
B4RPI3,random,ifnepitope2,med_ml_score,0.64
B4RPI3,random,ifnepitope2,med_blast_score,0.0
B4RPI3,random,ifnepitope2,med_total_score,0.64
Q5F849,random,ifnepitope2,mean_ml_score,0.5828975265017667
Q5F849,random,ifnepitope2,mean_blast_score,0.0
Q5F849,random,ifnepitope2,mean_total_score,0.5828975265017667
Q5F849,random,ifnepitope2,med_ml_score,0.58
Q5F849,random,ifnepitope2,med_blast_score,0.0
Q5F849,random,ifnepitope2,med_total_score,0.58
B4RQ36,random,ifnepitope2,mean_ml_score,0.5808661417322835
B4RQ36,random,ifnepitope2,mean_blast_score,0.0
B4RQ36,random,ifnepitope2,mean_total_score,0.5808661417322835
B4RQ36,random,ifnepitope2,med_ml_score,0.58
B4RQ36,random,ifnepitope2,med_blast_score,0.0
B4RQ36,random,ifnepitope2,med_total_score,0.58
B4RM87,random,ifnepitope2,mean_ml_score,0.6043162393162393
B4RM87,random,ifnepitope2,mean_blast_score,0.0
B4RM87,random,ifnepitope2,mean_total_score,0.6043162393162393
B4RM87,random,ifnepitope2,med_ml_score,0.605
B4RM87,random,ifnepitope2,med_blast_score,0.0
B4RM87,random,ifnepitope2,med_total_score,0.605
P39897,random,ifnepitope2,mean_ml_score,0.5016981132075472
P39897,random,ifnepitope2,mean_blast_score,0.0
P39897,random,ifnepitope2,mean_total_score,0.5016981132075472
P39897,random,ifnepitope2,med_ml_score,0.52
P39897,random,ifnepitope2,med_blast_score,0.0
P39897,random,ifnepitope2,med_total_score,0.52
B4RQC7,random,ifnepitope2,mean_ml_score,0.5986727688787186
B4RQC7,random,ifnepitope2,mean_blast_score,0.0
B4RQC7,random,ifnepitope2,mean_total_score,0.5986727688787186
B4RQC7,random,ifnepitope2,med_ml_score,0.6
B4RQC7,random,ifnepitope2,med_blast_score,0.0
B4RQC7,random,ifnepitope2,med_total_score,0.6
P07211,random,ifnepitope2,mean_ml_score,0.5204
P07211,random,ifnepitope2,mean_blast_score,0.0
P07211,random,ifnepitope2,mean_total_score,0.5204
P07211,random,ifnepitope2,med_ml_score,0.55
P07211,random,ifnepitope2,med_blast_score,0.0
P07211,random,ifnepitope2,med_total_score,0.55
B4RN40,random,ifnepitope2,mean_ml_score,0.593099787685775
B4RN40,random,ifnepitope2,mean_blast_score,0.0
B4RN40,random,ifnepitope2,mean_total_score,0.593099787685775
B4RN40,random,ifnepitope2,med_ml_score,0.61
B4RN40,random,ifnepitope2,med_blast_score,0.0
B4RN40,random,ifnepitope2,med_total_score,0.61
B4RL28,random,ifnepitope2,mean_ml_score,0.6072222222222222
B4RL28,random,ifnepitope2,mean_blast_score,0.0
B4RL28,random,ifnepitope2,mean_total_score,0.6072222222222222
B4RL28,random,ifnepitope2,med_ml_score,0.61
B4RL28,random,ifnepitope2,med_blast_score,0.0
B4RL28,random,ifnepitope2,med_total_score,0.61
Q5F9Y6,random,ifnepitope2,mean_ml_score,0.5835177865612649
Q5F9Y6,random,ifnepitope2,mean_blast_score,0.0
Q5F9Y6,random,ifnepitope2,mean_total_score,0.5835177865612649
Q5F9Y6,random,ifnepitope2,med_ml_score,0.58
Q5F9Y6,random,ifnepitope2,med_blast_score,0.0
Q5F9Y6,random,ifnepitope2,med_total_score,0.58
Q5F5S2,random,ifnepitope2,mean_ml_score,0.5931756756756756
Q5F5S2,random,ifnepitope2,mean_blast_score,0.0
Q5F5S2,random,ifnepitope2,mean_total_score,0.5931756756756756
Q5F5S2,random,ifnepitope2,med_ml_score,0.58
Q5F5S2,random,ifnepitope2,med_blast_score,0.0
Q5F5S2,random,ifnepitope2,med_total_score,0.58
B4RR07,random,ifnepitope2,mean_ml_score,0.6266909975669099
B4RR07,random,ifnepitope2,mean_blast_score,0.0
B4RR07,random,ifnepitope2,mean_total_score,0.6266909975669099
B4RR07,random,ifnepitope2,med_ml_score,0.63
B4RR07,random,ifnepitope2,med_blast_score,0.0
B4RR07,random,ifnepitope2,med_total_score,0.63
B4RQN5,random,ifnepitope2,mean_ml_score,0.6236956521739131
B4RQN5,random,ifnepitope2,mean_blast_score,0.0
B4RQN5,random,ifnepitope2,mean_total_score,0.6236956521739131
B4RQN5,random,ifnepitope2,med_ml_score,0.62
B4RQN5,random,ifnepitope2,med_blast_score,0.0
B4RQN5,random,ifnepitope2,med_total_score,0.62
P37762,random,ifnepitope2,mean_ml_score,0.5987857142857143
P37762,random,ifnepitope2,mean_blast_score,0.0
P37762,random,ifnepitope2,mean_total_score,0.5987857142857143
P37762,random,ifnepitope2,med_ml_score,0.6
P37762,random,ifnepitope2,med_blast_score,0.0
P37762,random,ifnepitope2,med_total_score,0.6
Q5F9G8,random,ifnepitope2,mean_ml_score,0.6072340425531915
Q5F9G8,random,ifnepitope2,mean_blast_score,0.0
Q5F9G8,random,ifnepitope2,mean_total_score,0.6072340425531915
Q5F9G8,random,ifnepitope2,med_ml_score,0.62
Q5F9G8,random,ifnepitope2,med_blast_score,0.0
Q5F9G8,random,ifnepitope2,med_total_score,0.62
B4RK79,random,ifnepitope2,mean_ml_score,0.6160714285714286
B4RK79,random,ifnepitope2,mean_blast_score,0.0
B4RK79,random,ifnepitope2,mean_total_score,0.6160714285714286
B4RK79,random,ifnepitope2,med_ml_score,0.625
B4RK79,random,ifnepitope2,med_blast_score,0.0
B4RK79,random,ifnepitope2,med_total_score,0.625
Q5F9D8,random,ifnepitope2,mean_ml_score,0.5857768924302789
Q5F9D8,random,ifnepitope2,mean_blast_score,0.0
Q5F9D8,random,ifnepitope2,mean_total_score,0.5857768924302789
Q5F9D8,random,ifnepitope2,med_ml_score,0.59
Q5F9D8,random,ifnepitope2,med_blast_score,0.0
Q5F9D8,random,ifnepitope2,med_total_score,0.59
B4RQC6,random,ifnepitope2,mean_ml_score,0.627132530120482
B4RQC6,random,ifnepitope2,mean_blast_score,0.0
B4RQC6,random,ifnepitope2,mean_total_score,0.627132530120482
B4RQC6,random,ifnepitope2,med_ml_score,0.64
B4RQC6,random,ifnepitope2,med_blast_score,0.0
B4RQC6,random,ifnepitope2,med_total_score,0.64
Q50950,random,ifnepitope2,mean_ml_score,0.5856617647058824
Q50950,random,ifnepitope2,mean_blast_score,0.0
Q50950,random,ifnepitope2,mean_total_score,0.5856617647058824
Q50950,random,ifnepitope2,med_ml_score,0.6
Q50950,random,ifnepitope2,med_blast_score,0.0
Q50950,random,ifnepitope2,med_total_score,0.6
Q5FA15,random,ifnepitope2,mean_ml_score,0.6065777777777778
Q5FA15,random,ifnepitope2,mean_blast_score,0.0
Q5FA15,random,ifnepitope2,mean_total_score,0.6065777777777778
Q5FA15,random,ifnepitope2,med_ml_score,0.61
Q5FA15,random,ifnepitope2,med_blast_score,0.0
Q5FA15,random,ifnepitope2,med_total_score,0.61
Q5F623,random,ifnepitope2,mean_ml_score,0.6327152317880794
Q5F623,random,ifnepitope2,mean_blast_score,0.0
Q5F623,random,ifnepitope2,mean_total_score,0.6327152317880794
Q5F623,random,ifnepitope2,med_ml_score,0.64
Q5F623,random,ifnepitope2,med_blast_score,0.0
Q5F623,random,ifnepitope2,med_total_score,0.64
Q5F774,random,ifnepitope2,mean_ml_score,0.5987222222222223
Q5F774,random,ifnepitope2,mean_blast_score,0.0
Q5F774,random,ifnepitope2,mean_total_score,0.5987222222222223
Q5F774,random,ifnepitope2,med_ml_score,0.6
Q5F774,random,ifnepitope2,med_blast_score,0.0
Q5F774,random,ifnepitope2,med_total_score,0.6
B4RQK5,random,ifnepitope2,mean_ml_score,0.5854918032786885
B4RQK5,random,ifnepitope2,mean_blast_score,0.0
B4RQK5,random,ifnepitope2,mean_total_score,0.5854918032786885
B4RQK5,random,ifnepitope2,med_ml_score,0.6
B4RQK5,random,ifnepitope2,med_blast_score,0.0
B4RQK5,random,ifnepitope2,med_total_score,0.6
B4RNT1,random,ifnepitope2,mean_ml_score,0.600057603686636
B4RNT1,random,ifnepitope2,mean_blast_score,0.0
B4RNT1,random,ifnepitope2,mean_total_score,0.600057603686636
B4RNT1,random,ifnepitope2,med_ml_score,0.6
B4RNT1,random,ifnepitope2,med_blast_score,0.0
B4RNT1,random,ifnepitope2,med_total_score,0.6
B4RIW5,random,ifnepitope2,mean_ml_score,0.576027397260274
B4RIW5,random,ifnepitope2,mean_blast_score,0.0
B4RIW5,random,ifnepitope2,mean_total_score,0.576027397260274
B4RIW5,random,ifnepitope2,med_ml_score,0.57
B4RIW5,random,ifnepitope2,med_blast_score,0.0
B4RIW5,random,ifnepitope2,med_total_score,0.57
O05131,random,ifnepitope2,mean_ml_score,0.5943037974683545
O05131,random,ifnepitope2,mean_blast_score,0.0
O05131,random,ifnepitope2,mean_total_score,0.5943037974683545
O05131,random,ifnepitope2,med_ml_score,0.59
O05131,random,ifnepitope2,med_blast_score,0.0
O05131,random,ifnepitope2,med_total_score,0.59
B4RL22,random,ifnepitope2,mean_ml_score,0.6009397163120568
B4RL22,random,ifnepitope2,mean_blast_score,0.0
B4RL22,random,ifnepitope2,mean_total_score,0.6009397163120568
B4RL22,random,ifnepitope2,med_ml_score,0.61
B4RL22,random,ifnepitope2,med_blast_score,0.0
B4RL22,random,ifnepitope2,med_total_score,0.61
Q5F8K2,random,ifnepitope2,mean_ml_score,0.637085201793722
Q5F8K2,random,ifnepitope2,mean_blast_score,0.0
Q5F8K2,random,ifnepitope2,mean_total_score,0.637085201793722
Q5F8K2,random,ifnepitope2,med_ml_score,0.66
Q5F8K2,random,ifnepitope2,med_blast_score,0.0
Q5F8K2,random,ifnepitope2,med_total_score,0.66
B4RKF0,random,ifnepitope2,mean_ml_score,0.6183150183150183
B4RKF0,random,ifnepitope2,mean_blast_score,0.0
B4RKF0,random,ifnepitope2,mean_total_score,0.6183150183150183
B4RKF0,random,ifnepitope2,med_ml_score,0.62
B4RKF0,random,ifnepitope2,med_blast_score,0.0
B4RKF0,random,ifnepitope2,med_total_score,0.62
Q5F5C4,random,ifnepitope2,mean_ml_score,0.6579133858267716
Q5F5C4,random,ifnepitope2,mean_blast_score,0.0
Q5F5C4,random,ifnepitope2,mean_total_score,0.6579133858267716
Q5F5C4,random,ifnepitope2,med_ml_score,0.66
Q5F5C4,random,ifnepitope2,med_blast_score,0.0
Q5F5C4,random,ifnepitope2,med_total_score,0.66
Q5F9U4,random,ifnepitope2,mean_ml_score,0.6166613672496025
Q5F9U4,random,ifnepitope2,mean_blast_score,0.0
Q5F9U4,random,ifnepitope2,mean_total_score,0.6166613672496025
Q5F9U4,random,ifnepitope2,med_ml_score,0.62
Q5F9U4,random,ifnepitope2,med_blast_score,0.0
Q5F9U4,random,ifnepitope2,med_total_score,0.62
