accession,label,feature,subfeature,value
Q1JGR7,random,allergenicity,merci_score,0.0
Q1JGR7,random,allergenicity,blast_score,0.0
Q1JGR7,random,allergenicity,hybrid_score,0.139
Q48SZ3,random,allergenicity,merci_score,0.0
Q48SZ3,random,allergenicity,blast_score,-0.5
Q48SZ3,random,allergenicity,hybrid_score,-0.33
Q8NZZ1,random,allergenicity,merci_score,0.5
Q8NZZ1,random,allergenicity,blast_score,0.0
Q8NZZ1,random,allergenicity,hybrid_score,0.647
Q48V07,random,allergenicity,merci_score,0.0
Q48V07,random,allergenicity,blast_score,0.0
Q48V07,random,allergenicity,hybrid_score,0.151
B5XK66,random,allergenicity,merci_score,0.0
B5XK66,random,allergenicity,blast_score,-0.5
B5XK66,random,allergenicity,hybrid_score,-0.163
B5XM46,random,allergenicity,merci_score,0.0
B5XM46,random,allergenicity,blast_score,-0.5
B5XM46,random,allergenicity,hybrid_score,-0.211
P0DC65,random,allergenicity,merci_score,0.0
P0DC65,random,allergenicity,blast_score,-0.5
P0DC65,random,allergenicity,hybrid_score,-0.198
P67255,random,allergenicity,merci_score,0.0
P67255,random,allergenicity,blast_score,-0.5
P67255,random,allergenicity,hybrid_score,-0.313
Q1JJ57,random,allergenicity,merci_score,0.0
Q1JJ57,random,allergenicity,blast_score,-0.5
Q1JJ57,random,allergenicity,hybrid_score,-0.355
Q99ZU3,random,allergenicity,merci_score,0.5
Q99ZU3,random,allergenicity,blast_score,-0.5
Q99ZU3,random,allergenicity,hybrid_score,0.102
A2RDN0,random,allergenicity,merci_score,0.0
A2RDN0,random,allergenicity,blast_score,-0.5
A2RDN0,random,allergenicity,hybrid_score,-0.467
P0DF45,random,allergenicity,merci_score,0.0
P0DF45,random,allergenicity,blast_score,-0.5
P0DF45,random,allergenicity,hybrid_score,-0.315
P0C0I6,random,allergenicity,merci_score,0.0
P0C0I6,random,allergenicity,blast_score,0.5
P0C0I6,random,allergenicity,hybrid_score,0.663
Q1JA49,random,allergenicity,merci_score,0.0
Q1JA49,random,allergenicity,blast_score,-0.5
Q1JA49,random,allergenicity,hybrid_score,-0.302
P0DD15,random,allergenicity,merci_score,0.0
P0DD15,random,allergenicity,blast_score,-0.5
P0DD15,random,allergenicity,hybrid_score,-0.211
Q8P0H4,random,allergenicity,merci_score,0.0
Q8P0H4,random,allergenicity,blast_score,-0.5
Q8P0H4,random,allergenicity,hybrid_score,-0.286
Q48UD0,random,allergenicity,merci_score,0.0
Q48UD0,random,allergenicity,blast_score,-0.5
Q48UD0,random,allergenicity,hybrid_score,-0.434
P0DF23,random,allergenicity,merci_score,0.0
P0DF23,random,allergenicity,blast_score,-0.5
P0DF23,random,allergenicity,hybrid_score,-0.385
Q48VD6,random,allergenicity,merci_score,0.0
Q48VD6,random,allergenicity,blast_score,0.0
Q48VD6,random,allergenicity,hybrid_score,0.225
P0C0H6,random,allergenicity,merci_score,0.5
P0C0H6,random,allergenicity,blast_score,-0.5
P0C0H6,random,allergenicity,hybrid_score,0.126
Q5XCK7,random,allergenicity,merci_score,0.5
Q5XCK7,random,allergenicity,blast_score,-0.5
Q5XCK7,random,allergenicity,hybrid_score,0.295
P0DB81,random,allergenicity,merci_score,0.0
P0DB81,random,allergenicity,blast_score,0.0
P0DB81,random,allergenicity,hybrid_score,0.162
P0DG49,random,allergenicity,merci_score,0.5
P0DG49,random,allergenicity,blast_score,-0.5
P0DG49,random,allergenicity,hybrid_score,0.107
P0CZ71,random,allergenicity,merci_score,0.0
P0CZ71,random,allergenicity,blast_score,-0.5
P0CZ71,random,allergenicity,hybrid_score,-0.409
P65245,random,allergenicity,merci_score,0.0
P65245,random,allergenicity,blast_score,-0.5
P65245,random,allergenicity,hybrid_score,-0.462
P0CZ88,random,allergenicity,merci_score,0.0
P0CZ88,random,allergenicity,blast_score,-0.5
P0CZ88,random,allergenicity,hybrid_score,-0.391
A2RCY1,random,allergenicity,merci_score,0.0
A2RCY1,random,allergenicity,blast_score,-0.5
A2RCY1,random,allergenicity,hybrid_score,-0.476
Q5XCC0,random,allergenicity,merci_score,0.5
Q5XCC0,random,allergenicity,blast_score,-0.5
Q5XCC0,random,allergenicity,hybrid_score,0.102
Q1J708,random,allergenicity,merci_score,0.0
Q1J708,random,allergenicity,blast_score,-0.5
Q1J708,random,allergenicity,hybrid_score,-0.411
P0DG17,random,allergenicity,merci_score,0.0
P0DG17,random,allergenicity,blast_score,-0.5
P0DG17,random,allergenicity,hybrid_score,-0.189
P0DC38,random,allergenicity,merci_score,0.0
P0DC38,random,allergenicity,blast_score,-0.5
P0DC38,random,allergenicity,hybrid_score,-0.163
Q5XCB7,random,allergenicity,merci_score,0.0
Q5XCB7,random,allergenicity,blast_score,-0.5
Q5XCB7,random,allergenicity,hybrid_score,-0.39
Q5XAZ0,random,allergenicity,merci_score,0.0
Q5XAZ0,random,allergenicity,blast_score,-0.5
Q5XAZ0,random,allergenicity,hybrid_score,-0.463
P0DE90,random,allergenicity,merci_score,0.0
P0DE90,random,allergenicity,blast_score,-0.5
P0DE90,random,allergenicity,hybrid_score,-0.385
Q5XDX3,random,allergenicity,merci_score,0.0
Q5XDX3,random,allergenicity,blast_score,-0.5
Q5XDX3,random,allergenicity,hybrid_score,-0.46
A2RD32,random,allergenicity,merci_score,0.5
A2RD32,random,allergenicity,blast_score,0.5
A2RD32,random,allergenicity,hybrid_score,1.347
Q1J776,random,allergenicity,merci_score,0.5
Q1J776,random,allergenicity,blast_score,-0.5
Q1J776,random,allergenicity,hybrid_score,0.326
B5XLM6,random,allergenicity,merci_score,0.0
B5XLM6,random,allergenicity,blast_score,0.0
B5XLM6,random,allergenicity,hybrid_score,0.226
P65522,random,allergenicity,merci_score,0.0
P65522,random,allergenicity,blast_score,0.0
P65522,random,allergenicity,hybrid_score,0.225
P66322,random,allergenicity,merci_score,0.0
P66322,random,allergenicity,blast_score,-0.5
P66322,random,allergenicity,hybrid_score,-0.092
Q99ZV8,random,allergenicity,merci_score,0.0
Q99ZV8,random,allergenicity,blast_score,-0.5
Q99ZV8,random,allergenicity,hybrid_score,-0.331
B5XK49,random,allergenicity,merci_score,0.5
B5XK49,random,allergenicity,blast_score,-0.5
B5XK49,random,allergenicity,hybrid_score,0.345
Q1JKD4,random,allergenicity,merci_score,0.0
Q1JKD4,random,allergenicity,blast_score,-0.5
Q1JKD4,random,allergenicity,hybrid_score,-0.434
P0DG70,random,allergenicity,merci_score,0.0
P0DG70,random,allergenicity,blast_score,0.0
P0DG70,random,allergenicity,hybrid_score,0.337
P0CZ51,random,allergenicity,merci_score,0.0
P0CZ51,random,allergenicity,blast_score,-0.5
P0CZ51,random,allergenicity,hybrid_score,-0.302
Q8NZY8,random,allergenicity,merci_score,0.0
Q8NZY8,random,allergenicity,blast_score,-0.5
Q8NZY8,random,allergenicity,hybrid_score,-0.198
P67372,random,allergenicity,merci_score,0.0
P67372,random,allergenicity,blast_score,-0.5
P67372,random,allergenicity,hybrid_score,-0.389
Q1JHA5,random,allergenicity,merci_score,0.0
Q1JHA5,random,allergenicity,blast_score,-0.5
Q1JHA5,random,allergenicity,hybrid_score,-0.198
Q9A0I1,random,allergenicity,merci_score,0.0
Q9A0I1,random,allergenicity,blast_score,-0.5
Q9A0I1,random,allergenicity,hybrid_score,-0.351
B5XMF0,random,allergenicity,merci_score,0.0
B5XMF0,random,allergenicity,blast_score,-0.5
B5XMF0,random,allergenicity,hybrid_score,-0.403
Q1JFK0,random,allergenicity,merci_score,0.5
Q1JFK0,random,allergenicity,blast_score,0.5
Q1JFK0,random,allergenicity,hybrid_score,1.347
Q1J777,random,allergenicity,merci_score,0.0
Q1J777,random,allergenicity,blast_score,-0.5
Q1J777,random,allergenicity,hybrid_score,-0.359
Q48TU0,random,allergenicity,merci_score,0.0
Q48TU0,random,allergenicity,blast_score,-0.5
Q48TU0,random,allergenicity,hybrid_score,-0.331
A2RCV8,random,allergenicity,merci_score,0.0
A2RCV8,random,allergenicity,blast_score,-0.5
A2RCV8,random,allergenicity,hybrid_score,-0.373
Q1JK54,random,allergenicity,merci_score,0.5
Q1JK54,random,allergenicity,blast_score,0.0
Q1JK54,random,allergenicity,hybrid_score,0.535
A2RF47,random,allergenicity,merci_score,0.5
A2RF47,random,allergenicity,blast_score,-0.5
A2RF47,random,allergenicity,hybrid_score,0.326
B5XHV2,random,allergenicity,merci_score,0.0
B5XHV2,random,allergenicity,blast_score,-0.5
B5XHV2,random,allergenicity,hybrid_score,-0.374
Q5XA61,random,allergenicity,merci_score,0.0
Q5XA61,random,allergenicity,blast_score,-0.5
Q5XA61,random,allergenicity,hybrid_score,-0.412
Q99YG1,random,allergenicity,merci_score,0.5
Q99YG1,random,allergenicity,blast_score,-0.5
Q99YG1,random,allergenicity,hybrid_score,0.135
Q9A1F2,random,allergenicity,merci_score,0.5
Q9A1F2,random,allergenicity,blast_score,-0.5
Q9A1F2,random,allergenicity,hybrid_score,0.11
P66852,random,allergenicity,merci_score,0.0
P66852,random,allergenicity,blast_score,-0.5
P66852,random,allergenicity,hybrid_score,-0.267
Q1JDK8,random,allergenicity,merci_score,0.0
Q1JDK8,random,allergenicity,blast_score,-0.5
Q1JDK8,random,allergenicity,hybrid_score,-0.36
Q5XEC0,random,allergenicity,merci_score,0.0
Q5XEC0,random,allergenicity,blast_score,0.0
Q5XEC0,random,allergenicity,hybrid_score,0.286
A2RG55,random,allergenicity,merci_score,0.0
A2RG55,random,allergenicity,blast_score,0.0
A2RG55,random,allergenicity,hybrid_score,0.151
P0DG00,random,allergenicity,merci_score,0.0
P0DG00,random,allergenicity,blast_score,-0.5
P0DG00,random,allergenicity,hybrid_score,-0.46
Q1J6G8,random,allergenicity,merci_score,0.0
Q1J6G8,random,allergenicity,blast_score,-0.5
Q1J6G8,random,allergenicity,hybrid_score,-0.313
Q5XEK9,random,allergenicity,merci_score,0.0
Q5XEK9,random,allergenicity,blast_score,-0.5
Q5XEK9,random,allergenicity,hybrid_score,-0.4
Q1JD58,random,allergenicity,merci_score,0.0
Q1JD58,random,allergenicity,blast_score,-0.5
Q1JD58,random,allergenicity,hybrid_score,-0.339
P0DG78,random,allergenicity,merci_score,0.0
P0DG78,random,allergenicity,blast_score,0.0
P0DG78,random,allergenicity,hybrid_score,0.077
P0DE27,random,allergenicity,merci_score,0.5
P0DE27,random,allergenicity,blast_score,-0.5
P0DE27,random,allergenicity,hybrid_score,0.395
Q48U40,random,allergenicity,merci_score,0.5
Q48U40,random,allergenicity,blast_score,-0.5
Q48U40,random,allergenicity,hybrid_score,0.03
Q1JKN7,random,allergenicity,merci_score,0.5
Q1JKN7,random,allergenicity,blast_score,0.0
Q1JKN7,random,allergenicity,hybrid_score,0.619
P66021,random,allergenicity,merci_score,0.0
P66021,random,allergenicity,blast_score,-0.5
P66021,random,allergenicity,hybrid_score,-0.163
Q48RY7,random,allergenicity,merci_score,0.5
Q48RY7,random,allergenicity,blast_score,0.0
Q48RY7,random,allergenicity,hybrid_score,0.561
Q5XD18,random,allergenicity,merci_score,0.0
Q5XD18,random,allergenicity,blast_score,0.0
Q5XD18,random,allergenicity,hybrid_score,0.077
A2RFS6,random,allergenicity,merci_score,0.0
A2RFS6,random,allergenicity,blast_score,0.0
A2RFS6,random,allergenicity,hybrid_score,0.038
P0DC93,random,allergenicity,merci_score,0.5
P0DC93,random,allergenicity,blast_score,-0.5
P0DC93,random,allergenicity,hybrid_score,0.216
Q1JBD1,random,allergenicity,merci_score,0.0
Q1JBD1,random,allergenicity,blast_score,0.0
Q1JBD1,random,allergenicity,hybrid_score,0.068
Q1JE69,random,allergenicity,merci_score,0.0
Q1JE69,random,allergenicity,blast_score,0.0
Q1JE69,random,allergenicity,hybrid_score,0.067
Q8P1F2,random,allergenicity,merci_score,0.5
Q8P1F2,random,allergenicity,blast_score,-0.5
Q8P1F2,random,allergenicity,hybrid_score,0.326
Q1J592,random,allergenicity,merci_score,0.0
Q1J592,random,allergenicity,blast_score,-0.5
Q1J592,random,allergenicity,hybrid_score,-0.373
Q1J736,random,allergenicity,merci_score,0.0
Q1J736,random,allergenicity,blast_score,-0.5
Q1J736,random,allergenicity,hybrid_score,-0.222
Q1J7G2,random,allergenicity,merci_score,0.0
Q1J7G2,random,allergenicity,blast_score,-0.5
Q1J7G2,random,allergenicity,hybrid_score,-0.402
P0DA05,random,allergenicity,merci_score,0.5
P0DA05,random,allergenicity,blast_score,-0.5
P0DA05,random,allergenicity,hybrid_score,0.088
Q99Y58,random,allergenicity,merci_score,0.5
Q99Y58,random,allergenicity,blast_score,0.0
Q99Y58,random,allergenicity,hybrid_score,0.535
P0DB58,random,allergenicity,merci_score,0.5
P0DB58,random,allergenicity,blast_score,-0.5
P0DB58,random,allergenicity,hybrid_score,0.241
A2RGJ5,random,allergenicity,merci_score,0.0
A2RGJ5,random,allergenicity,blast_score,0.0
A2RGJ5,random,allergenicity,hybrid_score,0.266
Q1JDD0,random,allergenicity,merci_score,0.0
Q1JDD0,random,allergenicity,blast_score,-0.5
Q1JDD0,random,allergenicity,hybrid_score,-0.448
Q48V44,random,allergenicity,merci_score,0.0
Q48V44,random,allergenicity,blast_score,-0.5
Q48V44,random,allergenicity,hybrid_score,-0.448
Q1JB44,random,allergenicity,merci_score,0.0
Q1JB44,random,allergenicity,blast_score,-0.5
Q1JB44,random,allergenicity,hybrid_score,-0.393
P65783,random,allergenicity,merci_score,0.0
P65783,random,allergenicity,blast_score,-0.5
P65783,random,allergenicity,hybrid_score,-0.335
Q1JJ89,random,allergenicity,merci_score,0.0
Q1JJ89,random,allergenicity,blast_score,-0.5
Q1JJ89,random,allergenicity,hybrid_score,-0.4
Q5XCA4,random,allergenicity,merci_score,0.0
Q5XCA4,random,allergenicity,blast_score,-0.5
Q5XCA4,random,allergenicity,hybrid_score,-0.387
Q7CMS1,random,allergenicity,merci_score,0.5
Q7CMS1,random,allergenicity,blast_score,-0.5
Q7CMS1,random,allergenicity,hybrid_score,0.274
A2RD01,random,allergenicity,merci_score,0.5
A2RD01,random,allergenicity,blast_score,-0.5
A2RD01,random,allergenicity,hybrid_score,0.135
B5XMM1,random,allergenicity,merci_score,0.5
B5XMM1,random,allergenicity,blast_score,0.5
B5XMM1,random,allergenicity,hybrid_score,1.347
P69948,random,allergenicity,merci_score,0.0
P69948,random,allergenicity,blast_score,-0.5
P69948,random,allergenicity,hybrid_score,-0.386
Q1JIB1,random,allergenicity,merci_score,0.0
Q1JIB1,random,allergenicity,blast_score,0.0
Q1JIB1,random,allergenicity,hybrid_score,0.151
B5XJ51,random,allergenicity,merci_score,0.0
B5XJ51,random,allergenicity,blast_score,0.0
B5XJ51,random,allergenicity,hybrid_score,0.286
P69882,random,allergenicity,merci_score,0.0
P69882,random,allergenicity,blast_score,-0.5
P69882,random,allergenicity,hybrid_score,-0.351
Q8P003,random,allergenicity,merci_score,0.5
Q8P003,random,allergenicity,blast_score,-0.5
Q8P003,random,allergenicity,hybrid_score,0.224
P0DG67,random,allergenicity,merci_score,0.0
P0DG67,random,allergenicity,blast_score,-0.5
P0DG67,random,allergenicity,hybrid_score,-0.389
Q48S05,random,allergenicity,merci_score,0.0
Q48S05,random,allergenicity,blast_score,-0.5
Q48S05,random,allergenicity,hybrid_score,-0.277
P0DG21,random,allergenicity,merci_score,0.0
P0DG21,random,allergenicity,blast_score,-0.5
P0DG21,random,allergenicity,hybrid_score,-0.339
Q99Y13,random,allergenicity,merci_score,0.0
Q99Y13,random,allergenicity,blast_score,-0.5
Q99Y13,random,allergenicity,hybrid_score,0.115
P0DE54,random,allergenicity,merci_score,0.0
P0DE54,random,allergenicity,blast_score,-0.5
P0DE54,random,allergenicity,hybrid_score,-0.278
Q5X9I4,random,allergenicity,merci_score,0.0
Q5X9I4,random,allergenicity,blast_score,-0.5
Q5X9I4,random,allergenicity,hybrid_score,-0.229
Q1JJZ6,random,allergenicity,merci_score,0.0
Q1JJZ6,random,allergenicity,blast_score,-0.5
Q1JJZ6,random,allergenicity,hybrid_score,0.115
P0DC23,random,allergenicity,merci_score,0.0
P0DC23,random,allergenicity,blast_score,-0.5
P0DC23,random,allergenicity,hybrid_score,-0.331
P0DC10,random,allergenicity,merci_score,0.0
P0DC10,random,allergenicity,blast_score,-0.5
P0DC10,random,allergenicity,hybrid_score,0.115
Q48V70,random,allergenicity,merci_score,0.5
Q48V70,random,allergenicity,blast_score,-0.5
Q48V70,random,allergenicity,hybrid_score,0.031
P0DB44,random,allergenicity,merci_score,0.0
P0DB44,random,allergenicity,blast_score,0.0
P0DB44,random,allergenicity,hybrid_score,0.209
Q1J8Y8,random,allergenicity,merci_score,0.0
Q1J8Y8,random,allergenicity,blast_score,0.0
Q1J8Y8,random,allergenicity,hybrid_score,0.179
Q48RU8,random,allergenicity,merci_score,0.5
Q48RU8,random,allergenicity,blast_score,-0.5
Q48RU8,random,allergenicity,hybrid_score,0.135
Q8P109,random,allergenicity,merci_score,0.5
Q8P109,random,allergenicity,blast_score,-0.5
Q8P109,random,allergenicity,hybrid_score,0.228
B5XKQ2,random,allergenicity,merci_score,0.0
B5XKQ2,random,allergenicity,blast_score,-0.5
B5XKQ2,random,allergenicity,hybrid_score,-0.369
P0DE91,random,allergenicity,merci_score,0.0
P0DE91,random,allergenicity,blast_score,-0.5
P0DE91,random,allergenicity,hybrid_score,-0.385
Q5XAY0,random,allergenicity,merci_score,0.0
Q5XAY0,random,allergenicity,blast_score,-0.5
Q5XAY0,random,allergenicity,hybrid_score,-0.438
Q48VX9,random,allergenicity,merci_score,0.0
Q48VX9,random,allergenicity,blast_score,-0.5
Q48VX9,random,allergenicity,hybrid_score,-0.4
Q48VY9,random,allergenicity,merci_score,0.0
Q48VY9,random,allergenicity,blast_score,0.0
Q48VY9,random,allergenicity,hybrid_score,0.271
P0DD86,random,allergenicity,merci_score,0.0
P0DD86,random,allergenicity,blast_score,-0.5
P0DD86,random,allergenicity,hybrid_score,-0.4
A2RD12,random,allergenicity,merci_score,0.5
A2RD12,random,allergenicity,blast_score,-0.5
A2RD12,random,allergenicity,hybrid_score,0.65
Q1JFK8,random,allergenicity,merci_score,0.0
Q1JFK8,random,allergenicity,blast_score,-0.5
Q1JFK8,random,allergenicity,hybrid_score,-0.25
Q48QT6,random,allergenicity,merci_score,0.0
Q48QT6,random,allergenicity,blast_score,-0.5
Q48QT6,random,allergenicity,hybrid_score,-0.46
Q5XDM4,random,allergenicity,merci_score,0.0
Q5XDM4,random,allergenicity,blast_score,-0.5
Q5XDM4,random,allergenicity,hybrid_score,-0.343
Q48VU3,random,allergenicity,merci_score,0.0
Q48VU3,random,allergenicity,blast_score,-0.5
Q48VU3,random,allergenicity,hybrid_score,-0.385
A2REG0,random,allergenicity,merci_score,0.5
A2REG0,random,allergenicity,blast_score,-0.5
A2REG0,random,allergenicity,hybrid_score,0.228
P63548,random,allergenicity,merci_score,0.0
P63548,random,allergenicity,blast_score,-0.5
P63548,random,allergenicity,hybrid_score,-0.312
Q1JFM4,random,allergenicity,merci_score,0.5
Q1JFM4,random,allergenicity,blast_score,0.0
Q1JFM4,random,allergenicity,hybrid_score,0.647
B5XKP9,random,allergenicity,merci_score,0.5
B5XKP9,random,allergenicity,blast_score,-0.5
B5XKP9,random,allergenicity,hybrid_score,0.067
P0DE67,random,allergenicity,merci_score,0.0
P0DE67,random,allergenicity,blast_score,-0.5
P0DE67,random,allergenicity,hybrid_score,-0.334
Q1JDW9,random,allergenicity,merci_score,0.5
Q1JDW9,random,allergenicity,blast_score,-0.5
Q1JDW9,random,allergenicity,hybrid_score,0.039
Q8P1C8,random,allergenicity,merci_score,0.0
Q8P1C8,random,allergenicity,blast_score,-0.5
Q8P1C8,random,allergenicity,hybrid_score,-0.41
Q48SL4,random,allergenicity,merci_score,0.5
Q48SL4,random,allergenicity,blast_score,-0.5
Q48SL4,random,allergenicity,hybrid_score,0.098
P0DD83,random,allergenicity,merci_score,0.5
P0DD83,random,allergenicity,blast_score,-0.5
P0DD83,random,allergenicity,hybrid_score,0.223
Q1JID3,random,allergenicity,merci_score,0.0
Q1JID3,random,allergenicity,blast_score,0.0
Q1JID3,random,allergenicity,hybrid_score,0.133
Q1J6M7,random,allergenicity,merci_score,0.5
Q1J6M7,random,allergenicity,blast_score,-0.5
Q1J6M7,random,allergenicity,hybrid_score,0.478
P67575,random,allergenicity,merci_score,0.0
P67575,random,allergenicity,blast_score,-0.5
P67575,random,allergenicity,hybrid_score,-0.319
Q1J492,random,allergenicity,merci_score,0.0
Q1J492,random,allergenicity,blast_score,-0.5
Q1J492,random,allergenicity,hybrid_score,-0.139
Q5XD71,random,allergenicity,merci_score,0.0
Q5XD71,random,allergenicity,blast_score,0.0
Q5XD71,random,allergenicity,hybrid_score,0.038
P0DA16,random,allergenicity,merci_score,0.0
P0DA16,random,allergenicity,blast_score,-0.5
P0DA16,random,allergenicity,hybrid_score,-0.093
Q5X9K2,random,allergenicity,merci_score,0.0
Q5X9K2,random,allergenicity,blast_score,-0.5
Q5X9K2,random,allergenicity,hybrid_score,-0.258
Q5XDS5,random,allergenicity,merci_score,0.0
Q5XDS5,random,allergenicity,blast_score,-0.5
Q5XDS5,random,allergenicity,hybrid_score,-0.45
Q1J4K0,random,allergenicity,merci_score,0.5
Q1J4K0,random,allergenicity,blast_score,-0.5
Q1J4K0,random,allergenicity,hybrid_score,0.28
Q8P0G7,random,allergenicity,merci_score,0.0
Q8P0G7,random,allergenicity,blast_score,-0.5
Q8P0G7,random,allergenicity,hybrid_score,-0.409
P0DC12,random,allergenicity,merci_score,0.0
P0DC12,random,allergenicity,blast_score,0.0
P0DC12,random,allergenicity,hybrid_score,0.397
P60420,random,allergenicity,merci_score,0.0
P60420,random,allergenicity,blast_score,0.0
P60420,random,allergenicity,hybrid_score,0.133
Q1JKA0,random,allergenicity,merci_score,0.0
Q1JKA0,random,allergenicity,blast_score,-0.5
Q1JKA0,random,allergenicity,hybrid_score,-0.444
P0DF10,random,allergenicity,merci_score,0.0
P0DF10,random,allergenicity,blast_score,-0.5
P0DF10,random,allergenicity,hybrid_score,-0.412
B5XL39,random,allergenicity,merci_score,0.0
B5XL39,random,allergenicity,blast_score,-0.5
B5XL39,random,allergenicity,hybrid_score,-0.312
Q1JHF5,random,allergenicity,merci_score,0.5
Q1JHF5,random,allergenicity,blast_score,-0.5
Q1JHF5,random,allergenicity,hybrid_score,0.326
B5XK72,random,allergenicity,merci_score,0.0
B5XK72,random,allergenicity,blast_score,-0.5
B5XK72,random,allergenicity,hybrid_score,-0.23
P64065,random,allergenicity,merci_score,0.5
P64065,random,allergenicity,blast_score,-0.5
P64065,random,allergenicity,hybrid_score,0.098
Q8P1D1,random,allergenicity,merci_score,0.0
Q8P1D1,random,allergenicity,blast_score,-0.5
Q8P1D1,random,allergenicity,hybrid_score,-0.389
P0DE64,random,allergenicity,merci_score,0.0
P0DE64,random,allergenicity,blast_score,0.0
P0DE64,random,allergenicity,hybrid_score,0.179
Q1JN21,random,allergenicity,merci_score,0.5
Q1JN21,random,allergenicity,blast_score,-0.5
Q1JN21,random,allergenicity,hybrid_score,0.137
Q8NZG7,random,allergenicity,merci_score,0.0
Q8NZG7,random,allergenicity,blast_score,-0.5
Q8NZG7,random,allergenicity,hybrid_score,-0.426
Q5XC82,random,allergenicity,merci_score,0.0
Q5XC82,random,allergenicity,blast_score,-0.5
Q5XC82,random,allergenicity,hybrid_score,-0.335
P0DD80,random,allergenicity,merci_score,0.0
P0DD80,random,allergenicity,blast_score,-0.5
P0DD80,random,allergenicity,hybrid_score,-0.381
Q1JE33,random,allergenicity,merci_score,0.0
Q1JE33,random,allergenicity,blast_score,-0.5
Q1JE33,random,allergenicity,hybrid_score,-0.356
A2RFZ5,random,allergenicity,merci_score,0.0
A2RFZ5,random,allergenicity,blast_score,0.0
A2RFZ5,random,allergenicity,hybrid_score,0.243
Q5X9I0,random,allergenicity,merci_score,0.5
Q5X9I0,random,allergenicity,blast_score,-0.5
Q5X9I0,random,allergenicity,hybrid_score,0.223
Q5XCS5,random,allergenicity,merci_score,0.0
Q5XCS5,random,allergenicity,blast_score,0.0
Q5XCS5,random,allergenicity,hybrid_score,0.219
Q1JLY8,random,allergenicity,merci_score,0.0
Q1JLY8,random,allergenicity,blast_score,-0.5
Q1JLY8,random,allergenicity,hybrid_score,-0.331
A2RF70,random,allergenicity,merci_score,0.0
A2RF70,random,allergenicity,blast_score,-0.5
A2RF70,random,allergenicity,hybrid_score,-0.11
Q5X9J1,random,allergenicity,merci_score,0.0
Q5X9J1,random,allergenicity,blast_score,-0.5
Q5X9J1,random,allergenicity,hybrid_score,-0.37
Q1J7A2,random,allergenicity,merci_score,0.0
Q1J7A2,random,allergenicity,blast_score,-0.5
Q1J7A2,random,allergenicity,hybrid_score,-0.11
Q1JHP3,random,allergenicity,merci_score,0.0
Q1JHP3,random,allergenicity,blast_score,-0.5
Q1JHP3,random,allergenicity,hybrid_score,-0.414
Q1J6Q6,random,allergenicity,merci_score,0.0
Q1J6Q6,random,allergenicity,blast_score,-0.5
Q1J6Q6,random,allergenicity,hybrid_score,-0.387
Q1J6I6,random,allergenicity,merci_score,0.0
Q1J6I6,random,allergenicity,blast_score,0.0
Q1J6I6,random,allergenicity,hybrid_score,0.139
B5XKU0,random,allergenicity,merci_score,0.0
B5XKU0,random,allergenicity,blast_score,0.0
B5XKU0,random,allergenicity,hybrid_score,0.133
P0DG83,random,allergenicity,merci_score,0.0
P0DG83,random,allergenicity,blast_score,0.0
P0DG83,random,allergenicity,hybrid_score,0.443
P0DB00,random,allergenicity,merci_score,0.5
P0DB00,random,allergenicity,blast_score,-0.5
P0DB00,random,allergenicity,hybrid_score,0.086
A2RG72,random,allergenicity,merci_score,0.0
A2RG72,random,allergenicity,blast_score,-0.5
A2RG72,random,allergenicity,hybrid_score,-0.343
B5XJ57,random,allergenicity,merci_score,0.0
B5XJ57,random,allergenicity,blast_score,-0.5
B5XJ57,random,allergenicity,hybrid_score,-0.351
A2RCI0,random,allergenicity,merci_score,0.0
A2RCI0,random,allergenicity,blast_score,-0.5
A2RCI0,random,allergenicity,hybrid_score,-0.334
Q8P0Y8,random,allergenicity,merci_score,0.0
Q8P0Y8,random,allergenicity,blast_score,-0.5
Q8P0Y8,random,allergenicity,hybrid_score,-0.425
Q9A206,random,allergenicity,merci_score,0.0
Q9A206,random,allergenicity,blast_score,-0.5
Q9A206,random,allergenicity,hybrid_score,-0.18
Q5XCB9,random,allergenicity,merci_score,0.5
Q5XCB9,random,allergenicity,blast_score,-0.5
Q5XCB9,random,allergenicity,hybrid_score,0.116
Q1JP12,random,allergenicity,merci_score,0.0
Q1JP12,random,allergenicity,blast_score,-0.5
Q1JP12,random,allergenicity,hybrid_score,-0.355
Q1J8D8,random,allergenicity,merci_score,0.0
Q1J8D8,random,allergenicity,blast_score,-0.5
Q1J8D8,random,allergenicity,hybrid_score,-0.315
P0DG47,random,allergenicity,merci_score,0.5
P0DG47,random,allergenicity,blast_score,-0.5
P0DG47,random,allergenicity,hybrid_score,0.128
P0DA37,random,allergenicity,merci_score,0.0
P0DA37,random,allergenicity,blast_score,-0.5
P0DA37,random,allergenicity,hybrid_score,-0.354
Q8P2A7,random,allergenicity,merci_score,0.0
Q8P2A7,random,allergenicity,blast_score,0.0
Q8P2A7,random,allergenicity,hybrid_score,0.386
Q1JKZ0,random,allergenicity,merci_score,0.5
Q1JKZ0,random,allergenicity,blast_score,-0.5
Q1JKZ0,random,allergenicity,hybrid_score,0.098
Q1JJJ7,random,allergenicity,merci_score,0.0
Q1JJJ7,random,allergenicity,blast_score,-0.5
Q1JJJ7,random,allergenicity,hybrid_score,-0.258
Q9A1D5,random,allergenicity,merci_score,0.5
Q9A1D5,random,allergenicity,blast_score,-0.5
Q9A1D5,random,allergenicity,hybrid_score,0.031
P0DB23,random,allergenicity,merci_score,0.5
P0DB23,random,allergenicity,blast_score,-0.5
P0DB23,random,allergenicity,hybrid_score,0.131
Q8NZ20,random,allergenicity,merci_score,0.0
Q8NZ20,random,allergenicity,blast_score,-0.5
Q8NZ20,random,allergenicity,hybrid_score,-0.477
Q8P0X5,random,allergenicity,merci_score,0.5
Q8P0X5,random,allergenicity,blast_score,0.0
Q8P0X5,random,allergenicity,hybrid_score,0.744
Q1J8A8,random,allergenicity,merci_score,0.0
Q1J8A8,random,allergenicity,blast_score,-0.5
Q1J8A8,random,allergenicity,hybrid_score,-0.448
P60452,random,allergenicity,merci_score,0.0
P60452,random,allergenicity,blast_score,0.5
P60452,random,allergenicity,hybrid_score,0.743
P0DC28,random,allergenicity,merci_score,0.0
P0DC28,random,allergenicity,blast_score,0.0
P0DC28,random,allergenicity,hybrid_score,0.054
Q5XA26,random,allergenicity,merci_score,0.0
Q5XA26,random,allergenicity,blast_score,-0.5
Q5XA26,random,allergenicity,hybrid_score,-0.426
A2RGF2,random,allergenicity,merci_score,0.0
A2RGF2,random,allergenicity,blast_score,0.0
A2RGF2,random,allergenicity,hybrid_score,0.397
Q48UD2,random,allergenicity,merci_score,0.0
Q48UD2,random,allergenicity,blast_score,-0.5
Q48UD2,random,allergenicity,hybrid_score,-0.369
P66021,random,allergenicity,merci_score,0.0
P66021,random,allergenicity,blast_score,-0.5
P66021,random,allergenicity,hybrid_score,-0.163
Q48VD6,random,allergenicity,merci_score,0.0
Q48VD6,random,allergenicity,blast_score,0.0
Q48VD6,random,allergenicity,hybrid_score,0.194
P0C0H6,random,allergenicity,merci_score,0.5
P0C0H6,random,allergenicity,blast_score,-0.5
P0C0H6,random,allergenicity,hybrid_score,0.13
B5XKU0,random,allergenicity,merci_score,0.0
B5XKU0,random,allergenicity,blast_score,0.0
B5XKU0,random,allergenicity,hybrid_score,0.133
Q1JDW9,random,allergenicity,merci_score,0.5
Q1JDW9,random,allergenicity,blast_score,-0.5
Q1JDW9,random,allergenicity,hybrid_score,0.039
Q5XCA4,random,allergenicity,merci_score,0.0
Q5XCA4,random,allergenicity,blast_score,-0.5
Q5XCA4,random,allergenicity,hybrid_score,-0.406
Q1J777,random,allergenicity,merci_score,0.0
Q1J777,random,allergenicity,blast_score,-0.5
Q1J777,random,allergenicity,hybrid_score,-0.408
P67255,random,allergenicity,merci_score,0.0
P67255,random,allergenicity,blast_score,-0.5
P67255,random,allergenicity,hybrid_score,-0.272
Q1JJ57,random,allergenicity,merci_score,0.0
Q1JJ57,random,allergenicity,blast_score,-0.5
Q1JJ57,random,allergenicity,hybrid_score,-0.355
Q99ZU3,random,allergenicity,merci_score,0.5
Q99ZU3,random,allergenicity,blast_score,-0.5
Q99ZU3,random,allergenicity,hybrid_score,0.097
B5XK72,random,allergenicity,merci_score,0.0
B5XK72,random,allergenicity,blast_score,-0.5
B5XK72,random,allergenicity,hybrid_score,-0.23
Q5XCC0,random,allergenicity,merci_score,0.5
Q5XCC0,random,allergenicity,blast_score,-0.5
Q5XCC0,random,allergenicity,hybrid_score,0.097
P0DC23,random,allergenicity,merci_score,0.0
P0DC23,random,allergenicity,blast_score,-0.5
P0DC23,random,allergenicity,hybrid_score,-0.331
P65522,random,allergenicity,merci_score,0.0
P65522,random,allergenicity,blast_score,0.0
P65522,random,allergenicity,hybrid_score,0.194
Q1JKZ0,random,allergenicity,merci_score,0.5
Q1JKZ0,random,allergenicity,blast_score,-0.5
Q1JKZ0,random,allergenicity,hybrid_score,0.1
Q48SZ3,random,allergenicity,merci_score,0.0
Q48SZ3,random,allergenicity,blast_score,-0.5
Q48SZ3,random,allergenicity,hybrid_score,-0.362
Q1JD58,random,allergenicity,merci_score,0.0
Q1JD58,random,allergenicity,blast_score,-0.5
Q1JD58,random,allergenicity,hybrid_score,-0.339
P0DG78,random,allergenicity,merci_score,0.0
P0DG78,random,allergenicity,blast_score,0.0
P0DG78,random,allergenicity,hybrid_score,0.079
Q1JKN7,random,allergenicity,merci_score,0.5
Q1JKN7,random,allergenicity,blast_score,0.0
Q1JKN7,random,allergenicity,hybrid_score,0.617
P0CZ71,random,allergenicity,merci_score,0.0
P0CZ71,random,allergenicity,blast_score,-0.5
P0CZ71,random,allergenicity,hybrid_score,-0.409
B5XK66,random,allergenicity,merci_score,0.0
B5XK66,random,allergenicity,blast_score,-0.5
B5XK66,random,allergenicity,hybrid_score,-0.155
Q1JID3,random,allergenicity,merci_score,0.0
Q1JID3,random,allergenicity,blast_score,0.0
Q1JID3,random,allergenicity,hybrid_score,0.133
P0DC38,random,allergenicity,merci_score,0.0
P0DC38,random,allergenicity,blast_score,-0.5
P0DC38,random,allergenicity,hybrid_score,-0.155
Q5XCB7,random,allergenicity,merci_score,0.0
Q5XCB7,random,allergenicity,blast_score,-0.5
Q5XCB7,random,allergenicity,hybrid_score,-0.38
P0DC12,random,allergenicity,merci_score,0.0
P0DC12,random,allergenicity,blast_score,0.0
P0DC12,random,allergenicity,hybrid_score,0.372
Q1JDK8,random,allergenicity,merci_score,0.0
Q1JDK8,random,allergenicity,blast_score,-0.5
Q1JDK8,random,allergenicity,hybrid_score,-0.36
A2RG55,random,allergenicity,merci_score,0.0
A2RG55,random,allergenicity,blast_score,0.0
A2RG55,random,allergenicity,hybrid_score,0.319
Q8P2A7,random,allergenicity,merci_score,0.0
Q8P2A7,random,allergenicity,blast_score,0.0
Q8P2A7,random,allergenicity,hybrid_score,0.386
Q1JJJ7,random,allergenicity,merci_score,0.0
Q1JJJ7,random,allergenicity,blast_score,-0.5
Q1JJJ7,random,allergenicity,hybrid_score,-0.238
P0CZ88,random,allergenicity,merci_score,0.0
P0CZ88,random,allergenicity,blast_score,-0.5
P0CZ88,random,allergenicity,hybrid_score,-0.393
B5XJ57,random,allergenicity,merci_score,0.0
B5XJ57,random,allergenicity,blast_score,-0.5
B5XJ57,random,allergenicity,hybrid_score,-0.36
A2RCI0,random,allergenicity,merci_score,0.0
A2RCI0,random,allergenicity,blast_score,-0.5
A2RCI0,random,allergenicity,hybrid_score,-0.334
P66852,random,allergenicity,merci_score,0.0
P66852,random,allergenicity,blast_score,-0.5
P66852,random,allergenicity,hybrid_score,-0.267
Q5XEC0,random,allergenicity,merci_score,0.0
Q5XEC0,random,allergenicity,blast_score,0.0
Q5XEC0,random,allergenicity,hybrid_score,0.286
P0DG00,random,allergenicity,merci_score,0.0
P0DG00,random,allergenicity,blast_score,-0.5
P0DG00,random,allergenicity,hybrid_score,-0.46
P0DE91,random,allergenicity,merci_score,0.0
P0DE91,random,allergenicity,blast_score,-0.5
P0DE91,random,allergenicity,hybrid_score,-0.385
Q5XAY0,random,allergenicity,merci_score,0.0
Q5XAY0,random,allergenicity,blast_score,-0.5
Q5XAY0,random,allergenicity,hybrid_score,-0.439
Q48VY9,random,allergenicity,merci_score,0.0
Q48VY9,random,allergenicity,blast_score,0.0
Q48VY9,random,allergenicity,hybrid_score,0.302
A2RFZ5,random,allergenicity,merci_score,0.0
A2RFZ5,random,allergenicity,blast_score,0.0
A2RFZ5,random,allergenicity,hybrid_score,0.239
P0DA37,random,allergenicity,merci_score,0.0
P0DA37,random,allergenicity,blast_score,-0.5
P0DA37,random,allergenicity,hybrid_score,-0.354
Q1JK54,random,allergenicity,merci_score,0.5
Q1JK54,random,allergenicity,blast_score,0.0
Q1JK54,random,allergenicity,hybrid_score,0.547
P0DB81,random,allergenicity,merci_score,0.0
P0DB81,random,allergenicity,blast_score,0.0
P0DB81,random,allergenicity,hybrid_score,0.162
P0DG49,random,allergenicity,merci_score,0.5
P0DG49,random,allergenicity,blast_score,-0.5
P0DG49,random,allergenicity,hybrid_score,0.115
P0DB44,random,allergenicity,merci_score,0.0
P0DB44,random,allergenicity,blast_score,0.0
P0DB44,random,allergenicity,hybrid_score,0.209
Q48RU8,random,allergenicity,merci_score,0.5
Q48RU8,random,allergenicity,blast_score,-0.5
Q48RU8,random,allergenicity,hybrid_score,0.137
Q1J8A8,random,allergenicity,merci_score,0.0
Q1J8A8,random,allergenicity,blast_score,-0.5
Q1J8A8,random,allergenicity,hybrid_score,-0.448
B5XHV2,random,allergenicity,merci_score,0.0
B5XHV2,random,allergenicity,blast_score,-0.5
B5XHV2,random,allergenicity,hybrid_score,-0.364
Q99YG1,random,allergenicity,merci_score,0.5
Q99YG1,random,allergenicity,blast_score,-0.5
Q99YG1,random,allergenicity,hybrid_score,0.137
Q5X9I4,random,allergenicity,merci_score,0.0
Q5X9I4,random,allergenicity,blast_score,-0.5
Q5X9I4,random,allergenicity,hybrid_score,-0.229
Q1JGR7,random,allergenicity,merci_score,0.0
Q1JGR7,random,allergenicity,blast_score,0.0
Q1JGR7,random,allergenicity,hybrid_score,0.149
Q5X9K2,random,allergenicity,merci_score,0.0
Q5X9K2,random,allergenicity,blast_score,-0.5
Q5X9K2,random,allergenicity,hybrid_score,-0.238
P67575,random,allergenicity,merci_score,0.0
P67575,random,allergenicity,blast_score,-0.5
P67575,random,allergenicity,hybrid_score,-0.259
P0DG83,random,allergenicity,merci_score,0.0
P0DG83,random,allergenicity,blast_score,0.0
P0DG83,random,allergenicity,hybrid_score,0.443
P0DB00,random,allergenicity,merci_score,0.5
P0DB00,random,allergenicity,blast_score,-0.5
P0DB00,random,allergenicity,hybrid_score,0.1
A2RG72,random,allergenicity,merci_score,0.0
A2RG72,random,allergenicity,blast_score,-0.5
A2RG72,random,allergenicity,hybrid_score,-0.343
P0DD80,random,allergenicity,merci_score,0.0
P0DD80,random,allergenicity,blast_score,-0.5
P0DD80,random,allergenicity,hybrid_score,-0.375
Q1JE33,random,allergenicity,merci_score,0.0
Q1JE33,random,allergenicity,blast_score,-0.5
Q1JE33,random,allergenicity,hybrid_score,-0.374
P0DG47,random,allergenicity,merci_score,0.5
P0DG47,random,allergenicity,blast_score,-0.5
P0DG47,random,allergenicity,hybrid_score,0.129
Q1JDD0,random,allergenicity,merci_score,0.0
Q1JDD0,random,allergenicity,blast_score,-0.5
Q1JDD0,random,allergenicity,hybrid_score,-0.448
Q48V44,random,allergenicity,merci_score,0.0
Q48V44,random,allergenicity,blast_score,-0.5
Q48V44,random,allergenicity,hybrid_score,-0.448
Q8NZY8,random,allergenicity,merci_score,0.0
Q8NZY8,random,allergenicity,blast_score,-0.5
Q8NZY8,random,allergenicity,hybrid_score,-0.198
Q1JHA5,random,allergenicity,merci_score,0.0
Q1JHA5,random,allergenicity,blast_score,-0.5
Q1JHA5,random,allergenicity,hybrid_score,-0.223
P0DE64,random,allergenicity,merci_score,0.0
P0DE64,random,allergenicity,blast_score,0.0
P0DE64,random,allergenicity,hybrid_score,0.185
Q99ZV8,random,allergenicity,merci_score,0.0
Q99ZV8,random,allergenicity,blast_score,-0.5
Q99ZV8,random,allergenicity,hybrid_score,-0.331
Q8P0H4,random,allergenicity,merci_score,0.0
Q8P0H4,random,allergenicity,blast_score,-0.5
Q8P0H4,random,allergenicity,hybrid_score,-0.306
Q5XAZ0,random,allergenicity,merci_score,0.0
Q5XAZ0,random,allergenicity,blast_score,-0.5
Q5XAZ0,random,allergenicity,hybrid_score,-0.463
P0DE90,random,allergenicity,merci_score,0.0
P0DE90,random,allergenicity,blast_score,-0.5
P0DE90,random,allergenicity,hybrid_score,-0.385
A2RF70,random,allergenicity,merci_score,0.0
A2RF70,random,allergenicity,blast_score,-0.5
A2RF70,random,allergenicity,hybrid_score,-0.11
Q5X9J1,random,allergenicity,merci_score,0.0
Q5X9J1,random,allergenicity,blast_score,-0.5
Q5X9J1,random,allergenicity,hybrid_score,-0.339
B5XL39,random,allergenicity,merci_score,0.0
B5XL39,random,allergenicity,blast_score,-0.5
B5XL39,random,allergenicity,hybrid_score,-0.312
B5XMM1,random,allergenicity,merci_score,0.5
B5XMM1,random,allergenicity,blast_score,0.5
B5XMM1,random,allergenicity,hybrid_score,1.347
P69948,random,allergenicity,merci_score,0.0
P69948,random,allergenicity,blast_score,-0.5
P69948,random,allergenicity,hybrid_score,-0.386
A2RD01,random,allergenicity,merci_score,0.5
A2RD01,random,allergenicity,blast_score,-0.5
A2RD01,random,allergenicity,hybrid_score,0.137
P0DC10,random,allergenicity,merci_score,0.0
P0DC10,random,allergenicity,blast_score,-0.5
P0DC10,random,allergenicity,hybrid_score,0.063
Q48V70,random,allergenicity,merci_score,0.5
Q48V70,random,allergenicity,blast_score,-0.5
Q48V70,random,allergenicity,hybrid_score,0.031
P64065,random,allergenicity,merci_score,0.5
P64065,random,allergenicity,blast_score,-0.5
P64065,random,allergenicity,hybrid_score,0.095
P60420,random,allergenicity,merci_score,0.0
P60420,random,allergenicity,blast_score,0.0
P60420,random,allergenicity,hybrid_score,0.133
P0DF10,random,allergenicity,merci_score,0.0
P0DF10,random,allergenicity,blast_score,-0.5
P0DF10,random,allergenicity,hybrid_score,-0.412
P69882,random,allergenicity,merci_score,0.0
P69882,random,allergenicity,blast_score,-0.5
P69882,random,allergenicity,hybrid_score,-0.36
Q8P003,random,allergenicity,merci_score,0.5
Q8P003,random,allergenicity,blast_score,-0.5
Q8P003,random,allergenicity,hybrid_score,0.21
P0DG67,random,allergenicity,merci_score,0.0
P0DG67,random,allergenicity,blast_score,-0.5
P0DG67,random,allergenicity,hybrid_score,-0.391
Q1JKD4,random,allergenicity,merci_score,0.0
Q1JKD4,random,allergenicity,blast_score,-0.5
Q1JKD4,random,allergenicity,hybrid_score,-0.442
Q1J4K0,random,allergenicity,merci_score,0.0
Q1J4K0,random,allergenicity,blast_score,-0.5
Q1J4K0,random,allergenicity,hybrid_score,-0.253
Q8P0G7,random,allergenicity,merci_score,0.0
Q8P0G7,random,allergenicity,blast_score,-0.5
Q8P0G7,random,allergenicity,hybrid_score,-0.403
Q1J776,random,allergenicity,merci_score,0.5
Q1J776,random,allergenicity,blast_score,-0.5
Q1J776,random,allergenicity,hybrid_score,0.338
Q48V07,random,allergenicity,merci_score,0.0
Q48V07,random,allergenicity,blast_score,0.0
Q48V07,random,allergenicity,hybrid_score,0.319
Q1J592,random,allergenicity,merci_score,0.0
Q1J592,random,allergenicity,blast_score,-0.5
Q1J592,random,allergenicity,hybrid_score,-0.362
Q1J6G8,random,allergenicity,merci_score,0.0
Q1J6G8,random,allergenicity,blast_score,-0.5
Q1J6G8,random,allergenicity,hybrid_score,-0.272
Q5XEK9,random,allergenicity,merci_score,0.0
Q5XEK9,random,allergenicity,blast_score,-0.5
Q5XEK9,random,allergenicity,hybrid_score,-0.4
Q48VX9,random,allergenicity,merci_score,0.0
Q48VX9,random,allergenicity,blast_score,-0.5
Q48VX9,random,allergenicity,hybrid_score,-0.4
Q48UD2,random,allergenicity,merci_score,0.0
Q48UD2,random,allergenicity,blast_score,-0.5
Q48UD2,random,allergenicity,hybrid_score,-0.374
P65783,random,allergenicity,merci_score,0.0
P65783,random,allergenicity,blast_score,-0.5
P65783,random,allergenicity,hybrid_score,-0.335
Q1JJZ6,random,allergenicity,merci_score,0.0
Q1JJZ6,random,allergenicity,blast_score,-0.5
Q1JJZ6,random,allergenicity,hybrid_score,0.063
Q5XA61,random,allergenicity,merci_score,0.0
Q5XA61,random,allergenicity,blast_score,-0.5
Q5XA61,random,allergenicity,hybrid_score,-0.412
P0DC65,random,allergenicity,merci_score,0.0
P0DC65,random,allergenicity,blast_score,-0.5
P0DC65,random,allergenicity,hybrid_score,-0.198
Q5XA26,random,allergenicity,merci_score,0.0
Q5XA26,random,allergenicity,blast_score,-0.5
Q5XA26,random,allergenicity,hybrid_score,-0.432
Q1J708,random,allergenicity,merci_score,0.0
Q1J708,random,allergenicity,blast_score,-0.5
Q1J708,random,allergenicity,hybrid_score,-0.42
P0DG17,random,allergenicity,merci_score,0.0
P0DG17,random,allergenicity,blast_score,-0.5
P0DG17,random,allergenicity,hybrid_score,-0.244
Q8P0Y8,random,allergenicity,merci_score,0.0
Q8P0Y8,random,allergenicity,blast_score,-0.5
Q8P0Y8,random,allergenicity,hybrid_score,-0.425
P0DE54,random,allergenicity,merci_score,0.0
P0DE54,random,allergenicity,blast_score,-0.5
P0DE54,random,allergenicity,hybrid_score,-0.253
Q8P1F2,random,allergenicity,merci_score,0.5
Q8P1F2,random,allergenicity,blast_score,-0.5
Q8P1F2,random,allergenicity,hybrid_score,0.338
A2RGF2,random,allergenicity,merci_score,0.0
A2RGF2,random,allergenicity,blast_score,0.0
A2RGF2,random,allergenicity,hybrid_score,0.372
Q48QT6,random,allergenicity,merci_score,0.0
Q48QT6,random,allergenicity,blast_score,-0.5
Q48QT6,random,allergenicity,hybrid_score,-0.461
Q48RY7,random,allergenicity,merci_score,0.5
Q48RY7,random,allergenicity,blast_score,0.0
Q48RY7,random,allergenicity,hybrid_score,0.553
Q5XDS5,random,allergenicity,merci_score,0.0
Q5XDS5,random,allergenicity,blast_score,-0.5
Q5XDS5,random,allergenicity,hybrid_score,-0.46
P67372,random,allergenicity,merci_score,0.0
P67372,random,allergenicity,blast_score,-0.5
P67372,random,allergenicity,hybrid_score,-0.389
P0CZ51,random,allergenicity,merci_score,0.0
P0CZ51,random,allergenicity,blast_score,-0.5
P0CZ51,random,allergenicity,hybrid_score,-0.331
A2RD12,random,allergenicity,merci_score,0.5
A2RD12,random,allergenicity,blast_score,-0.5
A2RD12,random,allergenicity,hybrid_score,0.645
Q9A206,random,allergenicity,merci_score,0.0
Q9A206,random,allergenicity,blast_score,-0.5
Q9A206,random,allergenicity,hybrid_score,-0.175
Q5XCB9,random,allergenicity,merci_score,0.5
Q5XCB9,random,allergenicity,blast_score,-0.5
Q5XCB9,random,allergenicity,hybrid_score,0.153
Q1JBD1,random,allergenicity,merci_score,0.0
Q1JBD1,random,allergenicity,blast_score,0.0
Q1JBD1,random,allergenicity,hybrid_score,0.066
Q9A0I1,random,allergenicity,merci_score,0.0
Q9A0I1,random,allergenicity,blast_score,-0.5
Q9A0I1,random,allergenicity,hybrid_score,-0.351
Q5XC82,random,allergenicity,merci_score,0.0
Q5XC82,random,allergenicity,blast_score,-0.5
Q5XC82,random,allergenicity,hybrid_score,-0.335
Q1JIB1,random,allergenicity,merci_score,0.0
Q1JIB1,random,allergenicity,blast_score,0.0
Q1JIB1,random,allergenicity,hybrid_score,0.319
B5XJ51,random,allergenicity,merci_score,0.0
B5XJ51,random,allergenicity,blast_score,0.0
B5XJ51,random,allergenicity,hybrid_score,0.286
P60452,random,allergenicity,merci_score,0.0
P60452,random,allergenicity,blast_score,0.5
P60452,random,allergenicity,hybrid_score,0.743
Q1JE69,random,allergenicity,merci_score,0.0
Q1JE69,random,allergenicity,blast_score,0.0
Q1JE69,random,allergenicity,hybrid_score,0.067
Q99Y13,random,allergenicity,merci_score,0.0
Q99Y13,random,allergenicity,blast_score,-0.5
Q99Y13,random,allergenicity,hybrid_score,0.063
P0DB58,random,allergenicity,merci_score,0.5
P0DB58,random,allergenicity,blast_score,-0.5
P0DB58,random,allergenicity,hybrid_score,0.215
A2RGJ5,random,allergenicity,merci_score,0.0
A2RGJ5,random,allergenicity,blast_score,0.0
A2RGJ5,random,allergenicity,hybrid_score,0.266
Q5XD18,random,allergenicity,merci_score,0.0
Q5XD18,random,allergenicity,blast_score,0.0
Q5XD18,random,allergenicity,hybrid_score,0.079
P0DE67,random,allergenicity,merci_score,0.0
P0DE67,random,allergenicity,blast_score,-0.5
P0DE67,random,allergenicity,hybrid_score,-0.334
Q1J7A2,random,allergenicity,merci_score,0.0
Q1J7A2,random,allergenicity,blast_score,-0.5
Q1J7A2,random,allergenicity,hybrid_score,-0.11
Q1JHP3,random,allergenicity,merci_score,0.0
Q1JHP3,random,allergenicity,blast_score,-0.5
Q1JHP3,random,allergenicity,hybrid_score,-0.423
B5XK49,random,allergenicity,merci_score,0.5
B5XK49,random,allergenicity,blast_score,-0.5
B5XK49,random,allergenicity,hybrid_score,0.369
B5XM46,random,allergenicity,merci_score,0.0
B5XM46,random,allergenicity,blast_score,-0.5
B5XM46,random,allergenicity,hybrid_score,-0.228
P65245,random,allergenicity,merci_score,0.0
P65245,random,allergenicity,blast_score,-0.5
P65245,random,allergenicity,hybrid_score,-0.457
A2RCY1,random,allergenicity,merci_score,0.0
A2RCY1,random,allergenicity,blast_score,-0.5
A2RCY1,random,allergenicity,hybrid_score,-0.472
Q5XDM4,random,allergenicity,merci_score,0.0
Q5XDM4,random,allergenicity,blast_score,-0.5
Q5XDM4,random,allergenicity,hybrid_score,-0.343
A2REG0,random,allergenicity,merci_score,0.5
A2REG0,random,allergenicity,blast_score,-0.5
A2REG0,random,allergenicity,hybrid_score,0.227
A2RD32,random,allergenicity,merci_score,0.5
A2RD32,random,allergenicity,blast_score,0.5
A2RD32,random,allergenicity,hybrid_score,1.347
Q1JB44,random,allergenicity,merci_score,0.0
Q1JB44,random,allergenicity,blast_score,-0.5
Q1JB44,random,allergenicity,hybrid_score,-0.384
Q9A1D5,random,allergenicity,merci_score,0.5
Q9A1D5,random,allergenicity,blast_score,-0.5
Q9A1D5,random,allergenicity,hybrid_score,0.031
P0C0I6,random,allergenicity,merci_score,0.0
P0C0I6,random,allergenicity,blast_score,0.5
P0C0I6,random,allergenicity,hybrid_score,0.68
Q1JA49,random,allergenicity,merci_score,0.0
Q1JA49,random,allergenicity,blast_score,-0.5
Q1JA49,random,allergenicity,hybrid_score,-0.331
P0DD15,random,allergenicity,merci_score,0.0
P0DD15,random,allergenicity,blast_score,-0.5
P0DD15,random,allergenicity,hybrid_score,-0.211
A2RDN0,random,allergenicity,merci_score,0.0
A2RDN0,random,allergenicity,blast_score,-0.5
A2RDN0,random,allergenicity,hybrid_score,-0.467
Q48S05,random,allergenicity,merci_score,0.0
Q48S05,random,allergenicity,blast_score,-0.5
Q48S05,random,allergenicity,hybrid_score,-0.287
Q1JFM4,random,allergenicity,merci_score,0.5
Q1JFM4,random,allergenicity,blast_score,0.0
Q1JFM4,random,allergenicity,hybrid_score,0.658
A2RFS6,random,allergenicity,merci_score,0.0
A2RFS6,random,allergenicity,blast_score,0.0
A2RFS6,random,allergenicity,hybrid_score,0.038
P0DC93,random,allergenicity,merci_score,0.0
P0DC93,random,allergenicity,blast_score,-0.5
P0DC93,random,allergenicity,hybrid_score,-0.294
Q1J6I6,random,allergenicity,merci_score,0.0
Q1J6I6,random,allergenicity,blast_score,0.0
Q1J6I6,random,allergenicity,hybrid_score,0.149
Q1J492,random,allergenicity,merci_score,0.0
Q1J492,random,allergenicity,blast_score,-0.5
Q1J492,random,allergenicity,hybrid_score,-0.139
Q5XD71,random,allergenicity,merci_score,0.0
Q5XD71,random,allergenicity,blast_score,0.0
Q5XD71,random,allergenicity,hybrid_score,0.038
P0DF45,random,allergenicity,merci_score,0.0
P0DF45,random,allergenicity,blast_score,-0.5
P0DF45,random,allergenicity,hybrid_score,-0.294
P0DG21,random,allergenicity,merci_score,0.0
P0DG21,random,allergenicity,blast_score,-0.5
P0DG21,random,allergenicity,hybrid_score,-0.408
Q48VU3,random,allergenicity,merci_score,0.0
Q48VU3,random,allergenicity,blast_score,-0.5
Q48VU3,random,allergenicity,hybrid_score,-0.385
Q9A1F2,random,allergenicity,merci_score,0.5
Q9A1F2,random,allergenicity,blast_score,-0.5
Q9A1F2,random,allergenicity,hybrid_score,0.114
Q8NZZ1,random,allergenicity,merci_score,0.5
Q8NZZ1,random,allergenicity,blast_score,0.0
Q8NZZ1,random,allergenicity,hybrid_score,0.658
Q1JFK0,random,allergenicity,merci_score,0.5
Q1JFK0,random,allergenicity,blast_score,0.5
Q1JFK0,random,allergenicity,hybrid_score,1.347
Q8NZ20,random,allergenicity,merci_score,0.0
Q8NZ20,random,allergenicity,blast_score,-0.5
Q8NZ20,random,allergenicity,hybrid_score,-0.479
Q5XCK7,random,allergenicity,merci_score,0.5
Q5XCK7,random,allergenicity,blast_score,-0.5
Q5XCK7,random,allergenicity,hybrid_score,0.264
P0DA16,random,allergenicity,merci_score,0.0
P0DA16,random,allergenicity,blast_score,-0.5
P0DA16,random,allergenicity,hybrid_score,-0.087
B5XKQ2,random,allergenicity,merci_score,0.0
B5XKQ2,random,allergenicity,blast_score,-0.5
B5XKQ2,random,allergenicity,hybrid_score,-0.374
Q1JP12,random,allergenicity,merci_score,0.0
Q1JP12,random,allergenicity,blast_score,-0.5
Q1JP12,random,allergenicity,hybrid_score,-0.355
Q1J8D8,random,allergenicity,merci_score,0.0
Q1J8D8,random,allergenicity,blast_score,-0.5
Q1J8D8,random,allergenicity,hybrid_score,-0.294
B5XMF0,random,allergenicity,merci_score,0.0
B5XMF0,random,allergenicity,blast_score,-0.5
B5XMF0,random,allergenicity,hybrid_score,-0.403
Q8NZG7,random,allergenicity,merci_score,0.0
Q8NZG7,random,allergenicity,blast_score,-0.5
Q8NZG7,random,allergenicity,hybrid_score,-0.432
Q1J736,random,allergenicity,merci_score,0.0
Q1J736,random,allergenicity,blast_score,-0.5
Q1J736,random,allergenicity,hybrid_score,-0.244
P0DE27,random,allergenicity,merci_score,0.5
P0DE27,random,allergenicity,blast_score,-0.5
P0DE27,random,allergenicity,hybrid_score,0.399
Q48U40,random,allergenicity,merci_score,0.5
Q48U40,random,allergenicity,blast_score,-0.5
Q48U40,random,allergenicity,hybrid_score,0.029
P0DB23,random,allergenicity,merci_score,0.5
P0DB23,random,allergenicity,blast_score,-0.5
P0DB23,random,allergenicity,hybrid_score,0.131
Q5X9I0,random,allergenicity,merci_score,0.5
Q5X9I0,random,allergenicity,blast_score,-0.5
Q5X9I0,random,allergenicity,hybrid_score,0.21
Q48SL4,random,allergenicity,merci_score,0.5
Q48SL4,random,allergenicity,blast_score,-0.5
Q48SL4,random,allergenicity,hybrid_score,0.1
Q1JN21,random,allergenicity,merci_score,0.5
Q1JN21,random,allergenicity,blast_score,-0.5
Q1JN21,random,allergenicity,hybrid_score,0.114
Q8P109,random,allergenicity,merci_score,0.5
Q8P109,random,allergenicity,blast_score,-0.5
Q8P109,random,allergenicity,hybrid_score,0.227
A2RCV8,random,allergenicity,merci_score,0.0
A2RCV8,random,allergenicity,blast_score,-0.5
A2RCV8,random,allergenicity,hybrid_score,-0.367
Q1J7G2,random,allergenicity,merci_score,0.0
Q1J7G2,random,allergenicity,blast_score,-0.5
Q1J7G2,random,allergenicity,hybrid_score,-0.433
P0DA05,random,allergenicity,merci_score,0.5
P0DA05,random,allergenicity,blast_score,-0.5
P0DA05,random,allergenicity,hybrid_score,0.083
Q99Y58,random,allergenicity,merci_score,0.5
Q99Y58,random,allergenicity,blast_score,0.0
Q99Y58,random,allergenicity,hybrid_score,0.547
P63548,random,allergenicity,merci_score,0.0
P63548,random,allergenicity,blast_score,-0.5
P63548,random,allergenicity,hybrid_score,-0.312
Q5XCS5,random,allergenicity,merci_score,0.0
Q5XCS5,random,allergenicity,blast_score,0.0
Q5XCS5,random,allergenicity,hybrid_score,0.219
P0DD83,random,allergenicity,merci_score,0.5
P0DD83,random,allergenicity,blast_score,-0.5
P0DD83,random,allergenicity,hybrid_score,0.21
Q1JLY8,random,allergenicity,merci_score,0.0
Q1JLY8,random,allergenicity,blast_score,-0.5
Q1JLY8,random,allergenicity,hybrid_score,-0.331
P66322,random,allergenicity,merci_score,0.0
P66322,random,allergenicity,blast_score,-0.5
P66322,random,allergenicity,hybrid_score,-0.092
P0DG70,random,allergenicity,merci_score,0.0
P0DG70,random,allergenicity,blast_score,0.0
P0DG70,random,allergenicity,hybrid_score,0.275
Q1J8Y8,random,allergenicity,merci_score,0.0
Q1J8Y8,random,allergenicity,blast_score,0.0
Q1J8Y8,random,allergenicity,hybrid_score,0.185
Q8P0X5,random,allergenicity,merci_score,0.5
Q8P0X5,random,allergenicity,blast_score,0.0
Q8P0X5,random,allergenicity,hybrid_score,0.778
Q1JJ89,random,allergenicity,merci_score,0.0
Q1JJ89,random,allergenicity,blast_score,-0.5
Q1JJ89,random,allergenicity,hybrid_score,-0.4
B5XLM6,random,allergenicity,merci_score,0.0
B5XLM6,random,allergenicity,blast_score,0.0
B5XLM6,random,allergenicity,hybrid_score,0.238
Q1J6M7,random,allergenicity,merci_score,0.5
Q1J6M7,random,allergenicity,blast_score,-0.5
Q1J6M7,random,allergenicity,hybrid_score,0.449
B5XKP9,random,allergenicity,merci_score,0.5
B5XKP9,random,allergenicity,blast_score,-0.5
B5XKP9,random,allergenicity,hybrid_score,0.067
Q48TU0,random,allergenicity,merci_score,0.0
Q48TU0,random,allergenicity,blast_score,-0.5
Q48TU0,random,allergenicity,hybrid_score,-0.331
Q48UD0,random,allergenicity,merci_score,0.0
Q48UD0,random,allergenicity,blast_score,-0.5
Q48UD0,random,allergenicity,hybrid_score,-0.43
P0DF23,random,allergenicity,merci_score,0.0
P0DF23,random,allergenicity,blast_score,-0.5
P0DF23,random,allergenicity,hybrid_score,-0.386
Q8P1C8,random,allergenicity,merci_score,0.0
Q8P1C8,random,allergenicity,blast_score,-0.5
Q8P1C8,random,allergenicity,hybrid_score,-0.409
Q1JHF5,random,allergenicity,merci_score,0.5
Q1JHF5,random,allergenicity,blast_score,-0.5
Q1JHF5,random,allergenicity,hybrid_score,0.338
A2RF47,random,allergenicity,merci_score,0.5
A2RF47,random,allergenicity,blast_score,-0.5
A2RF47,random,allergenicity,hybrid_score,0.338
Q8P1D1,random,allergenicity,merci_score,0.0
Q8P1D1,random,allergenicity,blast_score,-0.5
Q8P1D1,random,allergenicity,hybrid_score,-0.391
Q1J6Q6,random,allergenicity,merci_score,0.0
Q1J6Q6,random,allergenicity,blast_score,-0.5
Q1J6Q6,random,allergenicity,hybrid_score,-0.406
Q1JFK8,random,allergenicity,merci_score,0.0
Q1JFK8,random,allergenicity,blast_score,-0.5
Q1JFK8,random,allergenicity,hybrid_score,-0.319
Q1JKA0,random,allergenicity,merci_score,0.0
Q1JKA0,random,allergenicity,blast_score,-0.5
Q1JKA0,random,allergenicity,hybrid_score,-0.44
P0DD86,random,allergenicity,merci_score,0.0
P0DD86,random,allergenicity,blast_score,-0.5
P0DD86,random,allergenicity,hybrid_score,-0.4
Q5XDX3,random,allergenicity,merci_score,0.0
Q5XDX3,random,allergenicity,blast_score,-0.5
Q5XDX3,random,allergenicity,hybrid_score,-0.46
P0DC28,random,allergenicity,merci_score,0.0
P0DC28,random,allergenicity,blast_score,0.0
P0DC28,random,allergenicity,hybrid_score,0.057
Q7CMS1,random,allergenicity,merci_score,0.0
Q7CMS1,random,allergenicity,blast_score,-0.5
Q7CMS1,random,allergenicity,hybrid_score,-0.225
Q5XEC0,random,allergenicity,merci_score,0.0
Q5XEC0,random,allergenicity,blast_score,0.0
Q5XEC0,random,allergenicity,hybrid_score,0.286
A2RG55,random,allergenicity,merci_score,0.0
A2RG55,random,allergenicity,blast_score,0.0
A2RG55,random,allergenicity,hybrid_score,0.16
Q1J708,random,allergenicity,merci_score,0.0
Q1J708,random,allergenicity,blast_score,-0.5
Q1J708,random,allergenicity,hybrid_score,-0.43
P0DG17,random,allergenicity,merci_score,0.0
P0DG17,random,allergenicity,blast_score,-0.5
P0DG17,random,allergenicity,hybrid_score,-0.194
Q8P1D1,random,allergenicity,merci_score,0.0
Q8P1D1,random,allergenicity,blast_score,-0.5
Q8P1D1,random,allergenicity,hybrid_score,-0.391
P0DE64,random,allergenicity,merci_score,0.0
P0DE64,random,allergenicity,blast_score,0.0
P0DE64,random,allergenicity,hybrid_score,0.185
Q1JN21,random,allergenicity,merci_score,0.5
Q1JN21,random,allergenicity,blast_score,-0.5
Q1JN21,random,allergenicity,hybrid_score,0.134
P0DA16,random,allergenicity,merci_score,0.0
P0DA16,random,allergenicity,blast_score,-0.5
P0DA16,random,allergenicity,hybrid_score,-0.088
P0DB23,random,allergenicity,merci_score,0.5
P0DB23,random,allergenicity,blast_score,-0.5
P0DB23,random,allergenicity,hybrid_score,0.131
Q5X9I0,random,allergenicity,merci_score,0.5
Q5X9I0,random,allergenicity,blast_score,-0.5
Q5X9I0,random,allergenicity,hybrid_score,0.21
Q5XA61,random,allergenicity,merci_score,0.0
Q5XA61,random,allergenicity,blast_score,-0.5
Q5XA61,random,allergenicity,hybrid_score,-0.403
P0DC65,random,allergenicity,merci_score,0.0
P0DC65,random,allergenicity,blast_score,-0.5
P0DC65,random,allergenicity,hybrid_score,-0.244
Q5XA26,random,allergenicity,merci_score,0.0
Q5XA26,random,allergenicity,blast_score,-0.5
Q5XA26,random,allergenicity,hybrid_score,-0.426
Q48QT6,random,allergenicity,merci_score,0.0
Q48QT6,random,allergenicity,blast_score,-0.5
Q48QT6,random,allergenicity,hybrid_score,-0.46
B5XK72,random,allergenicity,merci_score,0.0
B5XK72,random,allergenicity,blast_score,-0.5
B5XK72,random,allergenicity,hybrid_score,-0.23
Q48VU3,random,allergenicity,merci_score,0.0
Q48VU3,random,allergenicity,blast_score,-0.5
Q48VU3,random,allergenicity,hybrid_score,-0.385
Q5XD18,random,allergenicity,merci_score,0.0
Q5XD18,random,allergenicity,blast_score,0.0
Q5XD18,random,allergenicity,hybrid_score,0.084
Q5X9K2,random,allergenicity,merci_score,0.0
Q5X9K2,random,allergenicity,blast_score,-0.5
Q5X9K2,random,allergenicity,hybrid_score,-0.239
A2REG0,random,allergenicity,merci_score,0.5
A2REG0,random,allergenicity,blast_score,-0.5
A2REG0,random,allergenicity,hybrid_score,0.221
Q9A1F2,random,allergenicity,merci_score,0.5
Q9A1F2,random,allergenicity,blast_score,-0.5
Q9A1F2,random,allergenicity,hybrid_score,0.113
Q9A206,random,allergenicity,merci_score,0.0
Q9A206,random,allergenicity,blast_score,-0.5
Q9A206,random,allergenicity,hybrid_score,-0.18
P0CZ88,random,allergenicity,merci_score,0.0
P0CZ88,random,allergenicity,blast_score,-0.5
P0CZ88,random,allergenicity,hybrid_score,-0.393
A2RCY1,random,allergenicity,merci_score,0.0
A2RCY1,random,allergenicity,blast_score,-0.5
A2RCY1,random,allergenicity,hybrid_score,-0.476
Q48SL4,random,allergenicity,merci_score,0.5
Q48SL4,random,allergenicity,blast_score,-0.5
Q48SL4,random,allergenicity,hybrid_score,0.105
Q5XCS5,random,allergenicity,merci_score,0.0
Q5XCS5,random,allergenicity,blast_score,0.0
Q5XCS5,random,allergenicity,hybrid_score,0.219
P60452,random,allergenicity,merci_score,0.0
P60452,random,allergenicity,blast_score,0.0
P60452,random,allergenicity,hybrid_score,0.246
P0DC28,random,allergenicity,merci_score,0.0
P0DC28,random,allergenicity,blast_score,0.0
P0DC28,random,allergenicity,hybrid_score,0.056
Q1J6G8,random,allergenicity,merci_score,0.0
Q1J6G8,random,allergenicity,blast_score,-0.5
Q1J6G8,random,allergenicity,hybrid_score,-0.272
Q5XEK9,random,allergenicity,merci_score,0.0
Q5XEK9,random,allergenicity,blast_score,-0.5
Q5XEK9,random,allergenicity,hybrid_score,-0.4
Q1JD58,random,allergenicity,merci_score,0.0
Q1JD58,random,allergenicity,blast_score,-0.5
Q1JD58,random,allergenicity,hybrid_score,-0.339
P0DC12,random,allergenicity,merci_score,0.0
P0DC12,random,allergenicity,blast_score,0.0
P0DC12,random,allergenicity,hybrid_score,0.336
P60420,random,allergenicity,merci_score,0.0
P60420,random,allergenicity,blast_score,0.0
P60420,random,allergenicity,hybrid_score,0.133
Q1JKA0,random,allergenicity,merci_score,0.0
Q1JKA0,random,allergenicity,blast_score,-0.5
Q1JKA0,random,allergenicity,hybrid_score,-0.444
Q1JE69,random,allergenicity,merci_score,0.0
Q1JE69,random,allergenicity,blast_score,0.0
Q1JE69,random,allergenicity,hybrid_score,0.067
Q8P0Y8,random,allergenicity,merci_score,0.0
Q8P0Y8,random,allergenicity,blast_score,-0.5
Q8P0Y8,random,allergenicity,hybrid_score,-0.426
Q48V70,random,allergenicity,merci_score,0.5
Q48V70,random,allergenicity,blast_score,-0.5
Q48V70,random,allergenicity,hybrid_score,0.031
A2RCV8,random,allergenicity,merci_score,0.0
A2RCV8,random,allergenicity,blast_score,-0.5
A2RCV8,random,allergenicity,hybrid_score,-0.382
Q1JID3,random,allergenicity,merci_score,0.0
Q1JID3,random,allergenicity,blast_score,0.0
Q1JID3,random,allergenicity,hybrid_score,0.133
P0DC38,random,allergenicity,merci_score,0.0
P0DC38,random,allergenicity,blast_score,-0.5
P0DC38,random,allergenicity,hybrid_score,-0.169
Q5XCB7,random,allergenicity,merci_score,0.0
Q5XCB7,random,allergenicity,blast_score,-0.5
Q5XCB7,random,allergenicity,hybrid_score,-0.383
P65522,random,allergenicity,merci_score,0.0
P65522,random,allergenicity,blast_score,0.0
P65522,random,allergenicity,hybrid_score,0.197
P0DG70,random,allergenicity,merci_score,0.0
P0DG70,random,allergenicity,blast_score,-0.5
P0DG70,random,allergenicity,hybrid_score,-0.133
P0CZ51,random,allergenicity,merci_score,0.0
P0CZ51,random,allergenicity,blast_score,-0.5
P0CZ51,random,allergenicity,hybrid_score,-0.331
B5XMM1,random,allergenicity,merci_score,0.5
B5XMM1,random,allergenicity,blast_score,0.5
B5XMM1,random,allergenicity,hybrid_score,1.34
P69948,random,allergenicity,merci_score,0.0
P69948,random,allergenicity,blast_score,-0.5
P69948,random,allergenicity,hybrid_score,-0.386
P64065,random,allergenicity,merci_score,0.5
P64065,random,allergenicity,blast_score,-0.5
P64065,random,allergenicity,hybrid_score,0.1
P0DG21,random,allergenicity,merci_score,0.0
P0DG21,random,allergenicity,blast_score,-0.5
P0DG21,random,allergenicity,hybrid_score,-0.385
B5XKP9,random,allergenicity,merci_score,0.5
B5XKP9,random,allergenicity,blast_score,-0.5
B5XKP9,random,allergenicity,hybrid_score,0.067
Q8P0X5,random,allergenicity,merci_score,0.5
Q8P0X5,random,allergenicity,blast_score,0.0
Q8P0X5,random,allergenicity,hybrid_score,0.744
Q1JDW9,random,allergenicity,merci_score,0.5
Q1JDW9,random,allergenicity,blast_score,-0.5
Q1JDW9,random,allergenicity,hybrid_score,0.039
P0DG78,random,allergenicity,merci_score,0.0
P0DG78,random,allergenicity,blast_score,0.0
P0DG78,random,allergenicity,hybrid_score,0.084
B5XK49,random,allergenicity,merci_score,0.5
B5XK49,random,allergenicity,blast_score,-0.5
B5XK49,random,allergenicity,hybrid_score,0.334
Q1JKD4,random,allergenicity,merci_score,0.0
Q1JKD4,random,allergenicity,blast_score,-0.5
Q1JKD4,random,allergenicity,hybrid_score,-0.434
P0DF45,random,allergenicity,merci_score,0.0
P0DF45,random,allergenicity,blast_score,-0.5
P0DF45,random,allergenicity,hybrid_score,-0.296
Q1JFM4,random,allergenicity,merci_score,0.5
Q1JFM4,random,allergenicity,blast_score,0.0
Q1JFM4,random,allergenicity,hybrid_score,0.658
A2RFZ5,random,allergenicity,merci_score,0.0
A2RFZ5,random,allergenicity,blast_score,0.0
A2RFZ5,random,allergenicity,hybrid_score,0.239
P0DA37,random,allergenicity,merci_score,0.0
P0DA37,random,allergenicity,blast_score,-0.5
P0DA37,random,allergenicity,hybrid_score,-0.364
Q48SZ3,random,allergenicity,merci_score,0.0
Q48SZ3,random,allergenicity,blast_score,-0.5
Q48SZ3,random,allergenicity,hybrid_score,-0.225
Q8P003,random,allergenicity,merci_score,0.5
Q8P003,random,allergenicity,blast_score,-0.5
Q8P003,random,allergenicity,hybrid_score,0.226
P0DG67,random,allergenicity,merci_score,0.0
P0DG67,random,allergenicity,blast_score,-0.5
P0DG67,random,allergenicity,hybrid_score,-0.391
P69882,random,allergenicity,merci_score,0.0
P69882,random,allergenicity,blast_score,-0.5
P69882,random,allergenicity,hybrid_score,-0.36
Q5XD71,random,allergenicity,merci_score,0.0
Q5XD71,random,allergenicity,blast_score,0.0
Q5XD71,random,allergenicity,hybrid_score,0.038
A2RD32,random,allergenicity,merci_score,0.5
A2RD32,random,allergenicity,blast_score,0.5
A2RD32,random,allergenicity,hybrid_score,1.34
Q1J776,random,allergenicity,merci_score,0.5
Q1J776,random,allergenicity,blast_score,-0.5
Q1J776,random,allergenicity,hybrid_score,0.251
Q1JK54,random,allergenicity,merci_score,0.5
Q1JK54,random,allergenicity,blast_score,0.0
Q1JK54,random,allergenicity,hybrid_score,0.543
P0DD80,random,allergenicity,merci_score,0.0
P0DD80,random,allergenicity,blast_score,-0.5
P0DD80,random,allergenicity,hybrid_score,-0.375
Q1JE33,random,allergenicity,merci_score,0.0
Q1JE33,random,allergenicity,blast_score,-0.5
Q1JE33,random,allergenicity,hybrid_score,-0.374
P0DG47,random,allergenicity,merci_score,0.5
P0DG47,random,allergenicity,blast_score,-0.5
P0DG47,random,allergenicity,hybrid_score,0.13
P0DE91,random,allergenicity,merci_score,0.0
P0DE91,random,allergenicity,blast_score,-0.5
P0DE91,random,allergenicity,hybrid_score,-0.385
Q5XAY0,random,allergenicity,merci_score,0.0
Q5XAY0,random,allergenicity,blast_score,-0.5
Q5XAY0,random,allergenicity,hybrid_score,-0.439
P67255,random,allergenicity,merci_score,0.0
P67255,random,allergenicity,blast_score,-0.5
P67255,random,allergenicity,hybrid_score,-0.272
Q1JJ57,random,allergenicity,merci_score,0.0
Q1JJ57,random,allergenicity,blast_score,-0.5
Q1JJ57,random,allergenicity,hybrid_score,-0.355
Q99ZU3,random,allergenicity,merci_score,0.5
Q99ZU3,random,allergenicity,blast_score,-0.5
Q99ZU3,random,allergenicity,hybrid_score,0.097
P0C0I6,random,allergenicity,merci_score,0.0
P0C0I6,random,allergenicity,blast_score,0.5
P0C0I6,random,allergenicity,hybrid_score,0.81
Q1JA49,random,allergenicity,merci_score,0.0
Q1JA49,random,allergenicity,blast_score,-0.5
Q1JA49,random,allergenicity,hybrid_score,-0.331
P0DD86,random,allergenicity,merci_score,0.0
P0DD86,random,allergenicity,blast_score,-0.5
P0DD86,random,allergenicity,hybrid_score,-0.4
Q99YG1,random,allergenicity,merci_score,0.5
Q99YG1,random,allergenicity,blast_score,-0.5
Q99YG1,random,allergenicity,hybrid_score,0.135
A2RGF2,random,allergenicity,merci_score,0.0
A2RGF2,random,allergenicity,blast_score,0.0
A2RGF2,random,allergenicity,hybrid_score,0.336
Q1J492,random,allergenicity,merci_score,0.0
Q1J492,random,allergenicity,blast_score,-0.5
Q1J492,random,allergenicity,hybrid_score,-0.147
Q1J7G2,random,allergenicity,merci_score,0.0
Q1J7G2,random,allergenicity,blast_score,-0.5
Q1J7G2,random,allergenicity,hybrid_score,-0.426
Q1JP12,random,allergenicity,merci_score,0.0
Q1JP12,random,allergenicity,blast_score,-0.5
Q1JP12,random,allergenicity,hybrid_score,-0.355
Q1J8D8,random,allergenicity,merci_score,0.0
Q1J8D8,random,allergenicity,blast_score,-0.5
Q1J8D8,random,allergenicity,hybrid_score,-0.296
Q1JBD1,random,allergenicity,merci_score,0.0
Q1JBD1,random,allergenicity,blast_score,0.0
Q1JBD1,random,allergenicity,hybrid_score,0.065
P0DC93,random,allergenicity,merci_score,0.0
P0DC93,random,allergenicity,blast_score,-0.5
P0DC93,random,allergenicity,hybrid_score,-0.287
Q5XCB9,random,allergenicity,merci_score,0.5
Q5XCB9,random,allergenicity,blast_score,-0.5
Q5XCB9,random,allergenicity,hybrid_score,0.116
P0DA05,random,allergenicity,merci_score,0.5
P0DA05,random,allergenicity,blast_score,-0.5
P0DA05,random,allergenicity,hybrid_score,0.083
Q99Y58,random,allergenicity,merci_score,0.5
Q99Y58,random,allergenicity,blast_score,0.0
Q99Y58,random,allergenicity,hybrid_score,0.543
Q48V07,random,allergenicity,merci_score,0.0
Q48V07,random,allergenicity,blast_score,0.0
Q48V07,random,allergenicity,hybrid_score,0.16
B5XK66,random,allergenicity,merci_score,0.0
B5XK66,random,allergenicity,blast_score,-0.5
B5XK66,random,allergenicity,hybrid_score,-0.169
Q1JFK0,random,allergenicity,merci_score,0.5
Q1JFK0,random,allergenicity,blast_score,0.5
Q1JFK0,random,allergenicity,hybrid_score,1.34
Q1J592,random,allergenicity,merci_score,0.0
Q1J592,random,allergenicity,blast_score,-0.5
Q1J592,random,allergenicity,hybrid_score,-0.362
Q1J736,random,allergenicity,merci_score,0.0
Q1J736,random,allergenicity,blast_score,-0.5
Q1J736,random,allergenicity,hybrid_score,-0.234
A2RD01,random,allergenicity,merci_score,0.5
A2RD01,random,allergenicity,blast_score,-0.5
A2RD01,random,allergenicity,hybrid_score,0.135
P0DG83,random,allergenicity,merci_score,0.5
P0DG83,random,allergenicity,blast_score,0.0
P0DG83,random,allergenicity,hybrid_score,0.951
P0DB00,random,allergenicity,merci_score,0.5
P0DB00,random,allergenicity,blast_score,-0.5
P0DB00,random,allergenicity,hybrid_score,0.087
Q1JJZ6,random,allergenicity,merci_score,0.0
Q1JJZ6,random,allergenicity,blast_score,-0.5
Q1JJZ6,random,allergenicity,hybrid_score,0.084
P0DC23,random,allergenicity,merci_score,0.0
P0DC23,random,allergenicity,blast_score,-0.5
P0DC23,random,allergenicity,hybrid_score,-0.329
P0DE27,random,allergenicity,merci_score,0.5
P0DE27,random,allergenicity,blast_score,-0.5
P0DE27,random,allergenicity,hybrid_score,0.399
Q48U40,random,allergenicity,merci_score,0.5
Q48U40,random,allergenicity,blast_score,-0.5
Q48U40,random,allergenicity,hybrid_score,0.033
Q1JKN7,random,allergenicity,merci_score,0.5
Q1JKN7,random,allergenicity,blast_score,0.0
Q1JKN7,random,allergenicity,hybrid_score,0.636
P0DD83,random,allergenicity,merci_score,0.5
P0DD83,random,allergenicity,blast_score,-0.5
P0DD83,random,allergenicity,hybrid_score,0.21
Q1JLY8,random,allergenicity,merci_score,0.0
Q1JLY8,random,allergenicity,blast_score,-0.5
Q1JLY8,random,allergenicity,hybrid_score,-0.329
Q1JFK8,random,allergenicity,merci_score,0.0
Q1JFK8,random,allergenicity,blast_score,-0.5
Q1JFK8,random,allergenicity,hybrid_score,-0.256
B5XMF0,random,allergenicity,merci_score,0.0
B5XMF0,random,allergenicity,blast_score,-0.5
B5XMF0,random,allergenicity,hybrid_score,-0.407
Q8NZG7,random,allergenicity,merci_score,0.0
Q8NZG7,random,allergenicity,blast_score,-0.5
Q8NZG7,random,allergenicity,hybrid_score,-0.426
P0DB44,random,allergenicity,merci_score,0.0
P0DB44,random,allergenicity,blast_score,0.0
P0DB44,random,allergenicity,hybrid_score,0.192
Q1J777,random,allergenicity,merci_score,0.0
Q1J777,random,allergenicity,blast_score,-0.5
Q1J777,random,allergenicity,hybrid_score,-0.408
Q48TU0,random,allergenicity,merci_score,0.0
Q48TU0,random,allergenicity,blast_score,-0.5
Q48TU0,random,allergenicity,hybrid_score,-0.329
Q1J6I6,random,allergenicity,merci_score,0.0
Q1J6I6,random,allergenicity,blast_score,0.0
Q1J6I6,random,allergenicity,hybrid_score,0.154
A2RD12,random,allergenicity,merci_score,0.5
A2RD12,random,allergenicity,blast_score,-0.5
A2RD12,random,allergenicity,hybrid_score,0.623
A2RG72,random,allergenicity,merci_score,0.0
A2RG72,random,allergenicity,blast_score,-0.5
A2RG72,random,allergenicity,hybrid_score,-0.343
B5XJ57,random,allergenicity,merci_score,0.0
B5XJ57,random,allergenicity,blast_score,-0.5
B5XJ57,random,allergenicity,hybrid_score,-0.36
Q5XDS5,random,allergenicity,merci_score,0.0
Q5XDS5,random,allergenicity,blast_score,-0.5
Q5XDS5,random,allergenicity,hybrid_score,-0.459
P67575,random,allergenicity,merci_score,0.0
P67575,random,allergenicity,blast_score,-0.5
P67575,random,allergenicity,hybrid_score,-0.319
Q1JDD0,random,allergenicity,merci_score,0.0
Q1JDD0,random,allergenicity,blast_score,-0.5
Q1JDD0,random,allergenicity,hybrid_score,-0.448
Q48V44,random,allergenicity,merci_score,0.0
Q48V44,random,allergenicity,blast_score,-0.5
Q48V44,random,allergenicity,hybrid_score,-0.448
Q1JB44,random,allergenicity,merci_score,0.0
Q1JB44,random,allergenicity,blast_score,-0.5
Q1JB44,random,allergenicity,hybrid_score,-0.386
A2RFS6,random,allergenicity,merci_score,0.0
A2RFS6,random,allergenicity,blast_score,0.0
A2RFS6,random,allergenicity,hybrid_score,0.038
Q48VD6,random,allergenicity,merci_score,0.0
Q48VD6,random,allergenicity,blast_score,0.0
Q48VD6,random,allergenicity,hybrid_score,0.197
P0C0H6,random,allergenicity,merci_score,0.5
P0C0H6,random,allergenicity,blast_score,-0.5
P0C0H6,random,allergenicity,hybrid_score,0.126
P65783,random,allergenicity,merci_score,0.0
P65783,random,allergenicity,blast_score,-0.5
P65783,random,allergenicity,hybrid_score,-0.335
B5XHV2,random,allergenicity,merci_score,0.0
B5XHV2,random,allergenicity,blast_score,-0.5
B5XHV2,random,allergenicity,hybrid_score,-0.364
P0CZ71,random,allergenicity,merci_score,0.0
P0CZ71,random,allergenicity,blast_score,-0.5
P0CZ71,random,allergenicity,hybrid_score,-0.434
Q5XCC0,random,allergenicity,merci_score,0.5
Q5XCC0,random,allergenicity,blast_score,-0.5
Q5XCC0,random,allergenicity,hybrid_score,0.097
P0DE67,random,allergenicity,merci_score,0.0
P0DE67,random,allergenicity,blast_score,-0.5
P0DE67,random,allergenicity,hybrid_score,-0.334
Q1J7A2,random,allergenicity,merci_score,0.0
Q1J7A2,random,allergenicity,blast_score,-0.5
Q1J7A2,random,allergenicity,hybrid_score,-0.11
Q1JHP3,random,allergenicity,merci_score,0.0
Q1JHP3,random,allergenicity,blast_score,-0.5
Q1JHP3,random,allergenicity,hybrid_score,-0.425
Q5XDX3,random,allergenicity,merci_score,0.0
Q5XDX3,random,allergenicity,blast_score,-0.5
Q5XDX3,random,allergenicity,hybrid_score,-0.46
Q1JIB1,random,allergenicity,merci_score,0.0
Q1JIB1,random,allergenicity,blast_score,0.0
Q1JIB1,random,allergenicity,hybrid_score,0.16
B5XJ51,random,allergenicity,merci_score,0.0
B5XJ51,random,allergenicity,blast_score,0.0
B5XJ51,random,allergenicity,hybrid_score,0.286
Q5X9I4,random,allergenicity,merci_score,0.0
Q5X9I4,random,allergenicity,blast_score,-0.5
Q5X9I4,random,allergenicity,hybrid_score,-0.229
Q1JGR7,random,allergenicity,merci_score,0.0
Q1JGR7,random,allergenicity,blast_score,0.0
Q1JGR7,random,allergenicity,hybrid_score,0.154
Q5XCK7,random,allergenicity,merci_score,0.5
Q5XCK7,random,allergenicity,blast_score,-0.5
Q5XCK7,random,allergenicity,hybrid_score,0.241
P0DB81,random,allergenicity,merci_score,0.0
P0DB81,random,allergenicity,blast_score,0.0
P0DB81,random,allergenicity,hybrid_score,0.162
A2RCI0,random,allergenicity,merci_score,0.0
A2RCI0,random,allergenicity,blast_score,-0.5
A2RCI0,random,allergenicity,hybrid_score,-0.334
P66852,random,allergenicity,merci_score,0.0
P66852,random,allergenicity,blast_score,-0.5
P66852,random,allergenicity,hybrid_score,-0.267
Q1JDK8,random,allergenicity,merci_score,0.0
Q1JDK8,random,allergenicity,blast_score,-0.5
Q1JDK8,random,allergenicity,hybrid_score,-0.36
P0DE54,random,allergenicity,merci_score,0.0
P0DE54,random,allergenicity,blast_score,-0.5
P0DE54,random,allergenicity,hybrid_score,-0.278
Q8P1F2,random,allergenicity,merci_score,0.5
Q8P1F2,random,allergenicity,blast_score,-0.5
Q8P1F2,random,allergenicity,hybrid_score,0.251
P0DF23,random,allergenicity,merci_score,0.0
P0DF23,random,allergenicity,blast_score,-0.5
P0DF23,random,allergenicity,hybrid_score,-0.385
P0DC10,random,allergenicity,merci_score,0.0
P0DC10,random,allergenicity,blast_score,-0.5
P0DC10,random,allergenicity,hybrid_score,0.084
Q48VX9,random,allergenicity,merci_score,0.0
Q48VX9,random,allergenicity,blast_score,-0.5
Q48VX9,random,allergenicity,hybrid_score,-0.4
Q99ZV8,random,allergenicity,merci_score,0.0
Q99ZV8,random,allergenicity,blast_score,-0.5
Q99ZV8,random,allergenicity,hybrid_score,-0.329
Q5XC82,random,allergenicity,merci_score,0.0
Q5XC82,random,allergenicity,blast_score,-0.5
Q5XC82,random,allergenicity,hybrid_score,-0.335
P63548,random,allergenicity,merci_score,0.0
P63548,random,allergenicity,blast_score,-0.5
P63548,random,allergenicity,hybrid_score,-0.312
B5XM46,random,allergenicity,merci_score,0.0
B5XM46,random,allergenicity,blast_score,-0.5
B5XM46,random,allergenicity,hybrid_score,-0.243
Q1JHF5,random,allergenicity,merci_score,0.5
Q1JHF5,random,allergenicity,blast_score,-0.5
Q1JHF5,random,allergenicity,hybrid_score,0.251
A2RF47,random,allergenicity,merci_score,0.5
A2RF47,random,allergenicity,blast_score,-0.5
A2RF47,random,allergenicity,hybrid_score,0.251
Q48UD0,random,allergenicity,merci_score,0.0
Q48UD0,random,allergenicity,blast_score,-0.5
Q48UD0,random,allergenicity,hybrid_score,-0.434
P66021,random,allergenicity,merci_score,0.0
P66021,random,allergenicity,blast_score,-0.5
P66021,random,allergenicity,hybrid_score,-0.179
Q1JJ89,random,allergenicity,merci_score,0.0
Q1JJ89,random,allergenicity,blast_score,-0.5
Q1JJ89,random,allergenicity,hybrid_score,-0.4
P0DG00,random,allergenicity,merci_score,0.0
P0DG00,random,allergenicity,blast_score,-0.5
P0DG00,random,allergenicity,hybrid_score,-0.463
Q8P2A7,random,allergenicity,merci_score,0.0
Q8P2A7,random,allergenicity,blast_score,0.0
Q8P2A7,random,allergenicity,hybrid_score,0.386
Q8NZY8,random,allergenicity,merci_score,0.0
Q8NZY8,random,allergenicity,blast_score,-0.5
Q8NZY8,random,allergenicity,hybrid_score,-0.244
P67372,random,allergenicity,merci_score,0.0
P67372,random,allergenicity,blast_score,-0.5
P67372,random,allergenicity,hybrid_score,-0.389
Q1JHA5,random,allergenicity,merci_score,0.0
Q1JHA5,random,allergenicity,blast_score,-0.5
Q1JHA5,random,allergenicity,hybrid_score,-0.208
B5XKU0,random,allergenicity,merci_score,0.0
B5XKU0,random,allergenicity,blast_score,0.0
B5XKU0,random,allergenicity,hybrid_score,0.133
Q9A0I1,random,allergenicity,merci_score,0.0
Q9A0I1,random,allergenicity,blast_score,-0.5
Q9A0I1,random,allergenicity,hybrid_score,-0.369
Q7CMS1,random,allergenicity,merci_score,0.5
Q7CMS1,random,allergenicity,blast_score,-0.5
Q7CMS1,random,allergenicity,hybrid_score,0.31
Q1JKZ0,random,allergenicity,merci_score,0.5
Q1JKZ0,random,allergenicity,blast_score,-0.5
Q1JKZ0,random,allergenicity,hybrid_score,0.105
Q1JJJ7,random,allergenicity,merci_score,0.0
Q1JJJ7,random,allergenicity,blast_score,-0.5
Q1JJJ7,random,allergenicity,hybrid_score,-0.239
Q5XAZ0,random,allergenicity,merci_score,0.0
Q5XAZ0,random,allergenicity,blast_score,-0.5
Q5XAZ0,random,allergenicity,hybrid_score,-0.463
P0DE90,random,allergenicity,merci_score,0.0
P0DE90,random,allergenicity,blast_score,-0.5
P0DE90,random,allergenicity,hybrid_score,-0.385
A2RF70,random,allergenicity,merci_score,0.0
A2RF70,random,allergenicity,blast_score,-0.5
A2RF70,random,allergenicity,hybrid_score,-0.11
Q5X9J1,random,allergenicity,merci_score,0.0
Q5X9J1,random,allergenicity,blast_score,-0.5
Q5X9J1,random,allergenicity,hybrid_score,-0.357
P0DG49,random,allergenicity,merci_score,0.5
P0DG49,random,allergenicity,blast_score,-0.5
P0DG49,random,allergenicity,hybrid_score,0.141
P0DD15,random,allergenicity,merci_score,0.0
P0DD15,random,allergenicity,blast_score,-0.5
P0DD15,random,allergenicity,hybrid_score,-0.211
Q99Y13,random,allergenicity,merci_score,0.0
Q99Y13,random,allergenicity,blast_score,-0.5
Q99Y13,random,allergenicity,hybrid_score,0.084
B5XL39,random,allergenicity,merci_score,0.0
B5XL39,random,allergenicity,blast_score,-0.5
B5XL39,random,allergenicity,hybrid_score,-0.312
Q9A1D5,random,allergenicity,merci_score,0.5
Q9A1D5,random,allergenicity,blast_score,-0.5
Q9A1D5,random,allergenicity,hybrid_score,0.031
P65245,random,allergenicity,merci_score,0.0
P65245,random,allergenicity,blast_score,-0.5
P65245,random,allergenicity,hybrid_score,-0.457
Q5XDM4,random,allergenicity,merci_score,0.0
Q5XDM4,random,allergenicity,blast_score,-0.5
Q5XDM4,random,allergenicity,hybrid_score,-0.343
Q1J8Y8,random,allergenicity,merci_score,0.0
Q1J8Y8,random,allergenicity,blast_score,0.0
Q1J8Y8,random,allergenicity,hybrid_score,0.185
Q48RU8,random,allergenicity,merci_score,0.5
Q48RU8,random,allergenicity,blast_score,-0.5
Q48RU8,random,allergenicity,hybrid_score,0.135
Q1J8A8,random,allergenicity,merci_score,0.0
Q1J8A8,random,allergenicity,blast_score,-0.5
Q1J8A8,random,allergenicity,hybrid_score,-0.448
Q48VY9,random,allergenicity,merci_score,0.0
Q48VY9,random,allergenicity,blast_score,0.0
Q48VY9,random,allergenicity,hybrid_score,0.298
Q8P0H4,random,allergenicity,merci_score,0.0
Q8P0H4,random,allergenicity,blast_score,-0.5
Q8P0H4,random,allergenicity,hybrid_score,-0.264
Q8P1C8,random,allergenicity,merci_score,0.0
Q8P1C8,random,allergenicity,blast_score,-0.5
Q8P1C8,random,allergenicity,hybrid_score,-0.41
Q5XCA4,random,allergenicity,merci_score,0.0
Q5XCA4,random,allergenicity,blast_score,-0.5
Q5XCA4,random,allergenicity,hybrid_score,-0.406
Q1J4K0,random,allergenicity,merci_score,0.5
Q1J4K0,random,allergenicity,blast_score,-0.5
Q1J4K0,random,allergenicity,hybrid_score,0.254
Q8P0G7,random,allergenicity,merci_score,0.0
Q8P0G7,random,allergenicity,blast_score,-0.5
Q8P0G7,random,allergenicity,hybrid_score,-0.409
Q8NZZ1,random,allergenicity,merci_score,0.5
Q8NZZ1,random,allergenicity,blast_score,0.0
Q8NZZ1,random,allergenicity,hybrid_score,0.658
Q1J6Q6,random,allergenicity,merci_score,0.0
Q1J6Q6,random,allergenicity,blast_score,-0.5
Q1J6Q6,random,allergenicity,hybrid_score,-0.406
B5XLM6,random,allergenicity,merci_score,0.0
B5XLM6,random,allergenicity,blast_score,0.0
B5XLM6,random,allergenicity,hybrid_score,0.226
P66322,random,allergenicity,merci_score,0.0
P66322,random,allergenicity,blast_score,-0.5
P66322,random,allergenicity,hybrid_score,-0.092
Q1J6M7,random,allergenicity,merci_score,0.5
Q1J6M7,random,allergenicity,blast_score,-0.5
Q1J6M7,random,allergenicity,hybrid_score,0.45
B5XKQ2,random,allergenicity,merci_score,0.0
B5XKQ2,random,allergenicity,blast_score,-0.5
B5XKQ2,random,allergenicity,hybrid_score,-0.374
A2RDN0,random,allergenicity,merci_score,0.0
A2RDN0,random,allergenicity,blast_score,-0.5
A2RDN0,random,allergenicity,hybrid_score,-0.47
Q48S05,random,allergenicity,merci_score,0.0
Q48S05,random,allergenicity,blast_score,-0.5
Q48S05,random,allergenicity,hybrid_score,-0.287
Q8NZ20,random,allergenicity,merci_score,0.0
Q8NZ20,random,allergenicity,blast_score,-0.5
Q8NZ20,random,allergenicity,hybrid_score,-0.476
P0DB58,random,allergenicity,merci_score,0.5
P0DB58,random,allergenicity,blast_score,-0.5
P0DB58,random,allergenicity,hybrid_score,0.217
A2RGJ5,random,allergenicity,merci_score,0.0
A2RGJ5,random,allergenicity,blast_score,0.0
A2RGJ5,random,allergenicity,hybrid_score,0.268
Q48RY7,random,allergenicity,merci_score,0.5
Q48RY7,random,allergenicity,blast_score,-0.5
Q48RY7,random,allergenicity,hybrid_score,0.09
P0DF10,random,allergenicity,merci_score,0.0
P0DF10,random,allergenicity,blast_score,-0.5
P0DF10,random,allergenicity,hybrid_score,-0.416
Q8P109,random,allergenicity,merci_score,0.5
Q8P109,random,allergenicity,blast_score,-0.5
Q8P109,random,allergenicity,hybrid_score,0.221
Q48UD2,random,allergenicity,merci_score,0.0
Q48UD2,random,allergenicity,blast_score,-0.5
Q48UD2,random,allergenicity,hybrid_score,-0.374
P63548,random,allergenicity,merci_score,0.0
P63548,random,allergenicity,blast_score,-0.5
P63548,random,allergenicity,hybrid_score,-0.312
P67255,random,allergenicity,merci_score,0.0
P67255,random,allergenicity,blast_score,-0.5
P67255,random,allergenicity,hybrid_score,-0.313
Q1JJ57,random,allergenicity,merci_score,0.0
Q1JJ57,random,allergenicity,blast_score,-0.5
Q1JJ57,random,allergenicity,hybrid_score,-0.355
Q99ZU3,random,allergenicity,merci_score,0.5
Q99ZU3,random,allergenicity,blast_score,-0.5
Q99ZU3,random,allergenicity,hybrid_score,0.097
Q5XCB7,random,allergenicity,merci_score,0.0
Q5XCB7,random,allergenicity,blast_score,-0.5
Q5XCB7,random,allergenicity,hybrid_score,-0.386
P0DB44,random,allergenicity,merci_score,0.0
P0DB44,random,allergenicity,blast_score,0.0
P0DB44,random,allergenicity,hybrid_score,0.209
Q1J8Y8,random,allergenicity,merci_score,0.0
Q1J8Y8,random,allergenicity,blast_score,0.0
Q1J8Y8,random,allergenicity,hybrid_score,0.185
Q48RU8,random,allergenicity,merci_score,0.5
Q48RU8,random,allergenicity,blast_score,-0.5
Q48RU8,random,allergenicity,hybrid_score,0.135
P0DF45,random,allergenicity,merci_score,0.0
P0DF45,random,allergenicity,blast_score,-0.5
P0DF45,random,allergenicity,hybrid_score,-0.309
P0DG21,random,allergenicity,merci_score,0.0
P0DG21,random,allergenicity,blast_score,-0.5
P0DG21,random,allergenicity,hybrid_score,-0.408
B5XK72,random,allergenicity,merci_score,0.0
B5XK72,random,allergenicity,blast_score,-0.5
B5XK72,random,allergenicity,hybrid_score,-0.23
P64065,random,allergenicity,merci_score,0.5
P64065,random,allergenicity,blast_score,-0.5
P64065,random,allergenicity,hybrid_score,0.098
Q1JK54,random,allergenicity,merci_score,0.5
Q1JK54,random,allergenicity,blast_score,0.0
Q1JK54,random,allergenicity,hybrid_score,0.546
Q1J7G2,random,allergenicity,merci_score,0.0
Q1J7G2,random,allergenicity,blast_score,-0.5
Q1J7G2,random,allergenicity,hybrid_score,-0.4
Q1J492,random,allergenicity,merci_score,0.0
Q1J492,random,allergenicity,blast_score,-0.5
Q1J492,random,allergenicity,hybrid_score,-0.188
P0DG17,random,allergenicity,merci_score,0.0
P0DG17,random,allergenicity,blast_score,-0.5
P0DG17,random,allergenicity,hybrid_score,-0.234
Q1JIB1,random,allergenicity,merci_score,0.0
Q1JIB1,random,allergenicity,blast_score,0.0
Q1JIB1,random,allergenicity,hybrid_score,0.16
B5XJ51,random,allergenicity,merci_score,0.0
B5XJ51,random,allergenicity,blast_score,0.0
B5XJ51,random,allergenicity,hybrid_score,0.286
P0DB58,random,allergenicity,merci_score,0.5
P0DB58,random,allergenicity,blast_score,-0.5
P0DB58,random,allergenicity,hybrid_score,0.207
Q8NZZ1,random,allergenicity,merci_score,0.5
Q8NZZ1,random,allergenicity,blast_score,0.0
Q8NZZ1,random,allergenicity,hybrid_score,0.651
Q48V07,random,allergenicity,merci_score,0.0
Q48V07,random,allergenicity,blast_score,0.0
Q48V07,random,allergenicity,hybrid_score,0.16
Q1JFK8,random,allergenicity,merci_score,0.0
Q1JFK8,random,allergenicity,blast_score,-0.5
Q1JFK8,random,allergenicity,hybrid_score,-0.25
B5XMF0,random,allergenicity,merci_score,0.0
B5XMF0,random,allergenicity,blast_score,-0.5
B5XMF0,random,allergenicity,hybrid_score,-0.403
Q8NZG7,random,allergenicity,merci_score,0.0
Q8NZG7,random,allergenicity,blast_score,-0.5
Q8NZG7,random,allergenicity,hybrid_score,-0.426
P0DB81,random,allergenicity,merci_score,0.0
P0DB81,random,allergenicity,blast_score,0.0
P0DB81,random,allergenicity,hybrid_score,0.143
Q99ZV8,random,allergenicity,merci_score,0.0
Q99ZV8,random,allergenicity,blast_score,-0.5
Q99ZV8,random,allergenicity,hybrid_score,-0.329
Q8P1F2,random,allergenicity,merci_score,0.5
Q8P1F2,random,allergenicity,blast_score,-0.5
Q8P1F2,random,allergenicity,hybrid_score,0.326
Q8P0H4,random,allergenicity,merci_score,0.0
Q8P0H4,random,allergenicity,blast_score,-0.5
Q8P0H4,random,allergenicity,hybrid_score,-0.337
P0DE91,random,allergenicity,merci_score,0.0
P0DE91,random,allergenicity,blast_score,-0.5
P0DE91,random,allergenicity,hybrid_score,-0.385
P65245,random,allergenicity,merci_score,0.0
P65245,random,allergenicity,blast_score,-0.5
P65245,random,allergenicity,hybrid_score,-0.459
P0DA05,random,allergenicity,merci_score,0.5
P0DA05,random,allergenicity,blast_score,-0.5
P0DA05,random,allergenicity,hybrid_score,0.088
Q99Y58,random,allergenicity,merci_score,0.5
Q99Y58,random,allergenicity,blast_score,0.0
Q99Y58,random,allergenicity,hybrid_score,0.546
P60452,random,allergenicity,merci_score,0.0
P60452,random,allergenicity,blast_score,0.0
P60452,random,allergenicity,hybrid_score,0.246
P0DC28,random,allergenicity,merci_score,0.0
P0DC28,random,allergenicity,blast_score,0.0
P0DC28,random,allergenicity,hybrid_score,0.048
Q8P0Y8,random,allergenicity,merci_score,0.0
Q8P0Y8,random,allergenicity,blast_score,-0.5
Q8P0Y8,random,allergenicity,hybrid_score,-0.425
Q5XAY0,random,allergenicity,merci_score,0.0
Q5XAY0,random,allergenicity,blast_score,-0.5
Q5XAY0,random,allergenicity,hybrid_score,-0.438
Q48VX9,random,allergenicity,merci_score,0.0
Q48VX9,random,allergenicity,blast_score,-0.5
Q48VX9,random,allergenicity,hybrid_score,-0.4
Q48VY9,random,allergenicity,merci_score,0.0
Q48VY9,random,allergenicity,blast_score,0.0
Q48VY9,random,allergenicity,hybrid_score,0.302
A2RFZ5,random,allergenicity,merci_score,0.0
A2RFZ5,random,allergenicity,blast_score,0.0
A2RFZ5,random,allergenicity,hybrid_score,0.229
P69882,random,allergenicity,merci_score,0.0
P69882,random,allergenicity,blast_score,-0.5
P69882,random,allergenicity,hybrid_score,-0.354
A2RGJ5,random,allergenicity,merci_score,0.0
A2RGJ5,random,allergenicity,blast_score,0.0
A2RGJ5,random,allergenicity,hybrid_score,0.254
Q48RY7,random,allergenicity,merci_score,0.5
Q48RY7,random,allergenicity,blast_score,0.0
Q48RY7,random,allergenicity,hybrid_score,0.564
Q5XDS5,random,allergenicity,merci_score,0.0
Q5XDS5,random,allergenicity,blast_score,-0.5
Q5XDS5,random,allergenicity,hybrid_score,-0.453
P0DG49,random,allergenicity,merci_score,0.5
P0DG49,random,allergenicity,blast_score,-0.5
P0DG49,random,allergenicity,hybrid_score,0.124
P0DG83,random,allergenicity,merci_score,0.5
P0DG83,random,allergenicity,blast_score,0.0
P0DG83,random,allergenicity,hybrid_score,0.956
P0DB00,random,allergenicity,merci_score,0.5
P0DB00,random,allergenicity,blast_score,-0.5
P0DB00,random,allergenicity,hybrid_score,0.097
A2RG72,random,allergenicity,merci_score,0.0
A2RG72,random,allergenicity,blast_score,-0.5
A2RG72,random,allergenicity,hybrid_score,-0.343
Q48UD0,random,allergenicity,merci_score,0.0
Q48UD0,random,allergenicity,blast_score,-0.5
Q48UD0,random,allergenicity,hybrid_score,-0.43
P0DF23,random,allergenicity,merci_score,0.0
P0DF23,random,allergenicity,blast_score,-0.5
P0DF23,random,allergenicity,hybrid_score,-0.385
Q9A1F2,random,allergenicity,merci_score,0.5
Q9A1F2,random,allergenicity,blast_score,-0.5
Q9A1F2,random,allergenicity,hybrid_score,0.114
A2RD32,random,allergenicity,merci_score,0.5
A2RD32,random,allergenicity,blast_score,0.5
A2RD32,random,allergenicity,hybrid_score,1.347
Q1J776,random,allergenicity,merci_score,0.5
Q1J776,random,allergenicity,blast_score,-0.5
Q1J776,random,allergenicity,hybrid_score,0.326
Q48SZ3,random,allergenicity,merci_score,0.0
Q48SZ3,random,allergenicity,blast_score,-0.5
Q48SZ3,random,allergenicity,hybrid_score,-0.33
Q99Y13,random,allergenicity,merci_score,0.0
Q99Y13,random,allergenicity,blast_score,-0.5
Q99Y13,random,allergenicity,hybrid_score,0.115
P0DE54,random,allergenicity,merci_score,0.0
P0DE54,random,allergenicity,blast_score,-0.5
P0DE54,random,allergenicity,hybrid_score,-0.278
Q1J6Q6,random,allergenicity,merci_score,0.0
Q1J6Q6,random,allergenicity,blast_score,-0.5
Q1J6Q6,random,allergenicity,hybrid_score,-0.406
P0DG78,random,allergenicity,merci_score,0.0
P0DG78,random,allergenicity,blast_score,0.0
P0DG78,random,allergenicity,hybrid_score,0.077
Q1JKN7,random,allergenicity,merci_score,0.5
Q1JKN7,random,allergenicity,blast_score,0.0
Q1JKN7,random,allergenicity,hybrid_score,0.619
B5XK49,random,allergenicity,merci_score,0.5
B5XK49,random,allergenicity,blast_score,-0.5
B5XK49,random,allergenicity,hybrid_score,0.367
P65522,random,allergenicity,merci_score,0.0
P65522,random,allergenicity,blast_score,0.0
P65522,random,allergenicity,hybrid_score,0.197
P66322,random,allergenicity,merci_score,0.0
P66322,random,allergenicity,blast_score,-0.5
P66322,random,allergenicity,hybrid_score,-0.092
Q1J6M7,random,allergenicity,merci_score,0.5
Q1J6M7,random,allergenicity,blast_score,-0.5
Q1J6M7,random,allergenicity,hybrid_score,0.449
P0DD80,random,allergenicity,merci_score,0.0
P0DD80,random,allergenicity,blast_score,-0.5
P0DD80,random,allergenicity,hybrid_score,-0.395
Q1JE33,random,allergenicity,merci_score,0.0
Q1JE33,random,allergenicity,blast_score,-0.5
Q1JE33,random,allergenicity,hybrid_score,-0.374
Q8NZ20,random,allergenicity,merci_score,0.5
Q8NZ20,random,allergenicity,blast_score,-0.5
Q8NZ20,random,allergenicity,hybrid_score,0.022
B5XL39,random,allergenicity,merci_score,0.0
B5XL39,random,allergenicity,blast_score,-0.5
B5XL39,random,allergenicity,hybrid_score,-0.312
Q9A206,random,allergenicity,merci_score,0.0
Q9A206,random,allergenicity,blast_score,-0.5
Q9A206,random,allergenicity,hybrid_score,-0.18
Q5XCB9,random,allergenicity,merci_score,0.5
Q5XCB9,random,allergenicity,blast_score,-0.5
Q5XCB9,random,allergenicity,hybrid_score,0.116
Q1JP12,random,allergenicity,merci_score,0.0
Q1JP12,random,allergenicity,blast_score,-0.5
Q1JP12,random,allergenicity,hybrid_score,-0.355
Q1J6G8,random,allergenicity,merci_score,0.0
Q1J6G8,random,allergenicity,blast_score,-0.5
Q1J6G8,random,allergenicity,hybrid_score,-0.313
Q5XEK9,random,allergenicity,merci_score,0.0
Q5XEK9,random,allergenicity,blast_score,-0.5
Q5XEK9,random,allergenicity,hybrid_score,-0.4
P0DE27,random,allergenicity,merci_score,0.5
P0DE27,random,allergenicity,blast_score,-0.5
P0DE27,random,allergenicity,hybrid_score,0.399
Q48U40,random,allergenicity,merci_score,0.5
Q48U40,random,allergenicity,blast_score,-0.5
Q48U40,random,allergenicity,hybrid_score,0.033
P0CZ71,random,allergenicity,merci_score,0.0
P0CZ71,random,allergenicity,blast_score,-0.5
P0CZ71,random,allergenicity,hybrid_score,-0.409
P0C0H6,random,allergenicity,merci_score,0.5
P0C0H6,random,allergenicity,blast_score,-0.5
P0C0H6,random,allergenicity,hybrid_score,0.126
Q5XCK7,random,allergenicity,merci_score,0.5
Q5XCK7,random,allergenicity,blast_score,-0.5
Q5XCK7,random,allergenicity,hybrid_score,0.256
Q8P109,random,allergenicity,merci_score,0.5
Q8P109,random,allergenicity,blast_score,-0.5
Q8P109,random,allergenicity,hybrid_score,0.201
B5XKP9,random,allergenicity,merci_score,0.5
B5XKP9,random,allergenicity,blast_score,-0.5
B5XKP9,random,allergenicity,hybrid_score,0.067
Q8P0X5,random,allergenicity,merci_score,0.5
Q8P0X5,random,allergenicity,blast_score,0.0
Q8P0X5,random,allergenicity,hybrid_score,0.744
Q8P2A7,random,allergenicity,merci_score,0.0
Q8P2A7,random,allergenicity,blast_score,0.0
Q8P2A7,random,allergenicity,hybrid_score,0.386
Q1JKZ0,random,allergenicity,merci_score,0.5
Q1JKZ0,random,allergenicity,blast_score,-0.5
Q1JKZ0,random,allergenicity,hybrid_score,0.105
P0DC65,random,allergenicity,merci_score,0.0
P0DC65,random,allergenicity,blast_score,-0.5
P0DC65,random,allergenicity,hybrid_score,-0.194
Q5XA26,random,allergenicity,merci_score,0.0
Q5XA26,random,allergenicity,blast_score,-0.5
Q5XA26,random,allergenicity,hybrid_score,-0.426
A2RGF2,random,allergenicity,merci_score,0.0
A2RGF2,random,allergenicity,blast_score,0.0
A2RGF2,random,allergenicity,hybrid_score,0.373
P0DC12,random,allergenicity,merci_score,0.0
P0DC12,random,allergenicity,blast_score,0.0
P0DC12,random,allergenicity,hybrid_score,0.373
Q1JJZ6,random,allergenicity,merci_score,0.0
Q1JJZ6,random,allergenicity,blast_score,-0.5
Q1JJZ6,random,allergenicity,hybrid_score,0.115
P0DC23,random,allergenicity,merci_score,0.0
P0DC23,random,allergenicity,blast_score,-0.5
P0DC23,random,allergenicity,hybrid_score,-0.329
P0DD15,random,allergenicity,merci_score,0.0
P0DD15,random,allergenicity,blast_score,-0.5
P0DD15,random,allergenicity,hybrid_score,-0.211
A2RD01,random,allergenicity,merci_score,0.5
A2RD01,random,allergenicity,blast_score,-0.5
A2RD01,random,allergenicity,hybrid_score,0.135
A2RD12,random,allergenicity,merci_score,0.5
A2RD12,random,allergenicity,blast_score,-0.5
A2RD12,random,allergenicity,hybrid_score,0.378
Q5X9K2,random,allergenicity,merci_score,0.0
Q5X9K2,random,allergenicity,blast_score,-0.5
Q5X9K2,random,allergenicity,hybrid_score,-0.268
Q1JHA5,random,allergenicity,merci_score,0.0
Q1JHA5,random,allergenicity,blast_score,-0.5
Q1JHA5,random,allergenicity,hybrid_score,-0.198
B5XJ57,random,allergenicity,merci_score,0.0
B5XJ57,random,allergenicity,blast_score,-0.5
B5XJ57,random,allergenicity,hybrid_score,-0.354
A2RCI0,random,allergenicity,merci_score,0.0
A2RCI0,random,allergenicity,blast_score,-0.5
A2RCI0,random,allergenicity,hybrid_score,-0.334
Q1JDK8,random,allergenicity,merci_score,0.0
Q1JDK8,random,allergenicity,blast_score,-0.5
Q1JDK8,random,allergenicity,hybrid_score,-0.36
A2RG55,random,allergenicity,merci_score,0.0
A2RG55,random,allergenicity,blast_score,0.0
A2RG55,random,allergenicity,hybrid_score,0.16
P65783,random,allergenicity,merci_score,0.0
P65783,random,allergenicity,blast_score,-0.5
P65783,random,allergenicity,hybrid_score,-0.316
Q1JJ89,random,allergenicity,merci_score,0.0
Q1JJ89,random,allergenicity,blast_score,-0.5
Q1JJ89,random,allergenicity,hybrid_score,-0.4
Q1JJJ7,random,allergenicity,merci_score,0.0
Q1JJJ7,random,allergenicity,blast_score,-0.5
Q1JJJ7,random,allergenicity,hybrid_score,-0.268
P0CZ88,random,allergenicity,merci_score,0.0
P0CZ88,random,allergenicity,blast_score,-0.5
P0CZ88,random,allergenicity,hybrid_score,-0.383
A2RCY1,random,allergenicity,merci_score,0.0
A2RCY1,random,allergenicity,blast_score,-0.5
A2RCY1,random,allergenicity,hybrid_score,-0.467
Q5XCC0,random,allergenicity,merci_score,0.5
Q5XCC0,random,allergenicity,blast_score,-0.5
Q5XCC0,random,allergenicity,hybrid_score,0.097
Q5XD71,random,allergenicity,merci_score,0.0
Q5XD71,random,allergenicity,blast_score,0.0
Q5XD71,random,allergenicity,hybrid_score,0.038
B5XKQ2,random,allergenicity,merci_score,0.0
B5XKQ2,random,allergenicity,blast_score,-0.5
B5XKQ2,random,allergenicity,hybrid_score,-0.374
A2RDN0,random,allergenicity,merci_score,0.0
A2RDN0,random,allergenicity,blast_score,-0.5
A2RDN0,random,allergenicity,hybrid_score,-0.468
Q5XC82,random,allergenicity,merci_score,0.0
Q5XC82,random,allergenicity,blast_score,-0.5
Q5XC82,random,allergenicity,hybrid_score,-0.316
P0C0I6,random,allergenicity,merci_score,0.0
P0C0I6,random,allergenicity,blast_score,0.5
P0C0I6,random,allergenicity,hybrid_score,0.598
Q1JA49,random,allergenicity,merci_score,0.0
Q1JA49,random,allergenicity,blast_score,-0.5
Q1JA49,random,allergenicity,hybrid_score,-0.339
Q8P0G7,random,allergenicity,merci_score,0.0
Q8P0G7,random,allergenicity,blast_score,-0.5
Q8P0G7,random,allergenicity,hybrid_score,-0.409
P0DF10,random,allergenicity,merci_score,0.0
P0DF10,random,allergenicity,blast_score,-0.5
P0DF10,random,allergenicity,hybrid_score,-0.43
Q8NZY8,random,allergenicity,merci_score,0.0
Q8NZY8,random,allergenicity,blast_score,-0.5
Q8NZY8,random,allergenicity,hybrid_score,-0.194
P67372,random,allergenicity,merci_score,0.0
P67372,random,allergenicity,blast_score,-0.5
P67372,random,allergenicity,hybrid_score,-0.389
Q1J4K0,random,allergenicity,merci_score,0.5
Q1J4K0,random,allergenicity,blast_score,-0.5
Q1J4K0,random,allergenicity,hybrid_score,0.283
Q1JHF5,random,allergenicity,merci_score,0.5
Q1JHF5,random,allergenicity,blast_score,-0.5
Q1JHF5,random,allergenicity,hybrid_score,0.326
P0DD86,random,allergenicity,merci_score,0.0
P0DD86,random,allergenicity,blast_score,-0.5
P0DD86,random,allergenicity,hybrid_score,-0.4
Q1J8D8,random,allergenicity,merci_score,0.0
Q1J8D8,random,allergenicity,blast_score,-0.5
Q1J8D8,random,allergenicity,hybrid_score,-0.309
A2RCV8,random,allergenicity,merci_score,0.0
A2RCV8,random,allergenicity,blast_score,-0.5
A2RCV8,random,allergenicity,hybrid_score,-0.377
Q1JFM4,random,allergenicity,merci_score,0.5
Q1JFM4,random,allergenicity,blast_score,0.0
Q1JFM4,random,allergenicity,hybrid_score,0.651
B5XKU0,random,allergenicity,merci_score,0.0
B5XKU0,random,allergenicity,blast_score,0.0
B5XKU0,random,allergenicity,hybrid_score,0.133
Q1JDW9,random,allergenicity,merci_score,0.5
Q1JDW9,random,allergenicity,blast_score,-0.5
Q1JDW9,random,allergenicity,hybrid_score,0.039
Q8P1C8,random,allergenicity,merci_score,0.0
Q8P1C8,random,allergenicity,blast_score,-0.5
Q8P1C8,random,allergenicity,hybrid_score,-0.41
P60420,random,allergenicity,merci_score,0.0
P60420,random,allergenicity,blast_score,0.0
P60420,random,allergenicity,hybrid_score,0.133
Q1JKA0,random,allergenicity,merci_score,0.0
Q1JKA0,random,allergenicity,blast_score,-0.5
Q1JKA0,random,allergenicity,hybrid_score,-0.439
A2RF47,random,allergenicity,merci_score,0.5
A2RF47,random,allergenicity,blast_score,-0.5
A2RF47,random,allergenicity,hybrid_score,0.326
Q48TU0,random,allergenicity,merci_score,0.0
Q48TU0,random,allergenicity,blast_score,-0.5
Q48TU0,random,allergenicity,hybrid_score,-0.329
P0DA16,random,allergenicity,merci_score,0.0
P0DA16,random,allergenicity,blast_score,-0.5
P0DA16,random,allergenicity,hybrid_score,-0.093
Q48S05,random,allergenicity,merci_score,0.0
Q48S05,random,allergenicity,blast_score,-0.5
Q48S05,random,allergenicity,hybrid_score,-0.287
P0DC93,random,allergenicity,merci_score,0.0
P0DC93,random,allergenicity,blast_score,-0.5
P0DC93,random,allergenicity,hybrid_score,-0.289
Q1JBD1,random,allergenicity,merci_score,0.0
Q1JBD1,random,allergenicity,blast_score,0.0
Q1JBD1,random,allergenicity,hybrid_score,0.065
Q1J708,random,allergenicity,merci_score,0.0
Q1J708,random,allergenicity,blast_score,-0.5
Q1J708,random,allergenicity,hybrid_score,-0.416
P0DG47,random,allergenicity,merci_score,0.5
P0DG47,random,allergenicity,blast_score,-0.5
P0DG47,random,allergenicity,hybrid_score,0.129
Q1JLY8,random,allergenicity,merci_score,0.0
Q1JLY8,random,allergenicity,blast_score,-0.5
Q1JLY8,random,allergenicity,hybrid_score,-0.329
P0DC38,random,allergenicity,merci_score,0.0
P0DC38,random,allergenicity,blast_score,-0.5
P0DC38,random,allergenicity,hybrid_score,-0.169
P66852,random,allergenicity,merci_score,0.0
P66852,random,allergenicity,blast_score,-0.5
P66852,random,allergenicity,hybrid_score,-0.267
Q5X9I0,random,allergenicity,merci_score,0.5
Q5X9I0,random,allergenicity,blast_score,-0.5
Q5X9I0,random,allergenicity,hybrid_score,0.225
Q48V70,random,allergenicity,merci_score,0.5
Q48V70,random,allergenicity,blast_score,-0.5
Q48V70,random,allergenicity,hybrid_score,0.031
P69948,random,allergenicity,merci_score,0.0
P69948,random,allergenicity,blast_score,-0.5
P69948,random,allergenicity,hybrid_score,-0.386
Q8P003,random,allergenicity,merci_score,0.5
Q8P003,random,allergenicity,blast_score,-0.5
Q8P003,random,allergenicity,hybrid_score,0.223
Q1JE69,random,allergenicity,merci_score,0.0
Q1JE69,random,allergenicity,blast_score,0.0
Q1JE69,random,allergenicity,hybrid_score,0.067
Q48UD2,random,allergenicity,merci_score,0.0
Q48UD2,random,allergenicity,blast_score,-0.5
Q48UD2,random,allergenicity,hybrid_score,-0.374
P0DA37,random,allergenicity,merci_score,0.5
P0DA37,random,allergenicity,blast_score,-0.5
P0DA37,random,allergenicity,hybrid_score,0.131
Q48SL4,random,allergenicity,merci_score,0.5
Q48SL4,random,allergenicity,blast_score,-0.5
Q48SL4,random,allergenicity,hybrid_score,0.105
Q5XCS5,random,allergenicity,merci_score,0.0
Q5XCS5,random,allergenicity,blast_score,0.0
Q5XCS5,random,allergenicity,hybrid_score,0.219
P0DD83,random,allergenicity,merci_score,0.5
P0DD83,random,allergenicity,blast_score,-0.5
P0DD83,random,allergenicity,hybrid_score,0.225
Q1JID3,random,allergenicity,merci_score,0.0
Q1JID3,random,allergenicity,blast_score,0.0
Q1JID3,random,allergenicity,hybrid_score,0.133
Q5XDX3,random,allergenicity,merci_score,0.0
Q5XDX3,random,allergenicity,blast_score,-0.5
Q5XDX3,random,allergenicity,hybrid_score,-0.46
B5XK66,random,allergenicity,merci_score,0.0
B5XK66,random,allergenicity,blast_score,-0.5
B5XK66,random,allergenicity,hybrid_score,-0.169
Q1JFK0,random,allergenicity,merci_score,0.5
Q1JFK0,random,allergenicity,blast_score,0.5
Q1JFK0,random,allergenicity,hybrid_score,1.347
Q1J777,random,allergenicity,merci_score,0.0
Q1J777,random,allergenicity,blast_score,-0.5
Q1J777,random,allergenicity,hybrid_score,-0.408
P0DC10,random,allergenicity,merci_score,0.0
P0DC10,random,allergenicity,blast_score,-0.5
P0DC10,random,allergenicity,hybrid_score,0.115
Q5XAZ0,random,allergenicity,merci_score,0.0
Q5XAZ0,random,allergenicity,blast_score,-0.5
Q5XAZ0,random,allergenicity,hybrid_score,-0.463
P0DE90,random,allergenicity,merci_score,0.0
P0DE90,random,allergenicity,blast_score,-0.5
P0DE90,random,allergenicity,hybrid_score,-0.385
Q1J736,random,allergenicity,merci_score,0.0
Q1J736,random,allergenicity,blast_score,-0.5
Q1J736,random,allergenicity,hybrid_score,-0.234
B5XHV2,random,allergenicity,merci_score,0.0
B5XHV2,random,allergenicity,blast_score,-0.5
B5XHV2,random,allergenicity,hybrid_score,-0.389
Q5XA61,random,allergenicity,merci_score,0.0
Q5XA61,random,allergenicity,blast_score,-0.5
Q5XA61,random,allergenicity,hybrid_score,-0.412
P0DG67,random,allergenicity,merci_score,0.0
P0DG67,random,allergenicity,blast_score,-0.5
P0DG67,random,allergenicity,hybrid_score,-0.378
P0DB23,random,allergenicity,merci_score,0.5
P0DB23,random,allergenicity,blast_score,-0.5
P0DB23,random,allergenicity,hybrid_score,0.131
Q5XD18,random,allergenicity,merci_score,0.0
Q5XD18,random,allergenicity,blast_score,0.0
Q5XD18,random,allergenicity,hybrid_score,0.077
Q1J592,random,allergenicity,merci_score,0.0
Q1J592,random,allergenicity,blast_score,-0.5
Q1J592,random,allergenicity,hybrid_score,-0.373
Q1JD58,random,allergenicity,merci_score,0.0
Q1JD58,random,allergenicity,blast_score,-0.5
Q1JD58,random,allergenicity,hybrid_score,-0.339
Q5XCA4,random,allergenicity,merci_score,0.0
Q5XCA4,random,allergenicity,blast_score,-0.5
Q5XCA4,random,allergenicity,hybrid_score,-0.406
Q7CMS1,random,allergenicity,merci_score,0.5
Q7CMS1,random,allergenicity,blast_score,-0.5
Q7CMS1,random,allergenicity,hybrid_score,0.274
B5XMM1,random,allergenicity,merci_score,0.5
B5XMM1,random,allergenicity,blast_score,0.5
B5XMM1,random,allergenicity,hybrid_score,1.347
B5XM46,random,allergenicity,merci_score,0.0
B5XM46,random,allergenicity,blast_score,-0.5
B5XM46,random,allergenicity,hybrid_score,-0.2
Q9A0I1,random,allergenicity,merci_score,0.0
Q9A0I1,random,allergenicity,blast_score,-0.5
Q9A0I1,random,allergenicity,hybrid_score,-0.354
P67575,random,allergenicity,merci_score,0.0
P67575,random,allergenicity,blast_score,-0.5
P67575,random,allergenicity,hybrid_score,-0.318
Q5XDM4,random,allergenicity,merci_score,0.0
Q5XDM4,random,allergenicity,blast_score,-0.5
Q5XDM4,random,allergenicity,hybrid_score,-0.343
Q48VU3,random,allergenicity,merci_score,0.0
Q48VU3,random,allergenicity,blast_score,-0.5
Q48VU3,random,allergenicity,hybrid_score,-0.385
A2REG0,random,allergenicity,merci_score,0.5
A2REG0,random,allergenicity,blast_score,-0.5
A2REG0,random,allergenicity,hybrid_score,0.201
Q1JKD4,random,allergenicity,merci_score,0.0
Q1JKD4,random,allergenicity,blast_score,-0.5
Q1JKD4,random,allergenicity,hybrid_score,-0.434
Q1JB44,random,allergenicity,merci_score,0.0
Q1JB44,random,allergenicity,blast_score,-0.5
Q1JB44,random,allergenicity,hybrid_score,-0.386
A2RFS6,random,allergenicity,merci_score,0.0
A2RFS6,random,allergenicity,blast_score,0.0
A2RFS6,random,allergenicity,hybrid_score,0.038
Q9A1D5,random,allergenicity,merci_score,0.5
Q9A1D5,random,allergenicity,blast_score,-0.5
Q9A1D5,random,allergenicity,hybrid_score,0.031
Q5XEC0,random,allergenicity,merci_score,0.0
Q5XEC0,random,allergenicity,blast_score,0.0
Q5XEC0,random,allergenicity,hybrid_score,0.286
A2RF70,random,allergenicity,merci_score,0.0
A2RF70,random,allergenicity,blast_score,-0.5
A2RF70,random,allergenicity,hybrid_score,-0.11
Q5X9J1,random,allergenicity,merci_score,0.0
Q5X9J1,random,allergenicity,blast_score,-0.5
Q5X9J1,random,allergenicity,hybrid_score,-0.37
Q1JDD0,random,allergenicity,merci_score,0.0
Q1JDD0,random,allergenicity,blast_score,-0.5
Q1JDD0,random,allergenicity,hybrid_score,-0.447
Q48V44,random,allergenicity,merci_score,0.0
Q48V44,random,allergenicity,blast_score,-0.5
Q48V44,random,allergenicity,hybrid_score,-0.447
Q5X9I4,random,allergenicity,merci_score,0.0
Q5X9I4,random,allergenicity,blast_score,-0.5
Q5X9I4,random,allergenicity,hybrid_score,-0.229
Q48QT6,random,allergenicity,merci_score,0.0
Q48QT6,random,allergenicity,blast_score,-0.5
Q48QT6,random,allergenicity,hybrid_score,-0.459
Q1J8A8,random,allergenicity,merci_score,0.0
Q1J8A8,random,allergenicity,blast_score,-0.5
Q1J8A8,random,allergenicity,hybrid_score,-0.447
P0DG70,random,allergenicity,merci_score,0.0
P0DG70,random,allergenicity,blast_score,-0.5
P0DG70,random,allergenicity,hybrid_score,-0.116
P0CZ51,random,allergenicity,merci_score,0.0
P0CZ51,random,allergenicity,blast_score,-0.5
P0CZ51,random,allergenicity,hybrid_score,-0.339
Q99YG1,random,allergenicity,merci_score,0.5
Q99YG1,random,allergenicity,blast_score,-0.5
Q99YG1,random,allergenicity,hybrid_score,0.135
P66021,random,allergenicity,merci_score,0.0
P66021,random,allergenicity,blast_score,-0.5
P66021,random,allergenicity,hybrid_score,-0.163
Q8P1D1,random,allergenicity,merci_score,0.0
Q8P1D1,random,allergenicity,blast_score,-0.5
Q8P1D1,random,allergenicity,hybrid_score,-0.378
P0DE64,random,allergenicity,merci_score,0.0
P0DE64,random,allergenicity,blast_score,0.0
P0DE64,random,allergenicity,hybrid_score,0.185
Q1JN21,random,allergenicity,merci_score,0.5
Q1JN21,random,allergenicity,blast_score,-0.5
Q1JN21,random,allergenicity,hybrid_score,0.134
P0DE67,random,allergenicity,merci_score,0.0
P0DE67,random,allergenicity,blast_score,-0.5
P0DE67,random,allergenicity,hybrid_score,-0.334
Q1J7A2,random,allergenicity,merci_score,0.0
Q1J7A2,random,allergenicity,blast_score,-0.5
Q1J7A2,random,allergenicity,hybrid_score,-0.11
Q1JHP3,random,allergenicity,merci_score,0.0
Q1JHP3,random,allergenicity,blast_score,-0.5
Q1JHP3,random,allergenicity,hybrid_score,-0.422
P0DG00,random,allergenicity,merci_score,0.0
P0DG00,random,allergenicity,blast_score,-0.5
P0DG00,random,allergenicity,hybrid_score,-0.466
Q48VD6,random,allergenicity,merci_score,0.0
Q48VD6,random,allergenicity,blast_score,0.0
Q48VD6,random,allergenicity,hybrid_score,0.197
P69882,random,allergenicity,merci_score,0.0
P69882,random,allergenicity,blast_score,-0.5
P69882,random,allergenicity,hybrid_score,-0.354
Q1JDD0,random,allergenicity,merci_score,0.0
Q1JDD0,random,allergenicity,blast_score,-0.5
Q1JDD0,random,allergenicity,hybrid_score,-0.448
Q48V44,random,allergenicity,merci_score,0.0
Q48V44,random,allergenicity,blast_score,-0.5
Q48V44,random,allergenicity,hybrid_score,-0.448
Q1JB44,random,allergenicity,merci_score,0.0
Q1JB44,random,allergenicity,blast_score,-0.5
Q1JB44,random,allergenicity,hybrid_score,-0.393
A2RFS6,random,allergenicity,merci_score,0.0
A2RFS6,random,allergenicity,blast_score,0.0
A2RFS6,random,allergenicity,hybrid_score,0.038
Q1JKD4,random,allergenicity,merci_score,0.0
Q1JKD4,random,allergenicity,blast_score,-0.5
Q1JKD4,random,allergenicity,hybrid_score,-0.442
Q5XDM4,random,allergenicity,merci_score,0.0
Q5XDM4,random,allergenicity,blast_score,-0.5
Q5XDM4,random,allergenicity,hybrid_score,-0.339
Q48VU3,random,allergenicity,merci_score,0.0
Q48VU3,random,allergenicity,blast_score,-0.5
Q48VU3,random,allergenicity,hybrid_score,-0.385
A2REG0,random,allergenicity,merci_score,0.5
A2REG0,random,allergenicity,blast_score,-0.5
A2REG0,random,allergenicity,hybrid_score,0.207
P67255,random,allergenicity,merci_score,0.0
P67255,random,allergenicity,blast_score,-0.5
P67255,random,allergenicity,hybrid_score,-0.272
A2RD12,random,allergenicity,merci_score,0.5
A2RD12,random,allergenicity,blast_score,-0.5
A2RD12,random,allergenicity,hybrid_score,0.65
Q8NZY8,random,allergenicity,merci_score,0.0
Q8NZY8,random,allergenicity,blast_score,-0.5
Q8NZY8,random,allergenicity,hybrid_score,-0.203
P67372,random,allergenicity,merci_score,0.0
P67372,random,allergenicity,blast_score,-0.5
P67372,random,allergenicity,hybrid_score,-0.389
Q1JHA5,random,allergenicity,merci_score,0.0
Q1JHA5,random,allergenicity,blast_score,-0.5
Q1JHA5,random,allergenicity,hybrid_score,-0.221
B5XLM6,random,allergenicity,merci_score,0.0
B5XLM6,random,allergenicity,blast_score,0.0
B5XLM6,random,allergenicity,hybrid_score,0.238
P65522,random,allergenicity,merci_score,0.0
P65522,random,allergenicity,blast_score,0.0
P65522,random,allergenicity,hybrid_score,0.197
P66322,random,allergenicity,merci_score,0.0
P66322,random,allergenicity,blast_score,-0.5
P66322,random,allergenicity,hybrid_score,-0.094
Q1J6M7,random,allergenicity,merci_score,0.5
Q1J6M7,random,allergenicity,blast_score,-0.5
Q1J6M7,random,allergenicity,hybrid_score,0.405
Q5XDS5,random,allergenicity,merci_score,0.0
Q5XDS5,random,allergenicity,blast_score,-0.5
Q5XDS5,random,allergenicity,hybrid_score,-0.459
P67575,random,allergenicity,merci_score,0.0
P67575,random,allergenicity,blast_score,-0.5
P67575,random,allergenicity,hybrid_score,-0.319
Q1JFK8,random,allergenicity,merci_score,0.0
Q1JFK8,random,allergenicity,blast_score,-0.5
Q1JFK8,random,allergenicity,hybrid_score,-0.25
Q8NZZ1,random,allergenicity,merci_score,0.5
Q8NZZ1,random,allergenicity,blast_score,0.0
Q8NZZ1,random,allergenicity,hybrid_score,0.658
Q48V07,random,allergenicity,merci_score,0.0
Q48V07,random,allergenicity,blast_score,0.0
Q48V07,random,allergenicity,hybrid_score,0.139
B5XK66,random,allergenicity,merci_score,0.0
B5XK66,random,allergenicity,blast_score,-0.5
B5XK66,random,allergenicity,hybrid_score,-0.153
P0DC65,random,allergenicity,merci_score,0.0
P0DC65,random,allergenicity,blast_score,-0.5
P0DC65,random,allergenicity,hybrid_score,-0.203
Q5XA26,random,allergenicity,merci_score,0.0
Q5XA26,random,allergenicity,blast_score,-0.5
Q5XA26,random,allergenicity,hybrid_score,-0.432
Q9A1D5,random,allergenicity,merci_score,0.5
Q9A1D5,random,allergenicity,blast_score,-0.5
Q9A1D5,random,allergenicity,hybrid_score,0.037
P0DE67,random,allergenicity,merci_score,0.0
P0DE67,random,allergenicity,blast_score,-0.5
P0DE67,random,allergenicity,hybrid_score,-0.334
Q1J7A2,random,allergenicity,merci_score,0.0
Q1J7A2,random,allergenicity,blast_score,-0.5
Q1J7A2,random,allergenicity,hybrid_score,-0.11
Q1JHP3,random,allergenicity,merci_score,0.0
Q1JHP3,random,allergenicity,blast_score,-0.5
Q1JHP3,random,allergenicity,hybrid_score,-0.423
Q5XCK7,random,allergenicity,merci_score,0.5
Q5XCK7,random,allergenicity,blast_score,-0.5
Q5XCK7,random,allergenicity,hybrid_score,0.363
P0DB81,random,allergenicity,merci_score,0.0
P0DB81,random,allergenicity,blast_score,0.0
P0DB81,random,allergenicity,hybrid_score,0.162
Q5XAZ0,random,allergenicity,merci_score,0.0
Q5XAZ0,random,allergenicity,blast_score,-0.5
Q5XAZ0,random,allergenicity,hybrid_score,-0.463
P0DE90,random,allergenicity,merci_score,0.0
P0DE90,random,allergenicity,blast_score,-0.5
P0DE90,random,allergenicity,hybrid_score,-0.385
A2RF70,random,allergenicity,merci_score,0.0
A2RF70,random,allergenicity,blast_score,-0.5
A2RF70,random,allergenicity,hybrid_score,-0.11
Q5X9J1,random,allergenicity,merci_score,0.0
Q5X9J1,random,allergenicity,blast_score,-0.5
Q5X9J1,random,allergenicity,hybrid_score,-0.362
Q8P003,random,allergenicity,merci_score,0.5
Q8P003,random,allergenicity,blast_score,-0.5
Q8P003,random,allergenicity,hybrid_score,0.234
P0DG67,random,allergenicity,merci_score,0.0
P0DG67,random,allergenicity,blast_score,-0.5
P0DG67,random,allergenicity,hybrid_score,-0.391
B5XMF0,random,allergenicity,merci_score,0.0
B5XMF0,random,allergenicity,blast_score,-0.5
B5XMF0,random,allergenicity,hybrid_score,-0.408
Q8NZG7,random,allergenicity,merci_score,0.0
Q8NZG7,random,allergenicity,blast_score,-0.5
Q8NZG7,random,allergenicity,hybrid_score,-0.432
Q5XC82,random,allergenicity,merci_score,0.0
Q5XC82,random,allergenicity,blast_score,-0.5
Q5XC82,random,allergenicity,hybrid_score,-0.331
Q9A206,random,allergenicity,merci_score,0.0
Q9A206,random,allergenicity,blast_score,-0.5
Q9A206,random,allergenicity,hybrid_score,-0.18
P0DD80,random,allergenicity,merci_score,0.0
P0DD80,random,allergenicity,blast_score,-0.5
P0DD80,random,allergenicity,hybrid_score,-0.375
Q1JE33,random,allergenicity,merci_score,0.0
Q1JE33,random,allergenicity,blast_score,-0.5
Q1JE33,random,allergenicity,hybrid_score,-0.374
P0DG47,random,allergenicity,merci_score,0.5
P0DG47,random,allergenicity,blast_score,-0.5
P0DG47,random,allergenicity,hybrid_score,0.13
B5XKQ2,random,allergenicity,merci_score,0.0
B5XKQ2,random,allergenicity,blast_score,-0.5
B5XKQ2,random,allergenicity,hybrid_score,-0.374
A2RDN0,random,allergenicity,merci_score,0.0
A2RDN0,random,allergenicity,blast_score,-0.5
A2RDN0,random,allergenicity,hybrid_score,-0.465
P0DF45,random,allergenicity,merci_score,0.0
P0DF45,random,allergenicity,blast_score,-0.5
P0DF45,random,allergenicity,hybrid_score,-0.307
A2RGF2,random,allergenicity,merci_score,0.0
A2RGF2,random,allergenicity,blast_score,0.0
A2RGF2,random,allergenicity,hybrid_score,0.384
Q48QT6,random,allergenicity,merci_score,0.0
Q48QT6,random,allergenicity,blast_score,-0.5
Q48QT6,random,allergenicity,hybrid_score,-0.458
Q1J592,random,allergenicity,merci_score,0.0
Q1J592,random,allergenicity,blast_score,-0.5
Q1J592,random,allergenicity,hybrid_score,-0.362
Q1J736,random,allergenicity,merci_score,0.0
Q1J736,random,allergenicity,blast_score,-0.5
Q1J736,random,allergenicity,hybrid_score,-0.246
Q48VY9,random,allergenicity,merci_score,0.0
Q48VY9,random,allergenicity,blast_score,0.0
Q48VY9,random,allergenicity,hybrid_score,0.302
P0DD86,random,allergenicity,merci_score,0.0
P0DD86,random,allergenicity,blast_score,-0.5
P0DD86,random,allergenicity,hybrid_score,-0.4
Q1JBD1,random,allergenicity,merci_score,0.0
Q1JBD1,random,allergenicity,blast_score,0.0
Q1JBD1,random,allergenicity,hybrid_score,0.064
P0DG83,random,allergenicity,merci_score,0.5
P0DG83,random,allergenicity,blast_score,0.0
P0DG83,random,allergenicity,hybrid_score,0.956
P0DB00,random,allergenicity,merci_score,0.5
P0DB00,random,allergenicity,blast_score,-0.5
P0DB00,random,allergenicity,hybrid_score,0.097
A2RG72,random,allergenicity,merci_score,0.0
A2RG72,random,allergenicity,blast_score,-0.5
A2RG72,random,allergenicity,hybrid_score,-0.339
B5XJ57,random,allergenicity,merci_score,0.0
B5XJ57,random,allergenicity,blast_score,-0.5
B5XJ57,random,allergenicity,hybrid_score,-0.354
P0DE91,random,allergenicity,merci_score,0.0
P0DE91,random,allergenicity,blast_score,-0.5
P0DE91,random,allergenicity,hybrid_score,-0.385
Q5XAY0,random,allergenicity,merci_score,0.0
Q5XAY0,random,allergenicity,blast_score,-0.5
Q5XAY0,random,allergenicity,hybrid_score,-0.439
Q48VX9,random,allergenicity,merci_score,0.0
Q48VX9,random,allergenicity,blast_score,-0.5
Q48VX9,random,allergenicity,hybrid_score,-0.4
Q1J4K0,random,allergenicity,merci_score,0.5
Q1J4K0,random,allergenicity,blast_score,-0.5
Q1J4K0,random,allergenicity,hybrid_score,0.278
Q8P0G7,random,allergenicity,merci_score,0.0
Q8P0G7,random,allergenicity,blast_score,-0.5
Q8P0G7,random,allergenicity,hybrid_score,-0.409
P63548,random,allergenicity,merci_score,0.0
P63548,random,allergenicity,blast_score,-0.5
P63548,random,allergenicity,hybrid_score,-0.312
Q8P0Y8,random,allergenicity,merci_score,0.0
Q8P0Y8,random,allergenicity,blast_score,-0.5
Q8P0Y8,random,allergenicity,hybrid_score,-0.423
Q99Y13,random,allergenicity,merci_score,0.0
Q99Y13,random,allergenicity,blast_score,-0.5
Q99Y13,random,allergenicity,hybrid_score,0.061
P0DE54,random,allergenicity,merci_score,0.0
P0DE54,random,allergenicity,blast_score,-0.5
P0DE54,random,allergenicity,hybrid_score,-0.278
Q8P1F2,random,allergenicity,merci_score,0.5
Q8P1F2,random,allergenicity,blast_score,-0.5
Q8P1F2,random,allergenicity,hybrid_score,0.316
Q8P1D1,random,allergenicity,merci_score,0.0
Q8P1D1,random,allergenicity,blast_score,-0.5
Q8P1D1,random,allergenicity,hybrid_score,-0.391
P0DE64,random,allergenicity,merci_score,0.0
P0DE64,random,allergenicity,blast_score,0.0
P0DE64,random,allergenicity,hybrid_score,0.185
Q1JN21,random,allergenicity,merci_score,0.5
Q1JN21,random,allergenicity,blast_score,-0.5
Q1JN21,random,allergenicity,hybrid_score,0.134
Q5XD71,random,allergenicity,merci_score,0.0
Q5XD71,random,allergenicity,blast_score,0.0
Q5XD71,random,allergenicity,hybrid_score,0.038
P60452,random,allergenicity,merci_score,0.0
P60452,random,allergenicity,blast_score,0.0
P60452,random,allergenicity,hybrid_score,0.246
P0DC28,random,allergenicity,merci_score,0.0
P0DC28,random,allergenicity,blast_score,0.0
P0DC28,random,allergenicity,hybrid_score,0.052
Q1JE69,random,allergenicity,merci_score,0.0
Q1JE69,random,allergenicity,blast_score,0.0
Q1JE69,random,allergenicity,hybrid_score,0.067
A2RCV8,random,allergenicity,merci_score,0.0
A2RCV8,random,allergenicity,blast_score,-0.5
A2RCV8,random,allergenicity,hybrid_score,-0.373
Q1JK54,random,allergenicity,merci_score,0.5
Q1JK54,random,allergenicity,blast_score,0.0
Q1JK54,random,allergenicity,hybrid_score,0.545
P0DB58,random,allergenicity,merci_score,0.5
P0DB58,random,allergenicity,blast_score,-0.5
P0DB58,random,allergenicity,hybrid_score,0.215
A2RGJ5,random,allergenicity,merci_score,0.0
A2RGJ5,random,allergenicity,blast_score,0.0
A2RGJ5,random,allergenicity,hybrid_score,0.266
P60420,random,allergenicity,merci_score,0.0
P60420,random,allergenicity,blast_score,0.0
P60420,random,allergenicity,hybrid_score,0.149
Q1JKA0,random,allergenicity,merci_score,0.0
Q1JKA0,random,allergenicity,blast_score,-0.5
Q1JKA0,random,allergenicity,hybrid_score,-0.434
A2RCY1,random,allergenicity,merci_score,0.0
A2RCY1,random,allergenicity,blast_score,-0.5
A2RCY1,random,allergenicity,hybrid_score,-0.474
Q5XCC0,random,allergenicity,merci_score,0.5
Q5XCC0,random,allergenicity,blast_score,-0.5
Q5XCC0,random,allergenicity,hybrid_score,0.123
B5XKU0,random,allergenicity,merci_score,0.0
B5XKU0,random,allergenicity,blast_score,0.0
B5XKU0,random,allergenicity,hybrid_score,0.133
Q1JDW9,random,allergenicity,merci_score,0.5
Q1JDW9,random,allergenicity,blast_score,-0.5
Q1JDW9,random,allergenicity,hybrid_score,0.034
Q9A0I1,random,allergenicity,merci_score,0.0
Q9A0I1,random,allergenicity,blast_score,-0.5
Q9A0I1,random,allergenicity,hybrid_score,-0.351
Q48VD6,random,allergenicity,merci_score,0.0
Q48VD6,random,allergenicity,blast_score,0.0
Q48VD6,random,allergenicity,hybrid_score,0.197
P0C0H6,random,allergenicity,merci_score,0.5
P0C0H6,random,allergenicity,blast_score,-0.5
P0C0H6,random,allergenicity,hybrid_score,0.126
P0DG49,random,allergenicity,merci_score,0.5
P0DG49,random,allergenicity,blast_score,-0.5
P0DG49,random,allergenicity,hybrid_score,0.12
Q1J6Q6,random,allergenicity,merci_score,0.0
Q1J6Q6,random,allergenicity,blast_score,-0.5
Q1J6Q6,random,allergenicity,hybrid_score,-0.408
P0DB44,random,allergenicity,merci_score,0.0
P0DB44,random,allergenicity,blast_score,0.0
P0DB44,random,allergenicity,hybrid_score,0.209
Q1J8Y8,random,allergenicity,merci_score,0.0
Q1J8Y8,random,allergenicity,blast_score,0.0
Q1J8Y8,random,allergenicity,hybrid_score,0.185
Q48RU8,random,allergenicity,merci_score,0.5
Q48RU8,random,allergenicity,blast_score,-0.5
Q48RU8,random,allergenicity,hybrid_score,0.138
Q7CMS1,random,allergenicity,merci_score,0.5
Q7CMS1,random,allergenicity,blast_score,-0.5
Q7CMS1,random,allergenicity,hybrid_score,0.274
Q99ZV8,random,allergenicity,merci_score,0.0
Q99ZV8,random,allergenicity,blast_score,-0.5
Q99ZV8,random,allergenicity,hybrid_score,-0.329
B5XK49,random,allergenicity,merci_score,0.5
B5XK49,random,allergenicity,blast_score,-0.5
B5XK49,random,allergenicity,hybrid_score,0.343
P0CZ71,random,allergenicity,merci_score,0.0
P0CZ71,random,allergenicity,blast_score,-0.5
P0CZ71,random,allergenicity,hybrid_score,-0.409
P65245,random,allergenicity,merci_score,0.0
P65245,random,allergenicity,blast_score,-0.5
P65245,random,allergenicity,hybrid_score,-0.445
P0CZ88,random,allergenicity,merci_score,0.0
P0CZ88,random,allergenicity,blast_score,-0.5
P0CZ88,random,allergenicity,hybrid_score,-0.38
P0DD83,random,allergenicity,merci_score,0.5
P0DD83,random,allergenicity,blast_score,-0.5
P0DD83,random,allergenicity,hybrid_score,0.21
Q1JLY8,random,allergenicity,merci_score,0.0
Q1JLY8,random,allergenicity,blast_score,-0.5
Q1JLY8,random,allergenicity,hybrid_score,-0.329
Q1JP12,random,allergenicity,merci_score,0.0
Q1JP12,random,allergenicity,blast_score,-0.5
Q1JP12,random,allergenicity,hybrid_score,-0.355
Q1J8D8,random,allergenicity,merci_score,0.0
Q1J8D8,random,allergenicity,blast_score,-0.5
Q1J8D8,random,allergenicity,hybrid_score,-0.307
Q1JHF5,random,allergenicity,merci_score,0.5
Q1JHF5,random,allergenicity,blast_score,-0.5
Q1JHF5,random,allergenicity,hybrid_score,0.316
A2RF47,random,allergenicity,merci_score,0.5
A2RF47,random,allergenicity,blast_score,-0.5
A2RF47,random,allergenicity,hybrid_score,0.316
Q1J708,random,allergenicity,merci_score,0.0
Q1J708,random,allergenicity,blast_score,-0.5
Q1J708,random,allergenicity,hybrid_score,-0.43
Q1JID3,random,allergenicity,merci_score,0.0
Q1JID3,random,allergenicity,blast_score,0.0
Q1JID3,random,allergenicity,hybrid_score,0.149
P0DC38,random,allergenicity,merci_score,0.0
P0DC38,random,allergenicity,blast_score,-0.5
P0DC38,random,allergenicity,hybrid_score,-0.153
Q5XCB7,random,allergenicity,merci_score,0.0
Q5XCB7,random,allergenicity,blast_score,-0.5
Q5XCB7,random,allergenicity,hybrid_score,-0.385
P0DB23,random,allergenicity,merci_score,0.5
P0DB23,random,allergenicity,blast_score,-0.5
P0DB23,random,allergenicity,hybrid_score,0.142
Q5X9I0,random,allergenicity,merci_score,0.5
Q5X9I0,random,allergenicity,blast_score,-0.5
Q5X9I0,random,allergenicity,hybrid_score,0.21
Q8NZ20,random,allergenicity,merci_score,0.0
Q8NZ20,random,allergenicity,blast_score,-0.5
Q8NZ20,random,allergenicity,hybrid_score,-0.481
Q48SZ3,random,allergenicity,merci_score,0.0
Q48SZ3,random,allergenicity,blast_score,-0.5
Q48SZ3,random,allergenicity,hybrid_score,-0.225
P0C0I6,random,allergenicity,merci_score,0.0
P0C0I6,random,allergenicity,blast_score,0.5
P0C0I6,random,allergenicity,hybrid_score,0.793
Q1JA49,random,allergenicity,merci_score,0.0
Q1JA49,random,allergenicity,blast_score,-0.5
Q1JA49,random,allergenicity,hybrid_score,-0.321
P0DD15,random,allergenicity,merci_score,0.0
P0DD15,random,allergenicity,blast_score,-0.5
P0DD15,random,allergenicity,hybrid_score,-0.211
Q1JJ57,random,allergenicity,merci_score,0.0
Q1JJ57,random,allergenicity,blast_score,-0.5
Q1JJ57,random,allergenicity,hybrid_score,-0.355
Q99ZU3,random,allergenicity,merci_score,0.5
Q99ZU3,random,allergenicity,blast_score,-0.5
Q99ZU3,random,allergenicity,hybrid_score,0.123
Q1JFK0,random,allergenicity,merci_score,0.5
Q1JFK0,random,allergenicity,blast_score,0.5
Q1JFK0,random,allergenicity,hybrid_score,1.347
Q1J777,random,allergenicity,merci_score,0.0
Q1J777,random,allergenicity,blast_score,-0.5
Q1J777,random,allergenicity,hybrid_score,-0.408
Q48TU0,random,allergenicity,merci_score,0.0
Q48TU0,random,allergenicity,blast_score,-0.5
Q48TU0,random,allergenicity,hybrid_score,-0.329
Q48UD2,random,allergenicity,merci_score,0.0
Q48UD2,random,allergenicity,blast_score,-0.5
Q48UD2,random,allergenicity,hybrid_score,-0.374
P65783,random,allergenicity,merci_score,0.0
P65783,random,allergenicity,blast_score,-0.5
P65783,random,allergenicity,hybrid_score,-0.331
Q1JJ89,random,allergenicity,merci_score,0.0
Q1JJ89,random,allergenicity,blast_score,-0.5
Q1JJ89,random,allergenicity,hybrid_score,-0.4
P0DG70,random,allergenicity,merci_score,0.0
P0DG70,random,allergenicity,blast_score,-0.5
P0DG70,random,allergenicity,hybrid_score,-0.116
P0CZ51,random,allergenicity,merci_score,0.0
P0CZ51,random,allergenicity,blast_score,-0.5
P0CZ51,random,allergenicity,hybrid_score,-0.321
B5XM46,random,allergenicity,merci_score,0.0
B5XM46,random,allergenicity,blast_score,-0.5
B5XM46,random,allergenicity,hybrid_score,-0.2
Q9A1F2,random,allergenicity,merci_score,0.5
Q9A1F2,random,allergenicity,blast_score,-0.5
Q9A1F2,random,allergenicity,hybrid_score,0.114
A2RD32,random,allergenicity,merci_score,0.5
A2RD32,random,allergenicity,blast_score,0.5
A2RD32,random,allergenicity,hybrid_score,1.347
Q1J776,random,allergenicity,merci_score,0.5
Q1J776,random,allergenicity,blast_score,-0.5
Q1J776,random,allergenicity,hybrid_score,0.316
A2RD01,random,allergenicity,merci_score,0.5
A2RD01,random,allergenicity,blast_score,-0.5
A2RD01,random,allergenicity,hybrid_score,0.138
B5XMM1,random,allergenicity,merci_score,0.5
B5XMM1,random,allergenicity,blast_score,0.5
B5XMM1,random,allergenicity,hybrid_score,1.347
P69948,random,allergenicity,merci_score,0.0
P69948,random,allergenicity,blast_score,-0.5
P69948,random,allergenicity,hybrid_score,-0.386
Q1J6I6,random,allergenicity,merci_score,0.0
Q1J6I6,random,allergenicity,blast_score,0.0
Q1J6I6,random,allergenicity,hybrid_score,0.154
Q1J492,random,allergenicity,merci_score,0.0
Q1J492,random,allergenicity,blast_score,-0.5
Q1J492,random,allergenicity,hybrid_score,-0.183
B5XHV2,random,allergenicity,merci_score,0.0
B5XHV2,random,allergenicity,blast_score,-0.5
B5XHV2,random,allergenicity,hybrid_score,-0.364
Q5XA61,random,allergenicity,merci_score,0.0
Q5XA61,random,allergenicity,blast_score,-0.5
Q5XA61,random,allergenicity,hybrid_score,-0.412
Q99YG1,random,allergenicity,merci_score,0.5
Q99YG1,random,allergenicity,blast_score,-0.5
Q99YG1,random,allergenicity,hybrid_score,0.138
Q8P1C8,random,allergenicity,merci_score,0.0
Q8P1C8,random,allergenicity,blast_score,-0.5
Q8P1C8,random,allergenicity,hybrid_score,-0.397
Q5XCA4,random,allergenicity,merci_score,0.0
Q5XCA4,random,allergenicity,blast_score,-0.5
Q5XCA4,random,allergenicity,hybrid_score,-0.408
B5XK72,random,allergenicity,merci_score,0.0
B5XK72,random,allergenicity,blast_score,-0.5
B5XK72,random,allergenicity,hybrid_score,-0.211
P64065,random,allergenicity,merci_score,0.5
P64065,random,allergenicity,blast_score,-0.5
P64065,random,allergenicity,hybrid_score,0.104
Q5X9I4,random,allergenicity,merci_score,0.0
Q5X9I4,random,allergenicity,blast_score,-0.5
Q5X9I4,random,allergenicity,hybrid_score,-0.229
Q1JGR7,random,allergenicity,merci_score,0.0
Q1JGR7,random,allergenicity,blast_score,0.0
Q1JGR7,random,allergenicity,hybrid_score,0.154
Q8P0H4,random,allergenicity,merci_score,0.0
Q8P0H4,random,allergenicity,blast_score,-0.5
Q8P0H4,random,allergenicity,hybrid_score,-0.272
Q48RY7,random,allergenicity,merci_score,0.5
Q48RY7,random,allergenicity,blast_score,0.0
Q48RY7,random,allergenicity,hybrid_score,0.564
Q5XD18,random,allergenicity,merci_score,0.0
Q5XD18,random,allergenicity,blast_score,0.0
Q5XD18,random,allergenicity,hybrid_score,0.077
Q5X9K2,random,allergenicity,merci_score,0.0
Q5X9K2,random,allergenicity,blast_score,-0.5
Q5X9K2,random,allergenicity,hybrid_score,-0.236
Q1J6G8,random,allergenicity,merci_score,0.0
Q1J6G8,random,allergenicity,blast_score,-0.5
Q1J6G8,random,allergenicity,hybrid_score,-0.272
Q5XEK9,random,allergenicity,merci_score,0.0
Q5XEK9,random,allergenicity,blast_score,-0.5
Q5XEK9,random,allergenicity,hybrid_score,-0.4
P0DG17,random,allergenicity,merci_score,0.0
P0DG17,random,allergenicity,blast_score,-0.5
P0DG17,random,allergenicity,hybrid_score,-0.224
Q8P2A7,random,allergenicity,merci_score,0.0
Q8P2A7,random,allergenicity,blast_score,0.0
Q8P2A7,random,allergenicity,hybrid_score,0.386
Q1JKZ0,random,allergenicity,merci_score,0.5
Q1JKZ0,random,allergenicity,blast_score,-0.5
Q1JKZ0,random,allergenicity,hybrid_score,0.105
Q1JJJ7,random,allergenicity,merci_score,0.0
Q1JJJ7,random,allergenicity,blast_score,-0.5
Q1JJJ7,random,allergenicity,hybrid_score,-0.236
P0DC12,random,allergenicity,merci_score,0.0
P0DC12,random,allergenicity,blast_score,0.0
P0DC12,random,allergenicity,hybrid_score,0.384
Q1JD58,random,allergenicity,merci_score,0.0
Q1JD58,random,allergenicity,blast_score,-0.5
Q1JD58,random,allergenicity,hybrid_score,-0.344
P0DG78,random,allergenicity,merci_score,0.0
P0DG78,random,allergenicity,blast_score,0.0
P0DG78,random,allergenicity,hybrid_score,0.077
Q48S05,random,allergenicity,merci_score,0.0
Q48S05,random,allergenicity,blast_score,-0.5
Q48S05,random,allergenicity,hybrid_score,-0.287
P0DG21,random,allergenicity,merci_score,0.0
P0DG21,random,allergenicity,blast_score,-0.5
P0DG21,random,allergenicity,hybrid_score,-0.385
P0DF10,random,allergenicity,merci_score,0.0
P0DF10,random,allergenicity,blast_score,-0.5
P0DF10,random,allergenicity,hybrid_score,-0.412
B5XL39,random,allergenicity,merci_score,0.0
B5XL39,random,allergenicity,blast_score,-0.5
B5XL39,random,allergenicity,hybrid_score,-0.312
Q8P109,random,allergenicity,merci_score,0.5
Q8P109,random,allergenicity,blast_score,-0.5
Q8P109,random,allergenicity,hybrid_score,0.207
Q1JJZ6,random,allergenicity,merci_score,0.0
Q1JJZ6,random,allergenicity,blast_score,-0.5
Q1JJZ6,random,allergenicity,hybrid_score,0.061
P0DC23,random,allergenicity,merci_score,0.0
P0DC23,random,allergenicity,blast_score,-0.5
P0DC23,random,allergenicity,hybrid_score,-0.329
A2RCI0,random,allergenicity,merci_score,0.0
A2RCI0,random,allergenicity,blast_score,-0.5
A2RCI0,random,allergenicity,hybrid_score,-0.334
P66852,random,allergenicity,merci_score,0.0
P66852,random,allergenicity,blast_score,-0.5
P66852,random,allergenicity,hybrid_score,-0.267
Q1JDK8,random,allergenicity,merci_score,0.0
Q1JDK8,random,allergenicity,blast_score,-0.5
Q1JDK8,random,allergenicity,hybrid_score,-0.36
Q5XEC0,random,allergenicity,merci_score,0.0
Q5XEC0,random,allergenicity,blast_score,0.0
Q5XEC0,random,allergenicity,hybrid_score,0.286
A2RG55,random,allergenicity,merci_score,0.0
A2RG55,random,allergenicity,blast_score,0.0
A2RG55,random,allergenicity,hybrid_score,0.139
P0DG00,random,allergenicity,merci_score,0.0
P0DG00,random,allergenicity,blast_score,-0.5
P0DG00,random,allergenicity,hybrid_score,-0.465
Q48UD0,random,allergenicity,merci_score,0.0
Q48UD0,random,allergenicity,blast_score,-0.5
Q48UD0,random,allergenicity,hybrid_score,-0.43
P0DF23,random,allergenicity,merci_score,0.0
P0DF23,random,allergenicity,blast_score,-0.5
P0DF23,random,allergenicity,hybrid_score,-0.386
Q5XDX3,random,allergenicity,merci_score,0.0
Q5XDX3,random,allergenicity,blast_score,-0.5
Q5XDX3,random,allergenicity,hybrid_score,-0.46
Q1JIB1,random,allergenicity,merci_score,0.0
Q1JIB1,random,allergenicity,blast_score,0.0
Q1JIB1,random,allergenicity,hybrid_score,0.139
B5XJ51,random,allergenicity,merci_score,0.0
B5XJ51,random,allergenicity,blast_score,0.0
B5XJ51,random,allergenicity,hybrid_score,0.286
Q1J7G2,random,allergenicity,merci_score,0.0
Q1J7G2,random,allergenicity,blast_score,-0.5
Q1J7G2,random,allergenicity,hybrid_score,-0.408
P0DA05,random,allergenicity,merci_score,0.5
P0DA05,random,allergenicity,blast_score,-0.5
P0DA05,random,allergenicity,hybrid_score,0.088
Q99Y58,random,allergenicity,merci_score,0.5
Q99Y58,random,allergenicity,blast_score,0.0
Q99Y58,random,allergenicity,hybrid_score,0.545
P0DC93,random,allergenicity,merci_score,0.0
P0DC93,random,allergenicity,blast_score,-0.5
P0DC93,random,allergenicity,hybrid_score,-0.288
Q5XCB9,random,allergenicity,merci_score,0.5
Q5XCB9,random,allergenicity,blast_score,-0.5
Q5XCB9,random,allergenicity,hybrid_score,0.116
Q1JKN7,random,allergenicity,merci_score,0.5
Q1JKN7,random,allergenicity,blast_score,0.0
Q1JKN7,random,allergenicity,hybrid_score,0.619
P66021,random,allergenicity,merci_score,0.0
P66021,random,allergenicity,blast_score,-0.5
P66021,random,allergenicity,hybrid_score,-0.177
P0DC10,random,allergenicity,merci_score,0.0
P0DC10,random,allergenicity,blast_score,-0.5
P0DC10,random,allergenicity,hybrid_score,0.061
Q48V70,random,allergenicity,merci_score,0.5
Q48V70,random,allergenicity,blast_score,-0.5
Q48V70,random,allergenicity,hybrid_score,0.037
Q1JFM4,random,allergenicity,merci_score,0.5
Q1JFM4,random,allergenicity,blast_score,0.0
Q1JFM4,random,allergenicity,hybrid_score,0.658
B5XKP9,random,allergenicity,merci_score,0.5
B5XKP9,random,allergenicity,blast_score,-0.5
B5XKP9,random,allergenicity,hybrid_score,0.067
Q8P0X5,random,allergenicity,merci_score,0.5
Q8P0X5,random,allergenicity,blast_score,0.0
Q8P0X5,random,allergenicity,hybrid_score,0.743
Q1J8A8,random,allergenicity,merci_score,0.0
Q1J8A8,random,allergenicity,blast_score,-0.5
Q1J8A8,random,allergenicity,hybrid_score,-0.448
A2RFZ5,random,allergenicity,merci_score,0.0
A2RFZ5,random,allergenicity,blast_score,0.0
A2RFZ5,random,allergenicity,hybrid_score,0.243
P0DA37,random,allergenicity,merci_score,0.0
P0DA37,random,allergenicity,blast_score,-0.5
P0DA37,random,allergenicity,hybrid_score,-0.354
P0DE27,random,allergenicity,merci_score,0.5
P0DE27,random,allergenicity,blast_score,-0.5
P0DE27,random,allergenicity,hybrid_score,0.399
Q48U40,random,allergenicity,merci_score,0.5
Q48U40,random,allergenicity,blast_score,-0.5
Q48U40,random,allergenicity,hybrid_score,0.033
P0DA16,random,allergenicity,merci_score,0.0
P0DA16,random,allergenicity,blast_score,-0.5
P0DA16,random,allergenicity,hybrid_score,-0.093
Q48SL4,random,allergenicity,merci_score,0.5
Q48SL4,random,allergenicity,blast_score,-0.5
Q48SL4,random,allergenicity,hybrid_score,0.105
Q5XCS5,random,allergenicity,merci_score,0.0
Q5XCS5,random,allergenicity,blast_score,0.0
Q5XCS5,random,allergenicity,hybrid_score,0.219
Q1JKN7,random,allergenicity,merci_score,0.5
Q1JKN7,random,allergenicity,blast_score,0.0
Q1JKN7,random,allergenicity,hybrid_score,0.617
Q9A1D5,random,allergenicity,merci_score,0.5
Q9A1D5,random,allergenicity,blast_score,-0.5
Q9A1D5,random,allergenicity,hybrid_score,0.031
Q9A206,random,allergenicity,merci_score,0.0
Q9A206,random,allergenicity,blast_score,-0.5
Q9A206,random,allergenicity,hybrid_score,-0.175
P0DC93,random,allergenicity,merci_score,0.0
P0DC93,random,allergenicity,blast_score,-0.5
P0DC93,random,allergenicity,hybrid_score,-0.294
P66021,random,allergenicity,merci_score,0.0
P66021,random,allergenicity,blast_score,-0.5
P66021,random,allergenicity,hybrid_score,-0.163
P0DC65,random,allergenicity,merci_score,0.0
P0DC65,random,allergenicity,blast_score,-0.5
P0DC65,random,allergenicity,hybrid_score,-0.198
Q5XA26,random,allergenicity,merci_score,0.0
Q5XA26,random,allergenicity,blast_score,-0.5
Q5XA26,random,allergenicity,hybrid_score,-0.432
A2RGF2,random,allergenicity,merci_score,0.0
A2RGF2,random,allergenicity,blast_score,0.0
A2RGF2,random,allergenicity,hybrid_score,0.372
Q48VY9,random,allergenicity,merci_score,0.0
Q48VY9,random,allergenicity,blast_score,0.0
Q48VY9,random,allergenicity,hybrid_score,0.302
P0DD86,random,allergenicity,merci_score,0.0
P0DD86,random,allergenicity,blast_score,-0.5
P0DD86,random,allergenicity,hybrid_score,-0.4
Q5XDX3,random,allergenicity,merci_score,0.0
Q5XDX3,random,allergenicity,blast_score,-0.5
Q5XDX3,random,allergenicity,hybrid_score,-0.46
Q1JIB1,random,allergenicity,merci_score,0.0
Q1JIB1,random,allergenicity,blast_score,0.0
Q1JIB1,random,allergenicity,hybrid_score,0.319
B5XJ51,random,allergenicity,merci_score,0.0
B5XJ51,random,allergenicity,blast_score,0.0
B5XJ51,random,allergenicity,hybrid_score,0.286
P0DF10,random,allergenicity,merci_score,0.0
P0DF10,random,allergenicity,blast_score,-0.5
P0DF10,random,allergenicity,hybrid_score,-0.412
B5XL39,random,allergenicity,merci_score,0.0
B5XL39,random,allergenicity,blast_score,-0.5
B5XL39,random,allergenicity,hybrid_score,-0.312
Q1J8D8,random,allergenicity,merci_score,0.0
Q1J8D8,random,allergenicity,blast_score,-0.5
Q1J8D8,random,allergenicity,hybrid_score,-0.294
Q1JBD1,random,allergenicity,merci_score,0.0
Q1JBD1,random,allergenicity,blast_score,0.0
Q1JBD1,random,allergenicity,hybrid_score,0.066
Q1JFK8,random,allergenicity,merci_score,0.0
Q1JFK8,random,allergenicity,blast_score,-0.5
Q1JFK8,random,allergenicity,hybrid_score,-0.319
B5XMF0,random,allergenicity,merci_score,0.0
B5XMF0,random,allergenicity,blast_score,-0.5
B5XMF0,random,allergenicity,hybrid_score,-0.403
Q8NZG7,random,allergenicity,merci_score,0.0
Q8NZG7,random,allergenicity,blast_score,-0.5
Q8NZG7,random,allergenicity,hybrid_score,-0.432
A2RDN0,random,allergenicity,merci_score,0.0
A2RDN0,random,allergenicity,blast_score,-0.5
A2RDN0,random,allergenicity,hybrid_score,-0.467
P0DF45,random,allergenicity,merci_score,0.0
P0DF45,random,allergenicity,blast_score,-0.5
P0DF45,random,allergenicity,hybrid_score,-0.294
Q5XD71,random,allergenicity,merci_score,0.0
Q5XD71,random,allergenicity,blast_score,0.0
Q5XD71,random,allergenicity,hybrid_score,0.038
P0DB44,random,allergenicity,merci_score,0.0
P0DB44,random,allergenicity,blast_score,0.0
P0DB44,random,allergenicity,hybrid_score,0.209
Q1J8Y8,random,allergenicity,merci_score,0.0
Q1J8Y8,random,allergenicity,blast_score,0.0
Q1J8Y8,random,allergenicity,hybrid_score,0.185
Q48RU8,random,allergenicity,merci_score,0.5
Q48RU8,random,allergenicity,blast_score,-0.5
Q48RU8,random,allergenicity,hybrid_score,0.137
P0DG70,random,allergenicity,merci_score,0.0
P0DG70,random,allergenicity,blast_score,0.0
P0DG70,random,allergenicity,hybrid_score,0.275
P0CZ51,random,allergenicity,merci_score,0.0
P0CZ51,random,allergenicity,blast_score,-0.5
P0CZ51,random,allergenicity,hybrid_score,-0.331
A2RD12,random,allergenicity,merci_score,0.5
A2RD12,random,allergenicity,blast_score,-0.5
A2RD12,random,allergenicity,hybrid_score,0.645
Q5XDM4,random,allergenicity,merci_score,0.0
Q5XDM4,random,allergenicity,blast_score,-0.5
Q5XDM4,random,allergenicity,hybrid_score,-0.343
Q1JE33,random,allergenicity,merci_score,0.0
Q1JE33,random,allergenicity,blast_score,-0.5
Q1JE33,random,allergenicity,hybrid_score,-0.374
P0DG47,random,allergenicity,merci_score,0.5
P0DG47,random,allergenicity,blast_score,-0.5
P0DG47,random,allergenicity,hybrid_score,0.129
A2RFZ5,random,allergenicity,merci_score,0.0
A2RFZ5,random,allergenicity,blast_score,0.0
A2RFZ5,random,allergenicity,hybrid_score,0.239
P0DA37,random,allergenicity,merci_score,0.0
P0DA37,random,allergenicity,blast_score,-0.5
P0DA37,random,allergenicity,hybrid_score,-0.354
Q1JID3,random,allergenicity,merci_score,0.0
Q1JID3,random,allergenicity,blast_score,0.0
Q1JID3,random,allergenicity,hybrid_score,0.133
P0CZ71,random,allergenicity,merci_score,0.0
P0CZ71,random,allergenicity,blast_score,-0.5
P0CZ71,random,allergenicity,hybrid_score,-0.409
P65245,random,allergenicity,merci_score,0.0
P65245,random,allergenicity,blast_score,-0.5
P65245,random,allergenicity,hybrid_score,-0.457
P0CZ88,random,allergenicity,merci_score,0.0
P0CZ88,random,allergenicity,blast_score,-0.5
P0CZ88,random,allergenicity,hybrid_score,-0.393
B5XHV2,random,allergenicity,merci_score,0.0
B5XHV2,random,allergenicity,blast_score,-0.5
B5XHV2,random,allergenicity,hybrid_score,-0.364
Q5XA61,random,allergenicity,merci_score,0.0
Q5XA61,random,allergenicity,blast_score,-0.5
Q5XA61,random,allergenicity,hybrid_score,-0.412
A2RCY1,random,allergenicity,merci_score,0.0
A2RCY1,random,allergenicity,blast_score,-0.5
A2RCY1,random,allergenicity,hybrid_score,-0.472
Q5XCC0,random,allergenicity,merci_score,0.5
Q5XCC0,random,allergenicity,blast_score,-0.5
Q5XCC0,random,allergenicity,hybrid_score,0.097
Q1J592,random,allergenicity,merci_score,0.0
Q1J592,random,allergenicity,blast_score,-0.5
Q1J592,random,allergenicity,hybrid_score,-0.362
Q1J736,random,allergenicity,merci_score,0.0
Q1J736,random,allergenicity,blast_score,-0.5
Q1J736,random,allergenicity,hybrid_score,-0.244
Q48SL4,random,allergenicity,merci_score,0.5
Q48SL4,random,allergenicity,blast_score,-0.5
Q48SL4,random,allergenicity,hybrid_score,0.1
Q5XCS5,random,allergenicity,merci_score,0.0
Q5XCS5,random,allergenicity,blast_score,0.0
Q5XCS5,random,allergenicity,hybrid_score,0.219
P0DD83,random,allergenicity,merci_score,0.5
P0DD83,random,allergenicity,blast_score,-0.5
P0DD83,random,allergenicity,hybrid_score,0.21
Q1JA49,random,allergenicity,merci_score,0.0
Q1JA49,random,allergenicity,blast_score,-0.5
Q1JA49,random,allergenicity,hybrid_score,-0.331
P0DD15,random,allergenicity,merci_score,0.0
P0DD15,random,allergenicity,blast_score,-0.5
P0DD15,random,allergenicity,hybrid_score,-0.211
A2RD01,random,allergenicity,merci_score,0.5
A2RD01,random,allergenicity,blast_score,-0.5
A2RD01,random,allergenicity,hybrid_score,0.137
Q1J8A8,random,allergenicity,merci_score,0.0
Q1J8A8,random,allergenicity,blast_score,-0.5
Q1J8A8,random,allergenicity,hybrid_score,-0.448
Q8P109,random,allergenicity,merci_score,0.5
Q8P109,random,allergenicity,blast_score,-0.5
Q8P109,random,allergenicity,hybrid_score,0.227
P69882,random,allergenicity,merci_score,0.0
P69882,random,allergenicity,blast_score,-0.5
P69882,random,allergenicity,hybrid_score,-0.36
Q48SZ3,random,allergenicity,merci_score,0.0
Q48SZ3,random,allergenicity,blast_score,-0.5
Q48SZ3,random,allergenicity,hybrid_score,-0.362
Q5X9I4,random,allergenicity,merci_score,0.0
Q5X9I4,random,allergenicity,blast_score,-0.5
Q5X9I4,random,allergenicity,hybrid_score,-0.229
Q1JGR7,random,allergenicity,merci_score,0.0
Q1JGR7,random,allergenicity,blast_score,0.0
Q1JGR7,random,allergenicity,hybrid_score,0.149
Q8P0H4,random,allergenicity,merci_score,0.0
Q8P0H4,random,allergenicity,blast_score,-0.5
Q8P0H4,random,allergenicity,hybrid_score,-0.306
P0DB23,random,allergenicity,merci_score,0.5
P0DB23,random,allergenicity,blast_score,-0.5
P0DB23,random,allergenicity,hybrid_score,0.131
Q5X9I0,random,allergenicity,merci_score,0.5
Q5X9I0,random,allergenicity,blast_score,-0.5
Q5X9I0,random,allergenicity,hybrid_score,0.21
Q8NZ20,random,allergenicity,merci_score,0.0
Q8NZ20,random,allergenicity,blast_score,-0.5
Q8NZ20,random,allergenicity,hybrid_score,-0.479
P0DB58,random,allergenicity,merci_score,0.5
P0DB58,random,allergenicity,blast_score,-0.5
P0DB58,random,allergenicity,hybrid_score,0.215
A2RGJ5,random,allergenicity,merci_score,0.0
A2RGJ5,random,allergenicity,blast_score,0.0
A2RGJ5,random,allergenicity,hybrid_score,0.266
Q48RY7,random,allergenicity,merci_score,0.5
Q48RY7,random,allergenicity,blast_score,0.0
Q48RY7,random,allergenicity,hybrid_score,0.553
P60452,random,allergenicity,merci_score,0.0
P60452,random,allergenicity,blast_score,0.5
P60452,random,allergenicity,hybrid_score,0.743
P0DC28,random,allergenicity,merci_score,0.0
P0DC28,random,allergenicity,blast_score,0.0
P0DC28,random,allergenicity,hybrid_score,0.057
P0DE27,random,allergenicity,merci_score,0.5
P0DE27,random,allergenicity,blast_score,-0.5
P0DE27,random,allergenicity,hybrid_score,0.399
Q48U40,random,allergenicity,merci_score,0.5
Q48U40,random,allergenicity,blast_score,-0.5
Q48U40,random,allergenicity,hybrid_score,0.029
Q5XDS5,random,allergenicity,merci_score,0.0
Q5XDS5,random,allergenicity,blast_score,-0.5
Q5XDS5,random,allergenicity,hybrid_score,-0.46
P67575,random,allergenicity,merci_score,0.0
P67575,random,allergenicity,blast_score,-0.5
P67575,random,allergenicity,hybrid_score,-0.259
A2RCV8,random,allergenicity,merci_score,0.0
A2RCV8,random,allergenicity,blast_score,-0.5
A2RCV8,random,allergenicity,hybrid_score,-0.367
Q1JK54,random,allergenicity,merci_score,0.5
Q1JK54,random,allergenicity,blast_score,0.0
Q1JK54,random,allergenicity,hybrid_score,0.547
Q99Y13,random,allergenicity,merci_score,0.0
Q99Y13,random,allergenicity,blast_score,-0.5
Q99Y13,random,allergenicity,hybrid_score,0.063
P0DC38,random,allergenicity,merci_score,0.0
P0DC38,random,allergenicity,blast_score,-0.5
P0DC38,random,allergenicity,hybrid_score,-0.155
Q5XCB7,random,allergenicity,merci_score,0.0
Q5XCB7,random,allergenicity,blast_score,-0.5
Q5XCB7,random,allergenicity,hybrid_score,-0.38
Q1J4K0,random,allergenicity,merci_score,0.0
Q1J4K0,random,allergenicity,blast_score,-0.5
Q1J4K0,random,allergenicity,hybrid_score,-0.253
Q8P0G7,random,allergenicity,merci_score,0.0
Q8P0G7,random,allergenicity,blast_score,-0.5
Q8P0G7,random,allergenicity,hybrid_score,-0.403
P0C0I6,random,allergenicity,merci_score,0.0
P0C0I6,random,allergenicity,blast_score,0.5
P0C0I6,random,allergenicity,hybrid_score,0.68
Q1J492,random,allergenicity,merci_score,0.0
Q1J492,random,allergenicity,blast_score,-0.5
Q1J492,random,allergenicity,hybrid_score,-0.139
Q48S05,random,allergenicity,merci_score,0.0
Q48S05,random,allergenicity,blast_score,-0.5
Q48S05,random,allergenicity,hybrid_score,-0.287
P0DG21,random,allergenicity,merci_score,0.0
P0DG21,random,allergenicity,blast_score,-0.5
P0DG21,random,allergenicity,hybrid_score,-0.408
Q7CMS1,random,allergenicity,merci_score,0.0
Q7CMS1,random,allergenicity,blast_score,-0.5
Q7CMS1,random,allergenicity,hybrid_score,-0.225
B5XMM1,random,allergenicity,merci_score,0.5
B5XMM1,random,allergenicity,blast_score,0.5
B5XMM1,random,allergenicity,hybrid_score,1.347
Q8P1D1,random,allergenicity,merci_score,0.0
Q8P1D1,random,allergenicity,blast_score,-0.5
Q8P1D1,random,allergenicity,hybrid_score,-0.391
P0DE64,random,allergenicity,merci_score,0.0
P0DE64,random,allergenicity,blast_score,0.0
P0DE64,random,allergenicity,hybrid_score,0.185
Q1JN21,random,allergenicity,merci_score,0.5
Q1JN21,random,allergenicity,blast_score,-0.5
Q1JN21,random,allergenicity,hybrid_score,0.114
Q5XCB9,random,allergenicity,merci_score,0.5
Q5XCB9,random,allergenicity,blast_score,-0.5
Q5XCB9,random,allergenicity,hybrid_score,0.153
Q1JP12,random,allergenicity,merci_score,0.0
Q1JP12,random,allergenicity,blast_score,-0.5
Q1JP12,random,allergenicity,hybrid_score,-0.355
Q1J6I6,random,allergenicity,merci_score,0.0
Q1J6I6,random,allergenicity,blast_score,0.0
Q1J6I6,random,allergenicity,hybrid_score,0.149
Q48V07,random,allergenicity,merci_score,0.0
Q48V07,random,allergenicity,blast_score,0.0
Q48V07,random,allergenicity,hybrid_score,0.319
B5XK66,random,allergenicity,merci_score,0.0
B5XK66,random,allergenicity,blast_score,-0.5
B5XK66,random,allergenicity,hybrid_score,-0.155
B5XM46,random,allergenicity,merci_score,0.0
B5XM46,random,allergenicity,blast_score,-0.5
B5XM46,random,allergenicity,hybrid_score,-0.228
B5XKU0,random,allergenicity,merci_score,0.0
B5XKU0,random,allergenicity,blast_score,0.0
B5XKU0,random,allergenicity,hybrid_score,0.133
Q1JDW9,random,allergenicity,merci_score,0.5
Q1JDW9,random,allergenicity,blast_score,-0.5
Q1JDW9,random,allergenicity,hybrid_score,0.039
Q9A0I1,random,allergenicity,merci_score,0.0
Q9A0I1,random,allergenicity,blast_score,-0.5
Q9A0I1,random,allergenicity,hybrid_score,-0.351
Q1JJZ6,random,allergenicity,merci_score,0.0
Q1JJZ6,random,allergenicity,blast_score,-0.5
Q1JJZ6,random,allergenicity,hybrid_score,0.063
P0DC23,random,allergenicity,merci_score,0.0
P0DC23,random,allergenicity,blast_score,-0.5
P0DC23,random,allergenicity,hybrid_score,-0.331
P0DE91,random,allergenicity,merci_score,0.0
P0DE91,random,allergenicity,blast_score,-0.5
P0DE91,random,allergenicity,hybrid_score,-0.385
Q1JLY8,random,allergenicity,merci_score,0.0
Q1JLY8,random,allergenicity,blast_score,-0.5
Q1JLY8,random,allergenicity,hybrid_score,-0.331
Q5XD18,random,allergenicity,merci_score,0.0
Q5XD18,random,allergenicity,blast_score,0.0
Q5XD18,random,allergenicity,hybrid_score,0.079
Q5X9K2,random,allergenicity,merci_score,0.0
Q5X9K2,random,allergenicity,blast_score,-0.5
Q5X9K2,random,allergenicity,hybrid_score,-0.238
Q1J7A2,random,allergenicity,merci_score,0.0
Q1J7A2,random,allergenicity,blast_score,-0.5
Q1J7A2,random,allergenicity,hybrid_score,-0.11
Q1JHP3,random,allergenicity,merci_score,0.0
Q1JHP3,random,allergenicity,blast_score,-0.5
Q1JHP3,random,allergenicity,hybrid_score,-0.423
Q1JFM4,random,allergenicity,merci_score,0.5
Q1JFM4,random,allergenicity,blast_score,0.0
Q1JFM4,random,allergenicity,hybrid_score,0.658
B5XKP9,random,allergenicity,merci_score,0.5
B5XKP9,random,allergenicity,blast_score,-0.5
B5XKP9,random,allergenicity,hybrid_score,0.067
A2RCI0,random,allergenicity,merci_score,0.0
A2RCI0,random,allergenicity,blast_score,-0.5
A2RCI0,random,allergenicity,hybrid_score,-0.334
P66852,random,allergenicity,merci_score,0.0
P66852,random,allergenicity,blast_score,-0.5
P66852,random,allergenicity,hybrid_score,-0.267
Q1JDK8,random,allergenicity,merci_score,0.0
Q1JDK8,random,allergenicity,blast_score,-0.5
Q1JDK8,random,allergenicity,hybrid_score,-0.36
Q1JHF5,random,allergenicity,merci_score,0.5
Q1JHF5,random,allergenicity,blast_score,-0.5
Q1JHF5,random,allergenicity,hybrid_score,0.338
A2RF47,random,allergenicity,merci_score,0.5
A2RF47,random,allergenicity,blast_score,-0.5
A2RF47,random,allergenicity,hybrid_score,0.338
Q1J7G2,random,allergenicity,merci_score,0.0
Q1J7G2,random,allergenicity,blast_score,-0.5
Q1J7G2,random,allergenicity,hybrid_score,-0.433
P0DA05,random,allergenicity,merci_score,0.5
P0DA05,random,allergenicity,blast_score,-0.5
P0DA05,random,allergenicity,hybrid_score,0.083
Q99Y58,random,allergenicity,merci_score,0.5
Q99Y58,random,allergenicity,blast_score,0.0
Q99Y58,random,allergenicity,hybrid_score,0.547
Q1J6G8,random,allergenicity,merci_score,0.0
Q1J6G8,random,allergenicity,blast_score,-0.5
Q1J6G8,random,allergenicity,hybrid_score,-0.272
Q5XEK9,random,allergenicity,merci_score,0.0
Q5XEK9,random,allergenicity,blast_score,-0.5
Q5XEK9,random,allergenicity,hybrid_score,-0.4
Q1JD58,random,allergenicity,merci_score,0.0
Q1JD58,random,allergenicity,blast_score,-0.5
Q1JD58,random,allergenicity,hybrid_score,-0.339
P0DG78,random,allergenicity,merci_score,0.0
P0DG78,random,allergenicity,blast_score,0.0
P0DG78,random,allergenicity,hybrid_score,0.079
Q5XCK7,random,allergenicity,merci_score,0.5
Q5XCK7,random,allergenicity,blast_score,-0.5
Q5XCK7,random,allergenicity,hybrid_score,0.264
P0DB81,random,allergenicity,merci_score,0.0
P0DB81,random,allergenicity,blast_score,0.0
P0DB81,random,allergenicity,hybrid_score,0.162
P0DG49,random,allergenicity,merci_score,0.5
P0DG49,random,allergenicity,blast_score,-0.5
P0DG49,random,allergenicity,hybrid_score,0.115
Q8NZY8,random,allergenicity,merci_score,0.0
Q8NZY8,random,allergenicity,blast_score,-0.5
Q8NZY8,random,allergenicity,hybrid_score,-0.198
A2RFS6,random,allergenicity,merci_score,0.0
A2RFS6,random,allergenicity,blast_score,0.0
A2RFS6,random,allergenicity,hybrid_score,0.038
Q48VD6,random,allergenicity,merci_score,0.0
Q48VD6,random,allergenicity,blast_score,0.0
Q48VD6,random,allergenicity,hybrid_score,0.194
P0C0H6,random,allergenicity,merci_score,0.5
P0C0H6,random,allergenicity,blast_score,-0.5
P0C0H6,random,allergenicity,hybrid_score,0.13
P0DG83,random,allergenicity,merci_score,0.0
P0DG83,random,allergenicity,blast_score,0.0
P0DG83,random,allergenicity,hybrid_score,0.443
P0DB00,random,allergenicity,merci_score,0.5
P0DB00,random,allergenicity,blast_score,-0.5
P0DB00,random,allergenicity,hybrid_score,0.1
A2RG72,random,allergenicity,merci_score,0.0
A2RG72,random,allergenicity,blast_score,-0.5
A2RG72,random,allergenicity,hybrid_score,-0.343
B5XJ57,random,allergenicity,merci_score,0.0
B5XJ57,random,allergenicity,blast_score,-0.5
B5XJ57,random,allergenicity,hybrid_score,-0.36
Q48VU3,random,allergenicity,merci_score,0.0
Q48VU3,random,allergenicity,blast_score,-0.5
Q48VU3,random,allergenicity,hybrid_score,-0.385
A2REG0,random,allergenicity,merci_score,0.5
A2REG0,random,allergenicity,blast_score,-0.5
A2REG0,random,allergenicity,hybrid_score,0.227
Q1J6Q6,random,allergenicity,merci_score,0.0
Q1J6Q6,random,allergenicity,blast_score,-0.5
Q1J6Q6,random,allergenicity,hybrid_score,-0.406
P0DA16,random,allergenicity,merci_score,0.0
P0DA16,random,allergenicity,blast_score,-0.5
P0DA16,random,allergenicity,hybrid_score,-0.087
Q48QT6,random,allergenicity,merci_score,0.0
Q48QT6,random,allergenicity,blast_score,-0.5
Q48QT6,random,allergenicity,hybrid_score,-0.461
Q1J6M7,random,allergenicity,merci_score,0.5
Q1J6M7,random,allergenicity,blast_score,-0.5
Q1J6M7,random,allergenicity,hybrid_score,0.449
Q48UD2,random,allergenicity,merci_score,0.0
Q48UD2,random,allergenicity,blast_score,-0.5
Q48UD2,random,allergenicity,hybrid_score,-0.374
P65783,random,allergenicity,merci_score,0.0
P65783,random,allergenicity,blast_score,-0.5
P65783,random,allergenicity,hybrid_score,-0.335
Q1JJ89,random,allergenicity,merci_score,0.0
Q1JJ89,random,allergenicity,blast_score,-0.5
Q1JJ89,random,allergenicity,hybrid_score,-0.4
Q1JKD4,random,allergenicity,merci_score,0.0
Q1JKD4,random,allergenicity,blast_score,-0.5
Q1JKD4,random,allergenicity,hybrid_score,-0.442
Q48UD0,random,allergenicity,merci_score,0.0
Q48UD0,random,allergenicity,blast_score,-0.5
Q48UD0,random,allergenicity,hybrid_score,-0.43
P0DF23,random,allergenicity,merci_score,0.0
P0DF23,random,allergenicity,blast_score,-0.5
P0DF23,random,allergenicity,hybrid_score,-0.386
P0DC10,random,allergenicity,merci_score,0.0
P0DC10,random,allergenicity,blast_score,-0.5
P0DC10,random,allergenicity,hybrid_score,0.063
Q48V70,random,allergenicity,merci_score,0.5
Q48V70,random,allergenicity,blast_score,-0.5
Q48V70,random,allergenicity,hybrid_score,0.031
Q99YG1,random,allergenicity,merci_score,0.5
Q99YG1,random,allergenicity,blast_score,-0.5
Q99YG1,random,allergenicity,hybrid_score,0.137
B5XK72,random,allergenicity,merci_score,0.0
B5XK72,random,allergenicity,blast_score,-0.5
B5XK72,random,allergenicity,hybrid_score,-0.23
P64065,random,allergenicity,merci_score,0.5
P64065,random,allergenicity,blast_score,-0.5
P64065,random,allergenicity,hybrid_score,0.095
Q9A1F2,random,allergenicity,merci_score,0.5
Q9A1F2,random,allergenicity,blast_score,-0.5
Q9A1F2,random,allergenicity,hybrid_score,0.114
A2RD32,random,allergenicity,merci_score,0.5
A2RD32,random,allergenicity,blast_score,0.5
A2RD32,random,allergenicity,hybrid_score,1.347
Q1J708,random,allergenicity,merci_score,0.0
Q1J708,random,allergenicity,blast_score,-0.5
Q1J708,random,allergenicity,hybrid_score,-0.42
P0DG17,random,allergenicity,merci_score,0.0
P0DG17,random,allergenicity,blast_score,-0.5
P0DG17,random,allergenicity,hybrid_score,-0.244
Q8NZZ1,random,allergenicity,merci_score,0.5
Q8NZZ1,random,allergenicity,blast_score,0.0
Q8NZZ1,random,allergenicity,hybrid_score,0.658
P67255,random,allergenicity,merci_score,0.0
P67255,random,allergenicity,blast_score,-0.5
P67255,random,allergenicity,hybrid_score,-0.272
Q1JJ57,random,allergenicity,merci_score,0.0
Q1JJ57,random,allergenicity,blast_score,-0.5
Q1JJ57,random,allergenicity,hybrid_score,-0.355
Q99ZU3,random,allergenicity,merci_score,0.5
Q99ZU3,random,allergenicity,blast_score,-0.5
Q99ZU3,random,allergenicity,hybrid_score,0.097
B5XKQ2,random,allergenicity,merci_score,0.0
B5XKQ2,random,allergenicity,blast_score,-0.5
B5XKQ2,random,allergenicity,hybrid_score,-0.374
P0DC12,random,allergenicity,merci_score,0.0
P0DC12,random,allergenicity,blast_score,0.0
P0DC12,random,allergenicity,hybrid_score,0.372
P60420,random,allergenicity,merci_score,0.0
P60420,random,allergenicity,blast_score,0.0
P60420,random,allergenicity,hybrid_score,0.133
Q1JKA0,random,allergenicity,merci_score,0.0
Q1JKA0,random,allergenicity,blast_score,-0.5
Q1JKA0,random,allergenicity,hybrid_score,-0.44
Q1JE69,random,allergenicity,merci_score,0.0
Q1JE69,random,allergenicity,blast_score,0.0
Q1JE69,random,allergenicity,hybrid_score,0.067
Q8P0Y8,random,allergenicity,merci_score,0.0
Q8P0Y8,random,allergenicity,blast_score,-0.5
Q8P0Y8,random,allergenicity,hybrid_score,-0.425
Q1J777,random,allergenicity,merci_score,0.0
Q1J777,random,allergenicity,blast_score,-0.5
Q1J777,random,allergenicity,hybrid_score,-0.408
Q48TU0,random,allergenicity,merci_score,0.0
Q48TU0,random,allergenicity,blast_score,-0.5
Q48TU0,random,allergenicity,hybrid_score,-0.331
B5XLM6,random,allergenicity,merci_score,0.0
B5XLM6,random,allergenicity,blast_score,0.0
B5XLM6,random,allergenicity,hybrid_score,0.238
P65522,random,allergenicity,merci_score,0.0
P65522,random,allergenicity,blast_score,0.0
P65522,random,allergenicity,hybrid_score,0.194
P66322,random,allergenicity,merci_score,0.0
P66322,random,allergenicity,blast_score,-0.5
P66322,random,allergenicity,hybrid_score,-0.092
Q5XAY0,random,allergenicity,merci_score,0.0
Q5XAY0,random,allergenicity,blast_score,-0.5
Q5XAY0,random,allergenicity,hybrid_score,-0.439
Q48VX9,random,allergenicity,merci_score,0.0
Q48VX9,random,allergenicity,blast_score,-0.5
Q48VX9,random,allergenicity,hybrid_score,-0.4
Q8P0X5,random,allergenicity,merci_score,0.5
Q8P0X5,random,allergenicity,blast_score,0.0
Q8P0X5,random,allergenicity,hybrid_score,0.778
Q1JFK0,random,allergenicity,merci_score,0.5
Q1JFK0,random,allergenicity,blast_score,0.5
Q1JFK0,random,allergenicity,hybrid_score,1.347
Q1J776,random,allergenicity,merci_score,0.5
Q1J776,random,allergenicity,blast_score,-0.5
Q1J776,random,allergenicity,hybrid_score,0.338
Q5XAZ0,random,allergenicity,merci_score,0.0
Q5XAZ0,random,allergenicity,blast_score,-0.5
Q5XAZ0,random,allergenicity,hybrid_score,-0.463
P0DE90,random,allergenicity,merci_score,0.0
P0DE90,random,allergenicity,blast_score,-0.5
P0DE90,random,allergenicity,hybrid_score,-0.385
A2RF70,random,allergenicity,merci_score,0.0
A2RF70,random,allergenicity,blast_score,-0.5
A2RF70,random,allergenicity,hybrid_score,-0.11
Q5X9J1,random,allergenicity,merci_score,0.0
Q5X9J1,random,allergenicity,blast_score,-0.5
Q5X9J1,random,allergenicity,hybrid_score,-0.339
P0DD80,random,allergenicity,merci_score,0.0
P0DD80,random,allergenicity,blast_score,-0.5
P0DD80,random,allergenicity,hybrid_score,-0.375
P69948,random,allergenicity,merci_score,0.0
P69948,random,allergenicity,blast_score,-0.5
P69948,random,allergenicity,hybrid_score,-0.386
Q5XC82,random,allergenicity,merci_score,0.0
Q5XC82,random,allergenicity,blast_score,-0.5
Q5XC82,random,allergenicity,hybrid_score,-0.335
P63548,random,allergenicity,merci_score,0.0
P63548,random,allergenicity,blast_score,-0.5
P63548,random,allergenicity,hybrid_score,-0.312
Q8P1C8,random,allergenicity,merci_score,0.0
Q8P1C8,random,allergenicity,blast_score,-0.5
Q8P1C8,random,allergenicity,hybrid_score,-0.409
Q5XCA4,random,allergenicity,merci_score,0.0
Q5XCA4,random,allergenicity,blast_score,-0.5
Q5XCA4,random,allergenicity,hybrid_score,-0.406
Q5XEC0,random,allergenicity,merci_score,0.0
Q5XEC0,random,allergenicity,blast_score,0.0
Q5XEC0,random,allergenicity,hybrid_score,0.286
A2RG55,random,allergenicity,merci_score,0.0
A2RG55,random,allergenicity,blast_score,0.0
A2RG55,random,allergenicity,hybrid_score,0.319
P0DG00,random,allergenicity,merci_score,0.0
P0DG00,random,allergenicity,blast_score,-0.5
P0DG00,random,allergenicity,hybrid_score,-0.46
Q8P003,random,allergenicity,merci_score,0.5
Q8P003,random,allergenicity,blast_score,-0.5
Q8P003,random,allergenicity,hybrid_score,0.21
P0DG67,random,allergenicity,merci_score,0.0
P0DG67,random,allergenicity,blast_score,-0.5
P0DG67,random,allergenicity,hybrid_score,-0.391
P0DE54,random,allergenicity,merci_score,0.0
P0DE54,random,allergenicity,blast_score,-0.5
P0DE54,random,allergenicity,hybrid_score,-0.253
Q8P1F2,random,allergenicity,merci_score,0.5
Q8P1F2,random,allergenicity,blast_score,-0.5
Q8P1F2,random,allergenicity,hybrid_score,0.338
P0DE67,random,allergenicity,merci_score,0.0
P0DE67,random,allergenicity,blast_score,-0.5
P0DE67,random,allergenicity,hybrid_score,-0.334
P67372,random,allergenicity,merci_score,0.0
P67372,random,allergenicity,blast_score,-0.5
P67372,random,allergenicity,hybrid_score,-0.389
Q1JHA5,random,allergenicity,merci_score,0.0
Q1JHA5,random,allergenicity,blast_score,-0.5
Q1JHA5,random,allergenicity,hybrid_score,-0.223
Q8P2A7,random,allergenicity,merci_score,0.0
Q8P2A7,random,allergenicity,blast_score,0.0
Q8P2A7,random,allergenicity,hybrid_score,0.386
Q1JKZ0,random,allergenicity,merci_score,0.5
Q1JKZ0,random,allergenicity,blast_score,-0.5
Q1JKZ0,random,allergenicity,hybrid_score,0.1
Q1JJJ7,random,allergenicity,merci_score,0.0
Q1JJJ7,random,allergenicity,blast_score,-0.5
Q1JJJ7,random,allergenicity,hybrid_score,-0.238
Q99ZV8,random,allergenicity,merci_score,0.0
Q99ZV8,random,allergenicity,blast_score,-0.5
Q99ZV8,random,allergenicity,hybrid_score,-0.331
B5XK49,random,allergenicity,merci_score,0.5
B5XK49,random,allergenicity,blast_score,-0.5
B5XK49,random,allergenicity,hybrid_score,0.369
Q1JDD0,random,allergenicity,merci_score,0.0
Q1JDD0,random,allergenicity,blast_score,-0.5
Q1JDD0,random,allergenicity,hybrid_score,-0.448
Q48V44,random,allergenicity,merci_score,0.0
Q48V44,random,allergenicity,blast_score,-0.5
Q48V44,random,allergenicity,hybrid_score,-0.448
Q1JB44,random,allergenicity,merci_score,0.0
Q1JB44,random,allergenicity,blast_score,-0.5
Q1JB44,random,allergenicity,hybrid_score,-0.384
