accession,label,feature,subfeature,value
A2RCY1,random,rate4site_deeptmhmm,mean_outside_scores,-4.0000000000003723e-05
A2RCY1,random,rate4site_deeptmhmm,,-0.0974
A2RCY1,random,rate4site_deeptmhmm,min_outside_scores,-0.0974
A2RCY1,random,rate4site_deeptmhmm,max_outside_scores,10.2471
A2RCY1,random,rate4site_deeptmhmm,mean_outside_scores,-4.0000000000003723e-05
A2RCY1,random,rate4site_deeptmhmm,,-0.0974
A2RCY1,random,rate4site_deeptmhmm,min_outside_scores,-0.0974
A2RCY1,random,rate4site_deeptmhmm,max_outside_scores,10.2471
A2RCY1,random,rate4site_deeptmhmm,mean_outside_scores,-4.0000000000003723e-05
A2RCY1,random,rate4site_deeptmhmm,,-0.0974
A2RCY1,random,rate4site_deeptmhmm,min_outside_scores,-0.0974
A2RCY1,random,rate4site_deeptmhmm,max_outside_scores,10.2471
A2RCY1,random,rate4site_deeptmhmm,mean_outside_scores,-4.0000000000003723e-05
A2RCY1,random,rate4site_deeptmhmm,,-0.0974
A2RCY1,random,rate4site_deeptmhmm,min_outside_scores,-0.0974
A2RCY1,random,rate4site_deeptmhmm,max_outside_scores,10.2471
A2RCY1,random,rate4site_deeptmhmm,mean_outside_scores,-4.0000000000003723e-05
A2RCY1,random,rate4site_deeptmhmm,,-0.0974
A2RCY1,random,rate4site_deeptmhmm,min_outside_scores,-0.0974
A2RCY1,random,rate4site_deeptmhmm,max_outside_scores,10.2471
Q1JJJ7,random,rate4site_deeptmhmm,mean_outside_scores,1.0060975609765228e-05
Q1JJJ7,random,rate4site_deeptmhmm,,-0.1677
Q1JJJ7,random,rate4site_deeptmhmm,min_outside_scores,-0.1677
Q1JJJ7,random,rate4site_deeptmhmm,max_outside_scores,5.9444
Q1JJJ7,random,rate4site_deeptmhmm,mean_outside_scores,1.0060975609765228e-05
Q1JJJ7,random,rate4site_deeptmhmm,,-0.1677
Q1JJJ7,random,rate4site_deeptmhmm,min_outside_scores,-0.1677
Q1JJJ7,random,rate4site_deeptmhmm,max_outside_scores,5.9444
Q1JJJ7,random,rate4site_deeptmhmm,mean_outside_scores,1.0060975609765228e-05
Q1JJJ7,random,rate4site_deeptmhmm,,-0.1677
Q1JJJ7,random,rate4site_deeptmhmm,min_outside_scores,-0.1677
Q1JJJ7,random,rate4site_deeptmhmm,max_outside_scores,5.9444
Q1JJJ7,random,rate4site_deeptmhmm,mean_outside_scores,1.0060975609765228e-05
Q1JJJ7,random,rate4site_deeptmhmm,,-0.1677
Q1JJJ7,random,rate4site_deeptmhmm,min_outside_scores,-0.1677
Q1JJJ7,random,rate4site_deeptmhmm,max_outside_scores,5.9444
Q1JJJ7,random,rate4site_deeptmhmm,mean_outside_scores,1.0060975609765228e-05
Q1JJJ7,random,rate4site_deeptmhmm,,-0.1677
Q1JJJ7,random,rate4site_deeptmhmm,min_outside_scores,-0.1677
Q1JJJ7,random,rate4site_deeptmhmm,max_outside_scores,5.9444
P0DB23,random,rate4site_deeptmhmm,mean_outside_scores,-7.1005917159706015e-06
P0DB23,random,rate4site_deeptmhmm,,-0.0544
P0DB23,random,rate4site_deeptmhmm,min_outside_scores,-0.0544
P0DB23,random,rate4site_deeptmhmm,max_outside_scores,18.3304
P0DB23,random,rate4site_deeptmhmm,mean_outside_scores,-7.1005917159706015e-06
P0DB23,random,rate4site_deeptmhmm,,-0.0544
P0DB23,random,rate4site_deeptmhmm,min_outside_scores,-0.0544
P0DB23,random,rate4site_deeptmhmm,max_outside_scores,18.3304
P0DB23,random,rate4site_deeptmhmm,mean_outside_scores,-7.1005917159706015e-06
P0DB23,random,rate4site_deeptmhmm,,-0.0544
P0DB23,random,rate4site_deeptmhmm,min_outside_scores,-0.0544
P0DB23,random,rate4site_deeptmhmm,max_outside_scores,18.3304
P0DB23,random,rate4site_deeptmhmm,mean_outside_scores,-7.1005917159706015e-06
P0DB23,random,rate4site_deeptmhmm,,-0.0544
P0DB23,random,rate4site_deeptmhmm,min_outside_scores,-0.0544
P0DB23,random,rate4site_deeptmhmm,max_outside_scores,18.3304
Q48V70,random,rate4site_deeptmhmm,mean_outside_scores,2.8187919463083795e-05
Q48V70,random,rate4site_deeptmhmm,,-0.0579
Q48V70,random,rate4site_deeptmhmm,min_outside_scores,-0.0579
Q48V70,random,rate4site_deeptmhmm,max_outside_scores,17.2047
Q48V70,random,rate4site_deeptmhmm,mean_outside_scores,2.8187919463083795e-05
Q48V70,random,rate4site_deeptmhmm,,-0.0579
Q48V70,random,rate4site_deeptmhmm,min_outside_scores,-0.0579
Q48V70,random,rate4site_deeptmhmm,max_outside_scores,17.2047
Q48V70,random,rate4site_deeptmhmm,mean_outside_scores,2.8187919463083795e-05
Q48V70,random,rate4site_deeptmhmm,,-0.0579
Q48V70,random,rate4site_deeptmhmm,min_outside_scores,-0.0579
Q48V70,random,rate4site_deeptmhmm,max_outside_scores,17.2047
Q48V70,random,rate4site_deeptmhmm,mean_outside_scores,2.8187919463083795e-05
Q48V70,random,rate4site_deeptmhmm,,-0.0579
Q48V70,random,rate4site_deeptmhmm,min_outside_scores,-0.0579
Q48V70,random,rate4site_deeptmhmm,max_outside_scores,17.2047
Q1J736,random,rate4site_deeptmhmm,mean_outside_scores,3.59801488833666e-05
Q1J736,random,rate4site_deeptmhmm,,-0.1421
Q1J736,random,rate4site_deeptmhmm,min_outside_scores,-0.1421
Q1J736,random,rate4site_deeptmhmm,max_outside_scores,7.018
Q1J736,random,rate4site_deeptmhmm,mean_outside_scores,3.59801488833666e-05
Q1J736,random,rate4site_deeptmhmm,,-0.1421
Q1J736,random,rate4site_deeptmhmm,min_outside_scores,-0.1421
Q1J736,random,rate4site_deeptmhmm,max_outside_scores,7.018
Q1J736,random,rate4site_deeptmhmm,mean_outside_scores,3.59801488833666e-05
Q1J736,random,rate4site_deeptmhmm,,-0.1421
Q1J736,random,rate4site_deeptmhmm,min_outside_scores,-0.1421
Q1J736,random,rate4site_deeptmhmm,max_outside_scores,7.018
Q1J736,random,rate4site_deeptmhmm,mean_outside_scores,3.59801488833666e-05
Q1J736,random,rate4site_deeptmhmm,,-0.1421
Q1J736,random,rate4site_deeptmhmm,min_outside_scores,-0.1421
Q1J736,random,rate4site_deeptmhmm,max_outside_scores,7.018
Q1J736,random,rate4site_deeptmhmm,mean_outside_scores,3.59801488833666e-05
Q1J736,random,rate4site_deeptmhmm,,-0.1421
Q1J736,random,rate4site_deeptmhmm,min_outside_scores,-0.1421
Q1J736,random,rate4site_deeptmhmm,max_outside_scores,7.018
Q5XCB9,random,rate4site_deeptmhmm,mean_outside_scores,1.050000000000391e-05
Q5XCB9,random,rate4site_deeptmhmm,,-0.0707
Q5XCB9,random,rate4site_deeptmhmm,min_outside_scores,-0.0707
Q5XCB9,random,rate4site_deeptmhmm,max_outside_scores,14.0714
Q5XCB9,random,rate4site_deeptmhmm,mean_outside_scores,1.050000000000391e-05
Q5XCB9,random,rate4site_deeptmhmm,,-0.0707
Q5XCB9,random,rate4site_deeptmhmm,min_outside_scores,-0.0707
Q5XCB9,random,rate4site_deeptmhmm,max_outside_scores,14.0714
Q5XCB9,random,rate4site_deeptmhmm,mean_outside_scores,1.050000000000391e-05
Q5XCB9,random,rate4site_deeptmhmm,,-0.0707
Q5XCB9,random,rate4site_deeptmhmm,min_outside_scores,-0.0707
Q5XCB9,random,rate4site_deeptmhmm,max_outside_scores,14.0714
Q5XCB9,random,rate4site_deeptmhmm,mean_outside_scores,1.050000000000391e-05
Q5XCB9,random,rate4site_deeptmhmm,,-0.0707
Q5XCB9,random,rate4site_deeptmhmm,min_outside_scores,-0.0707
Q5XCB9,random,rate4site_deeptmhmm,max_outside_scores,14.0714
P67575,random,rate4site_deeptmhmm,mean_outside_scores,9.82142857142749e-06
P67575,random,rate4site_deeptmhmm,,-0.0948
P67575,random,rate4site_deeptmhmm,min_outside_scores,-0.0948
P67575,random,rate4site_deeptmhmm,max_outside_scores,10.5239
P67575,random,rate4site_deeptmhmm,mean_outside_scores,9.82142857142749e-06
P67575,random,rate4site_deeptmhmm,,-0.0948
P67575,random,rate4site_deeptmhmm,min_outside_scores,-0.0948
P67575,random,rate4site_deeptmhmm,max_outside_scores,10.5239
P67575,random,rate4site_deeptmhmm,mean_outside_scores,9.82142857142749e-06
P67575,random,rate4site_deeptmhmm,,-0.0948
P67575,random,rate4site_deeptmhmm,min_outside_scores,-0.0948
P67575,random,rate4site_deeptmhmm,max_outside_scores,10.5239
P67575,random,rate4site_deeptmhmm,mean_outside_scores,9.82142857142749e-06
P67575,random,rate4site_deeptmhmm,,-0.0948
P67575,random,rate4site_deeptmhmm,min_outside_scores,-0.0948
P67575,random,rate4site_deeptmhmm,max_outside_scores,10.5239
P67575,random,rate4site_deeptmhmm,mean_outside_scores,9.82142857142749e-06
P67575,random,rate4site_deeptmhmm,,-0.0948
P67575,random,rate4site_deeptmhmm,min_outside_scores,-0.0948
P67575,random,rate4site_deeptmhmm,max_outside_scores,10.5239
P66021,random,rate4site_deeptmhmm,mean_outside_scores,4.6692607003897544e-05
P66021,random,rate4site_deeptmhmm,,-0.0765
P66021,random,rate4site_deeptmhmm,min_outside_scores,-0.0765
P66021,random,rate4site_deeptmhmm,max_outside_scores,13.0385
P66021,random,rate4site_deeptmhmm,mean_outside_scores,4.6692607003897544e-05
P66021,random,rate4site_deeptmhmm,,-0.0765
P66021,random,rate4site_deeptmhmm,min_outside_scores,-0.0765
P66021,random,rate4site_deeptmhmm,max_outside_scores,13.0385
P66021,random,rate4site_deeptmhmm,mean_outside_scores,4.6692607003897544e-05
P66021,random,rate4site_deeptmhmm,,-0.0765
P66021,random,rate4site_deeptmhmm,min_outside_scores,-0.0765
P66021,random,rate4site_deeptmhmm,max_outside_scores,13.0385
P66021,random,rate4site_deeptmhmm,mean_outside_scores,4.6692607003897544e-05
P66021,random,rate4site_deeptmhmm,,-0.0765
P66021,random,rate4site_deeptmhmm,min_outside_scores,-0.0765
P66021,random,rate4site_deeptmhmm,max_outside_scores,13.0385
P66021,random,rate4site_deeptmhmm,mean_outside_scores,4.6692607003897544e-05
P66021,random,rate4site_deeptmhmm,,-0.0765
P66021,random,rate4site_deeptmhmm,min_outside_scores,-0.0765
P66021,random,rate4site_deeptmhmm,max_outside_scores,13.0385
A2RG72,random,rate4site_deeptmhmm,mean_outside_scores,2.8571428571420538e-05
A2RG72,random,rate4site_deeptmhmm,,-0.0714
A2RG72,random,rate4site_deeptmhmm,min_outside_scores,-0.0714
A2RG72,random,rate4site_deeptmhmm,max_outside_scores,13.9286
A2RG72,random,rate4site_deeptmhmm,mean_outside_scores,2.8571428571420538e-05
A2RG72,random,rate4site_deeptmhmm,,-0.0714
A2RG72,random,rate4site_deeptmhmm,min_outside_scores,-0.0714
A2RG72,random,rate4site_deeptmhmm,max_outside_scores,13.9286
A2RG72,random,rate4site_deeptmhmm,mean_outside_scores,2.8571428571420538e-05
A2RG72,random,rate4site_deeptmhmm,,-0.0714
A2RG72,random,rate4site_deeptmhmm,min_outside_scores,-0.0714
A2RG72,random,rate4site_deeptmhmm,max_outside_scores,13.9286
A2RG72,random,rate4site_deeptmhmm,mean_outside_scores,2.8571428571420538e-05
A2RG72,random,rate4site_deeptmhmm,,-0.0714
A2RG72,random,rate4site_deeptmhmm,min_outside_scores,-0.0714
A2RG72,random,rate4site_deeptmhmm,max_outside_scores,13.9286
P65522,random,rate4site_deeptmhmm,mean_outside_scores,4.871794871794003e-05
P65522,random,rate4site_deeptmhmm,,-0.0926
P65522,random,rate4site_deeptmhmm,min_outside_scores,-0.0926
P65522,random,rate4site_deeptmhmm,max_outside_scores,10.7473
P65522,random,rate4site_deeptmhmm,mean_outside_scores,4.871794871794003e-05
P65522,random,rate4site_deeptmhmm,,-0.0926
P65522,random,rate4site_deeptmhmm,min_outside_scores,-0.0926
P65522,random,rate4site_deeptmhmm,max_outside_scores,10.7473
P65522,random,rate4site_deeptmhmm,mean_outside_scores,4.871794871794003e-05
P65522,random,rate4site_deeptmhmm,,-0.0926
P65522,random,rate4site_deeptmhmm,min_outside_scores,-0.0926
P65522,random,rate4site_deeptmhmm,max_outside_scores,10.7473
P65522,random,rate4site_deeptmhmm,mean_outside_scores,4.871794871794003e-05
P65522,random,rate4site_deeptmhmm,,-0.0926
P65522,random,rate4site_deeptmhmm,min_outside_scores,-0.0926
P65522,random,rate4site_deeptmhmm,max_outside_scores,10.7473
P0DC38,random,rate4site_deeptmhmm,mean_outside_scores,-9.467455621305495e-06
P0DC38,random,rate4site_deeptmhmm,,-0.1913
P0DC38,random,rate4site_deeptmhmm,min_outside_scores,-0.1913
P0DC38,random,rate4site_deeptmhmm,max_outside_scores,5.1968
P0DC38,random,rate4site_deeptmhmm,mean_outside_scores,-9.467455621305495e-06
P0DC38,random,rate4site_deeptmhmm,,-0.1913
P0DC38,random,rate4site_deeptmhmm,min_outside_scores,-0.1913
P0DC38,random,rate4site_deeptmhmm,max_outside_scores,5.1968
P0DC38,random,rate4site_deeptmhmm,mean_outside_scores,-9.467455621305495e-06
P0DC38,random,rate4site_deeptmhmm,,-0.1913
P0DC38,random,rate4site_deeptmhmm,min_outside_scores,-0.1913
P0DC38,random,rate4site_deeptmhmm,max_outside_scores,5.1968
P0DC38,random,rate4site_deeptmhmm,mean_outside_scores,-9.467455621305495e-06
P0DC38,random,rate4site_deeptmhmm,,-0.1913
P0DC38,random,rate4site_deeptmhmm,min_outside_scores,-0.1913
P0DC38,random,rate4site_deeptmhmm,max_outside_scores,5.1968
P0DC38,random,rate4site_deeptmhmm,mean_outside_scores,-9.467455621305495e-06
P0DC38,random,rate4site_deeptmhmm,,-0.1913
P0DC38,random,rate4site_deeptmhmm,min_outside_scores,-0.1913
P0DC38,random,rate4site_deeptmhmm,max_outside_scores,5.1968
Q9A206,random,rate4site_deeptmhmm,mean_outside_scores,3.9153439153442184e-05
Q9A206,random,rate4site_deeptmhmm,,-0.0727
Q9A206,random,rate4site_deeptmhmm,min_outside_scores,-0.0727
Q9A206,random,rate4site_deeptmhmm,max_outside_scores,13.675
Q9A206,random,rate4site_deeptmhmm,mean_outside_scores,3.9153439153442184e-05
Q9A206,random,rate4site_deeptmhmm,,-0.0727
Q9A206,random,rate4site_deeptmhmm,min_outside_scores,-0.0727
Q9A206,random,rate4site_deeptmhmm,max_outside_scores,13.675
Q9A206,random,rate4site_deeptmhmm,mean_outside_scores,3.9153439153442184e-05
Q9A206,random,rate4site_deeptmhmm,,-0.0727
Q9A206,random,rate4site_deeptmhmm,min_outside_scores,-0.0727
Q9A206,random,rate4site_deeptmhmm,max_outside_scores,13.675
Q9A206,random,rate4site_deeptmhmm,mean_outside_scores,3.9153439153442184e-05
Q9A206,random,rate4site_deeptmhmm,,-0.0727
Q9A206,random,rate4site_deeptmhmm,min_outside_scores,-0.0727
Q9A206,random,rate4site_deeptmhmm,max_outside_scores,13.675
Q48UD2,random,rate4site_deeptmhmm,mean_outside_scores,2.753623188405896e-05
Q48UD2,random,rate4site_deeptmhmm,,-0.1208
Q48UD2,random,rate4site_deeptmhmm,min_outside_scores,-0.1208
Q48UD2,random,rate4site_deeptmhmm,max_outside_scores,8.2163
Q48UD2,random,rate4site_deeptmhmm,mean_outside_scores,2.753623188405896e-05
Q48UD2,random,rate4site_deeptmhmm,,-0.1208
Q48UD2,random,rate4site_deeptmhmm,min_outside_scores,-0.1208
Q48UD2,random,rate4site_deeptmhmm,max_outside_scores,8.2163
Q48UD2,random,rate4site_deeptmhmm,mean_outside_scores,2.753623188405896e-05
Q48UD2,random,rate4site_deeptmhmm,,-0.1208
Q48UD2,random,rate4site_deeptmhmm,min_outside_scores,-0.1208
Q48UD2,random,rate4site_deeptmhmm,max_outside_scores,8.2163
Q1J6I6,random,rate4site_deeptmhmm,mean_outside_scores,1.972789115645588e-05
Q1J6I6,random,rate4site_deeptmhmm,,-0.0826
Q1J6I6,random,rate4site_deeptmhmm,min_outside_scores,-0.0826
Q1J6I6,random,rate4site_deeptmhmm,max_outside_scores,12.0625
Q1J6I6,random,rate4site_deeptmhmm,mean_outside_scores,1.972789115645588e-05
Q1J6I6,random,rate4site_deeptmhmm,,-0.0826
Q1J6I6,random,rate4site_deeptmhmm,min_outside_scores,-0.0826
Q1J6I6,random,rate4site_deeptmhmm,max_outside_scores,12.0625
Q1J6I6,random,rate4site_deeptmhmm,mean_outside_scores,1.972789115645588e-05
Q1J6I6,random,rate4site_deeptmhmm,,-0.0826
Q1J6I6,random,rate4site_deeptmhmm,min_outside_scores,-0.0826
Q1J6I6,random,rate4site_deeptmhmm,max_outside_scores,12.0625
Q1J708,random,rate4site_deeptmhmm,mean_outside_scores,3.3444816053522873e-06
Q1J708,random,rate4site_deeptmhmm,,-0.2823
Q1J708,random,rate4site_deeptmhmm,min_outside_scores,-0.2823
Q1J708,random,rate4site_deeptmhmm,max_outside_scores,4.4391
Q1J708,random,rate4site_deeptmhmm,mean_outside_scores,3.3444816053522873e-06
Q1J708,random,rate4site_deeptmhmm,,-0.2823
Q1J708,random,rate4site_deeptmhmm,min_outside_scores,-0.2823
Q1J708,random,rate4site_deeptmhmm,max_outside_scores,4.4391
Q1J708,random,rate4site_deeptmhmm,mean_outside_scores,3.3444816053522873e-06
Q1J708,random,rate4site_deeptmhmm,,-0.2823
Q1J708,random,rate4site_deeptmhmm,min_outside_scores,-0.2823
Q1J708,random,rate4site_deeptmhmm,max_outside_scores,4.4391
Q1J708,random,rate4site_deeptmhmm,mean_outside_scores,3.3444816053522873e-06
Q1J708,random,rate4site_deeptmhmm,,-0.2823
Q1J708,random,rate4site_deeptmhmm,min_outside_scores,-0.2823
Q1J708,random,rate4site_deeptmhmm,max_outside_scores,4.4391
Q1J708,random,rate4site_deeptmhmm,mean_outside_scores,3.3444816053522873e-06
Q1J708,random,rate4site_deeptmhmm,,-0.2823
Q1J708,random,rate4site_deeptmhmm,min_outside_scores,-0.2823
Q1J708,random,rate4site_deeptmhmm,max_outside_scores,4.4391
Q1J8A8,random,rate4site_deeptmhmm,mean_outside_scores,2.1857923497270508e-05
Q1J8A8,random,rate4site_deeptmhmm,,-0.0739
Q1J8A8,random,rate4site_deeptmhmm,min_outside_scores,-0.0739
Q1J8A8,random,rate4site_deeptmhmm,max_outside_scores,13.4538
Q1J8A8,random,rate4site_deeptmhmm,mean_outside_scores,2.1857923497270508e-05
Q1J8A8,random,rate4site_deeptmhmm,,-0.0739
Q1J8A8,random,rate4site_deeptmhmm,min_outside_scores,-0.0739
Q1J8A8,random,rate4site_deeptmhmm,max_outside_scores,13.4538
Q1J8A8,random,rate4site_deeptmhmm,mean_outside_scores,2.1857923497270508e-05
Q1J8A8,random,rate4site_deeptmhmm,,-0.0739
Q1J8A8,random,rate4site_deeptmhmm,min_outside_scores,-0.0739
Q1J8A8,random,rate4site_deeptmhmm,max_outside_scores,13.4538
Q1JKZ0,random,rate4site_deeptmhmm,mean_outside_scores,3.669724770634668e-06
Q1JKZ0,random,rate4site_deeptmhmm,,-0.096
Q1JKZ0,random,rate4site_deeptmhmm,min_outside_scores,-0.096
Q1JKZ0,random,rate4site_deeptmhmm,max_outside_scores,10.3684
Q1JKZ0,random,rate4site_deeptmhmm,mean_outside_scores,3.669724770634668e-06
Q1JKZ0,random,rate4site_deeptmhmm,,-0.096
Q1JKZ0,random,rate4site_deeptmhmm,min_outside_scores,-0.096
Q1JKZ0,random,rate4site_deeptmhmm,max_outside_scores,10.3684
Q1JKZ0,random,rate4site_deeptmhmm,mean_outside_scores,3.669724770634668e-06
Q1JKZ0,random,rate4site_deeptmhmm,,-0.096
Q1JKZ0,random,rate4site_deeptmhmm,min_outside_scores,-0.096
Q1JKZ0,random,rate4site_deeptmhmm,max_outside_scores,10.3684
Q1JKZ0,random,rate4site_deeptmhmm,mean_outside_scores,3.669724770634668e-06
Q1JKZ0,random,rate4site_deeptmhmm,,-0.096
Q1JKZ0,random,rate4site_deeptmhmm,min_outside_scores,-0.096
Q1JKZ0,random,rate4site_deeptmhmm,max_outside_scores,10.3684
Q1JFM4,random,rate4site_deeptmhmm,mean_outside_scores,-3.216374269006054e-05
Q1JFM4,random,rate4site_deeptmhmm,,-0.1085
Q1JFM4,random,rate4site_deeptmhmm,min_outside_scores,-0.1085
Q1JFM4,random,rate4site_deeptmhmm,max_outside_scores,9.1655
Q1JFM4,random,rate4site_deeptmhmm,mean_outside_scores,-3.216374269006054e-05
Q1JFM4,random,rate4site_deeptmhmm,,-0.1085
Q1JFM4,random,rate4site_deeptmhmm,min_outside_scores,-0.1085
Q1JFM4,random,rate4site_deeptmhmm,max_outside_scores,9.1655
Q1JFM4,random,rate4site_deeptmhmm,mean_outside_scores,-3.216374269006054e-05
Q1JFM4,random,rate4site_deeptmhmm,,-0.1085
Q1JFM4,random,rate4site_deeptmhmm,min_outside_scores,-0.1085
Q1JFM4,random,rate4site_deeptmhmm,max_outside_scores,9.1655
P0DC12,random,rate4site_deeptmhmm,mean_outside_scores,-3.1391585760526555e-05
P0DC12,random,rate4site_deeptmhmm,,-0.2388
P0DC12,random,rate4site_deeptmhmm,min_outside_scores,-0.2388
P0DC12,random,rate4site_deeptmhmm,max_outside_scores,5.0141
P0DC12,random,rate4site_deeptmhmm,mean_outside_scores,-3.1391585760526555e-05
P0DC12,random,rate4site_deeptmhmm,,-0.2388
P0DC12,random,rate4site_deeptmhmm,min_outside_scores,-0.2388
P0DC12,random,rate4site_deeptmhmm,max_outside_scores,5.0141
P0DC12,random,rate4site_deeptmhmm,mean_outside_scores,-3.1391585760526555e-05
P0DC12,random,rate4site_deeptmhmm,,-0.2388
P0DC12,random,rate4site_deeptmhmm,min_outside_scores,-0.2388
P0DC12,random,rate4site_deeptmhmm,max_outside_scores,5.0141
P0DC12,random,rate4site_deeptmhmm,mean_outside_scores,-3.1391585760526555e-05
P0DC12,random,rate4site_deeptmhmm,,-0.2388
P0DC12,random,rate4site_deeptmhmm,min_outside_scores,-0.2388
P0DC12,random,rate4site_deeptmhmm,max_outside_scores,5.0141
P0DC12,random,rate4site_deeptmhmm,mean_outside_scores,-3.1391585760526555e-05
P0DC12,random,rate4site_deeptmhmm,,-0.2388
P0DC12,random,rate4site_deeptmhmm,min_outside_scores,-0.2388
P0DC12,random,rate4site_deeptmhmm,max_outside_scores,5.0141
Q48RU8,random,rate4site_deeptmhmm,mean_outside_scores,-3.420776495278607e-05
Q48RU8,random,rate4site_deeptmhmm,,-0.0562
Q48RU8,random,rate4site_deeptmhmm,min_outside_scores,-0.0562
Q48RU8,random,rate4site_deeptmhmm,max_outside_scores,17.7858
Q48RU8,random,rate4site_deeptmhmm,mean_outside_scores,-3.420776495278607e-05
Q48RU8,random,rate4site_deeptmhmm,,-0.0562
Q48RU8,random,rate4site_deeptmhmm,min_outside_scores,-0.0562
Q48RU8,random,rate4site_deeptmhmm,max_outside_scores,17.7858
Q48RU8,random,rate4site_deeptmhmm,mean_outside_scores,-3.420776495278607e-05
Q48RU8,random,rate4site_deeptmhmm,,-0.0562
Q48RU8,random,rate4site_deeptmhmm,min_outside_scores,-0.0562
Q48RU8,random,rate4site_deeptmhmm,max_outside_scores,17.7858
Q48RU8,random,rate4site_deeptmhmm,mean_outside_scores,-3.420776495278607e-05
Q48RU8,random,rate4site_deeptmhmm,,-0.0562
Q48RU8,random,rate4site_deeptmhmm,min_outside_scores,-0.0562
Q48RU8,random,rate4site_deeptmhmm,max_outside_scores,17.7858
Q48RU8,random,rate4site_deeptmhmm,mean_outside_scores,-3.420776495278607e-05
Q48RU8,random,rate4site_deeptmhmm,,-0.0562
Q48RU8,random,rate4site_deeptmhmm,min_outside_scores,-0.0562
Q48RU8,random,rate4site_deeptmhmm,max_outside_scores,17.7858
A2RG55,random,rate4site_deeptmhmm,mean_outside_scores,-4.1975308641967944e-05
A2RG55,random,rate4site_deeptmhmm,,-0.1115
A2RG55,random,rate4site_deeptmhmm,min_outside_scores,-0.1115
A2RG55,random,rate4site_deeptmhmm,max_outside_scores,8.9166
A2RG55,random,rate4site_deeptmhmm,mean_outside_scores,-0.021518936877076407
A2RG55,random,rate4site_deeptmhmm,,-0.1115
A2RG55,random,rate4site_deeptmhmm,min_outside_scores,-0.1115
A2RG55,random,rate4site_deeptmhmm,max_outside_scores,8.9166
A2RG55,random,rate4site_deeptmhmm,mean_outside_scores,-0.01400431965442764
A2RG55,random,rate4site_deeptmhmm,,-0.1115
A2RG55,random,rate4site_deeptmhmm,min_outside_scores,-0.1115
A2RG55,random,rate4site_deeptmhmm,max_outside_scores,8.9166
A2RG55,random,rate4site_deeptmhmm,mean_outside_scores,-0.010385279999999993
A2RG55,random,rate4site_deeptmhmm,,-0.1115
A2RG55,random,rate4site_deeptmhmm,min_outside_scores,-0.1115
A2RG55,random,rate4site_deeptmhmm,max_outside_scores,8.9166
A2RG55,random,rate4site_deeptmhmm,mean_outside_scores,-0.008256162642947897
A2RG55,random,rate4site_deeptmhmm,,-0.1115
A2RG55,random,rate4site_deeptmhmm,min_outside_scores,-0.1115
A2RG55,random,rate4site_deeptmhmm,max_outside_scores,8.9166
A2RGF2,random,rate4site_deeptmhmm,mean_outside_scores,-3.1391585760526555e-05
A2RGF2,random,rate4site_deeptmhmm,,-0.2388
A2RGF2,random,rate4site_deeptmhmm,min_outside_scores,-0.2388
A2RGF2,random,rate4site_deeptmhmm,max_outside_scores,5.0141
A2RGF2,random,rate4site_deeptmhmm,mean_outside_scores,-3.1391585760526555e-05
A2RGF2,random,rate4site_deeptmhmm,,-0.2388
A2RGF2,random,rate4site_deeptmhmm,min_outside_scores,-0.2388
A2RGF2,random,rate4site_deeptmhmm,max_outside_scores,5.0141
A2RGF2,random,rate4site_deeptmhmm,mean_outside_scores,-3.1391585760526555e-05
A2RGF2,random,rate4site_deeptmhmm,,-0.2388
A2RGF2,random,rate4site_deeptmhmm,min_outside_scores,-0.2388
A2RGF2,random,rate4site_deeptmhmm,max_outside_scores,5.0141
A2RGF2,random,rate4site_deeptmhmm,mean_outside_scores,-3.1391585760526555e-05
A2RGF2,random,rate4site_deeptmhmm,,-0.2388
A2RGF2,random,rate4site_deeptmhmm,min_outside_scores,-0.2388
A2RGF2,random,rate4site_deeptmhmm,max_outside_scores,5.0141
A2RGF2,random,rate4site_deeptmhmm,mean_outside_scores,-3.1391585760526555e-05
A2RGF2,random,rate4site_deeptmhmm,,-0.2388
A2RGF2,random,rate4site_deeptmhmm,min_outside_scores,-0.2388
A2RGF2,random,rate4site_deeptmhmm,max_outside_scores,5.0141
Q1J777,random,rate4site_deeptmhmm,mean_outside_scores,-2.970711297071801e-05
Q1J777,random,rate4site_deeptmhmm,,-0.1459
Q1J777,random,rate4site_deeptmhmm,min_outside_scores,-0.1459
Q1J777,random,rate4site_deeptmhmm,max_outside_scores,6.8267
Q1J777,random,rate4site_deeptmhmm,mean_outside_scores,-2.970711297071801e-05
Q1J777,random,rate4site_deeptmhmm,,-0.1459
Q1J777,random,rate4site_deeptmhmm,min_outside_scores,-0.1459
Q1J777,random,rate4site_deeptmhmm,max_outside_scores,6.8267
Q1J777,random,rate4site_deeptmhmm,mean_outside_scores,-2.970711297071801e-05
Q1J777,random,rate4site_deeptmhmm,,-0.1459
Q1J777,random,rate4site_deeptmhmm,min_outside_scores,-0.1459
Q1J777,random,rate4site_deeptmhmm,max_outside_scores,6.8267
Q1J777,random,rate4site_deeptmhmm,mean_outside_scores,0.00012303664921465296
Q1J777,random,rate4site_deeptmhmm,,-0.1459
Q1J777,random,rate4site_deeptmhmm,min_outside_scores,-0.1459
Q1J777,random,rate4site_deeptmhmm,max_outside_scores,6.8267
A2RF47,random,rate4site_deeptmhmm,mean_outside_scores,-1.5757575757593032e-05
A2RF47,random,rate4site_deeptmhmm,,-0.1574
A2RF47,random,rate4site_deeptmhmm,min_outside_scores,-0.1574
A2RF47,random,rate4site_deeptmhmm,max_outside_scores,6.3347
A2RF47,random,rate4site_deeptmhmm,mean_outside_scores,-1.5757575757593032e-05
A2RF47,random,rate4site_deeptmhmm,,-0.1574
A2RF47,random,rate4site_deeptmhmm,min_outside_scores,-0.1574
A2RF47,random,rate4site_deeptmhmm,max_outside_scores,6.3347
A2RF47,random,rate4site_deeptmhmm,mean_outside_scores,-1.5757575757593032e-05
A2RF47,random,rate4site_deeptmhmm,,-0.1574
A2RF47,random,rate4site_deeptmhmm,min_outside_scores,-0.1574
A2RF47,random,rate4site_deeptmhmm,max_outside_scores,6.3347
A2RF47,random,rate4site_deeptmhmm,mean_outside_scores,-1.5757575757593032e-05
A2RF47,random,rate4site_deeptmhmm,,-0.1574
A2RF47,random,rate4site_deeptmhmm,min_outside_scores,-0.1574
A2RF47,random,rate4site_deeptmhmm,max_outside_scores,6.3347
A2RF47,random,rate4site_deeptmhmm,mean_outside_scores,-1.5757575757593032e-05
A2RF47,random,rate4site_deeptmhmm,,-0.1574
A2RF47,random,rate4site_deeptmhmm,min_outside_scores,-0.1574
A2RF47,random,rate4site_deeptmhmm,max_outside_scores,6.3347
P0DA37,random,rate4site_deeptmhmm,mean_outside_scores,-3.1784841075768046e-06
P0DA37,random,rate4site_deeptmhmm,,-0.1318
P0DA37,random,rate4site_deeptmhmm,min_outside_scores,-0.1318
P0DA37,random,rate4site_deeptmhmm,max_outside_scores,7.5689
P0DA37,random,rate4site_deeptmhmm,mean_outside_scores,-3.1784841075768046e-06
P0DA37,random,rate4site_deeptmhmm,,-0.1318
P0DA37,random,rate4site_deeptmhmm,min_outside_scores,-0.1318
P0DA37,random,rate4site_deeptmhmm,max_outside_scores,7.5689
P0DA37,random,rate4site_deeptmhmm,mean_outside_scores,-3.1784841075768046e-06
P0DA37,random,rate4site_deeptmhmm,,-0.1318
P0DA37,random,rate4site_deeptmhmm,min_outside_scores,-0.1318
P0DA37,random,rate4site_deeptmhmm,max_outside_scores,7.5689
P0DA37,random,rate4site_deeptmhmm,mean_outside_scores,-3.1784841075768046e-06
P0DA37,random,rate4site_deeptmhmm,,-0.1318
P0DA37,random,rate4site_deeptmhmm,min_outside_scores,-0.1318
P0DA37,random,rate4site_deeptmhmm,max_outside_scores,7.5689
Q5X9J1,random,rate4site_deeptmhmm,mean_outside_scores,-3.86831275720186e-05
Q5X9J1,random,rate4site_deeptmhmm,,-0.2164
Q5X9J1,random,rate4site_deeptmhmm,min_outside_scores,-0.2164
Q5X9J1,random,rate4site_deeptmhmm,max_outside_scores,4.8978
Q5X9J1,random,rate4site_deeptmhmm,mean_outside_scores,-3.86831275720186e-05
Q5X9J1,random,rate4site_deeptmhmm,,-0.2164
Q5X9J1,random,rate4site_deeptmhmm,min_outside_scores,-0.2164
Q5X9J1,random,rate4site_deeptmhmm,max_outside_scores,4.8978
Q5X9J1,random,rate4site_deeptmhmm,mean_outside_scores,-3.86831275720186e-05
Q5X9J1,random,rate4site_deeptmhmm,,-0.2164
Q5X9J1,random,rate4site_deeptmhmm,min_outside_scores,-0.2164
Q5X9J1,random,rate4site_deeptmhmm,max_outside_scores,4.8978
Q5X9J1,random,rate4site_deeptmhmm,mean_outside_scores,-3.86831275720186e-05
Q5X9J1,random,rate4site_deeptmhmm,,-0.2164
Q5X9J1,random,rate4site_deeptmhmm,min_outside_scores,-0.2164
Q5X9J1,random,rate4site_deeptmhmm,max_outside_scores,4.8978
Q5X9J1,random,rate4site_deeptmhmm,mean_outside_scores,-3.86831275720186e-05
Q5X9J1,random,rate4site_deeptmhmm,,-0.2164
Q5X9J1,random,rate4site_deeptmhmm,min_outside_scores,-0.2164
Q5X9J1,random,rate4site_deeptmhmm,max_outside_scores,4.8978
P64065,random,rate4site_deeptmhmm,mean_outside_scores,4.1284403669729804e-05
P64065,random,rate4site_deeptmhmm,,-0.0831
P64065,random,rate4site_deeptmhmm,min_outside_scores,-0.0831
P64065,random,rate4site_deeptmhmm,max_outside_scores,12.0001
P64065,random,rate4site_deeptmhmm,mean_outside_scores,4.1284403669729804e-05
P64065,random,rate4site_deeptmhmm,,-0.0831
P64065,random,rate4site_deeptmhmm,min_outside_scores,-0.0831
P64065,random,rate4site_deeptmhmm,max_outside_scores,12.0001
P64065,random,rate4site_deeptmhmm,mean_outside_scores,4.1284403669729804e-05
P64065,random,rate4site_deeptmhmm,,-0.0831
P64065,random,rate4site_deeptmhmm,min_outside_scores,-0.0831
P64065,random,rate4site_deeptmhmm,max_outside_scores,12.0001
P64065,random,rate4site_deeptmhmm,mean_outside_scores,4.1284403669729804e-05
P64065,random,rate4site_deeptmhmm,,-0.0831
P64065,random,rate4site_deeptmhmm,min_outside_scores,-0.0831
P64065,random,rate4site_deeptmhmm,max_outside_scores,12.0001
P64065,random,rate4site_deeptmhmm,mean_outside_scores,4.1284403669729804e-05
P64065,random,rate4site_deeptmhmm,,-0.0831
P64065,random,rate4site_deeptmhmm,min_outside_scores,-0.0831
P64065,random,rate4site_deeptmhmm,max_outside_scores,12.0001
A2REG0,random,rate4site_deeptmhmm,mean_outside_scores,-8.745247148287272e-06
A2REG0,random,rate4site_deeptmhmm,,-0.2341
A2REG0,random,rate4site_deeptmhmm,min_outside_scores,-0.2341
A2REG0,random,rate4site_deeptmhmm,max_outside_scores,4.7137
A2REG0,random,rate4site_deeptmhmm,mean_outside_scores,-8.745247148287272e-06
A2REG0,random,rate4site_deeptmhmm,,-0.2341
A2REG0,random,rate4site_deeptmhmm,min_outside_scores,-0.2341
A2REG0,random,rate4site_deeptmhmm,max_outside_scores,4.7137
A2REG0,random,rate4site_deeptmhmm,mean_outside_scores,-8.745247148287272e-06
A2REG0,random,rate4site_deeptmhmm,,-0.2341
A2REG0,random,rate4site_deeptmhmm,min_outside_scores,-0.2341
A2REG0,random,rate4site_deeptmhmm,max_outside_scores,4.7137
A2REG0,random,rate4site_deeptmhmm,mean_outside_scores,-8.745247148287272e-06
A2REG0,random,rate4site_deeptmhmm,,-0.2341
A2REG0,random,rate4site_deeptmhmm,min_outside_scores,-0.2341
A2REG0,random,rate4site_deeptmhmm,max_outside_scores,4.7137
A2REG0,random,rate4site_deeptmhmm,mean_outside_scores,-8.745247148287272e-06
A2REG0,random,rate4site_deeptmhmm,,-0.2341
A2REG0,random,rate4site_deeptmhmm,min_outside_scores,-0.2341
A2REG0,random,rate4site_deeptmhmm,max_outside_scores,4.7137
B5XK72,random,rate4site_deeptmhmm,mean_outside_scores,4.9696969696977344e-05
B5XK72,random,rate4site_deeptmhmm,,-0.0778
B5XK72,random,rate4site_deeptmhmm,min_outside_scores,-0.0778
B5XK72,random,rate4site_deeptmhmm,max_outside_scores,12.7674
B5XK72,random,rate4site_deeptmhmm,mean_outside_scores,4.9696969696977344e-05
B5XK72,random,rate4site_deeptmhmm,,-0.0778
B5XK72,random,rate4site_deeptmhmm,min_outside_scores,-0.0778
B5XK72,random,rate4site_deeptmhmm,max_outside_scores,12.7674
B5XK72,random,rate4site_deeptmhmm,mean_outside_scores,4.9696969696977344e-05
B5XK72,random,rate4site_deeptmhmm,,-0.0778
B5XK72,random,rate4site_deeptmhmm,min_outside_scores,-0.0778
B5XK72,random,rate4site_deeptmhmm,max_outside_scores,12.7674
B5XK72,random,rate4site_deeptmhmm,mean_outside_scores,4.9696969696977344e-05
B5XK72,random,rate4site_deeptmhmm,,-0.0778
B5XK72,random,rate4site_deeptmhmm,min_outside_scores,-0.0778
B5XK72,random,rate4site_deeptmhmm,max_outside_scores,12.7674
Q8P109,random,rate4site_deeptmhmm,mean_outside_scores,-8.745247148287272e-06
Q8P109,random,rate4site_deeptmhmm,,-0.2341
Q8P109,random,rate4site_deeptmhmm,min_outside_scores,-0.2341
Q8P109,random,rate4site_deeptmhmm,max_outside_scores,4.7137
Q8P109,random,rate4site_deeptmhmm,mean_outside_scores,-8.745247148287272e-06
Q8P109,random,rate4site_deeptmhmm,,-0.2341
Q8P109,random,rate4site_deeptmhmm,min_outside_scores,-0.2341
Q8P109,random,rate4site_deeptmhmm,max_outside_scores,4.7137
Q8P109,random,rate4site_deeptmhmm,mean_outside_scores,-8.745247148287272e-06
Q8P109,random,rate4site_deeptmhmm,,-0.2341
Q8P109,random,rate4site_deeptmhmm,min_outside_scores,-0.2341
Q8P109,random,rate4site_deeptmhmm,max_outside_scores,4.7137
Q8P109,random,rate4site_deeptmhmm,mean_outside_scores,-8.745247148287272e-06
Q8P109,random,rate4site_deeptmhmm,,-0.2341
Q8P109,random,rate4site_deeptmhmm,min_outside_scores,-0.2341
Q8P109,random,rate4site_deeptmhmm,max_outside_scores,4.7137
Q8P109,random,rate4site_deeptmhmm,mean_outside_scores,-8.745247148287272e-06
Q8P109,random,rate4site_deeptmhmm,,-0.2341
Q8P109,random,rate4site_deeptmhmm,min_outside_scores,-0.2341
Q8P109,random,rate4site_deeptmhmm,max_outside_scores,4.7137
B5XK49,random,rate4site_deeptmhmm,mean_outside_scores,-1.8695652173914123e-05
B5XK49,random,rate4site_deeptmhmm,,-0.177
B5XK49,random,rate4site_deeptmhmm,min_outside_scores,-0.177
B5XK49,random,rate4site_deeptmhmm,max_outside_scores,5.6381
B5XK49,random,rate4site_deeptmhmm,mean_outside_scores,-1.8695652173914123e-05
B5XK49,random,rate4site_deeptmhmm,,-0.177
B5XK49,random,rate4site_deeptmhmm,min_outside_scores,-0.177
B5XK49,random,rate4site_deeptmhmm,max_outside_scores,5.6381
B5XK49,random,rate4site_deeptmhmm,mean_outside_scores,-1.8695652173914123e-05
B5XK49,random,rate4site_deeptmhmm,,-0.177
B5XK49,random,rate4site_deeptmhmm,min_outside_scores,-0.177
B5XK49,random,rate4site_deeptmhmm,max_outside_scores,5.6381
B5XK49,random,rate4site_deeptmhmm,mean_outside_scores,-1.8695652173914123e-05
B5XK49,random,rate4site_deeptmhmm,,-0.177
B5XK49,random,rate4site_deeptmhmm,min_outside_scores,-0.177
B5XK49,random,rate4site_deeptmhmm,max_outside_scores,5.6381
B5XK49,random,rate4site_deeptmhmm,mean_outside_scores,-1.8695652173914123e-05
B5XK49,random,rate4site_deeptmhmm,,-0.177
B5XK49,random,rate4site_deeptmhmm,min_outside_scores,-0.177
B5XK49,random,rate4site_deeptmhmm,max_outside_scores,5.6381
Q1JJZ6,random,rate4site_deeptmhmm,mean_outside_scores,3.274853801170236e-05
Q1JJZ6,random,rate4site_deeptmhmm,,-0.1901
Q1JJZ6,random,rate4site_deeptmhmm,min_outside_scores,-0.1901
Q1JJZ6,random,rate4site_deeptmhmm,max_outside_scores,5.2287
Q1JJZ6,random,rate4site_deeptmhmm,mean_outside_scores,3.274853801170236e-05
Q1JJZ6,random,rate4site_deeptmhmm,,-0.1901
Q1JJZ6,random,rate4site_deeptmhmm,min_outside_scores,-0.1901
Q1JJZ6,random,rate4site_deeptmhmm,max_outside_scores,5.2287
Q1JJZ6,random,rate4site_deeptmhmm,mean_outside_scores,3.274853801170236e-05
Q1JJZ6,random,rate4site_deeptmhmm,,-0.1901
Q1JJZ6,random,rate4site_deeptmhmm,min_outside_scores,-0.1901
Q1JJZ6,random,rate4site_deeptmhmm,max_outside_scores,5.2287
Q1JJZ6,random,rate4site_deeptmhmm,mean_outside_scores,3.274853801170236e-05
Q1JJZ6,random,rate4site_deeptmhmm,,-0.1901
Q1JJZ6,random,rate4site_deeptmhmm,min_outside_scores,-0.1901
Q1JJZ6,random,rate4site_deeptmhmm,max_outside_scores,5.2287
Q1JJZ6,random,rate4site_deeptmhmm,mean_outside_scores,3.274853801170236e-05
Q1JJZ6,random,rate4site_deeptmhmm,,-0.1901
Q1JJZ6,random,rate4site_deeptmhmm,min_outside_scores,-0.1901
Q1JJZ6,random,rate4site_deeptmhmm,max_outside_scores,5.2287
Q48U40,random,rate4site_deeptmhmm,mean_outside_scores,3.855721393033145e-05
Q48U40,random,rate4site_deeptmhmm,,-0.2033
Q48U40,random,rate4site_deeptmhmm,min_outside_scores,-0.2033
Q48U40,random,rate4site_deeptmhmm,max_outside_scores,4.9056
Q48U40,random,rate4site_deeptmhmm,mean_outside_scores,3.855721393033145e-05
Q48U40,random,rate4site_deeptmhmm,,-0.2033
Q48U40,random,rate4site_deeptmhmm,min_outside_scores,-0.2033
Q48U40,random,rate4site_deeptmhmm,max_outside_scores,4.9056
Q48U40,random,rate4site_deeptmhmm,mean_outside_scores,3.855721393033145e-05
Q48U40,random,rate4site_deeptmhmm,,-0.2033
Q48U40,random,rate4site_deeptmhmm,min_outside_scores,-0.2033
Q48U40,random,rate4site_deeptmhmm,max_outside_scores,4.9056
Q48U40,random,rate4site_deeptmhmm,mean_outside_scores,3.855721393033145e-05
Q48U40,random,rate4site_deeptmhmm,,-0.2033
Q48U40,random,rate4site_deeptmhmm,min_outside_scores,-0.2033
Q48U40,random,rate4site_deeptmhmm,max_outside_scores,4.9056
A2RFS6,random,rate4site_deeptmhmm,mean_outside_scores,1.3548387096791683e-05
A2RFS6,random,rate4site_deeptmhmm,,-0.4145
A2RFS6,random,rate4site_deeptmhmm,min_outside_scores,-0.527
A2RFS6,random,rate4site_deeptmhmm,max_outside_scores,2.4312
A2RFS6,random,rate4site_deeptmhmm,mean_outside_scores,1.3548387096791683e-05
A2RFS6,random,rate4site_deeptmhmm,,-0.4145
A2RFS6,random,rate4site_deeptmhmm,min_outside_scores,-0.527
A2RFS6,random,rate4site_deeptmhmm,max_outside_scores,2.4312
A2RFS6,random,rate4site_deeptmhmm,mean_outside_scores,1.3548387096791683e-05
A2RFS6,random,rate4site_deeptmhmm,,-0.4145
A2RFS6,random,rate4site_deeptmhmm,min_outside_scores,-0.527
A2RFS6,random,rate4site_deeptmhmm,max_outside_scores,2.4312
P0DE91,random,rate4site_deeptmhmm,mean_outside_scores,-6.451612903220747e-06
P0DE91,random,rate4site_deeptmhmm,,-0.3892
P0DE91,random,rate4site_deeptmhmm,min_outside_scores,-0.5065
P0DE91,random,rate4site_deeptmhmm,max_outside_scores,2.5808
P0DE91,random,rate4site_deeptmhmm,mean_outside_scores,-6.451612903220747e-06
P0DE91,random,rate4site_deeptmhmm,,-0.3892
P0DE91,random,rate4site_deeptmhmm,min_outside_scores,-0.5065
P0DE91,random,rate4site_deeptmhmm,max_outside_scores,2.5808
P0DE91,random,rate4site_deeptmhmm,mean_outside_scores,-6.451612903220747e-06
P0DE91,random,rate4site_deeptmhmm,,-0.3892
P0DE91,random,rate4site_deeptmhmm,min_outside_scores,-0.5065
P0DE91,random,rate4site_deeptmhmm,max_outside_scores,2.5808
Q48VX9,random,rate4site_deeptmhmm,mean_outside_scores,8.366533864540026e-06
Q48VX9,random,rate4site_deeptmhmm,,-0.3881
Q48VX9,random,rate4site_deeptmhmm,min_outside_scores,-0.5075
Q48VX9,random,rate4site_deeptmhmm,max_outside_scores,2.6346
Q48VX9,random,rate4site_deeptmhmm,mean_outside_scores,8.366533864540026e-06
Q48VX9,random,rate4site_deeptmhmm,,-0.3881
Q48VX9,random,rate4site_deeptmhmm,min_outside_scores,-0.5075
Q48VX9,random,rate4site_deeptmhmm,max_outside_scores,2.6346
Q48VX9,random,rate4site_deeptmhmm,mean_outside_scores,8.366533864540026e-06
Q48VX9,random,rate4site_deeptmhmm,,-0.3881
Q48VX9,random,rate4site_deeptmhmm,min_outside_scores,-0.5075
Q48VX9,random,rate4site_deeptmhmm,max_outside_scores,2.6346
Q5XDM4,random,rate4site_deeptmhmm,mean_outside_scores,2.8571428571420538e-05
Q5XDM4,random,rate4site_deeptmhmm,,-0.0714
Q5XDM4,random,rate4site_deeptmhmm,min_outside_scores,-0.0714
Q5XDM4,random,rate4site_deeptmhmm,max_outside_scores,13.9286
Q5XDM4,random,rate4site_deeptmhmm,mean_outside_scores,2.8571428571420538e-05
Q5XDM4,random,rate4site_deeptmhmm,,-0.0714
Q5XDM4,random,rate4site_deeptmhmm,min_outside_scores,-0.0714
Q5XDM4,random,rate4site_deeptmhmm,max_outside_scores,13.9286
Q5XDM4,random,rate4site_deeptmhmm,mean_outside_scores,2.8571428571420538e-05
Q5XDM4,random,rate4site_deeptmhmm,,-0.0714
Q5XDM4,random,rate4site_deeptmhmm,min_outside_scores,-0.0714
Q5XDM4,random,rate4site_deeptmhmm,max_outside_scores,13.9286
Q5XDM4,random,rate4site_deeptmhmm,mean_outside_scores,2.8571428571420538e-05
Q5XDM4,random,rate4site_deeptmhmm,,-0.0714
Q5XDM4,random,rate4site_deeptmhmm,min_outside_scores,-0.0714
Q5XDM4,random,rate4site_deeptmhmm,max_outside_scores,13.9286
Q8P1D1,random,rate4site_deeptmhmm,mean_outside_scores,1.935483870968061e-05
Q8P1D1,random,rate4site_deeptmhmm,,-0.0848
Q8P1D1,random,rate4site_deeptmhmm,min_outside_scores,-0.0848
Q8P1D1,random,rate4site_deeptmhmm,max_outside_scores,11.7475
Q8P1D1,random,rate4site_deeptmhmm,mean_outside_scores,1.935483870968061e-05
Q8P1D1,random,rate4site_deeptmhmm,,-0.0848
Q8P1D1,random,rate4site_deeptmhmm,min_outside_scores,-0.0848
Q8P1D1,random,rate4site_deeptmhmm,max_outside_scores,11.7475
Q8P1D1,random,rate4site_deeptmhmm,mean_outside_scores,1.935483870968061e-05
Q8P1D1,random,rate4site_deeptmhmm,,-0.0848
Q8P1D1,random,rate4site_deeptmhmm,min_outside_scores,-0.0848
Q8P1D1,random,rate4site_deeptmhmm,max_outside_scores,11.7475
P0DA05,random,rate4site_deeptmhmm,mean_outside_scores,4.188034188033922e-05
P0DA05,random,rate4site_deeptmhmm,,-0.0654
P0DA05,random,rate4site_deeptmhmm,min_outside_scores,-0.0654
P0DA05,random,rate4site_deeptmhmm,max_outside_scores,15.248
P0DA05,random,rate4site_deeptmhmm,mean_outside_scores,4.188034188033922e-05
P0DA05,random,rate4site_deeptmhmm,,-0.0654
P0DA05,random,rate4site_deeptmhmm,min_outside_scores,-0.0654
P0DA05,random,rate4site_deeptmhmm,max_outside_scores,15.248
P0DA05,random,rate4site_deeptmhmm,mean_outside_scores,4.188034188033922e-05
P0DA05,random,rate4site_deeptmhmm,,-0.0654
P0DA05,random,rate4site_deeptmhmm,min_outside_scores,-0.0654
P0DA05,random,rate4site_deeptmhmm,max_outside_scores,15.248
P0DA05,random,rate4site_deeptmhmm,mean_outside_scores,4.188034188033922e-05
P0DA05,random,rate4site_deeptmhmm,,-0.0654
P0DA05,random,rate4site_deeptmhmm,min_outside_scores,-0.0654
P0DA05,random,rate4site_deeptmhmm,max_outside_scores,15.248
Q5XAZ0,random,rate4site_deeptmhmm,mean_outside_scores,3.7802072310856555e-17
Q5XAZ0,random,rate4site_deeptmhmm,,-0.4231
Q5XAZ0,random,rate4site_deeptmhmm,min_outside_scores,-0.5339
Q5XAZ0,random,rate4site_deeptmhmm,max_outside_scores,2.3812
Q5XAZ0,random,rate4site_deeptmhmm,mean_outside_scores,3.7802072310856555e-17
Q5XAZ0,random,rate4site_deeptmhmm,,-0.4231
Q5XAZ0,random,rate4site_deeptmhmm,min_outside_scores,-0.5339
Q5XAZ0,random,rate4site_deeptmhmm,max_outside_scores,2.3812
Q5XAZ0,random,rate4site_deeptmhmm,mean_outside_scores,3.7802072310856555e-17
Q5XAZ0,random,rate4site_deeptmhmm,,-0.4231
Q5XAZ0,random,rate4site_deeptmhmm,min_outside_scores,-0.5339
Q5XAZ0,random,rate4site_deeptmhmm,max_outside_scores,2.3812
Q5X9I4,random,rate4site_deeptmhmm,mean_outside_scores,-2.3762376237608506e-05
Q5X9I4,random,rate4site_deeptmhmm,,-0.3544
Q5X9I4,random,rate4site_deeptmhmm,min_outside_scores,-0.4822
Q5X9I4,random,rate4site_deeptmhmm,max_outside_scores,2.8803
Q5X9I4,random,rate4site_deeptmhmm,mean_outside_scores,-2.3762376237608506e-05
Q5X9I4,random,rate4site_deeptmhmm,,-0.3544
Q5X9I4,random,rate4site_deeptmhmm,min_outside_scores,-0.4822
Q5X9I4,random,rate4site_deeptmhmm,max_outside_scores,2.8803
Q5X9I4,random,rate4site_deeptmhmm,mean_outside_scores,-2.3762376237608506e-05
Q5X9I4,random,rate4site_deeptmhmm,,-0.3544
Q5X9I4,random,rate4site_deeptmhmm,min_outside_scores,-0.4822
Q5X9I4,random,rate4site_deeptmhmm,max_outside_scores,2.8803
Q1JDW9,random,rate4site_deeptmhmm,mean_outside_scores,3.2696390658181544e-05
Q1JDW9,random,rate4site_deeptmhmm,,-0.0652
Q1JDW9,random,rate4site_deeptmhmm,min_outside_scores,-0.0652
Q1JDW9,random,rate4site_deeptmhmm,max_outside_scores,15.2971
Q1JDW9,random,rate4site_deeptmhmm,mean_outside_scores,3.2696390658181544e-05
Q1JDW9,random,rate4site_deeptmhmm,,-0.0652
Q1JDW9,random,rate4site_deeptmhmm,min_outside_scores,-0.0652
Q1JDW9,random,rate4site_deeptmhmm,max_outside_scores,15.2971
Q1JDW9,random,rate4site_deeptmhmm,mean_outside_scores,3.2696390658181544e-05
Q1JDW9,random,rate4site_deeptmhmm,,-0.0652
Q1JDW9,random,rate4site_deeptmhmm,min_outside_scores,-0.0652
Q1JDW9,random,rate4site_deeptmhmm,max_outside_scores,15.2971
Q1JDW9,random,rate4site_deeptmhmm,mean_outside_scores,3.2696390658181544e-05
Q1JDW9,random,rate4site_deeptmhmm,,-0.0652
Q1JDW9,random,rate4site_deeptmhmm,min_outside_scores,-0.0652
Q1JDW9,random,rate4site_deeptmhmm,max_outside_scores,15.2971
Q5XD71,random,rate4site_deeptmhmm,mean_outside_scores,1.3548387096791683e-05
Q5XD71,random,rate4site_deeptmhmm,,-0.4145
Q5XD71,random,rate4site_deeptmhmm,min_outside_scores,-0.527
Q5XD71,random,rate4site_deeptmhmm,max_outside_scores,2.4312
Q5XD71,random,rate4site_deeptmhmm,mean_outside_scores,1.3548387096791683e-05
Q5XD71,random,rate4site_deeptmhmm,,-0.4145
Q5XD71,random,rate4site_deeptmhmm,min_outside_scores,-0.527
Q5XD71,random,rate4site_deeptmhmm,max_outside_scores,2.4312
Q5XD71,random,rate4site_deeptmhmm,mean_outside_scores,1.3548387096791683e-05
Q5XD71,random,rate4site_deeptmhmm,,-0.4145
Q5XD71,random,rate4site_deeptmhmm,min_outside_scores,-0.527
Q5XD71,random,rate4site_deeptmhmm,max_outside_scores,2.4312
Q8P1C8,random,rate4site_deeptmhmm,mean_outside_scores,-3.567839195980023e-05
Q8P1C8,random,rate4site_deeptmhmm,,-0.1429
Q8P1C8,random,rate4site_deeptmhmm,min_outside_scores,-0.1429
Q8P1C8,random,rate4site_deeptmhmm,max_outside_scores,6.9646
Q8P1C8,random,rate4site_deeptmhmm,mean_outside_scores,-3.567839195980023e-05
Q8P1C8,random,rate4site_deeptmhmm,,-0.1429
Q8P1C8,random,rate4site_deeptmhmm,min_outside_scores,-0.1429
Q8P1C8,random,rate4site_deeptmhmm,max_outside_scores,6.9646
Q8P1C8,random,rate4site_deeptmhmm,mean_outside_scores,-3.567839195980023e-05
Q8P1C8,random,rate4site_deeptmhmm,,-0.1429
Q8P1C8,random,rate4site_deeptmhmm,min_outside_scores,-0.1429
Q8P1C8,random,rate4site_deeptmhmm,max_outside_scores,6.9646
Q8P1C8,random,rate4site_deeptmhmm,mean_outside_scores,-3.567839195980023e-05
Q8P1C8,random,rate4site_deeptmhmm,,-0.1429
Q8P1C8,random,rate4site_deeptmhmm,min_outside_scores,-0.1429
Q8P1C8,random,rate4site_deeptmhmm,max_outside_scores,6.9646
Q8P1C8,random,rate4site_deeptmhmm,mean_outside_scores,-3.567839195980023e-05
Q8P1C8,random,rate4site_deeptmhmm,,-0.1429
Q8P1C8,random,rate4site_deeptmhmm,min_outside_scores,-0.1429
Q8P1C8,random,rate4site_deeptmhmm,max_outside_scores,6.9646
P0DG83,random,rate4site_deeptmhmm,mean_outside_scores,-3.535353535354239e-05
P0DG83,random,rate4site_deeptmhmm,,-0.1429
P0DG83,random,rate4site_deeptmhmm,min_outside_scores,-0.1429
P0DG83,random,rate4site_deeptmhmm,max_outside_scores,6.9289
P0DG83,random,rate4site_deeptmhmm,mean_outside_scores,-3.535353535354239e-05
P0DG83,random,rate4site_deeptmhmm,,-0.1429
P0DG83,random,rate4site_deeptmhmm,min_outside_scores,-0.1429
P0DG83,random,rate4site_deeptmhmm,max_outside_scores,6.9289
P0DG83,random,rate4site_deeptmhmm,mean_outside_scores,-3.535353535354239e-05
P0DG83,random,rate4site_deeptmhmm,,-0.1429
P0DG83,random,rate4site_deeptmhmm,min_outside_scores,-0.1429
P0DG83,random,rate4site_deeptmhmm,max_outside_scores,6.9289
P0DG83,random,rate4site_deeptmhmm,mean_outside_scores,-3.535353535354239e-05
P0DG83,random,rate4site_deeptmhmm,,-0.1429
P0DG83,random,rate4site_deeptmhmm,min_outside_scores,-0.1429
P0DG83,random,rate4site_deeptmhmm,max_outside_scores,6.9289
P0DG83,random,rate4site_deeptmhmm,mean_outside_scores,-3.535353535354239e-05
P0DG83,random,rate4site_deeptmhmm,,-0.1429
P0DG83,random,rate4site_deeptmhmm,min_outside_scores,-0.1429
P0DG83,random,rate4site_deeptmhmm,max_outside_scores,6.9289
P0CZ88,random,rate4site_deeptmhmm,mean_outside_scores,1.555994390573136e-17
P0CZ88,random,rate4site_deeptmhmm,,-0.1238
P0CZ88,random,rate4site_deeptmhmm,min_outside_scores,-0.1238
P0CZ88,random,rate4site_deeptmhmm,max_outside_scores,8.047
P0CZ88,random,rate4site_deeptmhmm,mean_outside_scores,1.555994390573136e-17
P0CZ88,random,rate4site_deeptmhmm,,-0.1238
P0CZ88,random,rate4site_deeptmhmm,min_outside_scores,-0.1238
P0CZ88,random,rate4site_deeptmhmm,max_outside_scores,8.047
P0CZ88,random,rate4site_deeptmhmm,mean_outside_scores,1.555994390573136e-17
P0CZ88,random,rate4site_deeptmhmm,,-0.1238
P0CZ88,random,rate4site_deeptmhmm,min_outside_scores,-0.1238
P0CZ88,random,rate4site_deeptmhmm,max_outside_scores,8.047
P0CZ88,random,rate4site_deeptmhmm,mean_outside_scores,1.555994390573136e-17
P0CZ88,random,rate4site_deeptmhmm,,-0.1238
P0CZ88,random,rate4site_deeptmhmm,min_outside_scores,-0.1238
P0CZ88,random,rate4site_deeptmhmm,max_outside_scores,8.047
Q1J8D8,random,rate4site_deeptmhmm,mean_outside_scores,2.2784810126583283e-05
Q1J8D8,random,rate4site_deeptmhmm,,-0.1608
Q1J8D8,random,rate4site_deeptmhmm,min_outside_scores,-0.1608
Q1J8D8,random,rate4site_deeptmhmm,max_outside_scores,6.1917
Q1J8D8,random,rate4site_deeptmhmm,mean_outside_scores,2.2784810126583283e-05
Q1J8D8,random,rate4site_deeptmhmm,,-0.1608
Q1J8D8,random,rate4site_deeptmhmm,min_outside_scores,-0.1608
Q1J8D8,random,rate4site_deeptmhmm,max_outside_scores,6.1917
Q1J8D8,random,rate4site_deeptmhmm,mean_outside_scores,2.2784810126583283e-05
Q1J8D8,random,rate4site_deeptmhmm,,-0.1608
Q1J8D8,random,rate4site_deeptmhmm,min_outside_scores,-0.1608
Q1J8D8,random,rate4site_deeptmhmm,max_outside_scores,6.1917
Q1J8D8,random,rate4site_deeptmhmm,mean_outside_scores,2.2784810126583283e-05
Q1J8D8,random,rate4site_deeptmhmm,,-0.1608
Q1J8D8,random,rate4site_deeptmhmm,min_outside_scores,-0.1608
Q1J8D8,random,rate4site_deeptmhmm,max_outside_scores,6.1917
Q1J8D8,random,rate4site_deeptmhmm,mean_outside_scores,2.2784810126583283e-05
Q1J8D8,random,rate4site_deeptmhmm,,-0.1608
Q1J8D8,random,rate4site_deeptmhmm,min_outside_scores,-0.1608
Q1J8D8,random,rate4site_deeptmhmm,max_outside_scores,6.1917
Q1JA49,random,rate4site_deeptmhmm,mean_outside_scores,2.7966101694911704e-05
Q1JA49,random,rate4site_deeptmhmm,,-0.1608
Q1JA49,random,rate4site_deeptmhmm,min_outside_scores,-0.1608
Q1JA49,random,rate4site_deeptmhmm,max_outside_scores,6.1651
Q1JA49,random,rate4site_deeptmhmm,mean_outside_scores,2.7966101694911704e-05
Q1JA49,random,rate4site_deeptmhmm,,-0.1608
Q1JA49,random,rate4site_deeptmhmm,min_outside_scores,-0.1608
Q1JA49,random,rate4site_deeptmhmm,max_outside_scores,6.1651
Q1JA49,random,rate4site_deeptmhmm,mean_outside_scores,2.7966101694911704e-05
Q1JA49,random,rate4site_deeptmhmm,,-0.1608
Q1JA49,random,rate4site_deeptmhmm,min_outside_scores,-0.1608
Q1JA49,random,rate4site_deeptmhmm,max_outside_scores,6.1651
Q1JA49,random,rate4site_deeptmhmm,mean_outside_scores,2.7966101694911704e-05
Q1JA49,random,rate4site_deeptmhmm,,-0.1608
Q1JA49,random,rate4site_deeptmhmm,min_outside_scores,-0.1608
Q1JA49,random,rate4site_deeptmhmm,max_outside_scores,6.1651
Q1JB44,random,rate4site_deeptmhmm,mean_outside_scores,1.288343558281096e-05
Q1JB44,random,rate4site_deeptmhmm,,-0.1111
Q1JB44,random,rate4site_deeptmhmm,min_outside_scores,-0.1111
Q1JB44,random,rate4site_deeptmhmm,max_outside_scores,8.9446
Q1JB44,random,rate4site_deeptmhmm,mean_outside_scores,1.288343558281096e-05
Q1JB44,random,rate4site_deeptmhmm,,-0.1111
Q1JB44,random,rate4site_deeptmhmm,min_outside_scores,-0.1111
Q1JB44,random,rate4site_deeptmhmm,max_outside_scores,8.9446
Q1JB44,random,rate4site_deeptmhmm,mean_outside_scores,1.288343558281096e-05
Q1JB44,random,rate4site_deeptmhmm,,-0.1111
Q1JB44,random,rate4site_deeptmhmm,min_outside_scores,-0.1111
Q1JB44,random,rate4site_deeptmhmm,max_outside_scores,8.9446
Q1JB44,random,rate4site_deeptmhmm,mean_outside_scores,1.288343558281096e-05
Q1JB44,random,rate4site_deeptmhmm,,-0.1111
Q1JB44,random,rate4site_deeptmhmm,min_outside_scores,-0.1111
Q1JB44,random,rate4site_deeptmhmm,max_outside_scores,8.9446
Q1JB44,random,rate4site_deeptmhmm,mean_outside_scores,1.288343558281096e-05
Q1JB44,random,rate4site_deeptmhmm,,-0.1111
Q1JB44,random,rate4site_deeptmhmm,min_outside_scores,-0.1111
Q1JB44,random,rate4site_deeptmhmm,max_outside_scores,8.9446
P65783,random,rate4site_deeptmhmm,mean_outside_scores,-2.733812949640606e-05
P65783,random,rate4site_deeptmhmm,,-0.085
P65783,random,rate4site_deeptmhmm,min_outside_scores,-0.085
P65783,random,rate4site_deeptmhmm,max_outside_scores,11.7262
P65783,random,rate4site_deeptmhmm,mean_outside_scores,-2.733812949640606e-05
P65783,random,rate4site_deeptmhmm,,-0.085
P65783,random,rate4site_deeptmhmm,min_outside_scores,-0.085
P65783,random,rate4site_deeptmhmm,max_outside_scores,11.7262
P65783,random,rate4site_deeptmhmm,mean_outside_scores,-2.733812949640606e-05
P65783,random,rate4site_deeptmhmm,,-0.085
P65783,random,rate4site_deeptmhmm,min_outside_scores,-0.085
P65783,random,rate4site_deeptmhmm,max_outside_scores,11.7262
P65783,random,rate4site_deeptmhmm,mean_outside_scores,-2.733812949640606e-05
P65783,random,rate4site_deeptmhmm,,-0.085
P65783,random,rate4site_deeptmhmm,min_outside_scores,-0.085
P65783,random,rate4site_deeptmhmm,max_outside_scores,11.7262
P67255,random,rate4site_deeptmhmm,mean_outside_scores,9.090909090890932e-06
P67255,random,rate4site_deeptmhmm,,-0.4424
P67255,random,rate4site_deeptmhmm,min_outside_scores,-0.5529
P67255,random,rate4site_deeptmhmm,max_outside_scores,2.3529
P67255,random,rate4site_deeptmhmm,mean_outside_scores,9.090909090890932e-06
P67255,random,rate4site_deeptmhmm,,-0.4424
P67255,random,rate4site_deeptmhmm,min_outside_scores,-0.5529
P67255,random,rate4site_deeptmhmm,max_outside_scores,2.3529
P67255,random,rate4site_deeptmhmm,mean_outside_scores,9.090909090890932e-06
P67255,random,rate4site_deeptmhmm,,-0.4424
P67255,random,rate4site_deeptmhmm,min_outside_scores,-0.5529
P67255,random,rate4site_deeptmhmm,max_outside_scores,2.3529
P69882,random,rate4site_deeptmhmm,mean_outside_scores,-3.962264150943968e-05
P69882,random,rate4site_deeptmhmm,,-0.0974
P69882,random,rate4site_deeptmhmm,min_outside_scores,-0.0974
P69882,random,rate4site_deeptmhmm,max_outside_scores,10.2228
P69882,random,rate4site_deeptmhmm,mean_outside_scores,-3.962264150943968e-05
P69882,random,rate4site_deeptmhmm,,-0.0974
P69882,random,rate4site_deeptmhmm,min_outside_scores,-0.0974
P69882,random,rate4site_deeptmhmm,max_outside_scores,10.2228
P69882,random,rate4site_deeptmhmm,mean_outside_scores,-3.962264150943968e-05
P69882,random,rate4site_deeptmhmm,,-0.0974
P69882,random,rate4site_deeptmhmm,min_outside_scores,-0.0974
P69882,random,rate4site_deeptmhmm,max_outside_scores,10.2228
P69882,random,rate4site_deeptmhmm,mean_outside_scores,7.53246753246696e-05
P69882,random,rate4site_deeptmhmm,,-0.0974
P69882,random,rate4site_deeptmhmm,min_outside_scores,-0.0974
P69882,random,rate4site_deeptmhmm,max_outside_scores,10.2228
Q5XEK9,random,rate4site_deeptmhmm,mean_outside_scores,8.366533864540026e-06
Q5XEK9,random,rate4site_deeptmhmm,,-0.3881
Q5XEK9,random,rate4site_deeptmhmm,min_outside_scores,-0.5075
Q5XEK9,random,rate4site_deeptmhmm,max_outside_scores,2.6346
Q5XEK9,random,rate4site_deeptmhmm,mean_outside_scores,8.366533864540026e-06
Q5XEK9,random,rate4site_deeptmhmm,,-0.3881
Q5XEK9,random,rate4site_deeptmhmm,min_outside_scores,-0.5075
Q5XEK9,random,rate4site_deeptmhmm,max_outside_scores,2.6346
Q5XEK9,random,rate4site_deeptmhmm,mean_outside_scores,8.366533864540026e-06
Q5XEK9,random,rate4site_deeptmhmm,,-0.3881
Q5XEK9,random,rate4site_deeptmhmm,min_outside_scores,-0.5075
Q5XEK9,random,rate4site_deeptmhmm,max_outside_scores,2.6346
Q1JKN7,random,rate4site_deeptmhmm,mean_outside_scores,-4.249999999999081e-05
Q1JKN7,random,rate4site_deeptmhmm,,-0.1122
Q1JKN7,random,rate4site_deeptmhmm,min_outside_scores,-0.1122
Q1JKN7,random,rate4site_deeptmhmm,max_outside_scores,8.8604
Q1JKN7,random,rate4site_deeptmhmm,mean_outside_scores,-4.249999999999081e-05
Q1JKN7,random,rate4site_deeptmhmm,,-0.1122
Q1JKN7,random,rate4site_deeptmhmm,min_outside_scores,-0.1122
Q1JKN7,random,rate4site_deeptmhmm,max_outside_scores,8.8604
Q1JKN7,random,rate4site_deeptmhmm,mean_outside_scores,-4.249999999999081e-05
Q1JKN7,random,rate4site_deeptmhmm,,-0.1122
Q1JKN7,random,rate4site_deeptmhmm,min_outside_scores,-0.1122
Q1JKN7,random,rate4site_deeptmhmm,max_outside_scores,8.8604
Q1JKN7,random,rate4site_deeptmhmm,mean_outside_scores,-4.249999999999081e-05
Q1JKN7,random,rate4site_deeptmhmm,,-0.1122
Q1JKN7,random,rate4site_deeptmhmm,min_outside_scores,-0.1122
Q1JKN7,random,rate4site_deeptmhmm,max_outside_scores,8.8604
Q1JKN7,random,rate4site_deeptmhmm,mean_outside_scores,-4.249999999999081e-05
Q1JKN7,random,rate4site_deeptmhmm,,-0.1122
Q1JKN7,random,rate4site_deeptmhmm,min_outside_scores,-0.1122
Q1JKN7,random,rate4site_deeptmhmm,max_outside_scores,8.8604
P0DG21,random,rate4site_deeptmhmm,mean_outside_scores,0.0026426778242677916
P0DG21,random,rate4site_deeptmhmm,,-0.1588
P0DG21,random,rate4site_deeptmhmm,min_outside_scores,-0.1588
P0DG21,random,rate4site_deeptmhmm,max_outside_scores,6.272
P0DG21,random,rate4site_deeptmhmm,mean_outside_scores,0.0026426778242677916
P0DG21,random,rate4site_deeptmhmm,,-0.1588
P0DG21,random,rate4site_deeptmhmm,min_outside_scores,-0.1588
P0DG21,random,rate4site_deeptmhmm,max_outside_scores,6.272
P0DG21,random,rate4site_deeptmhmm,mean_outside_scores,0.0017470180305131854
P0DG21,random,rate4site_deeptmhmm,,-0.1588
P0DG21,random,rate4site_deeptmhmm,min_outside_scores,-0.1588
P0DG21,random,rate4site_deeptmhmm,max_outside_scores,6.272
P0DG21,random,rate4site_deeptmhmm,mean_outside_scores,0.001302904564315362
P0DG21,random,rate4site_deeptmhmm,,-0.1588
P0DG21,random,rate4site_deeptmhmm,min_outside_scores,-0.1588
P0DG21,random,rate4site_deeptmhmm,max_outside_scores,6.272
Q5XA61,random,rate4site_deeptmhmm,mean_outside_scores,-3.749999999999674e-05
Q5XA61,random,rate4site_deeptmhmm,,-0.1021
Q5XA61,random,rate4site_deeptmhmm,min_outside_scores,-0.1021
Q5XA61,random,rate4site_deeptmhmm,max_outside_scores,9.6959
Q5XA61,random,rate4site_deeptmhmm,mean_outside_scores,-3.749999999999674e-05
Q5XA61,random,rate4site_deeptmhmm,,-0.1021
Q5XA61,random,rate4site_deeptmhmm,min_outside_scores,-0.1021
Q5XA61,random,rate4site_deeptmhmm,max_outside_scores,9.6959
Q5XA61,random,rate4site_deeptmhmm,mean_outside_scores,-3.749999999999674e-05
Q5XA61,random,rate4site_deeptmhmm,,-0.1021
Q5XA61,random,rate4site_deeptmhmm,min_outside_scores,-0.1021
Q5XA61,random,rate4site_deeptmhmm,max_outside_scores,9.6959
Q5XA61,random,rate4site_deeptmhmm,mean_outside_scores,-3.749999999999674e-05
Q5XA61,random,rate4site_deeptmhmm,,-0.1021
Q5XA61,random,rate4site_deeptmhmm,min_outside_scores,-0.1021
Q5XA61,random,rate4site_deeptmhmm,max_outside_scores,9.6959
P65245,random,rate4site_deeptmhmm,mean_outside_scores,2.9687500000001284e-05
P65245,random,rate4site_deeptmhmm,,-0.0971
P65245,random,rate4site_deeptmhmm,min_outside_scores,-0.0971
P65245,random,rate4site_deeptmhmm,max_outside_scores,10.2634
P65245,random,rate4site_deeptmhmm,mean_outside_scores,2.9687500000001284e-05
P65245,random,rate4site_deeptmhmm,,-0.0971
P65245,random,rate4site_deeptmhmm,min_outside_scores,-0.0971
P65245,random,rate4site_deeptmhmm,max_outside_scores,10.2634
P65245,random,rate4site_deeptmhmm,mean_outside_scores,2.9687500000001284e-05
P65245,random,rate4site_deeptmhmm,,-0.0971
P65245,random,rate4site_deeptmhmm,min_outside_scores,-0.0971
P65245,random,rate4site_deeptmhmm,max_outside_scores,10.2634
P65245,random,rate4site_deeptmhmm,mean_outside_scores,2.9687500000001284e-05
P65245,random,rate4site_deeptmhmm,,-0.0971
P65245,random,rate4site_deeptmhmm,min_outside_scores,-0.0971
P65245,random,rate4site_deeptmhmm,max_outside_scores,10.2634
Q1JHF5,random,rate4site_deeptmhmm,mean_outside_scores,-1.5757575757593032e-05
Q1JHF5,random,rate4site_deeptmhmm,,-0.1574
Q1JHF5,random,rate4site_deeptmhmm,min_outside_scores,-0.1574
Q1JHF5,random,rate4site_deeptmhmm,max_outside_scores,6.3347
Q1JHF5,random,rate4site_deeptmhmm,mean_outside_scores,-1.5757575757593032e-05
Q1JHF5,random,rate4site_deeptmhmm,,-0.1574
Q1JHF5,random,rate4site_deeptmhmm,min_outside_scores,-0.1574
Q1JHF5,random,rate4site_deeptmhmm,max_outside_scores,6.3347
Q1JHF5,random,rate4site_deeptmhmm,mean_outside_scores,-1.5757575757593032e-05
Q1JHF5,random,rate4site_deeptmhmm,,-0.1574
Q1JHF5,random,rate4site_deeptmhmm,min_outside_scores,-0.1574
Q1JHF5,random,rate4site_deeptmhmm,max_outside_scores,6.3347
Q1JHF5,random,rate4site_deeptmhmm,mean_outside_scores,-1.5757575757593032e-05
Q1JHF5,random,rate4site_deeptmhmm,,-0.1574
Q1JHF5,random,rate4site_deeptmhmm,min_outside_scores,-0.1574
Q1JHF5,random,rate4site_deeptmhmm,max_outside_scores,6.3347
Q1JHF5,random,rate4site_deeptmhmm,mean_outside_scores,-1.5757575757593032e-05
Q1JHF5,random,rate4site_deeptmhmm,,-0.1574
Q1JHF5,random,rate4site_deeptmhmm,min_outside_scores,-0.1574
Q1JHF5,random,rate4site_deeptmhmm,max_outside_scores,6.3347
P0DG67,random,rate4site_deeptmhmm,mean_outside_scores,1.935483870968061e-05
P0DG67,random,rate4site_deeptmhmm,,-0.0848
P0DG67,random,rate4site_deeptmhmm,min_outside_scores,-0.0848
P0DG67,random,rate4site_deeptmhmm,max_outside_scores,11.7475
P0DG67,random,rate4site_deeptmhmm,mean_outside_scores,1.935483870968061e-05
P0DG67,random,rate4site_deeptmhmm,,-0.0848
P0DG67,random,rate4site_deeptmhmm,min_outside_scores,-0.0848
P0DG67,random,rate4site_deeptmhmm,max_outside_scores,11.7475
P0DG67,random,rate4site_deeptmhmm,mean_outside_scores,1.935483870968061e-05
P0DG67,random,rate4site_deeptmhmm,,-0.0848
P0DG67,random,rate4site_deeptmhmm,min_outside_scores,-0.0848
P0DG67,random,rate4site_deeptmhmm,max_outside_scores,11.7475
Q48QT6,random,rate4site_deeptmhmm,mean_outside_scores,2.878965922444988e-05
Q48QT6,random,rate4site_deeptmhmm,,-0.151
Q48QT6,random,rate4site_deeptmhmm,min_outside_scores,-0.151
Q48QT6,random,rate4site_deeptmhmm,max_outside_scores,6.6135
Q48QT6,random,rate4site_deeptmhmm,mean_outside_scores,2.878965922444988e-05
Q48QT6,random,rate4site_deeptmhmm,,-0.151
Q48QT6,random,rate4site_deeptmhmm,min_outside_scores,-0.151
Q48QT6,random,rate4site_deeptmhmm,max_outside_scores,6.6135
Q48QT6,random,rate4site_deeptmhmm,mean_outside_scores,2.878965922444988e-05
Q48QT6,random,rate4site_deeptmhmm,,-0.151
Q48QT6,random,rate4site_deeptmhmm,min_outside_scores,-0.151
Q48QT6,random,rate4site_deeptmhmm,max_outside_scores,6.6135
Q48QT6,random,rate4site_deeptmhmm,mean_outside_scores,2.878965922444988e-05
Q48QT6,random,rate4site_deeptmhmm,,-0.151
Q48QT6,random,rate4site_deeptmhmm,min_outside_scores,-0.151
Q48QT6,random,rate4site_deeptmhmm,max_outside_scores,6.6135
Q48QT6,random,rate4site_deeptmhmm,mean_outside_scores,2.878965922444988e-05
Q48QT6,random,rate4site_deeptmhmm,,-0.151
Q48QT6,random,rate4site_deeptmhmm,min_outside_scores,-0.151
Q48QT6,random,rate4site_deeptmhmm,max_outside_scores,6.6135
Q48S05,random,rate4site_deeptmhmm,mean_outside_scores,-1.9306930693073225e-05
Q48S05,random,rate4site_deeptmhmm,,0.3883
Q48S05,random,rate4site_deeptmhmm,min_outside_scores,-2.1134
Q48S05,random,rate4site_deeptmhmm,max_outside_scores,1.0512
Q48S05,random,rate4site_deeptmhmm,mean_outside_scores,-1.9306930693073225e-05
Q48S05,random,rate4site_deeptmhmm,,0.3883
Q48S05,random,rate4site_deeptmhmm,min_outside_scores,-2.1134
Q48S05,random,rate4site_deeptmhmm,max_outside_scores,1.0512
Q48S05,random,rate4site_deeptmhmm,mean_outside_scores,0.0010981757877280226
Q48S05,random,rate4site_deeptmhmm,,0.3883
Q48S05,random,rate4site_deeptmhmm,min_outside_scores,-2.1134
Q48S05,random,rate4site_deeptmhmm,max_outside_scores,1.0512
Q48UD0,random,rate4site_deeptmhmm,mean_outside_scores,4.302600472813362e-05
Q48UD0,random,rate4site_deeptmhmm,,-0.0688
Q48UD0,random,rate4site_deeptmhmm,min_outside_scores,-0.0688
Q48UD0,random,rate4site_deeptmhmm,max_outside_scores,14.4915
Q48UD0,random,rate4site_deeptmhmm,mean_outside_scores,4.302600472813362e-05
Q48UD0,random,rate4site_deeptmhmm,,-0.0688
Q48UD0,random,rate4site_deeptmhmm,min_outside_scores,-0.0688
Q48UD0,random,rate4site_deeptmhmm,max_outside_scores,14.4915
Q48UD0,random,rate4site_deeptmhmm,mean_outside_scores,4.302600472813362e-05
Q48UD0,random,rate4site_deeptmhmm,,-0.0688
Q48UD0,random,rate4site_deeptmhmm,min_outside_scores,-0.0688
Q48UD0,random,rate4site_deeptmhmm,max_outside_scores,14.4915
Q48UD0,random,rate4site_deeptmhmm,mean_outside_scores,4.302600472813362e-05
Q48UD0,random,rate4site_deeptmhmm,,-0.0688
Q48UD0,random,rate4site_deeptmhmm,min_outside_scores,-0.0688
Q48UD0,random,rate4site_deeptmhmm,max_outside_scores,14.4915
Q1J776,random,rate4site_deeptmhmm,mean_outside_scores,-1.5757575757593032e-05
Q1J776,random,rate4site_deeptmhmm,,-0.1574
Q1J776,random,rate4site_deeptmhmm,min_outside_scores,-0.1574
Q1J776,random,rate4site_deeptmhmm,max_outside_scores,6.3347
Q1J776,random,rate4site_deeptmhmm,mean_outside_scores,-1.5757575757593032e-05
Q1J776,random,rate4site_deeptmhmm,,-0.1574
Q1J776,random,rate4site_deeptmhmm,min_outside_scores,-0.1574
Q1J776,random,rate4site_deeptmhmm,max_outside_scores,6.3347
Q1J776,random,rate4site_deeptmhmm,mean_outside_scores,-1.5757575757593032e-05
Q1J776,random,rate4site_deeptmhmm,,-0.1574
Q1J776,random,rate4site_deeptmhmm,min_outside_scores,-0.1574
Q1J776,random,rate4site_deeptmhmm,max_outside_scores,6.3347
Q1J776,random,rate4site_deeptmhmm,mean_outside_scores,-1.5757575757593032e-05
Q1J776,random,rate4site_deeptmhmm,,-0.1574
Q1J776,random,rate4site_deeptmhmm,min_outside_scores,-0.1574
Q1J776,random,rate4site_deeptmhmm,max_outside_scores,6.3347
Q1J776,random,rate4site_deeptmhmm,mean_outside_scores,-1.5757575757593032e-05
Q1J776,random,rate4site_deeptmhmm,,-0.1574
Q1J776,random,rate4site_deeptmhmm,min_outside_scores,-0.1574
Q1J776,random,rate4site_deeptmhmm,max_outside_scores,6.3347
Q1JFK0,random,rate4site_deeptmhmm,mean_outside_scores,-4.112149532710729e-05
Q1JFK0,random,rate4site_deeptmhmm,,-0.0684
Q1JFK0,random,rate4site_deeptmhmm,min_outside_scores,-0.0684
Q1JFK0,random,rate4site_deeptmhmm,max_outside_scores,14.5604
Q1JFK0,random,rate4site_deeptmhmm,mean_outside_scores,-4.112149532710729e-05
Q1JFK0,random,rate4site_deeptmhmm,,-0.0684
Q1JFK0,random,rate4site_deeptmhmm,min_outside_scores,-0.0684
Q1JFK0,random,rate4site_deeptmhmm,max_outside_scores,14.5604
Q1JFK0,random,rate4site_deeptmhmm,mean_outside_scores,-4.112149532710729e-05
Q1JFK0,random,rate4site_deeptmhmm,,-0.0684
Q1JFK0,random,rate4site_deeptmhmm,min_outside_scores,-0.0684
Q1JFK0,random,rate4site_deeptmhmm,max_outside_scores,14.5604
Q1JFK0,random,rate4site_deeptmhmm,mean_outside_scores,-4.112149532710729e-05
Q1JFK0,random,rate4site_deeptmhmm,,-0.0684
Q1JFK0,random,rate4site_deeptmhmm,min_outside_scores,-0.0684
Q1JFK0,random,rate4site_deeptmhmm,max_outside_scores,14.5604
P0DC23,random,rate4site_deeptmhmm,mean_outside_scores,-1.114754098361046e-05
P0DC23,random,rate4site_deeptmhmm,,-0.0405
P0DC23,random,rate4site_deeptmhmm,min_outside_scores,-0.0405
P0DC23,random,rate4site_deeptmhmm,max_outside_scores,24.6577
P0DC23,random,rate4site_deeptmhmm,mean_outside_scores,-1.114754098361046e-05
P0DC23,random,rate4site_deeptmhmm,,-0.0405
P0DC23,random,rate4site_deeptmhmm,min_outside_scores,-0.0405
P0DC23,random,rate4site_deeptmhmm,max_outside_scores,24.6577
P0DC23,random,rate4site_deeptmhmm,mean_outside_scores,-1.114754098361046e-05
P0DC23,random,rate4site_deeptmhmm,,-0.0405
P0DC23,random,rate4site_deeptmhmm,min_outside_scores,-0.0405
P0DC23,random,rate4site_deeptmhmm,max_outside_scores,24.6577
P0DC23,random,rate4site_deeptmhmm,mean_outside_scores,-1.114754098361046e-05
P0DC23,random,rate4site_deeptmhmm,,-0.0405
P0DC23,random,rate4site_deeptmhmm,min_outside_scores,-0.0405
P0DC23,random,rate4site_deeptmhmm,max_outside_scores,24.6577
A2RCI0,random,rate4site_deeptmhmm,mean_outside_scores,-3.211678832115705e-05
A2RCI0,random,rate4site_deeptmhmm,,-0.4024
A2RCI0,random,rate4site_deeptmhmm,min_outside_scores,-0.5147
A2RCI0,random,rate4site_deeptmhmm,max_outside_scores,2.4417
A2RCI0,random,rate4site_deeptmhmm,mean_outside_scores,-3.211678832115705e-05
A2RCI0,random,rate4site_deeptmhmm,,-0.4024
A2RCI0,random,rate4site_deeptmhmm,min_outside_scores,-0.5147
A2RCI0,random,rate4site_deeptmhmm,max_outside_scores,2.4417
A2RCI0,random,rate4site_deeptmhmm,mean_outside_scores,-3.211678832115705e-05
A2RCI0,random,rate4site_deeptmhmm,,-0.4024
A2RCI0,random,rate4site_deeptmhmm,min_outside_scores,-0.5147
A2RCI0,random,rate4site_deeptmhmm,max_outside_scores,2.4417
P60420,random,rate4site_deeptmhmm,mean_outside_scores,2.8571428571420544e-05
P60420,random,rate4site_deeptmhmm,,-0.1048
P60420,random,rate4site_deeptmhmm,min_outside_scores,-0.1048
P60420,random,rate4site_deeptmhmm,max_outside_scores,9.4346
P60420,random,rate4site_deeptmhmm,mean_outside_scores,2.8571428571420544e-05
P60420,random,rate4site_deeptmhmm,,-0.1048
P60420,random,rate4site_deeptmhmm,min_outside_scores,-0.1048
P60420,random,rate4site_deeptmhmm,max_outside_scores,9.4346
P60420,random,rate4site_deeptmhmm,mean_outside_scores,2.8571428571420544e-05
P60420,random,rate4site_deeptmhmm,,-0.1048
P60420,random,rate4site_deeptmhmm,min_outside_scores,-0.1048
P60420,random,rate4site_deeptmhmm,max_outside_scores,9.4346
P60420,random,rate4site_deeptmhmm,mean_outside_scores,2.8571428571420544e-05
P60420,random,rate4site_deeptmhmm,,-0.1048
P60420,random,rate4site_deeptmhmm,min_outside_scores,-0.1048
P60420,random,rate4site_deeptmhmm,max_outside_scores,9.4346
P60420,random,rate4site_deeptmhmm,mean_outside_scores,2.8571428571420544e-05
P60420,random,rate4site_deeptmhmm,,-0.1048
P60420,random,rate4site_deeptmhmm,min_outside_scores,-0.1048
P60420,random,rate4site_deeptmhmm,max_outside_scores,9.4346
Q8P0X5,random,rate4site_deeptmhmm,mean_outside_scores,-2.5539568345322825e-05
Q8P0X5,random,rate4site_deeptmhmm,,-0.0952
Q8P0X5,random,rate4site_deeptmhmm,min_outside_scores,-0.0952
Q8P0X5,random,rate4site_deeptmhmm,max_outside_scores,10.4882
Q8P0X5,random,rate4site_deeptmhmm,mean_outside_scores,-2.5539568345322825e-05
Q8P0X5,random,rate4site_deeptmhmm,,-0.0952
Q8P0X5,random,rate4site_deeptmhmm,min_outside_scores,-0.0952
Q8P0X5,random,rate4site_deeptmhmm,max_outside_scores,10.4882
Q8P0X5,random,rate4site_deeptmhmm,mean_outside_scores,-2.5539568345322825e-05
Q8P0X5,random,rate4site_deeptmhmm,,-0.0952
Q8P0X5,random,rate4site_deeptmhmm,min_outside_scores,-0.0952
Q8P0X5,random,rate4site_deeptmhmm,max_outside_scores,10.4882
Q8P0X5,random,rate4site_deeptmhmm,mean_outside_scores,-2.5539568345322825e-05
Q8P0X5,random,rate4site_deeptmhmm,,-0.0952
Q8P0X5,random,rate4site_deeptmhmm,min_outside_scores,-0.0952
Q8P0X5,random,rate4site_deeptmhmm,max_outside_scores,10.4882
Q8P0X5,random,rate4site_deeptmhmm,mean_outside_scores,-2.5539568345322825e-05
Q8P0X5,random,rate4site_deeptmhmm,,-0.0952
Q8P0X5,random,rate4site_deeptmhmm,min_outside_scores,-0.0952
Q8P0X5,random,rate4site_deeptmhmm,max_outside_scores,10.4882
P0DB81,random,rate4site_deeptmhmm,mean_outside_scores,-1.2462006079026827e-05
P0DB81,random,rate4site_deeptmhmm,,-0.0781
P0DB81,random,rate4site_deeptmhmm,min_outside_scores,-0.0781
P0DB81,random,rate4site_deeptmhmm,max_outside_scores,12.7673
P0DB81,random,rate4site_deeptmhmm,mean_outside_scores,-1.2462006079026827e-05
P0DB81,random,rate4site_deeptmhmm,,-0.0781
P0DB81,random,rate4site_deeptmhmm,min_outside_scores,-0.0781
P0DB81,random,rate4site_deeptmhmm,max_outside_scores,12.7673
P0DB81,random,rate4site_deeptmhmm,mean_outside_scores,-1.2462006079026827e-05
P0DB81,random,rate4site_deeptmhmm,,-0.0781
P0DB81,random,rate4site_deeptmhmm,min_outside_scores,-0.0781
P0DB81,random,rate4site_deeptmhmm,max_outside_scores,12.7673
P69948,random,rate4site_deeptmhmm,mean_outside_scores,2.976878612715007e-05
P69948,random,rate4site_deeptmhmm,,-0.3809
P69948,random,rate4site_deeptmhmm,min_outside_scores,-0.5009
P69948,random,rate4site_deeptmhmm,max_outside_scores,2.6555
P69948,random,rate4site_deeptmhmm,mean_outside_scores,2.976878612715007e-05
P69948,random,rate4site_deeptmhmm,,-0.3809
P69948,random,rate4site_deeptmhmm,min_outside_scores,-0.5009
P69948,random,rate4site_deeptmhmm,max_outside_scores,2.6555
P69948,random,rate4site_deeptmhmm,mean_outside_scores,2.976878612715007e-05
P69948,random,rate4site_deeptmhmm,,-0.3809
P69948,random,rate4site_deeptmhmm,min_outside_scores,-0.5009
P69948,random,rate4site_deeptmhmm,max_outside_scores,2.6555
A2RFZ5,random,rate4site_deeptmhmm,mean_outside_scores,-1.860465116280259e-05
A2RFZ5,random,rate4site_deeptmhmm,,-0.1187
A2RFZ5,random,rate4site_deeptmhmm,min_outside_scores,-0.1187
A2RFZ5,random,rate4site_deeptmhmm,max_outside_scores,8.3868
A2RFZ5,random,rate4site_deeptmhmm,mean_outside_scores,-1.860465116280259e-05
A2RFZ5,random,rate4site_deeptmhmm,,-0.1187
A2RFZ5,random,rate4site_deeptmhmm,min_outside_scores,-0.1187
A2RFZ5,random,rate4site_deeptmhmm,max_outside_scores,8.3868
A2RFZ5,random,rate4site_deeptmhmm,mean_outside_scores,-1.860465116280259e-05
A2RFZ5,random,rate4site_deeptmhmm,,-0.1187
A2RFZ5,random,rate4site_deeptmhmm,min_outside_scores,-0.1187
A2RFZ5,random,rate4site_deeptmhmm,max_outside_scores,8.3868
A2RFZ5,random,rate4site_deeptmhmm,mean_outside_scores,-1.860465116280259e-05
A2RFZ5,random,rate4site_deeptmhmm,,-0.1187
A2RFZ5,random,rate4site_deeptmhmm,min_outside_scores,-0.1187
A2RFZ5,random,rate4site_deeptmhmm,max_outside_scores,8.3868
A2RFZ5,random,rate4site_deeptmhmm,mean_outside_scores,-1.860465116280259e-05
A2RFZ5,random,rate4site_deeptmhmm,,-0.1187
A2RFZ5,random,rate4site_deeptmhmm,min_outside_scores,-0.1187
A2RFZ5,random,rate4site_deeptmhmm,max_outside_scores,8.3868
P67372,random,rate4site_deeptmhmm,mean_outside_scores,2.0071684587795294e-05
P67372,random,rate4site_deeptmhmm,,-0.3874
P67372,random,rate4site_deeptmhmm,min_outside_scores,-0.505
P67372,random,rate4site_deeptmhmm,max_outside_scores,2.5892
P67372,random,rate4site_deeptmhmm,mean_outside_scores,2.0071684587795294e-05
P67372,random,rate4site_deeptmhmm,,-0.3874
P67372,random,rate4site_deeptmhmm,min_outside_scores,-0.505
P67372,random,rate4site_deeptmhmm,max_outside_scores,2.5892
P67372,random,rate4site_deeptmhmm,mean_outside_scores,2.0071684587795294e-05
P67372,random,rate4site_deeptmhmm,,-0.3874
P67372,random,rate4site_deeptmhmm,min_outside_scores,-0.505
P67372,random,rate4site_deeptmhmm,max_outside_scores,2.5892
Q48TU0,random,rate4site_deeptmhmm,mean_outside_scores,-1.114754098361046e-05
Q48TU0,random,rate4site_deeptmhmm,,-0.0405
Q48TU0,random,rate4site_deeptmhmm,min_outside_scores,-0.0405
Q48TU0,random,rate4site_deeptmhmm,max_outside_scores,24.6577
Q48TU0,random,rate4site_deeptmhmm,mean_outside_scores,-1.114754098361046e-05
Q48TU0,random,rate4site_deeptmhmm,,-0.0405
Q48TU0,random,rate4site_deeptmhmm,min_outside_scores,-0.0405
Q48TU0,random,rate4site_deeptmhmm,max_outside_scores,24.6577
Q48TU0,random,rate4site_deeptmhmm,mean_outside_scores,-1.114754098361046e-05
Q48TU0,random,rate4site_deeptmhmm,,-0.0405
Q48TU0,random,rate4site_deeptmhmm,min_outside_scores,-0.0405
Q48TU0,random,rate4site_deeptmhmm,max_outside_scores,24.6577
Q48TU0,random,rate4site_deeptmhmm,mean_outside_scores,-1.114754098361046e-05
Q48TU0,random,rate4site_deeptmhmm,,-0.0405
Q48TU0,random,rate4site_deeptmhmm,min_outside_scores,-0.0405
Q48TU0,random,rate4site_deeptmhmm,max_outside_scores,24.6577
Q99ZV8,random,rate4site_deeptmhmm,mean_outside_scores,-1.114754098361046e-05
Q99ZV8,random,rate4site_deeptmhmm,,-0.0405
Q99ZV8,random,rate4site_deeptmhmm,min_outside_scores,-0.0405
Q99ZV8,random,rate4site_deeptmhmm,max_outside_scores,24.6577
Q99ZV8,random,rate4site_deeptmhmm,mean_outside_scores,-1.114754098361046e-05
Q99ZV8,random,rate4site_deeptmhmm,,-0.0405
Q99ZV8,random,rate4site_deeptmhmm,min_outside_scores,-0.0405
Q99ZV8,random,rate4site_deeptmhmm,max_outside_scores,24.6577
Q99ZV8,random,rate4site_deeptmhmm,mean_outside_scores,-1.114754098361046e-05
Q99ZV8,random,rate4site_deeptmhmm,,-0.0405
Q99ZV8,random,rate4site_deeptmhmm,min_outside_scores,-0.0405
Q99ZV8,random,rate4site_deeptmhmm,max_outside_scores,24.6577
Q99ZV8,random,rate4site_deeptmhmm,mean_outside_scores,-1.114754098361046e-05
Q99ZV8,random,rate4site_deeptmhmm,,-0.0405
Q99ZV8,random,rate4site_deeptmhmm,min_outside_scores,-0.0405
Q99ZV8,random,rate4site_deeptmhmm,max_outside_scores,24.6577
Q8P0G7,random,rate4site_deeptmhmm,mean_outside_scores,-4.081145584725793e-05
Q8P0G7,random,rate4site_deeptmhmm,,-0.0981
Q8P0G7,random,rate4site_deeptmhmm,min_outside_scores,-0.0981
Q8P0G7,random,rate4site_deeptmhmm,max_outside_scores,10.1736
Q8P0G7,random,rate4site_deeptmhmm,mean_outside_scores,-4.081145584725793e-05
Q8P0G7,random,rate4site_deeptmhmm,,-0.0981
Q8P0G7,random,rate4site_deeptmhmm,min_outside_scores,-0.0981
Q8P0G7,random,rate4site_deeptmhmm,max_outside_scores,10.1736
Q8P0G7,random,rate4site_deeptmhmm,mean_outside_scores,-4.081145584725793e-05
Q8P0G7,random,rate4site_deeptmhmm,,-0.0981
Q8P0G7,random,rate4site_deeptmhmm,min_outside_scores,-0.0981
Q8P0G7,random,rate4site_deeptmhmm,max_outside_scores,10.1736
Q8P0G7,random,rate4site_deeptmhmm,mean_outside_scores,-4.081145584725793e-05
Q8P0G7,random,rate4site_deeptmhmm,,-0.0981
Q8P0G7,random,rate4site_deeptmhmm,min_outside_scores,-0.0981
Q8P0G7,random,rate4site_deeptmhmm,max_outside_scores,10.1736
Q8NZZ1,random,rate4site_deeptmhmm,mean_outside_scores,-3.216374269006054e-05
Q8NZZ1,random,rate4site_deeptmhmm,,-0.1085
Q8NZZ1,random,rate4site_deeptmhmm,min_outside_scores,-0.1085
Q8NZZ1,random,rate4site_deeptmhmm,max_outside_scores,9.1655
Q8NZZ1,random,rate4site_deeptmhmm,mean_outside_scores,-3.216374269006054e-05
Q8NZZ1,random,rate4site_deeptmhmm,,-0.1085
Q8NZZ1,random,rate4site_deeptmhmm,min_outside_scores,-0.1085
Q8NZZ1,random,rate4site_deeptmhmm,max_outside_scores,9.1655
Q8NZZ1,random,rate4site_deeptmhmm,mean_outside_scores,-3.216374269006054e-05
Q8NZZ1,random,rate4site_deeptmhmm,,-0.1085
Q8NZZ1,random,rate4site_deeptmhmm,min_outside_scores,-0.1085
Q8NZZ1,random,rate4site_deeptmhmm,max_outside_scores,9.1655
Q1JDK8,random,rate4site_deeptmhmm,mean_outside_scores,8.881784197001253e-18
Q1JDK8,random,rate4site_deeptmhmm,,-0.4145
Q1JDK8,random,rate4site_deeptmhmm,min_outside_scores,-0.5248
Q1JDK8,random,rate4site_deeptmhmm,max_outside_scores,2.3769
Q1JDK8,random,rate4site_deeptmhmm,mean_outside_scores,8.881784197001253e-18
Q1JDK8,random,rate4site_deeptmhmm,,-0.4145
Q1JDK8,random,rate4site_deeptmhmm,min_outside_scores,-0.5248
Q1JDK8,random,rate4site_deeptmhmm,max_outside_scores,2.3769
Q1JDK8,random,rate4site_deeptmhmm,mean_outside_scores,8.881784197001253e-18
Q1JDK8,random,rate4site_deeptmhmm,,-0.4145
Q1JDK8,random,rate4site_deeptmhmm,min_outside_scores,-0.5248
Q1JDK8,random,rate4site_deeptmhmm,max_outside_scores,2.3769
Q1JJ89,random,rate4site_deeptmhmm,mean_outside_scores,8.366533864540026e-06
Q1JJ89,random,rate4site_deeptmhmm,,-0.3881
Q1JJ89,random,rate4site_deeptmhmm,min_outside_scores,-0.5075
Q1JJ89,random,rate4site_deeptmhmm,max_outside_scores,2.6346
Q1JJ89,random,rate4site_deeptmhmm,mean_outside_scores,8.366533864540026e-06
Q1JJ89,random,rate4site_deeptmhmm,,-0.3881
Q1JJ89,random,rate4site_deeptmhmm,min_outside_scores,-0.5075
Q1JJ89,random,rate4site_deeptmhmm,max_outside_scores,2.6346
Q1JJ89,random,rate4site_deeptmhmm,mean_outside_scores,8.366533864540026e-06
Q1JJ89,random,rate4site_deeptmhmm,,-0.3881
Q1JJ89,random,rate4site_deeptmhmm,min_outside_scores,-0.5075
Q1JJ89,random,rate4site_deeptmhmm,max_outside_scores,2.6346
B5XMF0,random,rate4site_deeptmhmm,mean_outside_scores,3.4246575342505705e-06
B5XMF0,random,rate4site_deeptmhmm,,-0.0829
B5XMF0,random,rate4site_deeptmhmm,min_outside_scores,-0.0829
B5XMF0,random,rate4site_deeptmhmm,max_outside_scores,12.021
B5XMF0,random,rate4site_deeptmhmm,mean_outside_scores,3.4246575342505705e-06
B5XMF0,random,rate4site_deeptmhmm,,-0.0829
B5XMF0,random,rate4site_deeptmhmm,min_outside_scores,-0.0829
B5XMF0,random,rate4site_deeptmhmm,max_outside_scores,12.021
B5XMF0,random,rate4site_deeptmhmm,mean_outside_scores,3.4246575342505705e-06
B5XMF0,random,rate4site_deeptmhmm,,-0.0829
B5XMF0,random,rate4site_deeptmhmm,min_outside_scores,-0.0829
B5XMF0,random,rate4site_deeptmhmm,max_outside_scores,12.021
B5XMF0,random,rate4site_deeptmhmm,mean_outside_scores,3.4246575342505705e-06
B5XMF0,random,rate4site_deeptmhmm,,-0.0829
B5XMF0,random,rate4site_deeptmhmm,min_outside_scores,-0.0829
B5XMF0,random,rate4site_deeptmhmm,max_outside_scores,12.021
B5XMF0,random,rate4site_deeptmhmm,mean_outside_scores,3.4246575342505705e-06
B5XMF0,random,rate4site_deeptmhmm,,-0.0829
B5XMF0,random,rate4site_deeptmhmm,min_outside_scores,-0.0829
B5XMF0,random,rate4site_deeptmhmm,max_outside_scores,12.021
Q9A0I1,random,rate4site_deeptmhmm,mean_outside_scores,3.400576368875802e-05
Q9A0I1,random,rate4site_deeptmhmm,,-0.1078
Q9A0I1,random,rate4site_deeptmhmm,min_outside_scores,-0.1078
Q9A0I1,random,rate4site_deeptmhmm,max_outside_scores,9.2468
Q9A0I1,random,rate4site_deeptmhmm,mean_outside_scores,3.400576368875802e-05
Q9A0I1,random,rate4site_deeptmhmm,,-0.1078
Q9A0I1,random,rate4site_deeptmhmm,min_outside_scores,-0.1078
Q9A0I1,random,rate4site_deeptmhmm,max_outside_scores,9.2468
Q9A0I1,random,rate4site_deeptmhmm,mean_outside_scores,3.400576368875802e-05
Q9A0I1,random,rate4site_deeptmhmm,,-0.1078
Q9A0I1,random,rate4site_deeptmhmm,min_outside_scores,-0.1078
Q9A0I1,random,rate4site_deeptmhmm,max_outside_scores,9.2468
Q9A0I1,random,rate4site_deeptmhmm,mean_outside_scores,3.400576368875802e-05
Q9A0I1,random,rate4site_deeptmhmm,,-0.1078
Q9A0I1,random,rate4site_deeptmhmm,min_outside_scores,-0.1078
Q9A0I1,random,rate4site_deeptmhmm,max_outside_scores,9.2468
Q9A0I1,random,rate4site_deeptmhmm,mean_outside_scores,3.400576368875802e-05
Q9A0I1,random,rate4site_deeptmhmm,,-0.1078
Q9A0I1,random,rate4site_deeptmhmm,min_outside_scores,-0.1078
Q9A0I1,random,rate4site_deeptmhmm,max_outside_scores,9.2468
P0DG17,random,rate4site_deeptmhmm,mean_outside_scores,3.325942350331692e-05
P0DG17,random,rate4site_deeptmhmm,,-0.1342
P0DG17,random,rate4site_deeptmhmm,min_outside_scores,-0.1342
P0DG17,random,rate4site_deeptmhmm,max_outside_scores,7.4332
P0DG17,random,rate4site_deeptmhmm,mean_outside_scores,3.325942350331692e-05
P0DG17,random,rate4site_deeptmhmm,,-0.1342
P0DG17,random,rate4site_deeptmhmm,min_outside_scores,-0.1342
P0DG17,random,rate4site_deeptmhmm,max_outside_scores,7.4332
P0DG17,random,rate4site_deeptmhmm,mean_outside_scores,3.325942350331692e-05
P0DG17,random,rate4site_deeptmhmm,,-0.1342
P0DG17,random,rate4site_deeptmhmm,min_outside_scores,-0.1342
P0DG17,random,rate4site_deeptmhmm,max_outside_scores,7.4332
P0DG17,random,rate4site_deeptmhmm,mean_outside_scores,3.325942350331692e-05
P0DG17,random,rate4site_deeptmhmm,,-0.1342
P0DG17,random,rate4site_deeptmhmm,min_outside_scores,-0.1342
P0DG17,random,rate4site_deeptmhmm,max_outside_scores,7.4332
P0DG17,random,rate4site_deeptmhmm,mean_outside_scores,3.325942350331692e-05
P0DG17,random,rate4site_deeptmhmm,,-0.1342
P0DG17,random,rate4site_deeptmhmm,min_outside_scores,-0.1342
P0DG17,random,rate4site_deeptmhmm,max_outside_scores,7.4332
P63548,random,rate4site_deeptmhmm,mean_outside_scores,-3.604651162790688e-05
P63548,random,rate4site_deeptmhmm,,-0.3936
P63548,random,rate4site_deeptmhmm,min_outside_scores,-0.5121
P63548,random,rate4site_deeptmhmm,max_outside_scores,2.6065
P63548,random,rate4site_deeptmhmm,mean_outside_scores,-3.604651162790688e-05
P63548,random,rate4site_deeptmhmm,,-0.3936
P63548,random,rate4site_deeptmhmm,min_outside_scores,-0.5121
P63548,random,rate4site_deeptmhmm,max_outside_scores,2.6065
P63548,random,rate4site_deeptmhmm,mean_outside_scores,-3.604651162790688e-05
P63548,random,rate4site_deeptmhmm,,-0.3936
P63548,random,rate4site_deeptmhmm,min_outside_scores,-0.5121
P63548,random,rate4site_deeptmhmm,max_outside_scores,2.6065
P0DC93,random,rate4site_deeptmhmm,mean_outside_scores,-4.299674267099808e-05
P0DC93,random,rate4site_deeptmhmm,,-0.141
P0DC93,random,rate4site_deeptmhmm,min_outside_scores,-0.141
P0DC93,random,rate4site_deeptmhmm,max_outside_scores,7.0713
P0DC93,random,rate4site_deeptmhmm,mean_outside_scores,-4.299674267099808e-05
P0DC93,random,rate4site_deeptmhmm,,-0.141
P0DC93,random,rate4site_deeptmhmm,min_outside_scores,-0.141
P0DC93,random,rate4site_deeptmhmm,max_outside_scores,7.0713
P0DC93,random,rate4site_deeptmhmm,mean_outside_scores,-4.299674267099808e-05
P0DC93,random,rate4site_deeptmhmm,,-0.141
P0DC93,random,rate4site_deeptmhmm,min_outside_scores,-0.141
P0DC93,random,rate4site_deeptmhmm,max_outside_scores,7.0713
P0DC93,random,rate4site_deeptmhmm,mean_outside_scores,-4.299674267099808e-05
P0DC93,random,rate4site_deeptmhmm,,-0.141
P0DC93,random,rate4site_deeptmhmm,min_outside_scores,-0.141
P0DC93,random,rate4site_deeptmhmm,max_outside_scores,7.0713
P0DC93,random,rate4site_deeptmhmm,mean_outside_scores,-4.299674267099808e-05
P0DC93,random,rate4site_deeptmhmm,,-0.141
P0DC93,random,rate4site_deeptmhmm,min_outside_scores,-0.141
P0DC93,random,rate4site_deeptmhmm,max_outside_scores,7.0713
Q1JLY8,random,rate4site_deeptmhmm,mean_outside_scores,-1.114754098361046e-05
Q1JLY8,random,rate4site_deeptmhmm,,-0.0405
Q1JLY8,random,rate4site_deeptmhmm,min_outside_scores,-0.0405
Q1JLY8,random,rate4site_deeptmhmm,max_outside_scores,24.6577
Q1JLY8,random,rate4site_deeptmhmm,mean_outside_scores,-1.114754098361046e-05
Q1JLY8,random,rate4site_deeptmhmm,,-0.0405
Q1JLY8,random,rate4site_deeptmhmm,min_outside_scores,-0.0405
Q1JLY8,random,rate4site_deeptmhmm,max_outside_scores,24.6577
Q1JLY8,random,rate4site_deeptmhmm,mean_outside_scores,-1.114754098361046e-05
Q1JLY8,random,rate4site_deeptmhmm,,-0.0405
Q1JLY8,random,rate4site_deeptmhmm,min_outside_scores,-0.0405
Q1JLY8,random,rate4site_deeptmhmm,max_outside_scores,24.6577
Q1JLY8,random,rate4site_deeptmhmm,mean_outside_scores,-1.114754098361046e-05
Q1JLY8,random,rate4site_deeptmhmm,,-0.0405
Q1JLY8,random,rate4site_deeptmhmm,min_outside_scores,-0.0405
Q1JLY8,random,rate4site_deeptmhmm,max_outside_scores,24.6577
Q1J7A2,random,rate4site_deeptmhmm,mean_outside_scores,-1.7307692307690402e-05
Q1J7A2,random,rate4site_deeptmhmm,,-0.5475
Q1J7A2,random,rate4site_deeptmhmm,min_outside_scores,-0.6398
Q1J7A2,random,rate4site_deeptmhmm,max_outside_scores,1.7902
Q1J7A2,random,rate4site_deeptmhmm,mean_outside_scores,-1.7307692307690402e-05
Q1J7A2,random,rate4site_deeptmhmm,,-0.5475
Q1J7A2,random,rate4site_deeptmhmm,min_outside_scores,-0.6398
Q1J7A2,random,rate4site_deeptmhmm,max_outside_scores,1.7902
Q1J7A2,random,rate4site_deeptmhmm,mean_outside_scores,-1.7307692307690402e-05
Q1J7A2,random,rate4site_deeptmhmm,,-0.5475
Q1J7A2,random,rate4site_deeptmhmm,min_outside_scores,-0.6398
Q1J7A2,random,rate4site_deeptmhmm,max_outside_scores,1.7902
Q8NZG7,random,rate4site_deeptmhmm,mean_outside_scores,-2.602339181286894e-05
Q8NZG7,random,rate4site_deeptmhmm,,-0.0541
Q8NZG7,random,rate4site_deeptmhmm,min_outside_scores,-0.0541
Q8NZG7,random,rate4site_deeptmhmm,max_outside_scores,18.4392
Q8NZG7,random,rate4site_deeptmhmm,mean_outside_scores,-2.602339181286894e-05
Q8NZG7,random,rate4site_deeptmhmm,,-0.0541
Q8NZG7,random,rate4site_deeptmhmm,min_outside_scores,-0.0541
Q8NZG7,random,rate4site_deeptmhmm,max_outside_scores,18.4392
Q8NZG7,random,rate4site_deeptmhmm,mean_outside_scores,-2.602339181286894e-05
Q8NZG7,random,rate4site_deeptmhmm,,-0.0541
Q8NZG7,random,rate4site_deeptmhmm,min_outside_scores,-0.0541
Q8NZG7,random,rate4site_deeptmhmm,max_outside_scores,18.4392
Q8NZG7,random,rate4site_deeptmhmm,mean_outside_scores,-2.602339181286894e-05
Q8NZG7,random,rate4site_deeptmhmm,,-0.0541
Q8NZG7,random,rate4site_deeptmhmm,min_outside_scores,-0.0541
Q8NZG7,random,rate4site_deeptmhmm,max_outside_scores,18.4392
Q5XA26,random,rate4site_deeptmhmm,mean_outside_scores,-2.602339181286894e-05
Q5XA26,random,rate4site_deeptmhmm,,-0.0541
Q5XA26,random,rate4site_deeptmhmm,min_outside_scores,-0.0541
Q5XA26,random,rate4site_deeptmhmm,max_outside_scores,18.4392
Q5XA26,random,rate4site_deeptmhmm,mean_outside_scores,-2.602339181286894e-05
Q5XA26,random,rate4site_deeptmhmm,,-0.0541
Q5XA26,random,rate4site_deeptmhmm,min_outside_scores,-0.0541
Q5XA26,random,rate4site_deeptmhmm,max_outside_scores,18.4392
Q5XA26,random,rate4site_deeptmhmm,mean_outside_scores,-2.602339181286894e-05
Q5XA26,random,rate4site_deeptmhmm,,-0.0541
Q5XA26,random,rate4site_deeptmhmm,min_outside_scores,-0.0541
Q5XA26,random,rate4site_deeptmhmm,max_outside_scores,18.4392
Q5XA26,random,rate4site_deeptmhmm,mean_outside_scores,-2.602339181286894e-05
Q5XA26,random,rate4site_deeptmhmm,,-0.0541
Q5XA26,random,rate4site_deeptmhmm,min_outside_scores,-0.0541
Q5XA26,random,rate4site_deeptmhmm,max_outside_scores,18.4392
Q8NZ20,random,rate4site_deeptmhmm,mean_outside_scores,1.907216494844364e-05
Q8NZ20,random,rate4site_deeptmhmm,,-0.1252
Q8NZ20,random,rate4site_deeptmhmm,min_outside_scores,-0.1252
Q8NZ20,random,rate4site_deeptmhmm,max_outside_scores,7.9723
Q8NZ20,random,rate4site_deeptmhmm,mean_outside_scores,1.907216494844364e-05
Q8NZ20,random,rate4site_deeptmhmm,,-0.1252
Q8NZ20,random,rate4site_deeptmhmm,min_outside_scores,-0.1252
Q8NZ20,random,rate4site_deeptmhmm,max_outside_scores,7.9723
Q8NZ20,random,rate4site_deeptmhmm,mean_outside_scores,1.907216494844364e-05
Q8NZ20,random,rate4site_deeptmhmm,,-0.1252
Q8NZ20,random,rate4site_deeptmhmm,min_outside_scores,-0.1252
Q8NZ20,random,rate4site_deeptmhmm,max_outside_scores,7.9723
Q8NZ20,random,rate4site_deeptmhmm,mean_outside_scores,1.907216494844364e-05
Q8NZ20,random,rate4site_deeptmhmm,,-0.1252
Q8NZ20,random,rate4site_deeptmhmm,min_outside_scores,-0.1252
Q8NZ20,random,rate4site_deeptmhmm,max_outside_scores,7.9723
Q8NZ20,random,rate4site_deeptmhmm,mean_outside_scores,1.907216494844364e-05
Q8NZ20,random,rate4site_deeptmhmm,,-0.1252
Q8NZ20,random,rate4site_deeptmhmm,min_outside_scores,-0.1252
Q8NZ20,random,rate4site_deeptmhmm,max_outside_scores,7.9723
P0DG78,random,rate4site_deeptmhmm,mean_outside_scores,-2.5230769230762096e-05
P0DG78,random,rate4site_deeptmhmm,,-0.0964
P0DG78,random,rate4site_deeptmhmm,min_outside_scores,-0.0964
P0DG78,random,rate4site_deeptmhmm,max_outside_scores,10.3442
P0DG78,random,rate4site_deeptmhmm,mean_outside_scores,-2.5230769230762096e-05
P0DG78,random,rate4site_deeptmhmm,,-0.0964
P0DG78,random,rate4site_deeptmhmm,min_outside_scores,-0.0964
P0DG78,random,rate4site_deeptmhmm,max_outside_scores,10.3442
P0DG78,random,rate4site_deeptmhmm,mean_outside_scores,-2.5230769230762096e-05
P0DG78,random,rate4site_deeptmhmm,,-0.0964
P0DG78,random,rate4site_deeptmhmm,min_outside_scores,-0.0964
P0DG78,random,rate4site_deeptmhmm,max_outside_scores,10.3442
P0DG78,random,rate4site_deeptmhmm,mean_outside_scores,-2.5230769230762096e-05
P0DG78,random,rate4site_deeptmhmm,,-0.0964
P0DG78,random,rate4site_deeptmhmm,min_outside_scores,-0.0964
P0DG78,random,rate4site_deeptmhmm,max_outside_scores,10.3442
P0DG78,random,rate4site_deeptmhmm,mean_outside_scores,-2.5230769230762096e-05
P0DG78,random,rate4site_deeptmhmm,,-0.0964
P0DG78,random,rate4site_deeptmhmm,min_outside_scores,-0.0964
P0DG78,random,rate4site_deeptmhmm,max_outside_scores,10.3442
Q5X9I0,random,rate4site_deeptmhmm,mean_outside_scores,2.5661375661383078e-05
Q5X9I0,random,rate4site_deeptmhmm,,-0.1156
Q5X9I0,random,rate4site_deeptmhmm,min_outside_scores,-0.1156
Q5X9I0,random,rate4site_deeptmhmm,max_outside_scores,8.6257
Q5X9I0,random,rate4site_deeptmhmm,mean_outside_scores,2.5661375661383078e-05
Q5X9I0,random,rate4site_deeptmhmm,,-0.1156
Q5X9I0,random,rate4site_deeptmhmm,min_outside_scores,-0.1156
Q5X9I0,random,rate4site_deeptmhmm,max_outside_scores,8.6257
Q5X9I0,random,rate4site_deeptmhmm,mean_outside_scores,2.5661375661383078e-05
Q5X9I0,random,rate4site_deeptmhmm,,-0.1156
Q5X9I0,random,rate4site_deeptmhmm,min_outside_scores,-0.1156
Q5X9I0,random,rate4site_deeptmhmm,max_outside_scores,8.6257
Q5X9I0,random,rate4site_deeptmhmm,mean_outside_scores,2.5661375661383078e-05
Q5X9I0,random,rate4site_deeptmhmm,,-0.1156
Q5X9I0,random,rate4site_deeptmhmm,min_outside_scores,-0.1156
Q5X9I0,random,rate4site_deeptmhmm,max_outside_scores,8.6257
Q5XCS5,random,rate4site_deeptmhmm,mean_outside_scores,2.3404255319172344e-05
Q5XCS5,random,rate4site_deeptmhmm,,-0.4054
Q5XCS5,random,rate4site_deeptmhmm,min_outside_scores,-0.5168
Q5XCS5,random,rate4site_deeptmhmm,max_outside_scores,2.4125
Q5XCS5,random,rate4site_deeptmhmm,mean_outside_scores,2.3404255319172344e-05
Q5XCS5,random,rate4site_deeptmhmm,,-0.4054
Q5XCS5,random,rate4site_deeptmhmm,min_outside_scores,-0.5168
Q5XCS5,random,rate4site_deeptmhmm,max_outside_scores,2.4125
Q5XCS5,random,rate4site_deeptmhmm,mean_outside_scores,2.3404255319172344e-05
Q5XCS5,random,rate4site_deeptmhmm,,-0.4054
Q5XCS5,random,rate4site_deeptmhmm,min_outside_scores,-0.5168
Q5XCS5,random,rate4site_deeptmhmm,max_outside_scores,2.4125
B5XKP9,random,rate4site_deeptmhmm,mean_outside_scores,2.6294820717150473e-05
B5XKP9,random,rate4site_deeptmhmm,,-0.3706
B5XKP9,random,rate4site_deeptmhmm,min_outside_scores,-0.4944
B5XKP9,random,rate4site_deeptmhmm,max_outside_scores,2.7629
B5XKP9,random,rate4site_deeptmhmm,mean_outside_scores,2.6294820717150473e-05
B5XKP9,random,rate4site_deeptmhmm,,-0.3706
B5XKP9,random,rate4site_deeptmhmm,min_outside_scores,-0.4944
B5XKP9,random,rate4site_deeptmhmm,max_outside_scores,2.7629
B5XKP9,random,rate4site_deeptmhmm,mean_outside_scores,2.6294820717150473e-05
B5XKP9,random,rate4site_deeptmhmm,,-0.3706
B5XKP9,random,rate4site_deeptmhmm,min_outside_scores,-0.4944
B5XKP9,random,rate4site_deeptmhmm,max_outside_scores,2.7629
Q1JIB1,random,rate4site_deeptmhmm,mean_outside_scores,-4.1975308641967944e-05
Q1JIB1,random,rate4site_deeptmhmm,,-0.1115
Q1JIB1,random,rate4site_deeptmhmm,min_outside_scores,-0.1115
Q1JIB1,random,rate4site_deeptmhmm,max_outside_scores,8.9166
Q1JIB1,random,rate4site_deeptmhmm,mean_outside_scores,-0.021518936877076407
Q1JIB1,random,rate4site_deeptmhmm,,-0.1115
Q1JIB1,random,rate4site_deeptmhmm,min_outside_scores,-0.1115
Q1JIB1,random,rate4site_deeptmhmm,max_outside_scores,8.9166
Q1JIB1,random,rate4site_deeptmhmm,mean_outside_scores,-0.01400431965442764
Q1JIB1,random,rate4site_deeptmhmm,,-0.1115
Q1JIB1,random,rate4site_deeptmhmm,min_outside_scores,-0.1115
Q1JIB1,random,rate4site_deeptmhmm,max_outside_scores,8.9166
Q1JIB1,random,rate4site_deeptmhmm,mean_outside_scores,-0.010385279999999993
Q1JIB1,random,rate4site_deeptmhmm,,-0.1115
Q1JIB1,random,rate4site_deeptmhmm,min_outside_scores,-0.1115
Q1JIB1,random,rate4site_deeptmhmm,max_outside_scores,8.9166
Q1JIB1,random,rate4site_deeptmhmm,mean_outside_scores,-0.008256162642947897
Q1JIB1,random,rate4site_deeptmhmm,,-0.1115
Q1JIB1,random,rate4site_deeptmhmm,min_outside_scores,-0.1115
Q1JIB1,random,rate4site_deeptmhmm,max_outside_scores,8.9166
P0DG47,random,rate4site_deeptmhmm,mean_outside_scores,8.249496981901943e-06
P0DG47,random,rate4site_deeptmhmm,,-0.1007
P0DG47,random,rate4site_deeptmhmm,min_outside_scores,-0.1007
P0DG47,random,rate4site_deeptmhmm,max_outside_scores,9.9097
P0DG47,random,rate4site_deeptmhmm,mean_outside_scores,8.249496981901943e-06
P0DG47,random,rate4site_deeptmhmm,,-0.1007
P0DG47,random,rate4site_deeptmhmm,min_outside_scores,-0.1007
P0DG47,random,rate4site_deeptmhmm,max_outside_scores,9.9097
P0DG47,random,rate4site_deeptmhmm,mean_outside_scores,8.249496981901943e-06
P0DG47,random,rate4site_deeptmhmm,,-0.1007
P0DG47,random,rate4site_deeptmhmm,min_outside_scores,-0.1007
P0DG47,random,rate4site_deeptmhmm,max_outside_scores,9.9097
P0DG47,random,rate4site_deeptmhmm,mean_outside_scores,8.249496981901943e-06
P0DG47,random,rate4site_deeptmhmm,,-0.1007
P0DG47,random,rate4site_deeptmhmm,min_outside_scores,-0.1007
P0DG47,random,rate4site_deeptmhmm,max_outside_scores,9.9097
P0DG47,random,rate4site_deeptmhmm,mean_outside_scores,8.249496981901943e-06
P0DG47,random,rate4site_deeptmhmm,,-0.1007
P0DG47,random,rate4site_deeptmhmm,min_outside_scores,-0.1007
P0DG47,random,rate4site_deeptmhmm,max_outside_scores,9.9097
Q9A1D5,random,rate4site_deeptmhmm,mean_outside_scores,2.8187919463083795e-05
Q9A1D5,random,rate4site_deeptmhmm,,-0.0579
Q9A1D5,random,rate4site_deeptmhmm,min_outside_scores,-0.0579
Q9A1D5,random,rate4site_deeptmhmm,max_outside_scores,17.2047
Q9A1D5,random,rate4site_deeptmhmm,mean_outside_scores,2.8187919463083795e-05
Q9A1D5,random,rate4site_deeptmhmm,,-0.0579
Q9A1D5,random,rate4site_deeptmhmm,min_outside_scores,-0.0579
Q9A1D5,random,rate4site_deeptmhmm,max_outside_scores,17.2047
Q9A1D5,random,rate4site_deeptmhmm,mean_outside_scores,2.8187919463083795e-05
Q9A1D5,random,rate4site_deeptmhmm,,-0.0579
Q9A1D5,random,rate4site_deeptmhmm,min_outside_scores,-0.0579
Q9A1D5,random,rate4site_deeptmhmm,max_outside_scores,17.2047
Q9A1D5,random,rate4site_deeptmhmm,mean_outside_scores,2.8187919463083795e-05
Q9A1D5,random,rate4site_deeptmhmm,,-0.0579
Q9A1D5,random,rate4site_deeptmhmm,min_outside_scores,-0.0579
Q9A1D5,random,rate4site_deeptmhmm,max_outside_scores,17.2047
Q99Y13,random,rate4site_deeptmhmm,mean_outside_scores,3.274853801170236e-05
Q99Y13,random,rate4site_deeptmhmm,,-0.1901
Q99Y13,random,rate4site_deeptmhmm,min_outside_scores,-0.1901
Q99Y13,random,rate4site_deeptmhmm,max_outside_scores,5.2287
Q99Y13,random,rate4site_deeptmhmm,mean_outside_scores,3.274853801170236e-05
Q99Y13,random,rate4site_deeptmhmm,,-0.1901
Q99Y13,random,rate4site_deeptmhmm,min_outside_scores,-0.1901
Q99Y13,random,rate4site_deeptmhmm,max_outside_scores,5.2287
Q99Y13,random,rate4site_deeptmhmm,mean_outside_scores,3.274853801170236e-05
Q99Y13,random,rate4site_deeptmhmm,,-0.1901
Q99Y13,random,rate4site_deeptmhmm,min_outside_scores,-0.1901
Q99Y13,random,rate4site_deeptmhmm,max_outside_scores,5.2287
Q99Y13,random,rate4site_deeptmhmm,mean_outside_scores,3.274853801170236e-05
Q99Y13,random,rate4site_deeptmhmm,,-0.1901
Q99Y13,random,rate4site_deeptmhmm,min_outside_scores,-0.1901
Q99Y13,random,rate4site_deeptmhmm,max_outside_scores,5.2287
Q99Y13,random,rate4site_deeptmhmm,mean_outside_scores,3.274853801170236e-05
Q99Y13,random,rate4site_deeptmhmm,,-0.1901
Q99Y13,random,rate4site_deeptmhmm,min_outside_scores,-0.1901
Q99Y13,random,rate4site_deeptmhmm,max_outside_scores,5.2287
P0DA16,random,rate4site_deeptmhmm,mean_outside_scores,-7.874015747938839e-07
P0DA16,random,rate4site_deeptmhmm,,-0.089
P0DA16,random,rate4site_deeptmhmm,min_outside_scores,-0.089
P0DA16,random,rate4site_deeptmhmm,max_outside_scores,11.2139
P0DA16,random,rate4site_deeptmhmm,mean_outside_scores,-7.874015747938839e-07
P0DA16,random,rate4site_deeptmhmm,,-0.089
P0DA16,random,rate4site_deeptmhmm,min_outside_scores,-0.089
P0DA16,random,rate4site_deeptmhmm,max_outside_scores,11.2139
P0DA16,random,rate4site_deeptmhmm,mean_outside_scores,-7.874015747938839e-07
P0DA16,random,rate4site_deeptmhmm,,-0.089
P0DA16,random,rate4site_deeptmhmm,min_outside_scores,-0.089
P0DA16,random,rate4site_deeptmhmm,max_outside_scores,11.2139
P0DA16,random,rate4site_deeptmhmm,mean_outside_scores,-7.874015747938839e-07
P0DA16,random,rate4site_deeptmhmm,,-0.089
P0DA16,random,rate4site_deeptmhmm,min_outside_scores,-0.089
P0DA16,random,rate4site_deeptmhmm,max_outside_scores,11.2139
P0DA16,random,rate4site_deeptmhmm,mean_outside_scores,-7.874015747938839e-07
P0DA16,random,rate4site_deeptmhmm,,-0.089
P0DA16,random,rate4site_deeptmhmm,min_outside_scores,-0.089
P0DA16,random,rate4site_deeptmhmm,max_outside_scores,11.2139
Q1JK54,random,rate4site_deeptmhmm,mean_outside_scores,-3.6447368421053294e-05
Q1JK54,random,rate4site_deeptmhmm,,-0.1512
Q1JK54,random,rate4site_deeptmhmm,min_outside_scores,-0.1512
Q1JK54,random,rate4site_deeptmhmm,max_outside_scores,6.6067
Q1JK54,random,rate4site_deeptmhmm,mean_outside_scores,-3.6447368421053294e-05
Q1JK54,random,rate4site_deeptmhmm,,-0.1512
Q1JK54,random,rate4site_deeptmhmm,min_outside_scores,-0.1512
Q1JK54,random,rate4site_deeptmhmm,max_outside_scores,6.6067
Q1JK54,random,rate4site_deeptmhmm,mean_outside_scores,-3.6447368421053294e-05
Q1JK54,random,rate4site_deeptmhmm,,-0.1512
Q1JK54,random,rate4site_deeptmhmm,min_outside_scores,-0.1512
Q1JK54,random,rate4site_deeptmhmm,max_outside_scores,6.6067
Q1JK54,random,rate4site_deeptmhmm,mean_outside_scores,-3.6447368421053294e-05
Q1JK54,random,rate4site_deeptmhmm,,-0.1512
Q1JK54,random,rate4site_deeptmhmm,min_outside_scores,-0.1512
Q1JK54,random,rate4site_deeptmhmm,max_outside_scores,6.6067
Q1JK54,random,rate4site_deeptmhmm,mean_outside_scores,-3.6447368421053294e-05
Q1JK54,random,rate4site_deeptmhmm,,-0.1512
Q1JK54,random,rate4site_deeptmhmm,min_outside_scores,-0.1512
Q1JK54,random,rate4site_deeptmhmm,max_outside_scores,6.6067
Q8P003,random,rate4site_deeptmhmm,mean_outside_scores,-2.3472668810274667e-05
Q8P003,random,rate4site_deeptmhmm,,-0.1997
Q8P003,random,rate4site_deeptmhmm,min_outside_scores,-0.1997
Q8P003,random,rate4site_deeptmhmm,max_outside_scores,5.1028
Q8P003,random,rate4site_deeptmhmm,mean_outside_scores,-2.3472668810274667e-05
Q8P003,random,rate4site_deeptmhmm,,-0.1997
Q8P003,random,rate4site_deeptmhmm,min_outside_scores,-0.1997
Q8P003,random,rate4site_deeptmhmm,max_outside_scores,5.1028
Q8P003,random,rate4site_deeptmhmm,mean_outside_scores,-2.3472668810274667e-05
Q8P003,random,rate4site_deeptmhmm,,-0.1997
Q8P003,random,rate4site_deeptmhmm,min_outside_scores,-0.1997
Q8P003,random,rate4site_deeptmhmm,max_outside_scores,5.1028
Q8P003,random,rate4site_deeptmhmm,mean_outside_scores,-2.3472668810274667e-05
Q8P003,random,rate4site_deeptmhmm,,-0.1997
Q8P003,random,rate4site_deeptmhmm,min_outside_scores,-0.1997
Q8P003,random,rate4site_deeptmhmm,max_outside_scores,5.1028
Q8P003,random,rate4site_deeptmhmm,mean_outside_scores,-2.3472668810274667e-05
Q8P003,random,rate4site_deeptmhmm,,-0.1997
Q8P003,random,rate4site_deeptmhmm,min_outside_scores,-0.1997
Q8P003,random,rate4site_deeptmhmm,max_outside_scores,5.1028
P60452,random,rate4site_deeptmhmm,mean_outside_scores,3.7499999999999475e-05
P60452,random,rate4site_deeptmhmm,,-0.0693
P60452,random,rate4site_deeptmhmm,min_outside_scores,-0.0693
P60452,random,rate4site_deeptmhmm,max_outside_scores,14.3529
P60452,random,rate4site_deeptmhmm,mean_outside_scores,3.7499999999999475e-05
P60452,random,rate4site_deeptmhmm,,-0.0693
P60452,random,rate4site_deeptmhmm,min_outside_scores,-0.0693
P60452,random,rate4site_deeptmhmm,max_outside_scores,14.3529
P60452,random,rate4site_deeptmhmm,mean_outside_scores,3.7499999999999475e-05
P60452,random,rate4site_deeptmhmm,,-0.0693
P60452,random,rate4site_deeptmhmm,min_outside_scores,-0.0693
P60452,random,rate4site_deeptmhmm,max_outside_scores,14.3529
P60452,random,rate4site_deeptmhmm,mean_outside_scores,3.7499999999999475e-05
P60452,random,rate4site_deeptmhmm,,-0.0693
P60452,random,rate4site_deeptmhmm,min_outside_scores,-0.0693
P60452,random,rate4site_deeptmhmm,max_outside_scores,14.3529
Q1J6M7,random,rate4site_deeptmhmm,mean_outside_scores,-2.354740061162567e-05
Q1J6M7,random,rate4site_deeptmhmm,,-0.1477
Q1J6M7,random,rate4site_deeptmhmm,min_outside_scores,-0.1477
Q1J6M7,random,rate4site_deeptmhmm,max_outside_scores,6.7509
Q1J6M7,random,rate4site_deeptmhmm,mean_outside_scores,-2.354740061162567e-05
Q1J6M7,random,rate4site_deeptmhmm,,-0.1477
Q1J6M7,random,rate4site_deeptmhmm,min_outside_scores,-0.1477
Q1J6M7,random,rate4site_deeptmhmm,max_outside_scores,6.7509
Q1J6M7,random,rate4site_deeptmhmm,mean_outside_scores,-2.354740061162567e-05
Q1J6M7,random,rate4site_deeptmhmm,,-0.1477
Q1J6M7,random,rate4site_deeptmhmm,min_outside_scores,-0.1477
Q1J6M7,random,rate4site_deeptmhmm,max_outside_scores,6.7509
Q1J6M7,random,rate4site_deeptmhmm,mean_outside_scores,-2.354740061162567e-05
Q1J6M7,random,rate4site_deeptmhmm,,-0.1477
Q1J6M7,random,rate4site_deeptmhmm,min_outside_scores,-0.1477
Q1J6M7,random,rate4site_deeptmhmm,max_outside_scores,6.7509
Q1J6M7,random,rate4site_deeptmhmm,mean_outside_scores,-2.354740061162567e-05
Q1J6M7,random,rate4site_deeptmhmm,,-0.1477
Q1J6M7,random,rate4site_deeptmhmm,min_outside_scores,-0.1477
Q1J6M7,random,rate4site_deeptmhmm,max_outside_scores,6.7509
P0DF10,random,rate4site_deeptmhmm,mean_outside_scores,-2.952646239554982e-05
P0DF10,random,rate4site_deeptmhmm,,-0.0917
P0DF10,random,rate4site_deeptmhmm,min_outside_scores,-0.0917
P0DF10,random,rate4site_deeptmhmm,max_outside_scores,10.8782
P0DF10,random,rate4site_deeptmhmm,mean_outside_scores,-2.952646239554982e-05
P0DF10,random,rate4site_deeptmhmm,,-0.0917
P0DF10,random,rate4site_deeptmhmm,min_outside_scores,-0.0917
P0DF10,random,rate4site_deeptmhmm,max_outside_scores,10.8782
P0DF10,random,rate4site_deeptmhmm,mean_outside_scores,-2.952646239554982e-05
P0DF10,random,rate4site_deeptmhmm,,-0.0917
P0DF10,random,rate4site_deeptmhmm,min_outside_scores,-0.0917
P0DF10,random,rate4site_deeptmhmm,max_outside_scores,10.8782
P0DF10,random,rate4site_deeptmhmm,mean_outside_scores,-2.952646239554982e-05
P0DF10,random,rate4site_deeptmhmm,,-0.0917
P0DF10,random,rate4site_deeptmhmm,min_outside_scores,-0.0917
P0DF10,random,rate4site_deeptmhmm,max_outside_scores,10.8782
Q1JHA5,random,rate4site_deeptmhmm,mean_outside_scores,4.055299539171889e-05
Q1JHA5,random,rate4site_deeptmhmm,,-0.1682
Q1JHA5,random,rate4site_deeptmhmm,min_outside_scores,-0.1682
Q1JHA5,random,rate4site_deeptmhmm,max_outside_scores,5.9165
Q1JHA5,random,rate4site_deeptmhmm,mean_outside_scores,4.055299539171889e-05
Q1JHA5,random,rate4site_deeptmhmm,,-0.1682
Q1JHA5,random,rate4site_deeptmhmm,min_outside_scores,-0.1682
Q1JHA5,random,rate4site_deeptmhmm,max_outside_scores,5.9165
Q1JHA5,random,rate4site_deeptmhmm,mean_outside_scores,4.055299539171889e-05
Q1JHA5,random,rate4site_deeptmhmm,,-0.1682
Q1JHA5,random,rate4site_deeptmhmm,min_outside_scores,-0.1682
Q1JHA5,random,rate4site_deeptmhmm,max_outside_scores,5.9165
Q1JHA5,random,rate4site_deeptmhmm,mean_outside_scores,4.055299539171889e-05
Q1JHA5,random,rate4site_deeptmhmm,,-0.1682
Q1JHA5,random,rate4site_deeptmhmm,min_outside_scores,-0.1682
Q1JHA5,random,rate4site_deeptmhmm,max_outside_scores,5.9165
Q1JHA5,random,rate4site_deeptmhmm,mean_outside_scores,4.055299539171889e-05
Q1JHA5,random,rate4site_deeptmhmm,,-0.1682
Q1JHA5,random,rate4site_deeptmhmm,min_outside_scores,-0.1682
Q1JHA5,random,rate4site_deeptmhmm,max_outside_scores,5.9165
A2RCV8,random,rate4site_deeptmhmm,mean_outside_scores,-4.613778705637533e-05
A2RCV8,random,rate4site_deeptmhmm,,-0.1217
A2RCV8,random,rate4site_deeptmhmm,min_outside_scores,-0.1217
A2RCV8,random,rate4site_deeptmhmm,max_outside_scores,8.2029
A2RCV8,random,rate4site_deeptmhmm,mean_outside_scores,-4.613778705637533e-05
A2RCV8,random,rate4site_deeptmhmm,,-0.1217
A2RCV8,random,rate4site_deeptmhmm,min_outside_scores,-0.1217
A2RCV8,random,rate4site_deeptmhmm,max_outside_scores,8.2029
A2RCV8,random,rate4site_deeptmhmm,mean_outside_scores,-4.613778705637533e-05
A2RCV8,random,rate4site_deeptmhmm,,-0.1217
A2RCV8,random,rate4site_deeptmhmm,min_outside_scores,-0.1217
A2RCV8,random,rate4site_deeptmhmm,max_outside_scores,8.2029
A2RCV8,random,rate4site_deeptmhmm,mean_outside_scores,-4.613778705637533e-05
A2RCV8,random,rate4site_deeptmhmm,,-0.1217
A2RCV8,random,rate4site_deeptmhmm,min_outside_scores,-0.1217
A2RCV8,random,rate4site_deeptmhmm,max_outside_scores,8.2029
A2RCV8,random,rate4site_deeptmhmm,mean_outside_scores,-4.613778705637533e-05
A2RCV8,random,rate4site_deeptmhmm,,-0.1217
A2RCV8,random,rate4site_deeptmhmm,min_outside_scores,-0.1217
A2RCV8,random,rate4site_deeptmhmm,max_outside_scores,8.2029
P0CZ51,random,rate4site_deeptmhmm,mean_outside_scores,2.7966101694911704e-05
P0CZ51,random,rate4site_deeptmhmm,,-0.1608
P0CZ51,random,rate4site_deeptmhmm,min_outside_scores,-0.1608
P0CZ51,random,rate4site_deeptmhmm,max_outside_scores,6.1651
P0CZ51,random,rate4site_deeptmhmm,mean_outside_scores,2.7966101694911704e-05
P0CZ51,random,rate4site_deeptmhmm,,-0.1608
P0CZ51,random,rate4site_deeptmhmm,min_outside_scores,-0.1608
P0CZ51,random,rate4site_deeptmhmm,max_outside_scores,6.1651
P0CZ51,random,rate4site_deeptmhmm,mean_outside_scores,2.7966101694911704e-05
P0CZ51,random,rate4site_deeptmhmm,,-0.1608
P0CZ51,random,rate4site_deeptmhmm,min_outside_scores,-0.1608
P0CZ51,random,rate4site_deeptmhmm,max_outside_scores,6.1651
P0CZ51,random,rate4site_deeptmhmm,mean_outside_scores,2.7966101694911704e-05
P0CZ51,random,rate4site_deeptmhmm,,-0.1608
P0CZ51,random,rate4site_deeptmhmm,min_outside_scores,-0.1608
P0CZ51,random,rate4site_deeptmhmm,max_outside_scores,6.1651
Q1J6G8,random,rate4site_deeptmhmm,mean_outside_scores,9.090909090890932e-06
Q1J6G8,random,rate4site_deeptmhmm,,-0.4424
Q1J6G8,random,rate4site_deeptmhmm,min_outside_scores,-0.5529
Q1J6G8,random,rate4site_deeptmhmm,max_outside_scores,2.3529
Q1J6G8,random,rate4site_deeptmhmm,mean_outside_scores,9.090909090890932e-06
Q1J6G8,random,rate4site_deeptmhmm,,-0.4424
Q1J6G8,random,rate4site_deeptmhmm,min_outside_scores,-0.5529
Q1J6G8,random,rate4site_deeptmhmm,max_outside_scores,2.3529
Q1J6G8,random,rate4site_deeptmhmm,mean_outside_scores,9.090909090890932e-06
Q1J6G8,random,rate4site_deeptmhmm,,-0.4424
Q1J6G8,random,rate4site_deeptmhmm,min_outside_scores,-0.5529
Q1J6G8,random,rate4site_deeptmhmm,max_outside_scores,2.3529
P0DE27,random,rate4site_deeptmhmm,mean_outside_scores,3.960396039600226e-06
P0DE27,random,rate4site_deeptmhmm,,-0.0995
P0DE27,random,rate4site_deeptmhmm,min_outside_scores,-0.0995
P0DE27,random,rate4site_deeptmhmm,max_outside_scores,9.9504
P0DE27,random,rate4site_deeptmhmm,mean_outside_scores,3.960396039600226e-06
P0DE27,random,rate4site_deeptmhmm,,-0.0995
P0DE27,random,rate4site_deeptmhmm,min_outside_scores,-0.0995
P0DE27,random,rate4site_deeptmhmm,max_outside_scores,9.9504
P0DE27,random,rate4site_deeptmhmm,mean_outside_scores,3.960396039600226e-06
P0DE27,random,rate4site_deeptmhmm,,-0.0995
P0DE27,random,rate4site_deeptmhmm,min_outside_scores,-0.0995
P0DE27,random,rate4site_deeptmhmm,max_outside_scores,9.9504
Q48V07,random,rate4site_deeptmhmm,mean_outside_scores,-4.1975308641967944e-05
Q48V07,random,rate4site_deeptmhmm,,-0.1115
Q48V07,random,rate4site_deeptmhmm,min_outside_scores,-0.1115
Q48V07,random,rate4site_deeptmhmm,max_outside_scores,8.9166
Q48V07,random,rate4site_deeptmhmm,mean_outside_scores,-0.021518936877076407
Q48V07,random,rate4site_deeptmhmm,,-0.1115
Q48V07,random,rate4site_deeptmhmm,min_outside_scores,-0.1115
Q48V07,random,rate4site_deeptmhmm,max_outside_scores,8.9166
Q48V07,random,rate4site_deeptmhmm,mean_outside_scores,-0.01400431965442764
Q48V07,random,rate4site_deeptmhmm,,-0.1115
Q48V07,random,rate4site_deeptmhmm,min_outside_scores,-0.1115
Q48V07,random,rate4site_deeptmhmm,max_outside_scores,8.9166
Q48V07,random,rate4site_deeptmhmm,mean_outside_scores,-0.010385279999999993
Q48V07,random,rate4site_deeptmhmm,,-0.1115
Q48V07,random,rate4site_deeptmhmm,min_outside_scores,-0.1115
Q48V07,random,rate4site_deeptmhmm,max_outside_scores,8.9166
Q48V07,random,rate4site_deeptmhmm,mean_outside_scores,-0.008256162642947897
Q48V07,random,rate4site_deeptmhmm,,-0.1115
Q48V07,random,rate4site_deeptmhmm,min_outside_scores,-0.1115
Q48V07,random,rate4site_deeptmhmm,max_outside_scores,8.9166
Q1JJ57,random,rate4site_deeptmhmm,mean_outside_scores,-1.9298245614026388e-05
Q1JJ57,random,rate4site_deeptmhmm,,-0.3333
Q1JJ57,random,rate4site_deeptmhmm,min_outside_scores,-0.461
Q1JJ57,random,rate4site_deeptmhmm,max_outside_scores,2.8992
Q1JJ57,random,rate4site_deeptmhmm,mean_outside_scores,-1.9298245614026388e-05
Q1JJ57,random,rate4site_deeptmhmm,,-0.3333
Q1JJ57,random,rate4site_deeptmhmm,min_outside_scores,-0.461
Q1JJ57,random,rate4site_deeptmhmm,max_outside_scores,2.8992
Q1JJ57,random,rate4site_deeptmhmm,mean_outside_scores,-1.9298245614026388e-05
Q1JJ57,random,rate4site_deeptmhmm,,-0.3333
Q1JJ57,random,rate4site_deeptmhmm,min_outside_scores,-0.461
Q1JJ57,random,rate4site_deeptmhmm,max_outside_scores,2.8992
Q48SZ3,random,rate4site_deeptmhmm,mean_outside_scores,4.8437500000001496e-05
Q48SZ3,random,rate4site_deeptmhmm,,-0.0886
Q48SZ3,random,rate4site_deeptmhmm,min_outside_scores,-0.0886
Q48SZ3,random,rate4site_deeptmhmm,max_outside_scores,11.2584
Q48SZ3,random,rate4site_deeptmhmm,mean_outside_scores,4.8437500000001496e-05
Q48SZ3,random,rate4site_deeptmhmm,,-0.0886
Q48SZ3,random,rate4site_deeptmhmm,min_outside_scores,-0.0886
Q48SZ3,random,rate4site_deeptmhmm,max_outside_scores,11.2584
Q48SZ3,random,rate4site_deeptmhmm,mean_outside_scores,4.8437500000001496e-05
Q48SZ3,random,rate4site_deeptmhmm,,-0.0886
Q48SZ3,random,rate4site_deeptmhmm,min_outside_scores,-0.0886
Q48SZ3,random,rate4site_deeptmhmm,max_outside_scores,11.2584
Q48SZ3,random,rate4site_deeptmhmm,mean_outside_scores,4.8437500000001496e-05
Q48SZ3,random,rate4site_deeptmhmm,,-0.0886
Q48SZ3,random,rate4site_deeptmhmm,min_outside_scores,-0.0886
Q48SZ3,random,rate4site_deeptmhmm,max_outside_scores,11.2584
Q48SZ3,random,rate4site_deeptmhmm,mean_outside_scores,4.8437500000001496e-05
Q48SZ3,random,rate4site_deeptmhmm,,-0.0886
Q48SZ3,random,rate4site_deeptmhmm,min_outside_scores,-0.0886
Q48SZ3,random,rate4site_deeptmhmm,max_outside_scores,11.2584
B5XHV2,random,rate4site_deeptmhmm,mean_outside_scores,0.00112782608695653
B5XHV2,random,rate4site_deeptmhmm,,-0.1319
B5XHV2,random,rate4site_deeptmhmm,min_outside_scores,-0.1319
B5XHV2,random,rate4site_deeptmhmm,max_outside_scores,7.5172
B5XHV2,random,rate4site_deeptmhmm,mean_outside_scores,0.0005519480519480602
B5XHV2,random,rate4site_deeptmhmm,,-0.1319
B5XHV2,random,rate4site_deeptmhmm,min_outside_scores,-0.1319
B5XHV2,random,rate4site_deeptmhmm,max_outside_scores,7.5172
B5XHV2,random,rate4site_deeptmhmm,mean_outside_scores,0.0007433526011560777
B5XHV2,random,rate4site_deeptmhmm,,-0.1319
B5XHV2,random,rate4site_deeptmhmm,min_outside_scores,-0.1319
B5XHV2,random,rate4site_deeptmhmm,max_outside_scores,7.5172
Q8NZY8,random,rate4site_deeptmhmm,mean_outside_scores,-4.671532846713943e-05
Q8NZY8,random,rate4site_deeptmhmm,,-0.184
Q8NZY8,random,rate4site_deeptmhmm,min_outside_scores,-0.184
Q8NZY8,random,rate4site_deeptmhmm,max_outside_scores,5.4164
Q8NZY8,random,rate4site_deeptmhmm,mean_outside_scores,-4.671532846713943e-05
Q8NZY8,random,rate4site_deeptmhmm,,-0.184
Q8NZY8,random,rate4site_deeptmhmm,min_outside_scores,-0.184
Q8NZY8,random,rate4site_deeptmhmm,max_outside_scores,5.4164
Q8NZY8,random,rate4site_deeptmhmm,mean_outside_scores,-4.671532846713943e-05
Q8NZY8,random,rate4site_deeptmhmm,,-0.184
Q8NZY8,random,rate4site_deeptmhmm,min_outside_scores,-0.184
Q8NZY8,random,rate4site_deeptmhmm,max_outside_scores,5.4164
Q8NZY8,random,rate4site_deeptmhmm,mean_outside_scores,-4.671532846713943e-05
Q8NZY8,random,rate4site_deeptmhmm,,-0.184
Q8NZY8,random,rate4site_deeptmhmm,min_outside_scores,-0.184
Q8NZY8,random,rate4site_deeptmhmm,max_outside_scores,5.4164
Q8NZY8,random,rate4site_deeptmhmm,mean_outside_scores,-4.671532846713943e-05
Q8NZY8,random,rate4site_deeptmhmm,,-0.184
Q8NZY8,random,rate4site_deeptmhmm,min_outside_scores,-0.184
Q8NZY8,random,rate4site_deeptmhmm,max_outside_scores,5.4164
Q48SL4,random,rate4site_deeptmhmm,mean_outside_scores,3.669724770634668e-06
Q48SL4,random,rate4site_deeptmhmm,,-0.096
Q48SL4,random,rate4site_deeptmhmm,min_outside_scores,-0.096
Q48SL4,random,rate4site_deeptmhmm,max_outside_scores,10.3684
Q48SL4,random,rate4site_deeptmhmm,mean_outside_scores,3.669724770634668e-06
Q48SL4,random,rate4site_deeptmhmm,,-0.096
Q48SL4,random,rate4site_deeptmhmm,min_outside_scores,-0.096
Q48SL4,random,rate4site_deeptmhmm,max_outside_scores,10.3684
Q48SL4,random,rate4site_deeptmhmm,mean_outside_scores,3.669724770634668e-06
Q48SL4,random,rate4site_deeptmhmm,,-0.096
Q48SL4,random,rate4site_deeptmhmm,min_outside_scores,-0.096
Q48SL4,random,rate4site_deeptmhmm,max_outside_scores,10.3684
Q48SL4,random,rate4site_deeptmhmm,mean_outside_scores,3.669724770634668e-06
Q48SL4,random,rate4site_deeptmhmm,,-0.096
Q48SL4,random,rate4site_deeptmhmm,min_outside_scores,-0.096
Q48SL4,random,rate4site_deeptmhmm,max_outside_scores,10.3684
B5XJ57,random,rate4site_deeptmhmm,mean_outside_scores,-3.962264150943968e-05
B5XJ57,random,rate4site_deeptmhmm,,-0.0974
B5XJ57,random,rate4site_deeptmhmm,min_outside_scores,-0.0974
B5XJ57,random,rate4site_deeptmhmm,max_outside_scores,10.2228
B5XJ57,random,rate4site_deeptmhmm,mean_outside_scores,-3.962264150943968e-05
B5XJ57,random,rate4site_deeptmhmm,,-0.0974
B5XJ57,random,rate4site_deeptmhmm,min_outside_scores,-0.0974
B5XJ57,random,rate4site_deeptmhmm,max_outside_scores,10.2228
B5XJ57,random,rate4site_deeptmhmm,mean_outside_scores,-3.962264150943968e-05
B5XJ57,random,rate4site_deeptmhmm,,-0.0974
B5XJ57,random,rate4site_deeptmhmm,min_outside_scores,-0.0974
B5XJ57,random,rate4site_deeptmhmm,max_outside_scores,10.2228
B5XJ57,random,rate4site_deeptmhmm,mean_outside_scores,7.53246753246696e-05
B5XJ57,random,rate4site_deeptmhmm,,-0.0974
B5XJ57,random,rate4site_deeptmhmm,min_outside_scores,-0.0974
B5XJ57,random,rate4site_deeptmhmm,max_outside_scores,10.2228
Q1JKD4,random,rate4site_deeptmhmm,mean_outside_scores,-3.895348837208567e-05
Q1JKD4,random,rate4site_deeptmhmm,,-0.0764
Q1JKD4,random,rate4site_deeptmhmm,min_outside_scores,-0.0764
Q1JKD4,random,rate4site_deeptmhmm,max_outside_scores,13.0577
Q1JKD4,random,rate4site_deeptmhmm,mean_outside_scores,-3.895348837208567e-05
Q1JKD4,random,rate4site_deeptmhmm,,-0.0764
Q1JKD4,random,rate4site_deeptmhmm,min_outside_scores,-0.0764
Q1JKD4,random,rate4site_deeptmhmm,max_outside_scores,13.0577
Q1JKD4,random,rate4site_deeptmhmm,mean_outside_scores,-3.895348837208567e-05
Q1JKD4,random,rate4site_deeptmhmm,,-0.0764
Q1JKD4,random,rate4site_deeptmhmm,min_outside_scores,-0.0764
Q1JKD4,random,rate4site_deeptmhmm,max_outside_scores,13.0577
Q1JKD4,random,rate4site_deeptmhmm,mean_outside_scores,-3.895348837208567e-05
Q1JKD4,random,rate4site_deeptmhmm,,-0.0764
Q1JKD4,random,rate4site_deeptmhmm,min_outside_scores,-0.0764
Q1JKD4,random,rate4site_deeptmhmm,max_outside_scores,13.0577
Q1JHP3,random,rate4site_deeptmhmm,mean_outside_scores,-1.7027960500385837e-19
Q1JHP3,random,rate4site_deeptmhmm,,-0.0963
Q1JHP3,random,rate4site_deeptmhmm,min_outside_scores,-0.0963
Q1JHP3,random,rate4site_deeptmhmm,max_outside_scores,10.3683
Q1JHP3,random,rate4site_deeptmhmm,mean_outside_scores,-1.7027960500385837e-19
Q1JHP3,random,rate4site_deeptmhmm,,-0.0963
Q1JHP3,random,rate4site_deeptmhmm,min_outside_scores,-0.0963
Q1JHP3,random,rate4site_deeptmhmm,max_outside_scores,10.3683
Q1JHP3,random,rate4site_deeptmhmm,mean_outside_scores,-1.7027960500385837e-19
Q1JHP3,random,rate4site_deeptmhmm,,-0.0963
Q1JHP3,random,rate4site_deeptmhmm,min_outside_scores,-0.0963
Q1JHP3,random,rate4site_deeptmhmm,max_outside_scores,10.3683
Q1JHP3,random,rate4site_deeptmhmm,mean_outside_scores,-1.7027960500385837e-19
Q1JHP3,random,rate4site_deeptmhmm,,-0.0963
Q1JHP3,random,rate4site_deeptmhmm,min_outside_scores,-0.0963
Q1JHP3,random,rate4site_deeptmhmm,max_outside_scores,10.3683
Q1JHP3,random,rate4site_deeptmhmm,mean_outside_scores,-1.7027960500385837e-19
Q1JHP3,random,rate4site_deeptmhmm,,-0.0963
Q1JHP3,random,rate4site_deeptmhmm,min_outside_scores,-0.0963
Q1JHP3,random,rate4site_deeptmhmm,max_outside_scores,10.3683
P66852,random,rate4site_deeptmhmm,mean_outside_scores,-1.901840490798222e-05
P66852,random,rate4site_deeptmhmm,,-0.3295
P66852,random,rate4site_deeptmhmm,min_outside_scores,-0.4639
P66852,random,rate4site_deeptmhmm,max_outside_scores,3.0716
P66852,random,rate4site_deeptmhmm,mean_outside_scores,-1.901840490798222e-05
P66852,random,rate4site_deeptmhmm,,-0.3295
P66852,random,rate4site_deeptmhmm,min_outside_scores,-0.4639
P66852,random,rate4site_deeptmhmm,max_outside_scores,3.0716
P66852,random,rate4site_deeptmhmm,mean_outside_scores,-1.901840490798222e-05
P66852,random,rate4site_deeptmhmm,,-0.3295
P66852,random,rate4site_deeptmhmm,min_outside_scores,-0.4639
P66852,random,rate4site_deeptmhmm,max_outside_scores,3.0716
P0DG70,random,rate4site_deeptmhmm,mean_outside_scores,1.1842105263133948e-05
P0DG70,random,rate4site_deeptmhmm,,-0.3062
P0DG70,random,rate4site_deeptmhmm,min_outside_scores,-0.3062
P0DG70,random,rate4site_deeptmhmm,max_outside_scores,4.9184
P0DG70,random,rate4site_deeptmhmm,mean_outside_scores,0.0030637873754152584
P0DG70,random,rate4site_deeptmhmm,,-0.3062
P0DG70,random,rate4site_deeptmhmm,min_outside_scores,-0.3062
P0DG70,random,rate4site_deeptmhmm,max_outside_scores,4.9184
P0DG70,random,rate4site_deeptmhmm,mean_outside_scores,0.0020397350993377242
P0DG70,random,rate4site_deeptmhmm,,-0.3062
P0DG70,random,rate4site_deeptmhmm,min_outside_scores,-0.3062
P0DG70,random,rate4site_deeptmhmm,max_outside_scores,4.9184
P0DG70,random,rate4site_deeptmhmm,mean_outside_scores,0.0015302479338842735
P0DG70,random,rate4site_deeptmhmm,,-0.3062
P0DG70,random,rate4site_deeptmhmm,min_outside_scores,-0.3062
P0DG70,random,rate4site_deeptmhmm,max_outside_scores,4.9184
P0DG70,random,rate4site_deeptmhmm,mean_outside_scores,0.0012253632760898044
P0DG70,random,rate4site_deeptmhmm,,-0.3062
P0DG70,random,rate4site_deeptmhmm,min_outside_scores,-0.3062
P0DG70,random,rate4site_deeptmhmm,max_outside_scores,4.9184
B5XM46,random,rate4site_deeptmhmm,mean_outside_scores,2.5730994152050605e-05
B5XM46,random,rate4site_deeptmhmm,,-0.1086
B5XM46,random,rate4site_deeptmhmm,min_outside_scores,-0.1086
B5XM46,random,rate4site_deeptmhmm,max_outside_scores,9.1789
B5XM46,random,rate4site_deeptmhmm,mean_outside_scores,2.5730994152050605e-05
B5XM46,random,rate4site_deeptmhmm,,-0.1086
B5XM46,random,rate4site_deeptmhmm,min_outside_scores,-0.1086
B5XM46,random,rate4site_deeptmhmm,max_outside_scores,9.1789
B5XM46,random,rate4site_deeptmhmm,mean_outside_scores,2.5730994152050605e-05
B5XM46,random,rate4site_deeptmhmm,,-0.1086
B5XM46,random,rate4site_deeptmhmm,min_outside_scores,-0.1086
B5XM46,random,rate4site_deeptmhmm,max_outside_scores,9.1789
B5XM46,random,rate4site_deeptmhmm,mean_outside_scores,2.5730994152050605e-05
B5XM46,random,rate4site_deeptmhmm,,-0.1086
B5XM46,random,rate4site_deeptmhmm,min_outside_scores,-0.1086
B5XM46,random,rate4site_deeptmhmm,max_outside_scores,9.1789
B5XM46,random,rate4site_deeptmhmm,mean_outside_scores,2.5730994152050605e-05
B5XM46,random,rate4site_deeptmhmm,,-0.1086
B5XM46,random,rate4site_deeptmhmm,min_outside_scores,-0.1086
B5XM46,random,rate4site_deeptmhmm,max_outside_scores,9.1789
Q5XCC0,random,rate4site_deeptmhmm,mean_outside_scores,4.749163879598601e-05
Q5XCC0,random,rate4site_deeptmhmm,,-0.0709
Q5XCC0,random,rate4site_deeptmhmm,min_outside_scores,-0.0709
Q5XCC0,random,rate4site_deeptmhmm,max_outside_scores,14.0713
Q5XCC0,random,rate4site_deeptmhmm,mean_outside_scores,4.749163879598601e-05
Q5XCC0,random,rate4site_deeptmhmm,,-0.0709
Q5XCC0,random,rate4site_deeptmhmm,min_outside_scores,-0.0709
Q5XCC0,random,rate4site_deeptmhmm,max_outside_scores,14.0713
Q5XCC0,random,rate4site_deeptmhmm,mean_outside_scores,4.749163879598601e-05
Q5XCC0,random,rate4site_deeptmhmm,,-0.0709
Q5XCC0,random,rate4site_deeptmhmm,min_outside_scores,-0.0709
Q5XCC0,random,rate4site_deeptmhmm,max_outside_scores,14.0713
Q5XCC0,random,rate4site_deeptmhmm,mean_outside_scores,4.749163879598601e-05
Q5XCC0,random,rate4site_deeptmhmm,,-0.0709
Q5XCC0,random,rate4site_deeptmhmm,min_outside_scores,-0.0709
Q5XCC0,random,rate4site_deeptmhmm,max_outside_scores,14.0713
B5XMM1,random,rate4site_deeptmhmm,mean_outside_scores,-4.112149532710729e-05
B5XMM1,random,rate4site_deeptmhmm,,-0.0684
B5XMM1,random,rate4site_deeptmhmm,min_outside_scores,-0.0684
B5XMM1,random,rate4site_deeptmhmm,max_outside_scores,14.5604
B5XMM1,random,rate4site_deeptmhmm,mean_outside_scores,-4.112149532710729e-05
B5XMM1,random,rate4site_deeptmhmm,,-0.0684
B5XMM1,random,rate4site_deeptmhmm,min_outside_scores,-0.0684
B5XMM1,random,rate4site_deeptmhmm,max_outside_scores,14.5604
B5XMM1,random,rate4site_deeptmhmm,mean_outside_scores,-4.112149532710729e-05
B5XMM1,random,rate4site_deeptmhmm,,-0.0684
B5XMM1,random,rate4site_deeptmhmm,min_outside_scores,-0.0684
B5XMM1,random,rate4site_deeptmhmm,max_outside_scores,14.5604
B5XMM1,random,rate4site_deeptmhmm,mean_outside_scores,-4.112149532710729e-05
B5XMM1,random,rate4site_deeptmhmm,,-0.0684
B5XMM1,random,rate4site_deeptmhmm,min_outside_scores,-0.0684
B5XMM1,random,rate4site_deeptmhmm,max_outside_scores,14.5604
Q1JKA0,random,rate4site_deeptmhmm,mean_outside_scores,-3.032786885243429e-05
Q1JKA0,random,rate4site_deeptmhmm,,-0.295
Q1JKA0,random,rate4site_deeptmhmm,min_outside_scores,-0.295
Q1JKA0,random,rate4site_deeptmhmm,max_outside_scores,4.0795
Q1JKA0,random,rate4site_deeptmhmm,mean_outside_scores,-3.032786885243429e-05
Q1JKA0,random,rate4site_deeptmhmm,,-0.295
Q1JKA0,random,rate4site_deeptmhmm,min_outside_scores,-0.295
Q1JKA0,random,rate4site_deeptmhmm,max_outside_scores,4.0795
Q1JKA0,random,rate4site_deeptmhmm,mean_outside_scores,-3.032786885243429e-05
Q1JKA0,random,rate4site_deeptmhmm,,-0.295
Q1JKA0,random,rate4site_deeptmhmm,min_outside_scores,-0.295
Q1JKA0,random,rate4site_deeptmhmm,max_outside_scores,4.0795
Q1JKA0,random,rate4site_deeptmhmm,mean_outside_scores,-3.032786885243429e-05
Q1JKA0,random,rate4site_deeptmhmm,,-0.295
Q1JKA0,random,rate4site_deeptmhmm,min_outside_scores,-0.295
Q1JKA0,random,rate4site_deeptmhmm,max_outside_scores,4.0795
Q1JKA0,random,rate4site_deeptmhmm,mean_outside_scores,-3.032786885243429e-05
Q1JKA0,random,rate4site_deeptmhmm,,-0.295
Q1JKA0,random,rate4site_deeptmhmm,min_outside_scores,-0.295
Q1JKA0,random,rate4site_deeptmhmm,max_outside_scores,4.0795
A2RD12,random,rate4site_deeptmhmm,mean_outside_scores,-0.010891304347826081
A2RD12,random,rate4site_deeptmhmm,,-0.1543
A2RD12,random,rate4site_deeptmhmm,min_outside_scores,-0.1543
A2RD12,random,rate4site_deeptmhmm,max_outside_scores,6.4425
A2RD12,random,rate4site_deeptmhmm,mean_outside_scores,-0.004857928802588992
A2RD12,random,rate4site_deeptmhmm,,-0.1543
A2RD12,random,rate4site_deeptmhmm,min_outside_scores,-0.1543
A2RD12,random,rate4site_deeptmhmm,max_outside_scores,6.4425
A2RD12,random,rate4site_deeptmhmm,mean_outside_scores,-0.0031233333333333287
A2RD12,random,rate4site_deeptmhmm,,-0.1543
A2RD12,random,rate4site_deeptmhmm,min_outside_scores,-0.1543
A2RD12,random,rate4site_deeptmhmm,max_outside_scores,6.4425
A2RD12,random,rate4site_deeptmhmm,mean_outside_scores,-0.002299999999999995
A2RD12,random,rate4site_deeptmhmm,,-0.1543
A2RD12,random,rate4site_deeptmhmm,min_outside_scores,-0.1543
A2RD12,random,rate4site_deeptmhmm,max_outside_scores,6.4425
A2RD12,random,rate4site_deeptmhmm,mean_outside_scores,-0.0018192214111922094
A2RD12,random,rate4site_deeptmhmm,,-0.1543
A2RD12,random,rate4site_deeptmhmm,min_outside_scores,-0.1543
A2RD12,random,rate4site_deeptmhmm,max_outside_scores,6.4425
Q48VY9,random,rate4site_deeptmhmm,mean_outside_scores,2.9514563106792866e-05
Q48VY9,random,rate4site_deeptmhmm,,-0.1955
Q48VY9,random,rate4site_deeptmhmm,min_outside_scores,-0.1955
Q48VY9,random,rate4site_deeptmhmm,max_outside_scores,5.1044
Q48VY9,random,rate4site_deeptmhmm,mean_outside_scores,2.9514563106792866e-05
Q48VY9,random,rate4site_deeptmhmm,,-0.1955
Q48VY9,random,rate4site_deeptmhmm,min_outside_scores,-0.1955
Q48VY9,random,rate4site_deeptmhmm,max_outside_scores,5.1044
Q48VY9,random,rate4site_deeptmhmm,mean_outside_scores,2.9514563106792866e-05
Q48VY9,random,rate4site_deeptmhmm,,-0.1955
Q48VY9,random,rate4site_deeptmhmm,min_outside_scores,-0.1955
Q48VY9,random,rate4site_deeptmhmm,max_outside_scores,5.1044
Q48VY9,random,rate4site_deeptmhmm,mean_outside_scores,2.9514563106792866e-05
Q48VY9,random,rate4site_deeptmhmm,,-0.1955
Q48VY9,random,rate4site_deeptmhmm,min_outside_scores,-0.1955
Q48VY9,random,rate4site_deeptmhmm,max_outside_scores,5.1044
Q48VY9,random,rate4site_deeptmhmm,mean_outside_scores,2.9514563106792866e-05
Q48VY9,random,rate4site_deeptmhmm,,-0.1955
Q48VY9,random,rate4site_deeptmhmm,min_outside_scores,-0.1955
Q48VY9,random,rate4site_deeptmhmm,max_outside_scores,5.1044
P0DF23,random,rate4site_deeptmhmm,mean_outside_scores,-1.1974110032362847e-05
P0DF23,random,rate4site_deeptmhmm,,-0.0569
P0DF23,random,rate4site_deeptmhmm,min_outside_scores,-0.0569
P0DF23,random,rate4site_deeptmhmm,max_outside_scores,17.5215
P0DF23,random,rate4site_deeptmhmm,mean_outside_scores,-1.1974110032362847e-05
P0DF23,random,rate4site_deeptmhmm,,-0.0569
P0DF23,random,rate4site_deeptmhmm,min_outside_scores,-0.0569
P0DF23,random,rate4site_deeptmhmm,max_outside_scores,17.5215
P0DF23,random,rate4site_deeptmhmm,mean_outside_scores,-1.1974110032362847e-05
P0DF23,random,rate4site_deeptmhmm,,-0.0569
P0DF23,random,rate4site_deeptmhmm,min_outside_scores,-0.0569
P0DF23,random,rate4site_deeptmhmm,max_outside_scores,17.5215
P0DF23,random,rate4site_deeptmhmm,mean_outside_scores,-1.1974110032362847e-05
P0DF23,random,rate4site_deeptmhmm,,-0.0569
P0DF23,random,rate4site_deeptmhmm,min_outside_scores,-0.0569
P0DF23,random,rate4site_deeptmhmm,max_outside_scores,17.5215
Q1JE33,random,rate4site_deeptmhmm,mean_outside_scores,1.3782051282052299e-05
Q1JE33,random,rate4site_deeptmhmm,,-0.0566
Q1JE33,random,rate4site_deeptmhmm,min_outside_scores,-0.0566
Q1JE33,random,rate4site_deeptmhmm,max_outside_scores,17.6069
Q1JE33,random,rate4site_deeptmhmm,mean_outside_scores,1.3782051282052299e-05
Q1JE33,random,rate4site_deeptmhmm,,-0.0566
Q1JE33,random,rate4site_deeptmhmm,min_outside_scores,-0.0566
Q1JE33,random,rate4site_deeptmhmm,max_outside_scores,17.6069
Q1JE33,random,rate4site_deeptmhmm,mean_outside_scores,1.3782051282052299e-05
Q1JE33,random,rate4site_deeptmhmm,,-0.0566
Q1JE33,random,rate4site_deeptmhmm,min_outside_scores,-0.0566
Q1JE33,random,rate4site_deeptmhmm,max_outside_scores,17.6069
P0DC10,random,rate4site_deeptmhmm,mean_outside_scores,3.274853801170236e-05
P0DC10,random,rate4site_deeptmhmm,,-0.1901
P0DC10,random,rate4site_deeptmhmm,min_outside_scores,-0.1901
P0DC10,random,rate4site_deeptmhmm,max_outside_scores,5.2287
P0DC10,random,rate4site_deeptmhmm,mean_outside_scores,3.274853801170236e-05
P0DC10,random,rate4site_deeptmhmm,,-0.1901
P0DC10,random,rate4site_deeptmhmm,min_outside_scores,-0.1901
P0DC10,random,rate4site_deeptmhmm,max_outside_scores,5.2287
P0DC10,random,rate4site_deeptmhmm,mean_outside_scores,3.274853801170236e-05
P0DC10,random,rate4site_deeptmhmm,,-0.1901
P0DC10,random,rate4site_deeptmhmm,min_outside_scores,-0.1901
P0DC10,random,rate4site_deeptmhmm,max_outside_scores,5.2287
P0DC10,random,rate4site_deeptmhmm,mean_outside_scores,3.274853801170236e-05
P0DC10,random,rate4site_deeptmhmm,,-0.1901
P0DC10,random,rate4site_deeptmhmm,min_outside_scores,-0.1901
P0DC10,random,rate4site_deeptmhmm,max_outside_scores,5.2287
P0DC10,random,rate4site_deeptmhmm,mean_outside_scores,3.274853801170236e-05
P0DC10,random,rate4site_deeptmhmm,,-0.1901
P0DC10,random,rate4site_deeptmhmm,min_outside_scores,-0.1901
P0DC10,random,rate4site_deeptmhmm,max_outside_scores,5.2287
B5XKU0,random,rate4site_deeptmhmm,mean_outside_scores,-3.277310924368127e-05
B5XKU0,random,rate4site_deeptmhmm,,-0.3649
B5XKU0,random,rate4site_deeptmhmm,min_outside_scores,-0.4862
B5XKU0,random,rate4site_deeptmhmm,max_outside_scores,2.7061
B5XKU0,random,rate4site_deeptmhmm,mean_outside_scores,-3.277310924368127e-05
B5XKU0,random,rate4site_deeptmhmm,,-0.3649
B5XKU0,random,rate4site_deeptmhmm,min_outside_scores,-0.4862
B5XKU0,random,rate4site_deeptmhmm,max_outside_scores,2.7061
B5XKU0,random,rate4site_deeptmhmm,mean_outside_scores,-3.277310924368127e-05
B5XKU0,random,rate4site_deeptmhmm,,-0.3649
B5XKU0,random,rate4site_deeptmhmm,min_outside_scores,-0.4862
B5XKU0,random,rate4site_deeptmhmm,max_outside_scores,2.7061
P0DE54,random,rate4site_deeptmhmm,mean_outside_scores,4.8309178743880944e-06
P0DE54,random,rate4site_deeptmhmm,,-0.0695
P0DE54,random,rate4site_deeptmhmm,min_outside_scores,-0.0695
P0DE54,random,rate4site_deeptmhmm,max_outside_scores,14.318
P0DE54,random,rate4site_deeptmhmm,mean_outside_scores,4.8309178743880944e-06
P0DE54,random,rate4site_deeptmhmm,,-0.0695
P0DE54,random,rate4site_deeptmhmm,min_outside_scores,-0.0695
P0DE54,random,rate4site_deeptmhmm,max_outside_scores,14.318
P0DE54,random,rate4site_deeptmhmm,mean_outside_scores,4.8309178743880944e-06
P0DE54,random,rate4site_deeptmhmm,,-0.0695
P0DE54,random,rate4site_deeptmhmm,min_outside_scores,-0.0695
P0DE54,random,rate4site_deeptmhmm,max_outside_scores,14.318
P0DE54,random,rate4site_deeptmhmm,mean_outside_scores,4.8309178743880944e-06
P0DE54,random,rate4site_deeptmhmm,,-0.0695
P0DE54,random,rate4site_deeptmhmm,min_outside_scores,-0.0695
P0DE54,random,rate4site_deeptmhmm,max_outside_scores,14.318
B5XL39,random,rate4site_deeptmhmm,mean_outside_scores,-3.604651162790688e-05
B5XL39,random,rate4site_deeptmhmm,,-0.3936
B5XL39,random,rate4site_deeptmhmm,min_outside_scores,-0.5121
B5XL39,random,rate4site_deeptmhmm,max_outside_scores,2.6065
B5XL39,random,rate4site_deeptmhmm,mean_outside_scores,-3.604651162790688e-05
B5XL39,random,rate4site_deeptmhmm,,-0.3936
B5XL39,random,rate4site_deeptmhmm,min_outside_scores,-0.5121
B5XL39,random,rate4site_deeptmhmm,max_outside_scores,2.6065
B5XL39,random,rate4site_deeptmhmm,mean_outside_scores,-3.604651162790688e-05
B5XL39,random,rate4site_deeptmhmm,,-0.3936
B5XL39,random,rate4site_deeptmhmm,min_outside_scores,-0.5121
B5XL39,random,rate4site_deeptmhmm,max_outside_scores,2.6065
Q8P2A7,random,rate4site_deeptmhmm,mean_outside_scores,2.6168224299080178e-05
Q8P2A7,random,rate4site_deeptmhmm,,-0.3111
Q8P2A7,random,rate4site_deeptmhmm,min_outside_scores,-0.4474
Q8P2A7,random,rate4site_deeptmhmm,max_outside_scores,3.1383
Q8P2A7,random,rate4site_deeptmhmm,mean_outside_scores,2.6168224299080178e-05
Q8P2A7,random,rate4site_deeptmhmm,,-0.3111
Q8P2A7,random,rate4site_deeptmhmm,min_outside_scores,-0.4474
Q8P2A7,random,rate4site_deeptmhmm,max_outside_scores,3.1383
Q8P2A7,random,rate4site_deeptmhmm,mean_outside_scores,2.6168224299080178e-05
Q8P2A7,random,rate4site_deeptmhmm,,-0.3111
Q8P2A7,random,rate4site_deeptmhmm,min_outside_scores,-0.4474
Q8P2A7,random,rate4site_deeptmhmm,max_outside_scores,3.1383
Q5XCA4,random,rate4site_deeptmhmm,mean_outside_scores,-3.645833333333293e-05
Q5XCA4,random,rate4site_deeptmhmm,,-0.0723
Q5XCA4,random,rate4site_deeptmhmm,min_outside_scores,-0.0723
Q5XCA4,random,rate4site_deeptmhmm,max_outside_scores,13.8023
Q5XCA4,random,rate4site_deeptmhmm,mean_outside_scores,-3.645833333333293e-05
Q5XCA4,random,rate4site_deeptmhmm,,-0.0723
Q5XCA4,random,rate4site_deeptmhmm,min_outside_scores,-0.0723
Q5XCA4,random,rate4site_deeptmhmm,max_outside_scores,13.8023
Q5XCA4,random,rate4site_deeptmhmm,mean_outside_scores,-3.645833333333293e-05
Q5XCA4,random,rate4site_deeptmhmm,,-0.0723
Q5XCA4,random,rate4site_deeptmhmm,min_outside_scores,-0.0723
Q5XCA4,random,rate4site_deeptmhmm,max_outside_scores,13.8023
Q5XCA4,random,rate4site_deeptmhmm,mean_outside_scores,-3.645833333333293e-05
Q5XCA4,random,rate4site_deeptmhmm,,-0.0723
Q5XCA4,random,rate4site_deeptmhmm,min_outside_scores,-0.0723
Q5XCA4,random,rate4site_deeptmhmm,max_outside_scores,13.8023
Q1JGR7,random,rate4site_deeptmhmm,mean_outside_scores,1.972789115645588e-05
Q1JGR7,random,rate4site_deeptmhmm,,-0.0826
Q1JGR7,random,rate4site_deeptmhmm,min_outside_scores,-0.0826
Q1JGR7,random,rate4site_deeptmhmm,max_outside_scores,12.0625
Q1JGR7,random,rate4site_deeptmhmm,mean_outside_scores,1.972789115645588e-05
Q1JGR7,random,rate4site_deeptmhmm,,-0.0826
Q1JGR7,random,rate4site_deeptmhmm,min_outside_scores,-0.0826
Q1JGR7,random,rate4site_deeptmhmm,max_outside_scores,12.0625
Q1JGR7,random,rate4site_deeptmhmm,mean_outside_scores,1.972789115645588e-05
Q1JGR7,random,rate4site_deeptmhmm,,-0.0826
Q1JGR7,random,rate4site_deeptmhmm,min_outside_scores,-0.0826
Q1JGR7,random,rate4site_deeptmhmm,max_outside_scores,12.0625
Q1J4K0,random,rate4site_deeptmhmm,mean_outside_scores,3.94321766561392e-05
Q1J4K0,random,rate4site_deeptmhmm,,-0.198
Q1J4K0,random,rate4site_deeptmhmm,min_outside_scores,-0.198
Q1J4K0,random,rate4site_deeptmhmm,max_outside_scores,5.0336
Q1J4K0,random,rate4site_deeptmhmm,mean_outside_scores,3.94321766561392e-05
Q1J4K0,random,rate4site_deeptmhmm,,-0.198
Q1J4K0,random,rate4site_deeptmhmm,min_outside_scores,-0.198
Q1J4K0,random,rate4site_deeptmhmm,max_outside_scores,5.0336
Q1J4K0,random,rate4site_deeptmhmm,mean_outside_scores,3.94321766561392e-05
Q1J4K0,random,rate4site_deeptmhmm,,-0.198
Q1J4K0,random,rate4site_deeptmhmm,min_outside_scores,-0.198
Q1J4K0,random,rate4site_deeptmhmm,max_outside_scores,5.0336
Q1J4K0,random,rate4site_deeptmhmm,mean_outside_scores,3.94321766561392e-05
Q1J4K0,random,rate4site_deeptmhmm,,-0.198
Q1J4K0,random,rate4site_deeptmhmm,min_outside_scores,-0.198
Q1J4K0,random,rate4site_deeptmhmm,max_outside_scores,5.0336
Q1J4K0,random,rate4site_deeptmhmm,mean_outside_scores,3.94321766561392e-05
Q1J4K0,random,rate4site_deeptmhmm,,-0.198
Q1J4K0,random,rate4site_deeptmhmm,min_outside_scores,-0.198
Q1J4K0,random,rate4site_deeptmhmm,max_outside_scores,5.0336
P0DB00,random,rate4site_deeptmhmm,mean_outside_scores,-1.0493827160496868e-05
P0DB00,random,rate4site_deeptmhmm,,-0.0787
P0DB00,random,rate4site_deeptmhmm,min_outside_scores,-0.0787
P0DB00,random,rate4site_deeptmhmm,max_outside_scores,12.669
P0DB00,random,rate4site_deeptmhmm,mean_outside_scores,-1.0493827160496868e-05
P0DB00,random,rate4site_deeptmhmm,,-0.0787
P0DB00,random,rate4site_deeptmhmm,min_outside_scores,-0.0787
P0DB00,random,rate4site_deeptmhmm,max_outside_scores,12.669
P0DB00,random,rate4site_deeptmhmm,mean_outside_scores,-1.0493827160496868e-05
P0DB00,random,rate4site_deeptmhmm,,-0.0787
P0DB00,random,rate4site_deeptmhmm,min_outside_scores,-0.0787
P0DB00,random,rate4site_deeptmhmm,max_outside_scores,12.669
P0DB00,random,rate4site_deeptmhmm,mean_outside_scores,-1.0493827160496868e-05
P0DB00,random,rate4site_deeptmhmm,,-0.0787
P0DB00,random,rate4site_deeptmhmm,min_outside_scores,-0.0787
P0DB00,random,rate4site_deeptmhmm,max_outside_scores,12.669
P0DB00,random,rate4site_deeptmhmm,mean_outside_scores,-1.0493827160496868e-05
P0DB00,random,rate4site_deeptmhmm,,-0.0787
P0DB00,random,rate4site_deeptmhmm,min_outside_scores,-0.0787
P0DB00,random,rate4site_deeptmhmm,max_outside_scores,12.669
Q1JDD0,random,rate4site_deeptmhmm,mean_outside_scores,2.1857923497270508e-05
Q1JDD0,random,rate4site_deeptmhmm,,-0.0739
Q1JDD0,random,rate4site_deeptmhmm,min_outside_scores,-0.0739
Q1JDD0,random,rate4site_deeptmhmm,max_outside_scores,13.4538
Q1JDD0,random,rate4site_deeptmhmm,mean_outside_scores,2.1857923497270508e-05
Q1JDD0,random,rate4site_deeptmhmm,,-0.0739
Q1JDD0,random,rate4site_deeptmhmm,min_outside_scores,-0.0739
Q1JDD0,random,rate4site_deeptmhmm,max_outside_scores,13.4538
Q1JDD0,random,rate4site_deeptmhmm,mean_outside_scores,2.1857923497270508e-05
Q1JDD0,random,rate4site_deeptmhmm,,-0.0739
Q1JDD0,random,rate4site_deeptmhmm,min_outside_scores,-0.0739
Q1JDD0,random,rate4site_deeptmhmm,max_outside_scores,13.4538
P0DD86,random,rate4site_deeptmhmm,mean_outside_scores,8.366533864540026e-06
P0DD86,random,rate4site_deeptmhmm,,-0.3881
P0DD86,random,rate4site_deeptmhmm,min_outside_scores,-0.5075
P0DD86,random,rate4site_deeptmhmm,max_outside_scores,2.6346
P0DD86,random,rate4site_deeptmhmm,mean_outside_scores,8.366533864540026e-06
P0DD86,random,rate4site_deeptmhmm,,-0.3881
P0DD86,random,rate4site_deeptmhmm,min_outside_scores,-0.5075
P0DD86,random,rate4site_deeptmhmm,max_outside_scores,2.6346
P0DD86,random,rate4site_deeptmhmm,mean_outside_scores,8.366533864540026e-06
P0DD86,random,rate4site_deeptmhmm,,-0.3881
P0DD86,random,rate4site_deeptmhmm,min_outside_scores,-0.5075
P0DD86,random,rate4site_deeptmhmm,max_outside_scores,2.6346
B5XJ51,random,rate4site_deeptmhmm,mean_outside_scores,-1.6853932584118114e-06
B5XJ51,random,rate4site_deeptmhmm,,-0.4152
B5XJ51,random,rate4site_deeptmhmm,min_outside_scores,-0.5259
B5XJ51,random,rate4site_deeptmhmm,max_outside_scores,2.3873
B5XJ51,random,rate4site_deeptmhmm,mean_outside_scores,-1.6853932584118114e-06
B5XJ51,random,rate4site_deeptmhmm,,-0.4152
B5XJ51,random,rate4site_deeptmhmm,min_outside_scores,-0.5259
B5XJ51,random,rate4site_deeptmhmm,max_outside_scores,2.3873
B5XJ51,random,rate4site_deeptmhmm,mean_outside_scores,-1.6853932584118114e-06
B5XJ51,random,rate4site_deeptmhmm,,-0.4152
B5XJ51,random,rate4site_deeptmhmm,min_outside_scores,-0.5259
B5XJ51,random,rate4site_deeptmhmm,max_outside_scores,2.3873
A2RD01,random,rate4site_deeptmhmm,mean_outside_scores,-3.420776495278607e-05
A2RD01,random,rate4site_deeptmhmm,,-0.0562
A2RD01,random,rate4site_deeptmhmm,min_outside_scores,-0.0562
A2RD01,random,rate4site_deeptmhmm,max_outside_scores,17.7858
A2RD01,random,rate4site_deeptmhmm,mean_outside_scores,-3.420776495278607e-05
A2RD01,random,rate4site_deeptmhmm,,-0.0562
A2RD01,random,rate4site_deeptmhmm,min_outside_scores,-0.0562
A2RD01,random,rate4site_deeptmhmm,max_outside_scores,17.7858
A2RD01,random,rate4site_deeptmhmm,mean_outside_scores,-3.420776495278607e-05
A2RD01,random,rate4site_deeptmhmm,,-0.0562
A2RD01,random,rate4site_deeptmhmm,min_outside_scores,-0.0562
A2RD01,random,rate4site_deeptmhmm,max_outside_scores,17.7858
A2RD01,random,rate4site_deeptmhmm,mean_outside_scores,-3.420776495278607e-05
A2RD01,random,rate4site_deeptmhmm,,-0.0562
A2RD01,random,rate4site_deeptmhmm,min_outside_scores,-0.0562
A2RD01,random,rate4site_deeptmhmm,max_outside_scores,17.7858
A2RD01,random,rate4site_deeptmhmm,mean_outside_scores,-3.420776495278607e-05
A2RD01,random,rate4site_deeptmhmm,,-0.0562
A2RD01,random,rate4site_deeptmhmm,min_outside_scores,-0.0562
A2RD01,random,rate4site_deeptmhmm,max_outside_scores,17.7858
Q5XDS5,random,rate4site_deeptmhmm,mean_outside_scores,2.2277227722781503e-05
Q5XDS5,random,rate4site_deeptmhmm,,-0.1326
Q5XDS5,random,rate4site_deeptmhmm,min_outside_scores,-0.1326
Q5XDS5,random,rate4site_deeptmhmm,max_outside_scores,7.5216
Q5XDS5,random,rate4site_deeptmhmm,mean_outside_scores,2.2277227722781503e-05
Q5XDS5,random,rate4site_deeptmhmm,,-0.1326
Q5XDS5,random,rate4site_deeptmhmm,min_outside_scores,-0.1326
Q5XDS5,random,rate4site_deeptmhmm,max_outside_scores,7.5216
Q5XDS5,random,rate4site_deeptmhmm,mean_outside_scores,2.2277227722781503e-05
Q5XDS5,random,rate4site_deeptmhmm,,-0.1326
Q5XDS5,random,rate4site_deeptmhmm,min_outside_scores,-0.1326
Q5XDS5,random,rate4site_deeptmhmm,max_outside_scores,7.5216
Q5XDS5,random,rate4site_deeptmhmm,mean_outside_scores,2.2277227722781503e-05
Q5XDS5,random,rate4site_deeptmhmm,,-0.1326
Q5XDS5,random,rate4site_deeptmhmm,min_outside_scores,-0.1326
Q5XDS5,random,rate4site_deeptmhmm,max_outside_scores,7.5216
Q5XDS5,random,rate4site_deeptmhmm,mean_outside_scores,2.2277227722781503e-05
Q5XDS5,random,rate4site_deeptmhmm,,-0.1326
Q5XDS5,random,rate4site_deeptmhmm,min_outside_scores,-0.1326
Q5XDS5,random,rate4site_deeptmhmm,max_outside_scores,7.5216
Q48RY7,random,rate4site_deeptmhmm,mean_outside_scores,-4.759615384615741e-05
Q48RY7,random,rate4site_deeptmhmm,,-0.1568
Q48RY7,random,rate4site_deeptmhmm,min_outside_scores,-0.1568
Q48RY7,random,rate4site_deeptmhmm,max_outside_scores,6.3641
Q48RY7,random,rate4site_deeptmhmm,mean_outside_scores,-4.759615384615741e-05
Q48RY7,random,rate4site_deeptmhmm,,-0.1568
Q48RY7,random,rate4site_deeptmhmm,min_outside_scores,-0.1568
Q48RY7,random,rate4site_deeptmhmm,max_outside_scores,6.3641
Q48RY7,random,rate4site_deeptmhmm,mean_outside_scores,-4.759615384615741e-05
Q48RY7,random,rate4site_deeptmhmm,,-0.1568
Q48RY7,random,rate4site_deeptmhmm,min_outside_scores,-0.1568
Q48RY7,random,rate4site_deeptmhmm,max_outside_scores,6.3641
Q48RY7,random,rate4site_deeptmhmm,mean_outside_scores,-4.759615384615741e-05
Q48RY7,random,rate4site_deeptmhmm,,-0.1568
Q48RY7,random,rate4site_deeptmhmm,min_outside_scores,-0.1568
Q48RY7,random,rate4site_deeptmhmm,max_outside_scores,6.3641
Q48RY7,random,rate4site_deeptmhmm,mean_outside_scores,-4.759615384615741e-05
Q48RY7,random,rate4site_deeptmhmm,,-0.1568
Q48RY7,random,rate4site_deeptmhmm,min_outside_scores,-0.1568
Q48RY7,random,rate4site_deeptmhmm,max_outside_scores,6.3641
P0DD15,random,rate4site_deeptmhmm,mean_outside_scores,-7.073954983933831e-06
P0DD15,random,rate4site_deeptmhmm,,-0.4164
P0DD15,random,rate4site_deeptmhmm,min_outside_scores,-0.5286
P0DD15,random,rate4site_deeptmhmm,max_outside_scores,2.4248
P0DD15,random,rate4site_deeptmhmm,mean_outside_scores,-7.073954983933831e-06
P0DD15,random,rate4site_deeptmhmm,,-0.4164
P0DD15,random,rate4site_deeptmhmm,min_outside_scores,-0.5286
P0DD15,random,rate4site_deeptmhmm,max_outside_scores,2.4248
P0DD15,random,rate4site_deeptmhmm,mean_outside_scores,-7.073954983933831e-06
P0DD15,random,rate4site_deeptmhmm,,-0.4164
P0DD15,random,rate4site_deeptmhmm,min_outside_scores,-0.5286
P0DD15,random,rate4site_deeptmhmm,max_outside_scores,2.4248
Q5XCB7,random,rate4site_deeptmhmm,mean_outside_scores,4.0174672489082424e-05
Q5XCB7,random,rate4site_deeptmhmm,,-0.1492
Q5XCB7,random,rate4site_deeptmhmm,min_outside_scores,-0.1492
Q5XCB7,random,rate4site_deeptmhmm,max_outside_scores,6.686
Q5XCB7,random,rate4site_deeptmhmm,mean_outside_scores,4.0174672489082424e-05
Q5XCB7,random,rate4site_deeptmhmm,,-0.1492
Q5XCB7,random,rate4site_deeptmhmm,min_outside_scores,-0.1492
Q5XCB7,random,rate4site_deeptmhmm,max_outside_scores,6.686
Q5XCB7,random,rate4site_deeptmhmm,mean_outside_scores,4.0174672489082424e-05
Q5XCB7,random,rate4site_deeptmhmm,,-0.1492
Q5XCB7,random,rate4site_deeptmhmm,min_outside_scores,-0.1492
Q5XCB7,random,rate4site_deeptmhmm,max_outside_scores,6.686
Q5XCB7,random,rate4site_deeptmhmm,mean_outside_scores,4.0174672489082424e-05
Q5XCB7,random,rate4site_deeptmhmm,,-0.1492
Q5XCB7,random,rate4site_deeptmhmm,min_outside_scores,-0.1492
Q5XCB7,random,rate4site_deeptmhmm,max_outside_scores,6.686
Q5XCB7,random,rate4site_deeptmhmm,mean_outside_scores,4.0174672489082424e-05
Q5XCB7,random,rate4site_deeptmhmm,,-0.1492
Q5XCB7,random,rate4site_deeptmhmm,min_outside_scores,-0.1492
Q5XCB7,random,rate4site_deeptmhmm,max_outside_scores,6.686
A2RF70,random,rate4site_deeptmhmm,mean_outside_scores,-1.7307692307690402e-05
A2RF70,random,rate4site_deeptmhmm,,-0.5475
A2RF70,random,rate4site_deeptmhmm,min_outside_scores,-0.6398
A2RF70,random,rate4site_deeptmhmm,max_outside_scores,1.7902
A2RF70,random,rate4site_deeptmhmm,mean_outside_scores,-1.7307692307690402e-05
A2RF70,random,rate4site_deeptmhmm,,-0.5475
A2RF70,random,rate4site_deeptmhmm,min_outside_scores,-0.6398
A2RF70,random,rate4site_deeptmhmm,max_outside_scores,1.7902
A2RF70,random,rate4site_deeptmhmm,mean_outside_scores,-1.7307692307690402e-05
A2RF70,random,rate4site_deeptmhmm,,-0.5475
A2RF70,random,rate4site_deeptmhmm,min_outside_scores,-0.6398
A2RF70,random,rate4site_deeptmhmm,max_outside_scores,1.7902
P0C0I6,random,rate4site_deeptmhmm,mean_outside_scores,0.0006267241379310481
P0C0I6,random,rate4site_deeptmhmm,,-0.2637
P0C0I6,random,rate4site_deeptmhmm,min_outside_scores,-0.5549
P0C0I6,random,rate4site_deeptmhmm,max_outside_scores,5.0821
P0C0I6,random,rate4site_deeptmhmm,mean_outside_scores,0.00029915254237289585
P0C0I6,random,rate4site_deeptmhmm,,-0.2637
P0C0I6,random,rate4site_deeptmhmm,min_outside_scores,-0.5549
P0C0I6,random,rate4site_deeptmhmm,max_outside_scores,5.0821
P0C0I6,random,rate4site_deeptmhmm,mean_outside_scores,0.0001924157303370934
P0C0I6,random,rate4site_deeptmhmm,,-0.2637
P0C0I6,random,rate4site_deeptmhmm,min_outside_scores,-0.5549
P0C0I6,random,rate4site_deeptmhmm,max_outside_scores,5.0821
P0C0I6,random,rate4site_deeptmhmm,mean_outside_scores,0.0001394957983193426
P0C0I6,random,rate4site_deeptmhmm,,-0.2637
P0C0I6,random,rate4site_deeptmhmm,min_outside_scores,-0.5549
P0C0I6,random,rate4site_deeptmhmm,max_outside_scores,5.0821
P0C0I6,random,rate4site_deeptmhmm,mean_outside_scores,0.00010788590604028342
P0C0I6,random,rate4site_deeptmhmm,,-0.2637
P0C0I6,random,rate4site_deeptmhmm,min_outside_scores,-0.5549
P0C0I6,random,rate4site_deeptmhmm,max_outside_scores,5.0821
Q48V44,random,rate4site_deeptmhmm,mean_outside_scores,2.1857923497270508e-05
Q48V44,random,rate4site_deeptmhmm,,-0.0739
Q48V44,random,rate4site_deeptmhmm,min_outside_scores,-0.0739
Q48V44,random,rate4site_deeptmhmm,max_outside_scores,13.4538
Q48V44,random,rate4site_deeptmhmm,mean_outside_scores,2.1857923497270508e-05
Q48V44,random,rate4site_deeptmhmm,,-0.0739
Q48V44,random,rate4site_deeptmhmm,min_outside_scores,-0.0739
Q48V44,random,rate4site_deeptmhmm,max_outside_scores,13.4538
Q48V44,random,rate4site_deeptmhmm,mean_outside_scores,2.1857923497270508e-05
Q48V44,random,rate4site_deeptmhmm,,-0.0739
Q48V44,random,rate4site_deeptmhmm,min_outside_scores,-0.0739
Q48V44,random,rate4site_deeptmhmm,max_outside_scores,13.4538
Q5XEC0,random,rate4site_deeptmhmm,mean_outside_scores,-1.6853932584118114e-06
Q5XEC0,random,rate4site_deeptmhmm,,-0.4152
Q5XEC0,random,rate4site_deeptmhmm,min_outside_scores,-0.5259
Q5XEC0,random,rate4site_deeptmhmm,max_outside_scores,2.3873
Q5XEC0,random,rate4site_deeptmhmm,mean_outside_scores,-1.6853932584118114e-06
Q5XEC0,random,rate4site_deeptmhmm,,-0.4152
Q5XEC0,random,rate4site_deeptmhmm,min_outside_scores,-0.5259
Q5XEC0,random,rate4site_deeptmhmm,max_outside_scores,2.3873
Q5XEC0,random,rate4site_deeptmhmm,mean_outside_scores,-1.6853932584118114e-06
Q5XEC0,random,rate4site_deeptmhmm,,-0.4152
Q5XEC0,random,rate4site_deeptmhmm,min_outside_scores,-0.5259
Q5XEC0,random,rate4site_deeptmhmm,max_outside_scores,2.3873
Q1JFK8,random,rate4site_deeptmhmm,mean_outside_scores,-5.0632911392295845e-06
Q1JFK8,random,rate4site_deeptmhmm,,-0.1266
Q1JFK8,random,rate4site_deeptmhmm,min_outside_scores,-0.1266
Q1JFK8,random,rate4site_deeptmhmm,max_outside_scores,7.8742
Q1JFK8,random,rate4site_deeptmhmm,mean_outside_scores,-5.0632911392295845e-06
Q1JFK8,random,rate4site_deeptmhmm,,-0.1266
Q1JFK8,random,rate4site_deeptmhmm,min_outside_scores,-0.1266
Q1JFK8,random,rate4site_deeptmhmm,max_outside_scores,7.8742
Q1JFK8,random,rate4site_deeptmhmm,mean_outside_scores,-5.0632911392295845e-06
Q1JFK8,random,rate4site_deeptmhmm,,-0.1266
Q1JFK8,random,rate4site_deeptmhmm,min_outside_scores,-0.1266
Q1JFK8,random,rate4site_deeptmhmm,max_outside_scores,7.8742
Q1JFK8,random,rate4site_deeptmhmm,mean_outside_scores,-5.0632911392295845e-06
Q1JFK8,random,rate4site_deeptmhmm,,-0.1266
Q1JFK8,random,rate4site_deeptmhmm,min_outside_scores,-0.1266
Q1JFK8,random,rate4site_deeptmhmm,max_outside_scores,7.8742
Q1JFK8,random,rate4site_deeptmhmm,mean_outside_scores,-5.0632911392295845e-06
Q1JFK8,random,rate4site_deeptmhmm,,-0.1266
Q1JFK8,random,rate4site_deeptmhmm,min_outside_scores,-0.1266
Q1JFK8,random,rate4site_deeptmhmm,max_outside_scores,7.8742
P0DF45,random,rate4site_deeptmhmm,mean_outside_scores,2.2784810126583283e-05
P0DF45,random,rate4site_deeptmhmm,,-0.1608
P0DF45,random,rate4site_deeptmhmm,min_outside_scores,-0.1608
P0DF45,random,rate4site_deeptmhmm,max_outside_scores,6.1917
P0DF45,random,rate4site_deeptmhmm,mean_outside_scores,2.2784810126583283e-05
P0DF45,random,rate4site_deeptmhmm,,-0.1608
P0DF45,random,rate4site_deeptmhmm,min_outside_scores,-0.1608
P0DF45,random,rate4site_deeptmhmm,max_outside_scores,6.1917
P0DF45,random,rate4site_deeptmhmm,mean_outside_scores,2.2784810126583283e-05
P0DF45,random,rate4site_deeptmhmm,,-0.1608
P0DF45,random,rate4site_deeptmhmm,min_outside_scores,-0.1608
P0DF45,random,rate4site_deeptmhmm,max_outside_scores,6.1917
P0DF45,random,rate4site_deeptmhmm,mean_outside_scores,2.2784810126583283e-05
P0DF45,random,rate4site_deeptmhmm,,-0.1608
P0DF45,random,rate4site_deeptmhmm,min_outside_scores,-0.1608
P0DF45,random,rate4site_deeptmhmm,max_outside_scores,6.1917
P0DF45,random,rate4site_deeptmhmm,mean_outside_scores,2.2784810126583283e-05
P0DF45,random,rate4site_deeptmhmm,,-0.1608
P0DF45,random,rate4site_deeptmhmm,min_outside_scores,-0.1608
P0DF45,random,rate4site_deeptmhmm,max_outside_scores,6.1917
P0DE67,random,rate4site_deeptmhmm,mean_outside_scores,-3.211678832115705e-05
P0DE67,random,rate4site_deeptmhmm,,-0.4024
P0DE67,random,rate4site_deeptmhmm,min_outside_scores,-0.5147
P0DE67,random,rate4site_deeptmhmm,max_outside_scores,2.4417
P0DE67,random,rate4site_deeptmhmm,mean_outside_scores,-3.211678832115705e-05
P0DE67,random,rate4site_deeptmhmm,,-0.4024
P0DE67,random,rate4site_deeptmhmm,min_outside_scores,-0.5147
P0DE67,random,rate4site_deeptmhmm,max_outside_scores,2.4417
P0DE67,random,rate4site_deeptmhmm,mean_outside_scores,-3.211678832115705e-05
P0DE67,random,rate4site_deeptmhmm,,-0.4024
P0DE67,random,rate4site_deeptmhmm,min_outside_scores,-0.5147
P0DE67,random,rate4site_deeptmhmm,max_outside_scores,2.4417
A2RGJ5,random,rate4site_deeptmhmm,mean_outside_scores,4.353741496597395e-05
A2RGJ5,random,rate4site_deeptmhmm,,-0.117
A2RGJ5,random,rate4site_deeptmhmm,min_outside_scores,-0.117
A2RGJ5,random,rate4site_deeptmhmm,max_outside_scores,8.4857
A2RGJ5,random,rate4site_deeptmhmm,mean_outside_scores,4.353741496597395e-05
A2RGJ5,random,rate4site_deeptmhmm,,-0.117
A2RGJ5,random,rate4site_deeptmhmm,min_outside_scores,-0.117
A2RGJ5,random,rate4site_deeptmhmm,max_outside_scores,8.4857
A2RGJ5,random,rate4site_deeptmhmm,mean_outside_scores,4.353741496597395e-05
A2RGJ5,random,rate4site_deeptmhmm,,-0.117
A2RGJ5,random,rate4site_deeptmhmm,min_outside_scores,-0.117
A2RGJ5,random,rate4site_deeptmhmm,max_outside_scores,8.4857
A2RGJ5,random,rate4site_deeptmhmm,mean_outside_scores,4.353741496597395e-05
A2RGJ5,random,rate4site_deeptmhmm,,-0.117
A2RGJ5,random,rate4site_deeptmhmm,min_outside_scores,-0.117
A2RGJ5,random,rate4site_deeptmhmm,max_outside_scores,8.4857
P66322,random,rate4site_deeptmhmm,mean_outside_scores,4.933333333333308e-05
P66322,random,rate4site_deeptmhmm,,-0.0816
P66322,random,rate4site_deeptmhmm,min_outside_scores,-0.0816
P66322,random,rate4site_deeptmhmm,max_outside_scores,12.1658
P66322,random,rate4site_deeptmhmm,mean_outside_scores,4.933333333333308e-05
P66322,random,rate4site_deeptmhmm,,-0.0816
P66322,random,rate4site_deeptmhmm,min_outside_scores,-0.0816
P66322,random,rate4site_deeptmhmm,max_outside_scores,12.1658
P66322,random,rate4site_deeptmhmm,mean_outside_scores,4.933333333333308e-05
P66322,random,rate4site_deeptmhmm,,-0.0816
P66322,random,rate4site_deeptmhmm,min_outside_scores,-0.0816
P66322,random,rate4site_deeptmhmm,max_outside_scores,12.1658
P66322,random,rate4site_deeptmhmm,mean_outside_scores,4.933333333333308e-05
P66322,random,rate4site_deeptmhmm,,-0.0816
P66322,random,rate4site_deeptmhmm,min_outside_scores,-0.0816
P66322,random,rate4site_deeptmhmm,max_outside_scores,12.1658
Q99YG1,random,rate4site_deeptmhmm,mean_outside_scores,-3.420776495278607e-05
Q99YG1,random,rate4site_deeptmhmm,,-0.0562
Q99YG1,random,rate4site_deeptmhmm,min_outside_scores,-0.0562
Q99YG1,random,rate4site_deeptmhmm,max_outside_scores,17.7858
Q99YG1,random,rate4site_deeptmhmm,mean_outside_scores,-3.420776495278607e-05
Q99YG1,random,rate4site_deeptmhmm,,-0.0562
Q99YG1,random,rate4site_deeptmhmm,min_outside_scores,-0.0562
Q99YG1,random,rate4site_deeptmhmm,max_outside_scores,17.7858
Q99YG1,random,rate4site_deeptmhmm,mean_outside_scores,-3.420776495278607e-05
Q99YG1,random,rate4site_deeptmhmm,,-0.0562
Q99YG1,random,rate4site_deeptmhmm,min_outside_scores,-0.0562
Q99YG1,random,rate4site_deeptmhmm,max_outside_scores,17.7858
Q99YG1,random,rate4site_deeptmhmm,mean_outside_scores,-3.420776495278607e-05
Q99YG1,random,rate4site_deeptmhmm,,-0.0562
Q99YG1,random,rate4site_deeptmhmm,min_outside_scores,-0.0562
Q99YG1,random,rate4site_deeptmhmm,max_outside_scores,17.7858
Q99YG1,random,rate4site_deeptmhmm,mean_outside_scores,-3.420776495278607e-05
Q99YG1,random,rate4site_deeptmhmm,,-0.0562
Q99YG1,random,rate4site_deeptmhmm,min_outside_scores,-0.0562
Q99YG1,random,rate4site_deeptmhmm,max_outside_scores,17.7858
P0DB58,random,rate4site_deeptmhmm,mean_outside_scores,-3.0487804878013266e-06
P0DB58,random,rate4site_deeptmhmm,,-0.1363
P0DB58,random,rate4site_deeptmhmm,min_outside_scores,-0.1363
P0DB58,random,rate4site_deeptmhmm,max_outside_scores,7.3146
P0DB58,random,rate4site_deeptmhmm,mean_outside_scores,-3.0487804878013266e-06
P0DB58,random,rate4site_deeptmhmm,,-0.1363
P0DB58,random,rate4site_deeptmhmm,min_outside_scores,-0.1363
P0DB58,random,rate4site_deeptmhmm,max_outside_scores,7.3146
P0DB58,random,rate4site_deeptmhmm,mean_outside_scores,-3.0487804878013266e-06
P0DB58,random,rate4site_deeptmhmm,,-0.1363
P0DB58,random,rate4site_deeptmhmm,min_outside_scores,-0.1363
P0DB58,random,rate4site_deeptmhmm,max_outside_scores,7.3146
P0DB58,random,rate4site_deeptmhmm,mean_outside_scores,-3.0487804878013266e-06
P0DB58,random,rate4site_deeptmhmm,,-0.1363
P0DB58,random,rate4site_deeptmhmm,min_outside_scores,-0.1363
P0DB58,random,rate4site_deeptmhmm,max_outside_scores,7.3146
P0DC28,random,rate4site_deeptmhmm,mean_outside_scores,1.777777777778322e-05
P0DC28,random,rate4site_deeptmhmm,,-0.1744
P0DC28,random,rate4site_deeptmhmm,min_outside_scores,-0.1744
P0DC28,random,rate4site_deeptmhmm,max_outside_scores,5.7122
P0DC28,random,rate4site_deeptmhmm,mean_outside_scores,1.777777777778322e-05
P0DC28,random,rate4site_deeptmhmm,,-0.1744
P0DC28,random,rate4site_deeptmhmm,min_outside_scores,-0.1744
P0DC28,random,rate4site_deeptmhmm,max_outside_scores,5.7122
P0DC28,random,rate4site_deeptmhmm,mean_outside_scores,1.777777777778322e-05
P0DC28,random,rate4site_deeptmhmm,,-0.1744
P0DC28,random,rate4site_deeptmhmm,min_outside_scores,-0.1744
P0DC28,random,rate4site_deeptmhmm,max_outside_scores,5.7122
P0DC28,random,rate4site_deeptmhmm,mean_outside_scores,1.777777777778322e-05
P0DC28,random,rate4site_deeptmhmm,,-0.1744
P0DC28,random,rate4site_deeptmhmm,min_outside_scores,-0.1744
P0DC28,random,rate4site_deeptmhmm,max_outside_scores,5.7122
P0DC28,random,rate4site_deeptmhmm,mean_outside_scores,1.777777777778322e-05
P0DC28,random,rate4site_deeptmhmm,,-0.1744
P0DC28,random,rate4site_deeptmhmm,min_outside_scores,-0.1744
P0DC28,random,rate4site_deeptmhmm,max_outside_scores,5.7122
Q1JP12,random,rate4site_deeptmhmm,mean_outside_scores,-1.9298245614026388e-05
Q1JP12,random,rate4site_deeptmhmm,,-0.3333
Q1JP12,random,rate4site_deeptmhmm,min_outside_scores,-0.461
Q1JP12,random,rate4site_deeptmhmm,max_outside_scores,2.8992
Q1JP12,random,rate4site_deeptmhmm,mean_outside_scores,-1.9298245614026388e-05
Q1JP12,random,rate4site_deeptmhmm,,-0.3333
Q1JP12,random,rate4site_deeptmhmm,min_outside_scores,-0.461
Q1JP12,random,rate4site_deeptmhmm,max_outside_scores,2.8992
Q1JP12,random,rate4site_deeptmhmm,mean_outside_scores,-1.9298245614026388e-05
Q1JP12,random,rate4site_deeptmhmm,,-0.3333
Q1JP12,random,rate4site_deeptmhmm,min_outside_scores,-0.461
Q1JP12,random,rate4site_deeptmhmm,max_outside_scores,2.8992
Q1JBD1,random,rate4site_deeptmhmm,mean_outside_scores,-3.076923076923567e-05
Q1JBD1,random,rate4site_deeptmhmm,,-0.0674
Q1JBD1,random,rate4site_deeptmhmm,min_outside_scores,-0.0674
Q1JBD1,random,rate4site_deeptmhmm,max_outside_scores,14.8212
Q1JBD1,random,rate4site_deeptmhmm,mean_outside_scores,-3.076923076923567e-05
Q1JBD1,random,rate4site_deeptmhmm,,-0.0674
Q1JBD1,random,rate4site_deeptmhmm,min_outside_scores,-0.0674
Q1JBD1,random,rate4site_deeptmhmm,max_outside_scores,14.8212
Q1JBD1,random,rate4site_deeptmhmm,mean_outside_scores,-3.076923076923567e-05
Q1JBD1,random,rate4site_deeptmhmm,,-0.0674
Q1JBD1,random,rate4site_deeptmhmm,min_outside_scores,-0.0674
Q1JBD1,random,rate4site_deeptmhmm,max_outside_scores,14.8212
Q1JBD1,random,rate4site_deeptmhmm,mean_outside_scores,-3.076923076923567e-05
Q1JBD1,random,rate4site_deeptmhmm,,-0.0674
Q1JBD1,random,rate4site_deeptmhmm,min_outside_scores,-0.0674
Q1JBD1,random,rate4site_deeptmhmm,max_outside_scores,14.8212
Q1JBD1,random,rate4site_deeptmhmm,mean_outside_scores,-3.076923076923567e-05
Q1JBD1,random,rate4site_deeptmhmm,,-0.0674
Q1JBD1,random,rate4site_deeptmhmm,min_outside_scores,-0.0674
Q1JBD1,random,rate4site_deeptmhmm,max_outside_scores,14.8212
P0DG00,random,rate4site_deeptmhmm,mean_outside_scores,-5.3738317757128586e-06
P0DG00,random,rate4site_deeptmhmm,,-0.1086
P0DG00,random,rate4site_deeptmhmm,min_outside_scores,-0.1086
P0DG00,random,rate4site_deeptmhmm,max_outside_scores,9.1871
P0DG00,random,rate4site_deeptmhmm,mean_outside_scores,-5.3738317757128586e-06
P0DG00,random,rate4site_deeptmhmm,,-0.1086
P0DG00,random,rate4site_deeptmhmm,min_outside_scores,-0.1086
P0DG00,random,rate4site_deeptmhmm,max_outside_scores,9.1871
P0DG00,random,rate4site_deeptmhmm,mean_outside_scores,-5.3738317757128586e-06
P0DG00,random,rate4site_deeptmhmm,,-0.1086
P0DG00,random,rate4site_deeptmhmm,min_outside_scores,-0.1086
P0DG00,random,rate4site_deeptmhmm,max_outside_scores,9.1871
P0DG00,random,rate4site_deeptmhmm,mean_outside_scores,-5.3738317757128586e-06
P0DG00,random,rate4site_deeptmhmm,,-0.1086
P0DG00,random,rate4site_deeptmhmm,min_outside_scores,-0.1086
P0DG00,random,rate4site_deeptmhmm,max_outside_scores,9.1871
P0DG00,random,rate4site_deeptmhmm,mean_outside_scores,-5.3738317757128586e-06
P0DG00,random,rate4site_deeptmhmm,,-0.1086
P0DG00,random,rate4site_deeptmhmm,min_outside_scores,-0.1086
P0DG00,random,rate4site_deeptmhmm,max_outside_scores,9.1871
P0DB44,random,rate4site_deeptmhmm,mean_outside_scores,2.4999999999998145e-05
P0DB44,random,rate4site_deeptmhmm,,-0.0962
P0DB44,random,rate4site_deeptmhmm,min_outside_scores,-0.0962
P0DB44,random,rate4site_deeptmhmm,max_outside_scores,10.2961
P0DB44,random,rate4site_deeptmhmm,mean_outside_scores,2.4999999999998145e-05
P0DB44,random,rate4site_deeptmhmm,,-0.0962
P0DB44,random,rate4site_deeptmhmm,min_outside_scores,-0.0962
P0DB44,random,rate4site_deeptmhmm,max_outside_scores,10.2961
P0DB44,random,rate4site_deeptmhmm,mean_outside_scores,2.4999999999998145e-05
P0DB44,random,rate4site_deeptmhmm,,-0.0962
P0DB44,random,rate4site_deeptmhmm,min_outside_scores,-0.0962
P0DB44,random,rate4site_deeptmhmm,max_outside_scores,10.2961
P0DB44,random,rate4site_deeptmhmm,mean_outside_scores,2.4999999999998145e-05
P0DB44,random,rate4site_deeptmhmm,,-0.0962
P0DB44,random,rate4site_deeptmhmm,min_outside_scores,-0.0962
P0DB44,random,rate4site_deeptmhmm,max_outside_scores,10.2961
Q48VU3,random,rate4site_deeptmhmm,mean_outside_scores,-6.451612903220747e-06
Q48VU3,random,rate4site_deeptmhmm,,-0.3892
Q48VU3,random,rate4site_deeptmhmm,min_outside_scores,-0.5065
Q48VU3,random,rate4site_deeptmhmm,max_outside_scores,2.5808
Q48VU3,random,rate4site_deeptmhmm,mean_outside_scores,-6.451612903220747e-06
Q48VU3,random,rate4site_deeptmhmm,,-0.3892
Q48VU3,random,rate4site_deeptmhmm,min_outside_scores,-0.5065
Q48VU3,random,rate4site_deeptmhmm,max_outside_scores,2.5808
Q48VU3,random,rate4site_deeptmhmm,mean_outside_scores,-6.451612903220747e-06
Q48VU3,random,rate4site_deeptmhmm,,-0.3892
Q48VU3,random,rate4site_deeptmhmm,min_outside_scores,-0.5065
Q48VU3,random,rate4site_deeptmhmm,max_outside_scores,2.5808
Q8P0Y8,random,rate4site_deeptmhmm,mean_outside_scores,-4.1011235955060704e-05
Q8P0Y8,random,rate4site_deeptmhmm,,-0.0751
Q8P0Y8,random,rate4site_deeptmhmm,min_outside_scores,-0.0751
Q8P0Y8,random,rate4site_deeptmhmm,max_outside_scores,13.2854
Q8P0Y8,random,rate4site_deeptmhmm,mean_outside_scores,-4.1011235955060704e-05
Q8P0Y8,random,rate4site_deeptmhmm,,-0.0751
Q8P0Y8,random,rate4site_deeptmhmm,min_outside_scores,-0.0751
Q8P0Y8,random,rate4site_deeptmhmm,max_outside_scores,13.2854
Q8P0Y8,random,rate4site_deeptmhmm,mean_outside_scores,-4.1011235955060704e-05
Q8P0Y8,random,rate4site_deeptmhmm,,-0.0751
Q8P0Y8,random,rate4site_deeptmhmm,min_outside_scores,-0.0751
Q8P0Y8,random,rate4site_deeptmhmm,max_outside_scores,13.2854
Q8P0Y8,random,rate4site_deeptmhmm,mean_outside_scores,-4.1011235955060704e-05
Q8P0Y8,random,rate4site_deeptmhmm,,-0.0751
Q8P0Y8,random,rate4site_deeptmhmm,min_outside_scores,-0.0751
Q8P0Y8,random,rate4site_deeptmhmm,max_outside_scores,13.2854
Q8P0Y8,random,rate4site_deeptmhmm,mean_outside_scores,-4.1011235955060704e-05
Q8P0Y8,random,rate4site_deeptmhmm,,-0.0751
Q8P0Y8,random,rate4site_deeptmhmm,min_outside_scores,-0.0751
Q8P0Y8,random,rate4site_deeptmhmm,max_outside_scores,13.2854
B5XK66,random,rate4site_deeptmhmm,mean_outside_scores,-9.467455621305495e-06
B5XK66,random,rate4site_deeptmhmm,,-0.1913
B5XK66,random,rate4site_deeptmhmm,min_outside_scores,-0.1913
B5XK66,random,rate4site_deeptmhmm,max_outside_scores,5.1968
B5XK66,random,rate4site_deeptmhmm,mean_outside_scores,-9.467455621305495e-06
B5XK66,random,rate4site_deeptmhmm,,-0.1913
B5XK66,random,rate4site_deeptmhmm,min_outside_scores,-0.1913
B5XK66,random,rate4site_deeptmhmm,max_outside_scores,5.1968
B5XK66,random,rate4site_deeptmhmm,mean_outside_scores,-9.467455621305495e-06
B5XK66,random,rate4site_deeptmhmm,,-0.1913
B5XK66,random,rate4site_deeptmhmm,min_outside_scores,-0.1913
B5XK66,random,rate4site_deeptmhmm,max_outside_scores,5.1968
B5XK66,random,rate4site_deeptmhmm,mean_outside_scores,-9.467455621305495e-06
B5XK66,random,rate4site_deeptmhmm,,-0.1913
B5XK66,random,rate4site_deeptmhmm,min_outside_scores,-0.1913
B5XK66,random,rate4site_deeptmhmm,max_outside_scores,5.1968
B5XK66,random,rate4site_deeptmhmm,mean_outside_scores,-9.467455621305495e-06
B5XK66,random,rate4site_deeptmhmm,,-0.1913
B5XK66,random,rate4site_deeptmhmm,min_outside_scores,-0.1913
B5XK66,random,rate4site_deeptmhmm,max_outside_scores,5.1968
Q5X9K2,random,rate4site_deeptmhmm,mean_outside_scores,1.0060975609765228e-05
Q5X9K2,random,rate4site_deeptmhmm,,-0.1677
Q5X9K2,random,rate4site_deeptmhmm,min_outside_scores,-0.1677
Q5X9K2,random,rate4site_deeptmhmm,max_outside_scores,5.9444
Q5X9K2,random,rate4site_deeptmhmm,mean_outside_scores,1.0060975609765228e-05
Q5X9K2,random,rate4site_deeptmhmm,,-0.1677
Q5X9K2,random,rate4site_deeptmhmm,min_outside_scores,-0.1677
Q5X9K2,random,rate4site_deeptmhmm,max_outside_scores,5.9444
Q5X9K2,random,rate4site_deeptmhmm,mean_outside_scores,1.0060975609765228e-05
Q5X9K2,random,rate4site_deeptmhmm,,-0.1677
Q5X9K2,random,rate4site_deeptmhmm,min_outside_scores,-0.1677
Q5X9K2,random,rate4site_deeptmhmm,max_outside_scores,5.9444
Q5X9K2,random,rate4site_deeptmhmm,mean_outside_scores,1.0060975609765228e-05
Q5X9K2,random,rate4site_deeptmhmm,,-0.1677
Q5X9K2,random,rate4site_deeptmhmm,min_outside_scores,-0.1677
Q5X9K2,random,rate4site_deeptmhmm,max_outside_scores,5.9444
Q5X9K2,random,rate4site_deeptmhmm,mean_outside_scores,1.0060975609765228e-05
Q5X9K2,random,rate4site_deeptmhmm,,-0.1677
Q5X9K2,random,rate4site_deeptmhmm,min_outside_scores,-0.1677
Q5X9K2,random,rate4site_deeptmhmm,max_outside_scores,5.9444
Q99Y58,random,rate4site_deeptmhmm,mean_outside_scores,-3.6447368421053294e-05
Q99Y58,random,rate4site_deeptmhmm,,-0.1512
Q99Y58,random,rate4site_deeptmhmm,min_outside_scores,-0.1512
Q99Y58,random,rate4site_deeptmhmm,max_outside_scores,6.6067
Q99Y58,random,rate4site_deeptmhmm,mean_outside_scores,-3.6447368421053294e-05
Q99Y58,random,rate4site_deeptmhmm,,-0.1512
Q99Y58,random,rate4site_deeptmhmm,min_outside_scores,-0.1512
Q99Y58,random,rate4site_deeptmhmm,max_outside_scores,6.6067
Q99Y58,random,rate4site_deeptmhmm,mean_outside_scores,-3.6447368421053294e-05
Q99Y58,random,rate4site_deeptmhmm,,-0.1512
Q99Y58,random,rate4site_deeptmhmm,min_outside_scores,-0.1512
Q99Y58,random,rate4site_deeptmhmm,max_outside_scores,6.6067
Q99Y58,random,rate4site_deeptmhmm,mean_outside_scores,-3.6447368421053294e-05
Q99Y58,random,rate4site_deeptmhmm,,-0.1512
Q99Y58,random,rate4site_deeptmhmm,min_outside_scores,-0.1512
Q99Y58,random,rate4site_deeptmhmm,max_outside_scores,6.6067
Q99Y58,random,rate4site_deeptmhmm,mean_outside_scores,-3.6447368421053294e-05
Q99Y58,random,rate4site_deeptmhmm,,-0.1512
Q99Y58,random,rate4site_deeptmhmm,min_outside_scores,-0.1512
Q99Y58,random,rate4site_deeptmhmm,max_outside_scores,6.6067
P0CZ71,random,rate4site_deeptmhmm,mean_outside_scores,4.482758620689774e-05
P0CZ71,random,rate4site_deeptmhmm,,-0.083
P0CZ71,random,rate4site_deeptmhmm,min_outside_scores,-0.083
P0CZ71,random,rate4site_deeptmhmm,max_outside_scores,11.9585
P0CZ71,random,rate4site_deeptmhmm,mean_outside_scores,4.482758620689774e-05
P0CZ71,random,rate4site_deeptmhmm,,-0.083
P0CZ71,random,rate4site_deeptmhmm,min_outside_scores,-0.083
P0CZ71,random,rate4site_deeptmhmm,max_outside_scores,11.9585
P0CZ71,random,rate4site_deeptmhmm,mean_outside_scores,4.482758620689774e-05
P0CZ71,random,rate4site_deeptmhmm,,-0.083
P0CZ71,random,rate4site_deeptmhmm,min_outside_scores,-0.083
P0CZ71,random,rate4site_deeptmhmm,max_outside_scores,11.9585
P0CZ71,random,rate4site_deeptmhmm,mean_outside_scores,4.482758620689774e-05
P0CZ71,random,rate4site_deeptmhmm,,-0.083
P0CZ71,random,rate4site_deeptmhmm,min_outside_scores,-0.083
P0CZ71,random,rate4site_deeptmhmm,max_outside_scores,11.9585
A2RD32,random,rate4site_deeptmhmm,mean_outside_scores,-4.112149532710729e-05
A2RD32,random,rate4site_deeptmhmm,,-0.0684
A2RD32,random,rate4site_deeptmhmm,min_outside_scores,-0.0684
A2RD32,random,rate4site_deeptmhmm,max_outside_scores,14.5604
A2RD32,random,rate4site_deeptmhmm,mean_outside_scores,-4.112149532710729e-05
A2RD32,random,rate4site_deeptmhmm,,-0.0684
A2RD32,random,rate4site_deeptmhmm,min_outside_scores,-0.0684
A2RD32,random,rate4site_deeptmhmm,max_outside_scores,14.5604
A2RD32,random,rate4site_deeptmhmm,mean_outside_scores,-4.112149532710729e-05
A2RD32,random,rate4site_deeptmhmm,,-0.0684
A2RD32,random,rate4site_deeptmhmm,min_outside_scores,-0.0684
A2RD32,random,rate4site_deeptmhmm,max_outside_scores,14.5604
A2RD32,random,rate4site_deeptmhmm,mean_outside_scores,-4.112149532710729e-05
A2RD32,random,rate4site_deeptmhmm,,-0.0684
A2RD32,random,rate4site_deeptmhmm,min_outside_scores,-0.0684
A2RD32,random,rate4site_deeptmhmm,max_outside_scores,14.5604
Q1JE69,random,rate4site_deeptmhmm,mean_outside_scores,3.2530120481927056e-05
Q1JE69,random,rate4site_deeptmhmm,,-0.0777
Q1JE69,random,rate4site_deeptmhmm,min_outside_scores,-0.0777
Q1JE69,random,rate4site_deeptmhmm,max_outside_scores,12.8259
Q1JE69,random,rate4site_deeptmhmm,mean_outside_scores,3.2530120481927056e-05
Q1JE69,random,rate4site_deeptmhmm,,-0.0777
Q1JE69,random,rate4site_deeptmhmm,min_outside_scores,-0.0777
Q1JE69,random,rate4site_deeptmhmm,max_outside_scores,12.8259
Q1JE69,random,rate4site_deeptmhmm,mean_outside_scores,3.2530120481927056e-05
Q1JE69,random,rate4site_deeptmhmm,,-0.0777
Q1JE69,random,rate4site_deeptmhmm,min_outside_scores,-0.0777
Q1JE69,random,rate4site_deeptmhmm,max_outside_scores,12.8259
Q1JE69,random,rate4site_deeptmhmm,mean_outside_scores,3.2530120481927056e-05
Q1JE69,random,rate4site_deeptmhmm,,-0.0777
Q1JE69,random,rate4site_deeptmhmm,min_outside_scores,-0.0777
Q1JE69,random,rate4site_deeptmhmm,max_outside_scores,12.8259
Q1J6Q6,random,rate4site_deeptmhmm,mean_outside_scores,-3.645833333333293e-05
Q1J6Q6,random,rate4site_deeptmhmm,,-0.0723
Q1J6Q6,random,rate4site_deeptmhmm,min_outside_scores,-0.0723
Q1J6Q6,random,rate4site_deeptmhmm,max_outside_scores,13.8023
Q1J6Q6,random,rate4site_deeptmhmm,mean_outside_scores,-3.645833333333293e-05
Q1J6Q6,random,rate4site_deeptmhmm,,-0.0723
Q1J6Q6,random,rate4site_deeptmhmm,min_outside_scores,-0.0723
Q1J6Q6,random,rate4site_deeptmhmm,max_outside_scores,13.8023
Q1J6Q6,random,rate4site_deeptmhmm,mean_outside_scores,-3.645833333333293e-05
Q1J6Q6,random,rate4site_deeptmhmm,,-0.0723
Q1J6Q6,random,rate4site_deeptmhmm,min_outside_scores,-0.0723
Q1J6Q6,random,rate4site_deeptmhmm,max_outside_scores,13.8023
Q1J6Q6,random,rate4site_deeptmhmm,mean_outside_scores,-3.645833333333293e-05
Q1J6Q6,random,rate4site_deeptmhmm,,-0.0723
Q1J6Q6,random,rate4site_deeptmhmm,min_outside_scores,-0.0723
Q1J6Q6,random,rate4site_deeptmhmm,max_outside_scores,13.8023
P0DE64,random,rate4site_deeptmhmm,mean_outside_scores,3.543307086613958e-05
P0DE64,random,rate4site_deeptmhmm,,-0.0887
P0DE64,random,rate4site_deeptmhmm,min_outside_scores,-0.0887
P0DE64,random,rate4site_deeptmhmm,max_outside_scores,11.1807
P0DE64,random,rate4site_deeptmhmm,mean_outside_scores,3.543307086613958e-05
P0DE64,random,rate4site_deeptmhmm,,-0.0887
P0DE64,random,rate4site_deeptmhmm,min_outside_scores,-0.0887
P0DE64,random,rate4site_deeptmhmm,max_outside_scores,11.1807
P0DE64,random,rate4site_deeptmhmm,mean_outside_scores,3.543307086613958e-05
P0DE64,random,rate4site_deeptmhmm,,-0.0887
P0DE64,random,rate4site_deeptmhmm,min_outside_scores,-0.0887
P0DE64,random,rate4site_deeptmhmm,max_outside_scores,11.1807
Q1JN21,random,rate4site_deeptmhmm,mean_outside_scores,4.563758389261056e-05
Q1JN21,random,rate4site_deeptmhmm,,-0.1164
Q1JN21,random,rate4site_deeptmhmm,min_outside_scores,-0.1164
Q1JN21,random,rate4site_deeptmhmm,max_outside_scores,8.5588
Q1JN21,random,rate4site_deeptmhmm,mean_outside_scores,4.563758389261056e-05
Q1JN21,random,rate4site_deeptmhmm,,-0.1164
Q1JN21,random,rate4site_deeptmhmm,min_outside_scores,-0.1164
Q1JN21,random,rate4site_deeptmhmm,max_outside_scores,8.5588
Q1JN21,random,rate4site_deeptmhmm,mean_outside_scores,4.563758389261056e-05
Q1JN21,random,rate4site_deeptmhmm,,-0.1164
Q1JN21,random,rate4site_deeptmhmm,min_outside_scores,-0.1164
Q1JN21,random,rate4site_deeptmhmm,max_outside_scores,8.5588
Q1JN21,random,rate4site_deeptmhmm,mean_outside_scores,4.563758389261056e-05
Q1JN21,random,rate4site_deeptmhmm,,-0.1164
Q1JN21,random,rate4site_deeptmhmm,min_outside_scores,-0.1164
Q1JN21,random,rate4site_deeptmhmm,max_outside_scores,8.5588
Q5XDX3,random,rate4site_deeptmhmm,mean_outside_scores,2.2068965517241915e-05
Q5XDX3,random,rate4site_deeptmhmm,,-0.0587
Q5XDX3,random,rate4site_deeptmhmm,min_outside_scores,-0.0587
Q5XDX3,random,rate4site_deeptmhmm,max_outside_scores,16.9707
Q5XDX3,random,rate4site_deeptmhmm,mean_outside_scores,2.2068965517241915e-05
Q5XDX3,random,rate4site_deeptmhmm,,-0.0587
Q5XDX3,random,rate4site_deeptmhmm,min_outside_scores,-0.0587
Q5XDX3,random,rate4site_deeptmhmm,max_outside_scores,16.9707
Q5XDX3,random,rate4site_deeptmhmm,mean_outside_scores,2.2068965517241915e-05
Q5XDX3,random,rate4site_deeptmhmm,,-0.0587
Q5XDX3,random,rate4site_deeptmhmm,min_outside_scores,-0.0587
Q5XDX3,random,rate4site_deeptmhmm,max_outside_scores,16.9707
A2RDN0,random,rate4site_deeptmhmm,mean_outside_scores,8.71251252508531e-19
A2RDN0,random,rate4site_deeptmhmm,,-0.0822
A2RDN0,random,rate4site_deeptmhmm,min_outside_scores,-0.0822
A2RDN0,random,rate4site_deeptmhmm,max_outside_scores,12.1382
A2RDN0,random,rate4site_deeptmhmm,mean_outside_scores,8.71251252508531e-19
A2RDN0,random,rate4site_deeptmhmm,,-0.0822
A2RDN0,random,rate4site_deeptmhmm,min_outside_scores,-0.0822
A2RDN0,random,rate4site_deeptmhmm,max_outside_scores,12.1382
A2RDN0,random,rate4site_deeptmhmm,mean_outside_scores,8.71251252508531e-19
A2RDN0,random,rate4site_deeptmhmm,,-0.0822
A2RDN0,random,rate4site_deeptmhmm,min_outside_scores,-0.0822
A2RDN0,random,rate4site_deeptmhmm,max_outside_scores,12.1382
A2RDN0,random,rate4site_deeptmhmm,mean_outside_scores,8.71251252508531e-19
A2RDN0,random,rate4site_deeptmhmm,,-0.0822
A2RDN0,random,rate4site_deeptmhmm,min_outside_scores,-0.0822
A2RDN0,random,rate4site_deeptmhmm,max_outside_scores,12.1382
A2RDN0,random,rate4site_deeptmhmm,mean_outside_scores,8.71251252508531e-19
A2RDN0,random,rate4site_deeptmhmm,,-0.0822
A2RDN0,random,rate4site_deeptmhmm,min_outside_scores,-0.0822
A2RDN0,random,rate4site_deeptmhmm,max_outside_scores,12.1382
Q99ZU3,random,rate4site_deeptmhmm,mean_outside_scores,4.749163879598601e-05
Q99ZU3,random,rate4site_deeptmhmm,,-0.0709
Q99ZU3,random,rate4site_deeptmhmm,min_outside_scores,-0.0709
Q99ZU3,random,rate4site_deeptmhmm,max_outside_scores,14.0713
Q99ZU3,random,rate4site_deeptmhmm,mean_outside_scores,4.749163879598601e-05
Q99ZU3,random,rate4site_deeptmhmm,,-0.0709
Q99ZU3,random,rate4site_deeptmhmm,min_outside_scores,-0.0709
Q99ZU3,random,rate4site_deeptmhmm,max_outside_scores,14.0713
Q99ZU3,random,rate4site_deeptmhmm,mean_outside_scores,4.749163879598601e-05
Q99ZU3,random,rate4site_deeptmhmm,,-0.0709
Q99ZU3,random,rate4site_deeptmhmm,min_outside_scores,-0.0709
Q99ZU3,random,rate4site_deeptmhmm,max_outside_scores,14.0713
Q99ZU3,random,rate4site_deeptmhmm,mean_outside_scores,4.749163879598601e-05
Q99ZU3,random,rate4site_deeptmhmm,,-0.0709
Q99ZU3,random,rate4site_deeptmhmm,min_outside_scores,-0.0709
Q99ZU3,random,rate4site_deeptmhmm,max_outside_scores,14.0713
Q8P0H4,random,rate4site_deeptmhmm,mean_outside_scores,-6.88888888888813e-06
Q8P0H4,random,rate4site_deeptmhmm,,-0.179
Q8P0H4,random,rate4site_deeptmhmm,min_outside_scores,-0.179
Q8P0H4,random,rate4site_deeptmhmm,max_outside_scores,5.5745
Q8P0H4,random,rate4site_deeptmhmm,mean_outside_scores,-6.88888888888813e-06
Q8P0H4,random,rate4site_deeptmhmm,,-0.179
Q8P0H4,random,rate4site_deeptmhmm,min_outside_scores,-0.179
Q8P0H4,random,rate4site_deeptmhmm,max_outside_scores,5.5745
Q8P0H4,random,rate4site_deeptmhmm,mean_outside_scores,-6.88888888888813e-06
Q8P0H4,random,rate4site_deeptmhmm,,-0.179
Q8P0H4,random,rate4site_deeptmhmm,min_outside_scores,-0.179
Q8P0H4,random,rate4site_deeptmhmm,max_outside_scores,5.5745
Q8P0H4,random,rate4site_deeptmhmm,mean_outside_scores,-6.88888888888813e-06
Q8P0H4,random,rate4site_deeptmhmm,,-0.179
Q8P0H4,random,rate4site_deeptmhmm,min_outside_scores,-0.179
Q8P0H4,random,rate4site_deeptmhmm,max_outside_scores,5.5745
Q8P0H4,random,rate4site_deeptmhmm,mean_outside_scores,-6.88888888888813e-06
Q8P0H4,random,rate4site_deeptmhmm,,-0.179
Q8P0H4,random,rate4site_deeptmhmm,min_outside_scores,-0.179
Q8P0H4,random,rate4site_deeptmhmm,max_outside_scores,5.5745
B5XKQ2,random,rate4site_deeptmhmm,mean_outside_scores,2.753623188405896e-05
B5XKQ2,random,rate4site_deeptmhmm,,-0.1208
B5XKQ2,random,rate4site_deeptmhmm,min_outside_scores,-0.1208
B5XKQ2,random,rate4site_deeptmhmm,max_outside_scores,8.2163
B5XKQ2,random,rate4site_deeptmhmm,mean_outside_scores,2.753623188405896e-05
B5XKQ2,random,rate4site_deeptmhmm,,-0.1208
B5XKQ2,random,rate4site_deeptmhmm,min_outside_scores,-0.1208
B5XKQ2,random,rate4site_deeptmhmm,max_outside_scores,8.2163
B5XKQ2,random,rate4site_deeptmhmm,mean_outside_scores,2.753623188405896e-05
B5XKQ2,random,rate4site_deeptmhmm,,-0.1208
B5XKQ2,random,rate4site_deeptmhmm,min_outside_scores,-0.1208
B5XKQ2,random,rate4site_deeptmhmm,max_outside_scores,8.2163
B5XLM6,random,rate4site_deeptmhmm,mean_outside_scores,2.5490196078435096e-05
B5XLM6,random,rate4site_deeptmhmm,,-0.1407
B5XLM6,random,rate4site_deeptmhmm,min_outside_scores,-0.1407
B5XLM6,random,rate4site_deeptmhmm,max_outside_scores,7.0363
B5XLM6,random,rate4site_deeptmhmm,mean_outside_scores,2.5490196078435096e-05
B5XLM6,random,rate4site_deeptmhmm,,-0.1407
B5XLM6,random,rate4site_deeptmhmm,min_outside_scores,-0.1407
B5XLM6,random,rate4site_deeptmhmm,max_outside_scores,7.0363
B5XLM6,random,rate4site_deeptmhmm,mean_outside_scores,2.5490196078435096e-05
B5XLM6,random,rate4site_deeptmhmm,,-0.1407
B5XLM6,random,rate4site_deeptmhmm,min_outside_scores,-0.1407
B5XLM6,random,rate4site_deeptmhmm,max_outside_scores,7.0363
P0DD83,random,rate4site_deeptmhmm,mean_outside_scores,2.5661375661383078e-05
P0DD83,random,rate4site_deeptmhmm,,-0.1156
P0DD83,random,rate4site_deeptmhmm,min_outside_scores,-0.1156
P0DD83,random,rate4site_deeptmhmm,max_outside_scores,8.6257
P0DD83,random,rate4site_deeptmhmm,mean_outside_scores,2.5661375661383078e-05
P0DD83,random,rate4site_deeptmhmm,,-0.1156
P0DD83,random,rate4site_deeptmhmm,min_outside_scores,-0.1156
P0DD83,random,rate4site_deeptmhmm,max_outside_scores,8.6257
P0DD83,random,rate4site_deeptmhmm,mean_outside_scores,2.5661375661383078e-05
P0DD83,random,rate4site_deeptmhmm,,-0.1156
P0DD83,random,rate4site_deeptmhmm,min_outside_scores,-0.1156
P0DD83,random,rate4site_deeptmhmm,max_outside_scores,8.6257
P0DD83,random,rate4site_deeptmhmm,mean_outside_scores,2.5661375661383078e-05
P0DD83,random,rate4site_deeptmhmm,,-0.1156
P0DD83,random,rate4site_deeptmhmm,min_outside_scores,-0.1156
P0DD83,random,rate4site_deeptmhmm,max_outside_scores,8.6257
P0DE90,random,rate4site_deeptmhmm,mean_outside_scores,-6.451612903220747e-06
P0DE90,random,rate4site_deeptmhmm,,-0.3892
P0DE90,random,rate4site_deeptmhmm,min_outside_scores,-0.5065
P0DE90,random,rate4site_deeptmhmm,max_outside_scores,2.5808
P0DE90,random,rate4site_deeptmhmm,mean_outside_scores,-6.451612903220747e-06
P0DE90,random,rate4site_deeptmhmm,,-0.3892
P0DE90,random,rate4site_deeptmhmm,min_outside_scores,-0.5065
P0DE90,random,rate4site_deeptmhmm,max_outside_scores,2.5808
P0DE90,random,rate4site_deeptmhmm,mean_outside_scores,-6.451612903220747e-06
P0DE90,random,rate4site_deeptmhmm,,-0.3892
P0DE90,random,rate4site_deeptmhmm,min_outside_scores,-0.5065
P0DE90,random,rate4site_deeptmhmm,max_outside_scores,2.5808
Q8P1F2,random,rate4site_deeptmhmm,mean_outside_scores,-1.5757575757593032e-05
Q8P1F2,random,rate4site_deeptmhmm,,-0.1574
Q8P1F2,random,rate4site_deeptmhmm,min_outside_scores,-0.1574
Q8P1F2,random,rate4site_deeptmhmm,max_outside_scores,6.3347
Q8P1F2,random,rate4site_deeptmhmm,mean_outside_scores,-1.5757575757593032e-05
Q8P1F2,random,rate4site_deeptmhmm,,-0.1574
Q8P1F2,random,rate4site_deeptmhmm,min_outside_scores,-0.1574
Q8P1F2,random,rate4site_deeptmhmm,max_outside_scores,6.3347
Q8P1F2,random,rate4site_deeptmhmm,mean_outside_scores,-1.5757575757593032e-05
Q8P1F2,random,rate4site_deeptmhmm,,-0.1574
Q8P1F2,random,rate4site_deeptmhmm,min_outside_scores,-0.1574
Q8P1F2,random,rate4site_deeptmhmm,max_outside_scores,6.3347
Q8P1F2,random,rate4site_deeptmhmm,mean_outside_scores,-1.5757575757593032e-05
Q8P1F2,random,rate4site_deeptmhmm,,-0.1574
Q8P1F2,random,rate4site_deeptmhmm,min_outside_scores,-0.1574
Q8P1F2,random,rate4site_deeptmhmm,max_outside_scores,6.3347
Q8P1F2,random,rate4site_deeptmhmm,mean_outside_scores,-1.5757575757593032e-05
Q8P1F2,random,rate4site_deeptmhmm,,-0.1574
Q8P1F2,random,rate4site_deeptmhmm,min_outside_scores,-0.1574
Q8P1F2,random,rate4site_deeptmhmm,max_outside_scores,6.3347
Q5XAY0,random,rate4site_deeptmhmm,mean_outside_scores,8.917197452237157e-06
Q5XAY0,random,rate4site_deeptmhmm,,-0.0798
Q5XAY0,random,rate4site_deeptmhmm,min_outside_scores,-0.0798
Q5XAY0,random,rate4site_deeptmhmm,max_outside_scores,12.4502
Q5XAY0,random,rate4site_deeptmhmm,mean_outside_scores,8.917197452237157e-06
Q5XAY0,random,rate4site_deeptmhmm,,-0.0798
Q5XAY0,random,rate4site_deeptmhmm,min_outside_scores,-0.0798
Q5XAY0,random,rate4site_deeptmhmm,max_outside_scores,12.4502
Q5XAY0,random,rate4site_deeptmhmm,mean_outside_scores,8.917197452237157e-06
Q5XAY0,random,rate4site_deeptmhmm,,-0.0798
Q5XAY0,random,rate4site_deeptmhmm,min_outside_scores,-0.0798
Q5XAY0,random,rate4site_deeptmhmm,max_outside_scores,12.4502
Q7CMS1,random,rate4site_deeptmhmm,mean_outside_scores,-4.647887323943346e-05
Q7CMS1,random,rate4site_deeptmhmm,,-0.1697
Q7CMS1,random,rate4site_deeptmhmm,min_outside_scores,-0.1697
Q7CMS1,random,rate4site_deeptmhmm,max_outside_scores,5.853
Q7CMS1,random,rate4site_deeptmhmm,mean_outside_scores,-4.647887323943346e-05
Q7CMS1,random,rate4site_deeptmhmm,,-0.1697
Q7CMS1,random,rate4site_deeptmhmm,min_outside_scores,-0.1697
Q7CMS1,random,rate4site_deeptmhmm,max_outside_scores,5.853
Q7CMS1,random,rate4site_deeptmhmm,mean_outside_scores,-4.647887323943346e-05
Q7CMS1,random,rate4site_deeptmhmm,,-0.1697
Q7CMS1,random,rate4site_deeptmhmm,min_outside_scores,-0.1697
Q7CMS1,random,rate4site_deeptmhmm,max_outside_scores,5.853
Q7CMS1,random,rate4site_deeptmhmm,mean_outside_scores,-4.647887323943346e-05
Q7CMS1,random,rate4site_deeptmhmm,,-0.1697
Q7CMS1,random,rate4site_deeptmhmm,min_outside_scores,-0.1697
Q7CMS1,random,rate4site_deeptmhmm,max_outside_scores,5.853
Q7CMS1,random,rate4site_deeptmhmm,mean_outside_scores,-4.647887323943346e-05
Q7CMS1,random,rate4site_deeptmhmm,,-0.1697
Q7CMS1,random,rate4site_deeptmhmm,min_outside_scores,-0.1697
Q7CMS1,random,rate4site_deeptmhmm,max_outside_scores,5.853
Q9A1F2,random,rate4site_deeptmhmm,mean_outside_scores,2.380952380952753e-05
Q9A1F2,random,rate4site_deeptmhmm,,-0.0978
Q9A1F2,random,rate4site_deeptmhmm,min_outside_scores,-0.0978
Q9A1F2,random,rate4site_deeptmhmm,max_outside_scores,10.1737
Q9A1F2,random,rate4site_deeptmhmm,mean_outside_scores,2.380952380952753e-05
Q9A1F2,random,rate4site_deeptmhmm,,-0.0978
Q9A1F2,random,rate4site_deeptmhmm,min_outside_scores,-0.0978
Q9A1F2,random,rate4site_deeptmhmm,max_outside_scores,10.1737
Q9A1F2,random,rate4site_deeptmhmm,mean_outside_scores,2.380952380952753e-05
Q9A1F2,random,rate4site_deeptmhmm,,-0.0978
Q9A1F2,random,rate4site_deeptmhmm,min_outside_scores,-0.0978
Q9A1F2,random,rate4site_deeptmhmm,max_outside_scores,10.1737
Q9A1F2,random,rate4site_deeptmhmm,mean_outside_scores,2.380952380952753e-05
Q9A1F2,random,rate4site_deeptmhmm,,-0.0978
Q9A1F2,random,rate4site_deeptmhmm,min_outside_scores,-0.0978
Q9A1F2,random,rate4site_deeptmhmm,max_outside_scores,10.1737
P0DD80,random,rate4site_deeptmhmm,mean_outside_scores,-4.0869565217394045e-05
P0DD80,random,rate4site_deeptmhmm,,-0.1325
P0DD80,random,rate4site_deeptmhmm,min_outside_scores,-0.1325
P0DD80,random,rate4site_deeptmhmm,max_outside_scores,7.4839
P0DD80,random,rate4site_deeptmhmm,mean_outside_scores,-4.0869565217394045e-05
P0DD80,random,rate4site_deeptmhmm,,-0.1325
P0DD80,random,rate4site_deeptmhmm,min_outside_scores,-0.1325
P0DD80,random,rate4site_deeptmhmm,max_outside_scores,7.4839
P0DD80,random,rate4site_deeptmhmm,mean_outside_scores,-4.0869565217394045e-05
P0DD80,random,rate4site_deeptmhmm,,-0.1325
P0DD80,random,rate4site_deeptmhmm,min_outside_scores,-0.1325
P0DD80,random,rate4site_deeptmhmm,max_outside_scores,7.4839
Q1J7G2,random,rate4site_deeptmhmm,mean_outside_scores,-6.179775280915816e-06
Q1J7G2,random,rate4site_deeptmhmm,,-0.23
Q1J7G2,random,rate4site_deeptmhmm,min_outside_scores,-0.23
Q1J7G2,random,rate4site_deeptmhmm,max_outside_scores,4.3709
Q1J7G2,random,rate4site_deeptmhmm,mean_outside_scores,-6.179775280915816e-06
Q1J7G2,random,rate4site_deeptmhmm,,-0.23
Q1J7G2,random,rate4site_deeptmhmm,min_outside_scores,-0.23
Q1J7G2,random,rate4site_deeptmhmm,max_outside_scores,4.3709
Q1J7G2,random,rate4site_deeptmhmm,mean_outside_scores,-6.179775280915816e-06
Q1J7G2,random,rate4site_deeptmhmm,,-0.23
Q1J7G2,random,rate4site_deeptmhmm,min_outside_scores,-0.23
Q1J7G2,random,rate4site_deeptmhmm,max_outside_scores,4.3709
Q1J7G2,random,rate4site_deeptmhmm,mean_outside_scores,-6.179775280915816e-06
Q1J7G2,random,rate4site_deeptmhmm,,-0.23
Q1J7G2,random,rate4site_deeptmhmm,min_outside_scores,-0.23
Q1J7G2,random,rate4site_deeptmhmm,max_outside_scores,4.3709
Q1J7G2,random,rate4site_deeptmhmm,mean_outside_scores,-6.179775280915816e-06
Q1J7G2,random,rate4site_deeptmhmm,,-0.23
Q1J7G2,random,rate4site_deeptmhmm,min_outside_scores,-0.23
Q1J7G2,random,rate4site_deeptmhmm,max_outside_scores,4.3709
Q1JD58,random,rate4site_deeptmhmm,mean_outside_scores,2.1081081081088963e-05
Q1JD58,random,rate4site_deeptmhmm,,-0.0735
Q1JD58,random,rate4site_deeptmhmm,min_outside_scores,-0.0735
Q1JD58,random,rate4site_deeptmhmm,max_outside_scores,13.5279
Q1JD58,random,rate4site_deeptmhmm,mean_outside_scores,2.1081081081088963e-05
Q1JD58,random,rate4site_deeptmhmm,,-0.0735
Q1JD58,random,rate4site_deeptmhmm,min_outside_scores,-0.0735
Q1JD58,random,rate4site_deeptmhmm,max_outside_scores,13.5279
Q1JD58,random,rate4site_deeptmhmm,mean_outside_scores,2.1081081081088963e-05
Q1JD58,random,rate4site_deeptmhmm,,-0.0735
Q1JD58,random,rate4site_deeptmhmm,min_outside_scores,-0.0735
Q1JD58,random,rate4site_deeptmhmm,max_outside_scores,13.5279
Q1JD58,random,rate4site_deeptmhmm,mean_outside_scores,2.1081081081088963e-05
Q1JD58,random,rate4site_deeptmhmm,,-0.0735
Q1JD58,random,rate4site_deeptmhmm,min_outside_scores,-0.0735
Q1JD58,random,rate4site_deeptmhmm,max_outside_scores,13.5279
Q48VD6,random,rate4site_deeptmhmm,mean_outside_scores,4.871794871794003e-05
Q48VD6,random,rate4site_deeptmhmm,,-0.0926
Q48VD6,random,rate4site_deeptmhmm,min_outside_scores,-0.0926
Q48VD6,random,rate4site_deeptmhmm,max_outside_scores,10.7473
Q48VD6,random,rate4site_deeptmhmm,mean_outside_scores,4.871794871794003e-05
Q48VD6,random,rate4site_deeptmhmm,,-0.0926
Q48VD6,random,rate4site_deeptmhmm,min_outside_scores,-0.0926
Q48VD6,random,rate4site_deeptmhmm,max_outside_scores,10.7473
Q48VD6,random,rate4site_deeptmhmm,mean_outside_scores,4.871794871794003e-05
Q48VD6,random,rate4site_deeptmhmm,,-0.0926
Q48VD6,random,rate4site_deeptmhmm,min_outside_scores,-0.0926
Q48VD6,random,rate4site_deeptmhmm,max_outside_scores,10.7473
Q48VD6,random,rate4site_deeptmhmm,mean_outside_scores,4.871794871794003e-05
Q48VD6,random,rate4site_deeptmhmm,,-0.0926
Q48VD6,random,rate4site_deeptmhmm,min_outside_scores,-0.0926
Q48VD6,random,rate4site_deeptmhmm,max_outside_scores,10.7473
Q5XCK7,random,rate4site_deeptmhmm,mean_outside_scores,-4.688995215310767e-05
Q5XCK7,random,rate4site_deeptmhmm,,-0.1394
Q5XCK7,random,rate4site_deeptmhmm,min_outside_scores,-0.1394
Q5XCK7,random,rate4site_deeptmhmm,max_outside_scores,7.1418
Q5XCK7,random,rate4site_deeptmhmm,mean_outside_scores,-4.688995215310767e-05
Q5XCK7,random,rate4site_deeptmhmm,,-0.1394
Q5XCK7,random,rate4site_deeptmhmm,min_outside_scores,-0.1394
Q5XCK7,random,rate4site_deeptmhmm,max_outside_scores,7.1418
Q5XCK7,random,rate4site_deeptmhmm,mean_outside_scores,-4.688995215310767e-05
Q5XCK7,random,rate4site_deeptmhmm,,-0.1394
Q5XCK7,random,rate4site_deeptmhmm,min_outside_scores,-0.1394
Q5XCK7,random,rate4site_deeptmhmm,max_outside_scores,7.1418
Q5XCK7,random,rate4site_deeptmhmm,mean_outside_scores,-4.688995215310767e-05
Q5XCK7,random,rate4site_deeptmhmm,,-0.1394
Q5XCK7,random,rate4site_deeptmhmm,min_outside_scores,-0.1394
Q5XCK7,random,rate4site_deeptmhmm,max_outside_scores,7.1418
Q5XCK7,random,rate4site_deeptmhmm,mean_outside_scores,-4.688995215310767e-05
Q5XCK7,random,rate4site_deeptmhmm,,-0.1394
Q5XCK7,random,rate4site_deeptmhmm,min_outside_scores,-0.1394
Q5XCK7,random,rate4site_deeptmhmm,max_outside_scores,7.1418
Q5XC82,random,rate4site_deeptmhmm,mean_outside_scores,-2.733812949640606e-05
Q5XC82,random,rate4site_deeptmhmm,,-0.085
Q5XC82,random,rate4site_deeptmhmm,min_outside_scores,-0.085
Q5XC82,random,rate4site_deeptmhmm,max_outside_scores,11.7262
Q5XC82,random,rate4site_deeptmhmm,mean_outside_scores,-2.733812949640606e-05
Q5XC82,random,rate4site_deeptmhmm,,-0.085
Q5XC82,random,rate4site_deeptmhmm,min_outside_scores,-0.085
Q5XC82,random,rate4site_deeptmhmm,max_outside_scores,11.7262
Q5XC82,random,rate4site_deeptmhmm,mean_outside_scores,-2.733812949640606e-05
Q5XC82,random,rate4site_deeptmhmm,,-0.085
Q5XC82,random,rate4site_deeptmhmm,min_outside_scores,-0.085
Q5XC82,random,rate4site_deeptmhmm,max_outside_scores,11.7262
Q5XC82,random,rate4site_deeptmhmm,mean_outside_scores,-2.733812949640606e-05
Q5XC82,random,rate4site_deeptmhmm,,-0.085
Q5XC82,random,rate4site_deeptmhmm,min_outside_scores,-0.085
Q5XC82,random,rate4site_deeptmhmm,max_outside_scores,11.7262
P0C0H6,random,rate4site_deeptmhmm,mean_outside_scores,3.772819472616769e-05
P0C0H6,random,rate4site_deeptmhmm,,-0.045
P0C0H6,random,rate4site_deeptmhmm,min_outside_scores,-0.045
P0C0H6,random,rate4site_deeptmhmm,max_outside_scores,22.1586
P0C0H6,random,rate4site_deeptmhmm,mean_outside_scores,3.772819472616769e-05
P0C0H6,random,rate4site_deeptmhmm,,-0.045
P0C0H6,random,rate4site_deeptmhmm,min_outside_scores,-0.045
P0C0H6,random,rate4site_deeptmhmm,max_outside_scores,22.1586
P0C0H6,random,rate4site_deeptmhmm,mean_outside_scores,3.772819472616769e-05
P0C0H6,random,rate4site_deeptmhmm,,-0.045
P0C0H6,random,rate4site_deeptmhmm,min_outside_scores,-0.045
P0C0H6,random,rate4site_deeptmhmm,max_outside_scores,22.1586
P0C0H6,random,rate4site_deeptmhmm,mean_outside_scores,3.772819472616769e-05
P0C0H6,random,rate4site_deeptmhmm,,-0.045
P0C0H6,random,rate4site_deeptmhmm,min_outside_scores,-0.045
P0C0H6,random,rate4site_deeptmhmm,max_outside_scores,22.1586
Q1JID3,random,rate4site_deeptmhmm,mean_outside_scores,2.8571428571420544e-05
Q1JID3,random,rate4site_deeptmhmm,,-0.1048
Q1JID3,random,rate4site_deeptmhmm,min_outside_scores,-0.1048
Q1JID3,random,rate4site_deeptmhmm,max_outside_scores,9.4346
Q1JID3,random,rate4site_deeptmhmm,mean_outside_scores,2.8571428571420544e-05
Q1JID3,random,rate4site_deeptmhmm,,-0.1048
Q1JID3,random,rate4site_deeptmhmm,min_outside_scores,-0.1048
Q1JID3,random,rate4site_deeptmhmm,max_outside_scores,9.4346
Q1JID3,random,rate4site_deeptmhmm,mean_outside_scores,2.8571428571420544e-05
Q1JID3,random,rate4site_deeptmhmm,,-0.1048
Q1JID3,random,rate4site_deeptmhmm,min_outside_scores,-0.1048
Q1JID3,random,rate4site_deeptmhmm,max_outside_scores,9.4346
Q1JID3,random,rate4site_deeptmhmm,mean_outside_scores,2.8571428571420544e-05
Q1JID3,random,rate4site_deeptmhmm,,-0.1048
Q1JID3,random,rate4site_deeptmhmm,min_outside_scores,-0.1048
Q1JID3,random,rate4site_deeptmhmm,max_outside_scores,9.4346
Q1JID3,random,rate4site_deeptmhmm,mean_outside_scores,2.8571428571420544e-05
Q1JID3,random,rate4site_deeptmhmm,,-0.1048
Q1JID3,random,rate4site_deeptmhmm,min_outside_scores,-0.1048
Q1JID3,random,rate4site_deeptmhmm,max_outside_scores,9.4346
P0DC65,random,rate4site_deeptmhmm,mean_outside_scores,-4.671532846713943e-05
P0DC65,random,rate4site_deeptmhmm,,-0.184
P0DC65,random,rate4site_deeptmhmm,min_outside_scores,-0.184
P0DC65,random,rate4site_deeptmhmm,max_outside_scores,5.4164
P0DC65,random,rate4site_deeptmhmm,mean_outside_scores,-4.671532846713943e-05
P0DC65,random,rate4site_deeptmhmm,,-0.184
P0DC65,random,rate4site_deeptmhmm,min_outside_scores,-0.184
P0DC65,random,rate4site_deeptmhmm,max_outside_scores,5.4164
P0DC65,random,rate4site_deeptmhmm,mean_outside_scores,-4.671532846713943e-05
P0DC65,random,rate4site_deeptmhmm,,-0.184
P0DC65,random,rate4site_deeptmhmm,min_outside_scores,-0.184
P0DC65,random,rate4site_deeptmhmm,max_outside_scores,5.4164
P0DC65,random,rate4site_deeptmhmm,mean_outside_scores,-4.671532846713943e-05
P0DC65,random,rate4site_deeptmhmm,,-0.184
P0DC65,random,rate4site_deeptmhmm,min_outside_scores,-0.184
P0DC65,random,rate4site_deeptmhmm,max_outside_scores,5.4164
P0DC65,random,rate4site_deeptmhmm,mean_outside_scores,-4.671532846713943e-05
P0DC65,random,rate4site_deeptmhmm,,-0.184
P0DC65,random,rate4site_deeptmhmm,min_outside_scores,-0.184
P0DC65,random,rate4site_deeptmhmm,max_outside_scores,5.4164
Q5XD18,random,rate4site_deeptmhmm,mean_outside_scores,-2.5230769230762096e-05
Q5XD18,random,rate4site_deeptmhmm,,-0.0964
Q5XD18,random,rate4site_deeptmhmm,min_outside_scores,-0.0964
Q5XD18,random,rate4site_deeptmhmm,max_outside_scores,10.3442
Q5XD18,random,rate4site_deeptmhmm,mean_outside_scores,-2.5230769230762096e-05
Q5XD18,random,rate4site_deeptmhmm,,-0.0964
Q5XD18,random,rate4site_deeptmhmm,min_outside_scores,-0.0964
Q5XD18,random,rate4site_deeptmhmm,max_outside_scores,10.3442
Q5XD18,random,rate4site_deeptmhmm,mean_outside_scores,-2.5230769230762096e-05
Q5XD18,random,rate4site_deeptmhmm,,-0.0964
Q5XD18,random,rate4site_deeptmhmm,min_outside_scores,-0.0964
Q5XD18,random,rate4site_deeptmhmm,max_outside_scores,10.3442
Q5XD18,random,rate4site_deeptmhmm,mean_outside_scores,-2.5230769230762096e-05
Q5XD18,random,rate4site_deeptmhmm,,-0.0964
Q5XD18,random,rate4site_deeptmhmm,min_outside_scores,-0.0964
Q5XD18,random,rate4site_deeptmhmm,max_outside_scores,10.3442
Q5XD18,random,rate4site_deeptmhmm,mean_outside_scores,-2.5230769230762096e-05
Q5XD18,random,rate4site_deeptmhmm,,-0.0964
Q5XD18,random,rate4site_deeptmhmm,min_outside_scores,-0.0964
Q5XD18,random,rate4site_deeptmhmm,max_outside_scores,10.3442
Q1J492,random,rate4site_deeptmhmm,mean_outside_scores,4.797979797978414e-05
Q1J492,random,rate4site_deeptmhmm,,-0.1605
Q1J492,random,rate4site_deeptmhmm,min_outside_scores,-0.1605
Q1J492,random,rate4site_deeptmhmm,max_outside_scores,6.1972
Q1J492,random,rate4site_deeptmhmm,mean_outside_scores,4.797979797978414e-05
Q1J492,random,rate4site_deeptmhmm,,-0.1605
Q1J492,random,rate4site_deeptmhmm,min_outside_scores,-0.1605
Q1J492,random,rate4site_deeptmhmm,max_outside_scores,6.1972
Q1J492,random,rate4site_deeptmhmm,mean_outside_scores,4.797979797978414e-05
Q1J492,random,rate4site_deeptmhmm,,-0.1605
Q1J492,random,rate4site_deeptmhmm,min_outside_scores,-0.1605
Q1J492,random,rate4site_deeptmhmm,max_outside_scores,6.1972
Q1J492,random,rate4site_deeptmhmm,mean_outside_scores,4.797979797978414e-05
Q1J492,random,rate4site_deeptmhmm,,-0.1605
Q1J492,random,rate4site_deeptmhmm,min_outside_scores,-0.1605
Q1J492,random,rate4site_deeptmhmm,max_outside_scores,6.1972
Q1J492,random,rate4site_deeptmhmm,mean_outside_scores,4.797979797978414e-05
Q1J492,random,rate4site_deeptmhmm,,-0.1605
Q1J492,random,rate4site_deeptmhmm,min_outside_scores,-0.1605
Q1J492,random,rate4site_deeptmhmm,max_outside_scores,6.1972
P0DG49,random,rate4site_deeptmhmm,mean_outside_scores,4.766917293232591e-05
P0DG49,random,rate4site_deeptmhmm,,-0.1618
P0DG49,random,rate4site_deeptmhmm,min_outside_scores,-0.1618
P0DG49,random,rate4site_deeptmhmm,max_outside_scores,6.1693
P0DG49,random,rate4site_deeptmhmm,mean_outside_scores,4.766917293232591e-05
P0DG49,random,rate4site_deeptmhmm,,-0.1618
P0DG49,random,rate4site_deeptmhmm,min_outside_scores,-0.1618
P0DG49,random,rate4site_deeptmhmm,max_outside_scores,6.1693
P0DG49,random,rate4site_deeptmhmm,mean_outside_scores,4.766917293232591e-05
P0DG49,random,rate4site_deeptmhmm,,-0.1618
P0DG49,random,rate4site_deeptmhmm,min_outside_scores,-0.1618
P0DG49,random,rate4site_deeptmhmm,max_outside_scores,6.1693
P0DG49,random,rate4site_deeptmhmm,mean_outside_scores,4.766917293232591e-05
P0DG49,random,rate4site_deeptmhmm,,-0.1618
P0DG49,random,rate4site_deeptmhmm,min_outside_scores,-0.1618
P0DG49,random,rate4site_deeptmhmm,max_outside_scores,6.1693
P0DG49,random,rate4site_deeptmhmm,mean_outside_scores,4.766917293232591e-05
P0DG49,random,rate4site_deeptmhmm,,-0.1618
P0DG49,random,rate4site_deeptmhmm,min_outside_scores,-0.1618
P0DG49,random,rate4site_deeptmhmm,max_outside_scores,6.1693
Q1J8Y8,random,rate4site_deeptmhmm,mean_outside_scores,3.543307086613958e-05
Q1J8Y8,random,rate4site_deeptmhmm,,-0.0887
Q1J8Y8,random,rate4site_deeptmhmm,min_outside_scores,-0.0887
Q1J8Y8,random,rate4site_deeptmhmm,max_outside_scores,11.1807
Q1J8Y8,random,rate4site_deeptmhmm,mean_outside_scores,3.543307086613958e-05
Q1J8Y8,random,rate4site_deeptmhmm,,-0.0887
Q1J8Y8,random,rate4site_deeptmhmm,min_outside_scores,-0.0887
Q1J8Y8,random,rate4site_deeptmhmm,max_outside_scores,11.1807
Q1J8Y8,random,rate4site_deeptmhmm,mean_outside_scores,3.543307086613958e-05
Q1J8Y8,random,rate4site_deeptmhmm,,-0.0887
Q1J8Y8,random,rate4site_deeptmhmm,min_outside_scores,-0.0887
Q1J8Y8,random,rate4site_deeptmhmm,max_outside_scores,11.1807
Q1J592,random,rate4site_deeptmhmm,mean_outside_scores,-2.0833333333338073e-05
Q1J592,random,rate4site_deeptmhmm,,-0.0835
Q1J592,random,rate4site_deeptmhmm,min_outside_scores,-0.0835
Q1J592,random,rate4site_deeptmhmm,max_outside_scores,11.9375
Q1J592,random,rate4site_deeptmhmm,mean_outside_scores,-2.0833333333338073e-05
Q1J592,random,rate4site_deeptmhmm,,-0.0835
Q1J592,random,rate4site_deeptmhmm,min_outside_scores,-0.0835
Q1J592,random,rate4site_deeptmhmm,max_outside_scores,11.9375
Q1J592,random,rate4site_deeptmhmm,mean_outside_scores,-2.0833333333338073e-05
Q1J592,random,rate4site_deeptmhmm,,-0.0835
Q1J592,random,rate4site_deeptmhmm,min_outside_scores,-0.0835
Q1J592,random,rate4site_deeptmhmm,max_outside_scores,11.9375
