accession,label,feature,subfeature,value
O07950,positive,ifnepitope2,mean_ml_score,0.5756923076923077
O07950,positive,ifnepitope2,mean_blast_score,0.0
O07950,positive,ifnepitope2,mean_total_score,0.5756923076923077
O07950,positive,ifnepitope2,med_ml_score,0.57
O07950,positive,ifnepitope2,med_blast_score,0.0
O07950,positive,ifnepitope2,med_total_score,0.57
O83922,positive,ifnepitope2,mean_ml_score,0.6076825396825397
O83922,positive,ifnepitope2,mean_blast_score,0.0
O83922,positive,ifnepitope2,mean_total_score,0.6076825396825397
O83922,positive,ifnepitope2,med_ml_score,0.61
O83922,positive,ifnepitope2,med_blast_score,0.0
O83922,positive,ifnepitope2,med_total_score,0.61
O83795,positive,ifnepitope2,mean_ml_score,0.648
O83795,positive,ifnepitope2,mean_blast_score,0.0
O83795,positive,ifnepitope2,mean_total_score,0.648
O83795,positive,ifnepitope2,med_ml_score,0.65
O83795,positive,ifnepitope2,med_blast_score,0.0
O83795,positive,ifnepitope2,med_total_score,0.65
O83347,positive,ifnepitope2,mean_ml_score,0.5698780487804878
O83347,positive,ifnepitope2,mean_blast_score,0.0
O83347,positive,ifnepitope2,mean_total_score,0.5698780487804878
O83347,positive,ifnepitope2,med_ml_score,0.575
O83347,positive,ifnepitope2,med_blast_score,0.0
O83347,positive,ifnepitope2,med_total_score,0.575
P96116,positive,ifnepitope2,mean_ml_score,0.6136
P96116,positive,ifnepitope2,mean_blast_score,0.0
P96116,positive,ifnepitope2,mean_total_score,0.6136
P96116,positive,ifnepitope2,med_ml_score,0.615
P96116,positive,ifnepitope2,med_blast_score,0.0
P96116,positive,ifnepitope2,med_total_score,0.615
O83296,positive,ifnepitope2,mean_ml_score,0.6053469387755102
O83296,positive,ifnepitope2,mean_blast_score,0.0
O83296,positive,ifnepitope2,mean_total_score,0.6053469387755102
O83296,positive,ifnepitope2,med_ml_score,0.6
O83296,positive,ifnepitope2,med_blast_score,0.0
O83296,positive,ifnepitope2,med_total_score,0.6
O83930,positive,ifnepitope2,mean_ml_score,0.5920704845814978
O83930,positive,ifnepitope2,mean_blast_score,0.0
O83930,positive,ifnepitope2,mean_total_score,0.5920704845814978
O83930,positive,ifnepitope2,med_ml_score,0.58
O83930,positive,ifnepitope2,med_blast_score,0.0
O83930,positive,ifnepitope2,med_total_score,0.58
A0A2P1DUM5,positive,ifnepitope2,mean_ml_score,0.5543323442136499
A0A2P1DUM5,positive,ifnepitope2,mean_blast_score,0.0
A0A2P1DUM5,positive,ifnepitope2,mean_total_score,0.5543323442136499
A0A2P1DUM5,positive,ifnepitope2,med_ml_score,0.59
A0A2P1DUM5,positive,ifnepitope2,med_blast_score,0.0
A0A2P1DUM5,positive,ifnepitope2,med_total_score,0.59
A0A8F8KRN6,positive,ifnepitope2,mean_ml_score,0.488
A0A8F8KRN6,positive,ifnepitope2,mean_blast_score,0.0
A0A8F8KRN6,positive,ifnepitope2,mean_total_score,0.488
A0A8F8KRN6,positive,ifnepitope2,med_ml_score,0.5
A0A8F8KRN6,positive,ifnepitope2,med_blast_score,0.0
A0A8F8KRN6,positive,ifnepitope2,med_total_score,0.5
O83831,positive,ifnepitope2,mean_ml_score,0.5911111111111111
O83831,positive,ifnepitope2,mean_blast_score,0.0
O83831,positive,ifnepitope2,mean_total_score,0.5911111111111111
O83831,positive,ifnepitope2,med_ml_score,0.6
O83831,positive,ifnepitope2,med_blast_score,0.0
O83831,positive,ifnepitope2,med_total_score,0.6
P29723,positive,ifnepitope2,mean_ml_score,0.5878403755868544
P29723,positive,ifnepitope2,mean_blast_score,0.0
P29723,positive,ifnepitope2,mean_total_score,0.5878403755868544
P29723,positive,ifnepitope2,med_ml_score,0.6
P29723,positive,ifnepitope2,med_blast_score,0.0
P29723,positive,ifnepitope2,med_total_score,0.6
O83867,positive,ifnepitope2,mean_ml_score,0.5881818181818181
O83867,positive,ifnepitope2,mean_blast_score,0.0
O83867,positive,ifnepitope2,mean_total_score,0.5881818181818181
O83867,positive,ifnepitope2,med_ml_score,0.59
O83867,positive,ifnepitope2,med_blast_score,0.0
O83867,positive,ifnepitope2,med_total_score,0.59
O83830,positive,ifnepitope2,mean_ml_score,0.6116850828729282
O83830,positive,ifnepitope2,mean_blast_score,0.0
O83830,positive,ifnepitope2,mean_total_score,0.6116850828729282
O83830,positive,ifnepitope2,med_ml_score,0.61
O83830,positive,ifnepitope2,med_blast_score,0.0
O83830,positive,ifnepitope2,med_total_score,0.61
O83478,positive,ifnepitope2,mean_ml_score,0.6394961240310078
O83478,positive,ifnepitope2,mean_blast_score,0.0
O83478,positive,ifnepitope2,mean_total_score,0.6394961240310078
O83478,positive,ifnepitope2,med_ml_score,0.64
O83478,positive,ifnepitope2,med_blast_score,0.0
O83478,positive,ifnepitope2,med_total_score,0.64
O30405,positive,ifnepitope2,mean_ml_score,0.5892528735632184
O30405,positive,ifnepitope2,mean_blast_score,0.0
O30405,positive,ifnepitope2,mean_total_score,0.5892528735632184
O30405,positive,ifnepitope2,med_ml_score,0.59
O30405,positive,ifnepitope2,med_blast_score,0.0
O30405,positive,ifnepitope2,med_total_score,0.59
P56822,positive,ifnepitope2,mean_ml_score,0.6600497512437811
P56822,positive,ifnepitope2,mean_blast_score,0.0
P56822,positive,ifnepitope2,mean_total_score,0.6600497512437811
P56822,positive,ifnepitope2,med_ml_score,0.66
P56822,positive,ifnepitope2,med_blast_score,0.0
P56822,positive,ifnepitope2,med_total_score,0.66
O83528,positive,ifnepitope2,mean_ml_score,0.5994099694811801
O83528,positive,ifnepitope2,mean_blast_score,0.0
O83528,positive,ifnepitope2,mean_total_score,0.5994099694811801
O83528,positive,ifnepitope2,med_ml_score,0.61
O83528,positive,ifnepitope2,med_blast_score,0.0
O83528,positive,ifnepitope2,med_total_score,0.61
O83966,positive,ifnepitope2,mean_ml_score,0.6002793296089386
O83966,positive,ifnepitope2,mean_blast_score,0.0
O83966,positive,ifnepitope2,mean_total_score,0.6002793296089386
O83966,positive,ifnepitope2,med_ml_score,0.61
O83966,positive,ifnepitope2,med_blast_score,0.0
O83966,positive,ifnepitope2,med_total_score,0.61
O83055,positive,ifnepitope2,mean_ml_score,0.6142024539877301
O83055,positive,ifnepitope2,mean_blast_score,0.0
O83055,positive,ifnepitope2,mean_total_score,0.6142024539877301
O83055,positive,ifnepitope2,med_ml_score,0.61
O83055,positive,ifnepitope2,med_blast_score,0.0
O83055,positive,ifnepitope2,med_total_score,0.61
O83865,positive,ifnepitope2,mean_ml_score,0.6185625
O83865,positive,ifnepitope2,mean_blast_score,0.0
O83865,positive,ifnepitope2,mean_total_score,0.6185625
O83865,positive,ifnepitope2,med_ml_score,0.64
O83865,positive,ifnepitope2,med_blast_score,0.0
O83865,positive,ifnepitope2,med_total_score,0.64
O83413,positive,ifnepitope2,mean_ml_score,0.585948275862069
O83413,positive,ifnepitope2,mean_blast_score,0.0
O83413,positive,ifnepitope2,mean_total_score,0.585948275862069
O83413,positive,ifnepitope2,med_ml_score,0.595
O83413,positive,ifnepitope2,med_blast_score,0.0
O83413,positive,ifnepitope2,med_total_score,0.595
O83301,positive,ifnepitope2,mean_ml_score,0.6173409090909091
O83301,positive,ifnepitope2,mean_blast_score,0.0
O83301,positive,ifnepitope2,mean_total_score,0.6173409090909091
O83301,positive,ifnepitope2,med_ml_score,0.615
O83301,positive,ifnepitope2,med_blast_score,0.0
O83301,positive,ifnepitope2,med_total_score,0.615
O83325,positive,ifnepitope2,mean_ml_score,0.6175326797385621
O83325,positive,ifnepitope2,mean_blast_score,0.0
O83325,positive,ifnepitope2,mean_total_score,0.6175326797385621
O83325,positive,ifnepitope2,med_ml_score,0.62
O83325,positive,ifnepitope2,med_blast_score,0.0
O83325,positive,ifnepitope2,med_total_score,0.62
O84002,positive,ifnepitope2,mean_ml_score,0.6042274052478134
O84002,positive,ifnepitope2,mean_blast_score,0.0
O84002,positive,ifnepitope2,mean_total_score,0.6042274052478134
O84002,positive,ifnepitope2,med_ml_score,0.61
O84002,positive,ifnepitope2,med_blast_score,0.0
O84002,positive,ifnepitope2,med_total_score,0.61
O83469,positive,ifnepitope2,mean_ml_score,0.6205813953488372
O83469,positive,ifnepitope2,mean_blast_score,0.0
O83469,positive,ifnepitope2,mean_total_score,0.6205813953488372
O83469,positive,ifnepitope2,med_ml_score,0.63
O83469,positive,ifnepitope2,med_blast_score,0.0
O83469,positive,ifnepitope2,med_total_score,0.63
O88138,positive,ifnepitope2,mean_ml_score,0.6184406779661017
O88138,positive,ifnepitope2,mean_blast_score,0.0
O88138,positive,ifnepitope2,mean_total_score,0.6184406779661017
O88138,positive,ifnepitope2,med_ml_score,0.63
O88138,positive,ifnepitope2,med_blast_score,0.0
O88138,positive,ifnepitope2,med_total_score,0.63
O83629,positive,ifnepitope2,mean_ml_score,0.6170285714285715
O83629,positive,ifnepitope2,mean_blast_score,0.0
O83629,positive,ifnepitope2,mean_total_score,0.6170285714285715
O83629,positive,ifnepitope2,med_ml_score,0.62
O83629,positive,ifnepitope2,med_blast_score,0.0
O83629,positive,ifnepitope2,med_total_score,0.62
O83633,positive,ifnepitope2,mean_ml_score,0.6293627450980392
O83633,positive,ifnepitope2,mean_blast_score,0.0
O83633,positive,ifnepitope2,mean_total_score,0.6293627450980392
O83633,positive,ifnepitope2,med_ml_score,0.63
O83633,positive,ifnepitope2,med_blast_score,0.0
O83633,positive,ifnepitope2,med_total_score,0.63
O83483,positive,ifnepitope2,mean_ml_score,0.5739016393442623
O83483,positive,ifnepitope2,mean_blast_score,0.0
O83483,positive,ifnepitope2,mean_total_score,0.5739016393442623
O83483,positive,ifnepitope2,med_ml_score,0.55
O83483,positive,ifnepitope2,med_blast_score,0.0
O83483,positive,ifnepitope2,med_total_score,0.55
P29722,positive,ifnepitope2,mean_ml_score,0.6037162162162162
P29722,positive,ifnepitope2,mean_blast_score,0.0
P29722,positive,ifnepitope2,mean_total_score,0.6037162162162162
P29722,positive,ifnepitope2,med_ml_score,0.61
P29722,positive,ifnepitope2,med_blast_score,0.0
P29722,positive,ifnepitope2,med_total_score,0.61
O83275,positive,ifnepitope2,mean_ml_score,0.6135820895522388
O83275,positive,ifnepitope2,mean_blast_score,0.0
O83275,positive,ifnepitope2,mean_total_score,0.6135820895522388
O83275,positive,ifnepitope2,med_ml_score,0.62
O83275,positive,ifnepitope2,med_blast_score,0.0
O83275,positive,ifnepitope2,med_total_score,0.62
O83410,positive,ifnepitope2,mean_ml_score,0.5711764705882353
O83410,positive,ifnepitope2,mean_blast_score,0.0
O83410,positive,ifnepitope2,mean_total_score,0.5711764705882353
O83410,positive,ifnepitope2,med_ml_score,0.56
O83410,positive,ifnepitope2,med_blast_score,0.0
O83410,positive,ifnepitope2,med_total_score,0.56
F7IVK2,positive,ifnepitope2,mean_ml_score,0.5917808219178082
F7IVK2,positive,ifnepitope2,mean_blast_score,0.0
F7IVK2,positive,ifnepitope2,mean_total_score,0.5917808219178082
F7IVK2,positive,ifnepitope2,med_ml_score,0.58
F7IVK2,positive,ifnepitope2,med_blast_score,0.0
F7IVK2,positive,ifnepitope2,med_total_score,0.58
O83967,positive,ifnepitope2,mean_ml_score,0.6217289719626168
O83967,positive,ifnepitope2,mean_blast_score,0.0
O83967,positive,ifnepitope2,mean_total_score,0.6217289719626168
O83967,positive,ifnepitope2,med_ml_score,0.62
O83967,positive,ifnepitope2,med_blast_score,0.0
O83967,positive,ifnepitope2,med_total_score,0.62
O83499,positive,ifnepitope2,mean_ml_score,0.5859381898454746
O83499,positive,ifnepitope2,mean_blast_score,0.0
O83499,positive,ifnepitope2,mean_total_score,0.5859381898454746
O83499,positive,ifnepitope2,med_ml_score,0.6
O83499,positive,ifnepitope2,med_blast_score,0.0
O83499,positive,ifnepitope2,med_total_score,0.6
O83661,positive,ifnepitope2,mean_ml_score,0.5868235294117647
O83661,positive,ifnepitope2,mean_blast_score,0.0
O83661,positive,ifnepitope2,mean_total_score,0.5868235294117647
O83661,positive,ifnepitope2,med_ml_score,0.6
O83661,positive,ifnepitope2,med_blast_score,0.0
O83661,positive,ifnepitope2,med_total_score,0.6
O83920,positive,ifnepitope2,mean_ml_score,0.6127659574468085
O83920,positive,ifnepitope2,mean_blast_score,0.0
O83920,positive,ifnepitope2,mean_total_score,0.6127659574468085
O83920,positive,ifnepitope2,med_ml_score,0.61
O83920,positive,ifnepitope2,med_blast_score,0.0
O83920,positive,ifnepitope2,med_total_score,0.61
O83246,positive,ifnepitope2,mean_ml_score,0.5927432216905901
O83246,positive,ifnepitope2,mean_blast_score,0.0
O83246,positive,ifnepitope2,mean_total_score,0.5927432216905901
O83246,positive,ifnepitope2,med_ml_score,0.6
O83246,positive,ifnepitope2,med_blast_score,0.0
O83246,positive,ifnepitope2,med_total_score,0.6
O83994,positive,ifnepitope2,mean_ml_score,0.6028063241106719
O83994,positive,ifnepitope2,mean_blast_score,0.0
O83994,positive,ifnepitope2,mean_total_score,0.6028063241106719
O83994,positive,ifnepitope2,med_ml_score,0.6
O83994,positive,ifnepitope2,med_blast_score,0.0
O83994,positive,ifnepitope2,med_total_score,0.6
O83958,positive,ifnepitope2,mean_ml_score,0.6199644128113879
O83958,positive,ifnepitope2,mean_blast_score,0.0
O83958,positive,ifnepitope2,mean_total_score,0.6199644128113879
O83958,positive,ifnepitope2,med_ml_score,0.62
O83958,positive,ifnepitope2,med_blast_score,0.0
O83958,positive,ifnepitope2,med_total_score,0.62
F7IW56,positive,ifnepitope2,mean_ml_score,0.6641596638655463
F7IW56,positive,ifnepitope2,mean_blast_score,0.0
F7IW56,positive,ifnepitope2,mean_total_score,0.6641596638655463
F7IW56,positive,ifnepitope2,med_ml_score,0.66
F7IW56,positive,ifnepitope2,med_blast_score,0.0
F7IW56,positive,ifnepitope2,med_total_score,0.66
O83449,positive,ifnepitope2,mean_ml_score,0.6588888888888889
O83449,positive,ifnepitope2,mean_blast_score,0.0
O83449,positive,ifnepitope2,mean_total_score,0.6588888888888889
O83449,positive,ifnepitope2,med_ml_score,0.67
O83449,positive,ifnepitope2,med_blast_score,0.0
O83449,positive,ifnepitope2,med_total_score,0.67
O83935,positive,ifnepitope2,mean_ml_score,0.5875241779497099
O83935,positive,ifnepitope2,mean_blast_score,0.0
O83935,positive,ifnepitope2,mean_total_score,0.5875241779497099
O83935,positive,ifnepitope2,med_ml_score,0.59
O83935,positive,ifnepitope2,med_blast_score,0.0
O83935,positive,ifnepitope2,med_total_score,0.59
O83768,positive,ifnepitope2,mean_ml_score,0.63604
O83768,positive,ifnepitope2,mean_blast_score,0.0
O83768,positive,ifnepitope2,mean_total_score,0.63604
O83768,positive,ifnepitope2,med_ml_score,0.63
O83768,positive,ifnepitope2,med_blast_score,0.0
O83768,positive,ifnepitope2,med_total_score,0.63
O83458,positive,ifnepitope2,mean_ml_score,0.5955688622754491
O83458,positive,ifnepitope2,mean_blast_score,0.0
O83458,positive,ifnepitope2,mean_total_score,0.5955688622754491
O83458,positive,ifnepitope2,med_ml_score,0.59
O83458,positive,ifnepitope2,med_blast_score,0.0
O83458,positive,ifnepitope2,med_total_score,0.59
O83383,positive,ifnepitope2,mean_ml_score,0.6350485436893204
O83383,positive,ifnepitope2,mean_blast_score,0.0
O83383,positive,ifnepitope2,mean_total_score,0.6350485436893204
O83383,positive,ifnepitope2,med_ml_score,0.65
O83383,positive,ifnepitope2,med_blast_score,0.0
O83383,positive,ifnepitope2,med_total_score,0.65
O83980,positive,ifnepitope2,mean_ml_score,0.6067671691792295
O83980,positive,ifnepitope2,mean_blast_score,0.0
O83980,positive,ifnepitope2,mean_total_score,0.6067671691792295
O83980,positive,ifnepitope2,med_ml_score,0.62
O83980,positive,ifnepitope2,med_blast_score,0.0
O83980,positive,ifnepitope2,med_total_score,0.62
P19478,positive,ifnepitope2,mean_ml_score,0.6068367346938776
P19478,positive,ifnepitope2,mean_blast_score,0.0
P19478,positive,ifnepitope2,mean_total_score,0.6068367346938776
P19478,positive,ifnepitope2,med_ml_score,0.61
P19478,positive,ifnepitope2,med_blast_score,0.0
P19478,positive,ifnepitope2,med_total_score,0.61
P19649,positive,ifnepitope2,mean_ml_score,0.5969400630914826
P19649,positive,ifnepitope2,mean_blast_score,0.0
P19649,positive,ifnepitope2,mean_total_score,0.5969400630914826
P19649,positive,ifnepitope2,med_ml_score,0.58
P19649,positive,ifnepitope2,med_blast_score,0.0
P19649,positive,ifnepitope2,med_total_score,0.58
O07884,positive,ifnepitope2,mean_ml_score,0.6045714285714285
O07884,positive,ifnepitope2,mean_blast_score,0.0
O07884,positive,ifnepitope2,mean_total_score,0.6045714285714285
O07884,positive,ifnepitope2,med_ml_score,0.62
O07884,positive,ifnepitope2,med_blast_score,0.0
O07884,positive,ifnepitope2,med_total_score,0.62
O83249,positive,ifnepitope2,mean_ml_score,0.5884
O83249,positive,ifnepitope2,mean_blast_score,0.0
O83249,positive,ifnepitope2,mean_total_score,0.5884
O83249,positive,ifnepitope2,med_ml_score,0.57
O83249,positive,ifnepitope2,med_blast_score,0.0
O83249,positive,ifnepitope2,med_total_score,0.57
O83268,positive,ifnepitope2,mean_ml_score,0.6059504132231405
O83268,positive,ifnepitope2,mean_blast_score,0.0
O83268,positive,ifnepitope2,mean_total_score,0.6059504132231405
O83268,positive,ifnepitope2,med_ml_score,0.62
O83268,positive,ifnepitope2,med_blast_score,0.0
O83268,positive,ifnepitope2,med_total_score,0.62
O83615,positive,ifnepitope2,mean_ml_score,0.5681625441696113
O83615,positive,ifnepitope2,mean_blast_score,0.0
O83615,positive,ifnepitope2,mean_total_score,0.5681625441696113
O83615,positive,ifnepitope2,med_ml_score,0.58
O83615,positive,ifnepitope2,med_blast_score,0.0
O83615,positive,ifnepitope2,med_total_score,0.58
R4IYZ3,positive,ifnepitope2,mean_ml_score,0.6170285714285715
R4IYZ3,positive,ifnepitope2,mean_blast_score,0.0
R4IYZ3,positive,ifnepitope2,mean_total_score,0.6170285714285715
R4IYZ3,positive,ifnepitope2,med_ml_score,0.62
R4IYZ3,positive,ifnepitope2,med_blast_score,0.0
R4IYZ3,positive,ifnepitope2,med_total_score,0.62
O83619,positive,ifnepitope2,mean_ml_score,0.6292554744525547
O83619,positive,ifnepitope2,mean_blast_score,0.0
O83619,positive,ifnepitope2,mean_total_score,0.6292554744525547
O83619,positive,ifnepitope2,med_ml_score,0.63
O83619,positive,ifnepitope2,med_blast_score,0.0
O83619,positive,ifnepitope2,med_total_score,0.63
O83451,positive,ifnepitope2,mean_ml_score,0.6159589041095891
O83451,positive,ifnepitope2,mean_blast_score,0.0
O83451,positive,ifnepitope2,mean_total_score,0.6159589041095891
O83451,positive,ifnepitope2,med_ml_score,0.64
O83451,positive,ifnepitope2,med_blast_score,0.0
O83451,positive,ifnepitope2,med_total_score,0.64
O83923,positive,ifnepitope2,mean_ml_score,0.5933832335329341
O83923,positive,ifnepitope2,mean_blast_score,0.0
O83923,positive,ifnepitope2,mean_total_score,0.5933832335329341
O83923,positive,ifnepitope2,med_ml_score,0.6
O83923,positive,ifnepitope2,med_blast_score,0.0
O83923,positive,ifnepitope2,med_total_score,0.6
O83912,positive,ifnepitope2,mean_ml_score,0.5955479452054795
O83912,positive,ifnepitope2,mean_blast_score,0.0
O83912,positive,ifnepitope2,mean_total_score,0.5955479452054795
O83912,positive,ifnepitope2,med_ml_score,0.6
O83912,positive,ifnepitope2,med_blast_score,0.0
O83912,positive,ifnepitope2,med_total_score,0.6
O83974,positive,ifnepitope2,mean_ml_score,0.619645390070922
O83974,positive,ifnepitope2,mean_blast_score,0.0
O83974,positive,ifnepitope2,mean_total_score,0.619645390070922
O83974,positive,ifnepitope2,med_ml_score,0.63
O83974,positive,ifnepitope2,med_blast_score,0.0
O83974,positive,ifnepitope2,med_total_score,0.63
O83346,positive,ifnepitope2,mean_ml_score,0.5852714113389627
O83346,positive,ifnepitope2,mean_blast_score,0.0
O83346,positive,ifnepitope2,mean_total_score,0.5852714113389627
O83346,positive,ifnepitope2,med_ml_score,0.59
O83346,positive,ifnepitope2,med_blast_score,0.0
O83346,positive,ifnepitope2,med_total_score,0.59
O83751,positive,ifnepitope2,mean_ml_score,0.6101190476190477
O83751,positive,ifnepitope2,mean_blast_score,0.0
O83751,positive,ifnepitope2,mean_total_score,0.6101190476190477
O83751,positive,ifnepitope2,med_ml_score,0.61
O83751,positive,ifnepitope2,med_blast_score,0.0
O83751,positive,ifnepitope2,med_total_score,0.61
O83481,positive,ifnepitope2,mean_ml_score,0.6144311377245509
O83481,positive,ifnepitope2,mean_blast_score,0.0
O83481,positive,ifnepitope2,mean_total_score,0.6144311377245509
O83481,positive,ifnepitope2,med_ml_score,0.63
O83481,positive,ifnepitope2,med_blast_score,0.0
O83481,positive,ifnepitope2,med_total_score,0.63
O83834,positive,ifnepitope2,mean_ml_score,0.6699212598425197
O83834,positive,ifnepitope2,mean_blast_score,0.0
O83834,positive,ifnepitope2,mean_total_score,0.6699212598425197
O83834,positive,ifnepitope2,med_ml_score,0.67
O83834,positive,ifnepitope2,med_blast_score,0.0
O83834,positive,ifnepitope2,med_total_score,0.67
O83507,positive,ifnepitope2,mean_ml_score,0.5586415094339623
O83507,positive,ifnepitope2,mean_blast_score,0.0
O83507,positive,ifnepitope2,mean_total_score,0.5586415094339623
O83507,positive,ifnepitope2,med_ml_score,0.56
O83507,positive,ifnepitope2,med_blast_score,0.0
O83507,positive,ifnepitope2,med_total_score,0.56
O83931,positive,ifnepitope2,mean_ml_score,0.6071794871794872
O83931,positive,ifnepitope2,mean_blast_score,0.0
O83931,positive,ifnepitope2,mean_total_score,0.6071794871794872
O83931,positive,ifnepitope2,med_ml_score,0.61
O83931,positive,ifnepitope2,med_blast_score,0.0
O83931,positive,ifnepitope2,med_total_score,0.61
O83095,positive,ifnepitope2,mean_ml_score,0.6232136752136752
O83095,positive,ifnepitope2,mean_blast_score,0.0
O83095,positive,ifnepitope2,mean_total_score,0.6232136752136752
O83095,positive,ifnepitope2,med_ml_score,0.63
O83095,positive,ifnepitope2,med_blast_score,0.0
O83095,positive,ifnepitope2,med_total_score,0.63
O83213,positive,ifnepitope2,mean_ml_score,0.5919047619047619
O83213,positive,ifnepitope2,mean_blast_score,0.0
O83213,positive,ifnepitope2,mean_total_score,0.5919047619047619
O83213,positive,ifnepitope2,med_ml_score,0.6
O83213,positive,ifnepitope2,med_blast_score,0.0
O83213,positive,ifnepitope2,med_total_score,0.6
O83828,positive,ifnepitope2,mean_ml_score,0.6152117263843648
O83828,positive,ifnepitope2,mean_blast_score,0.0
O83828,positive,ifnepitope2,mean_total_score,0.6152117263843648
O83828,positive,ifnepitope2,med_ml_score,0.62
O83828,positive,ifnepitope2,med_blast_score,0.0
O83828,positive,ifnepitope2,med_total_score,0.62
O83813,positive,ifnepitope2,mean_ml_score,0.5957232704402515
O83813,positive,ifnepitope2,mean_blast_score,0.0
O83813,positive,ifnepitope2,mean_total_score,0.5957232704402515
O83813,positive,ifnepitope2,med_ml_score,0.6
O83813,positive,ifnepitope2,med_blast_score,0.0
O83813,positive,ifnepitope2,med_total_score,0.6
O83111,positive,ifnepitope2,mean_ml_score,0.5773170731707317
O83111,positive,ifnepitope2,mean_blast_score,0.0
O83111,positive,ifnepitope2,mean_total_score,0.5773170731707317
O83111,positive,ifnepitope2,med_ml_score,0.5800000000000001
O83111,positive,ifnepitope2,med_blast_score,0.0
O83111,positive,ifnepitope2,med_total_score,0.5800000000000001
O54312,positive,ifnepitope2,mean_ml_score,0.6222541966426859
O54312,positive,ifnepitope2,mean_blast_score,0.0
O54312,positive,ifnepitope2,mean_total_score,0.6222541966426859
O54312,positive,ifnepitope2,med_ml_score,0.62
O54312,positive,ifnepitope2,med_blast_score,0.0
O54312,positive,ifnepitope2,med_total_score,0.62
O83557,positive,ifnepitope2,mean_ml_score,0.6035
O83557,positive,ifnepitope2,mean_blast_score,0.0
O83557,positive,ifnepitope2,mean_total_score,0.6035
O83557,positive,ifnepitope2,med_ml_score,0.595
O83557,positive,ifnepitope2,med_blast_score,0.0
O83557,positive,ifnepitope2,med_total_score,0.595
P29725,positive,ifnepitope2,mean_ml_score,0.5770821529745043
P29725,positive,ifnepitope2,mean_blast_score,0.0
P29725,positive,ifnepitope2,mean_total_score,0.5770821529745043
P29725,positive,ifnepitope2,med_ml_score,0.58
P29725,positive,ifnepitope2,med_blast_score,0.0
P29725,positive,ifnepitope2,med_total_score,0.58
O83164,positive,ifnepitope2,mean_ml_score,0.6114423076923077
O83164,positive,ifnepitope2,mean_blast_score,0.0
O83164,positive,ifnepitope2,mean_total_score,0.6114423076923077
O83164,positive,ifnepitope2,med_ml_score,0.605
O83164,positive,ifnepitope2,med_blast_score,0.0
O83164,positive,ifnepitope2,med_total_score,0.605
R4IZI5,positive,ifnepitope2,mean_ml_score,0.6043097643097644
R4IZI5,positive,ifnepitope2,mean_blast_score,0.0
R4IZI5,positive,ifnepitope2,mean_total_score,0.6043097643097644
R4IZI5,positive,ifnepitope2,med_ml_score,0.62
R4IZI5,positive,ifnepitope2,med_blast_score,0.0
R4IZI5,positive,ifnepitope2,med_total_score,0.62
P29724,positive,ifnepitope2,mean_ml_score,0.5713623188405798
P29724,positive,ifnepitope2,mean_blast_score,0.0
P29724,positive,ifnepitope2,mean_total_score,0.5713623188405798
P29724,positive,ifnepitope2,med_ml_score,0.57
P29724,positive,ifnepitope2,med_blast_score,0.0
P29724,positive,ifnepitope2,med_total_score,0.57
O83715,positive,ifnepitope2,mean_ml_score,0.606303317535545
O83715,positive,ifnepitope2,mean_blast_score,0.0
O83715,positive,ifnepitope2,mean_total_score,0.606303317535545
O83715,positive,ifnepitope2,med_ml_score,0.62
O83715,positive,ifnepitope2,med_blast_score,0.0
O83715,positive,ifnepitope2,med_total_score,0.62
O84001,positive,ifnepitope2,mean_ml_score,0.5974725274725274
O84001,positive,ifnepitope2,mean_blast_score,0.0
O84001,positive,ifnepitope2,mean_total_score,0.5974725274725274
O84001,positive,ifnepitope2,med_ml_score,0.59
O84001,positive,ifnepitope2,med_blast_score,0.0
O84001,positive,ifnepitope2,med_total_score,0.59
O83666,positive,ifnepitope2,mean_ml_score,0.5790599675850892
O83666,positive,ifnepitope2,mean_blast_score,0.0
O83666,positive,ifnepitope2,mean_total_score,0.5790599675850892
O83666,positive,ifnepitope2,med_ml_score,0.59
O83666,positive,ifnepitope2,med_blast_score,0.0
O83666,positive,ifnepitope2,med_total_score,0.59
F7IVD2,positive,ifnepitope2,mean_ml_score,0.5541891891891891
F7IVD2,positive,ifnepitope2,mean_blast_score,0.0
F7IVD2,positive,ifnepitope2,mean_total_score,0.5541891891891891
F7IVD2,positive,ifnepitope2,med_ml_score,0.57
F7IVD2,positive,ifnepitope2,med_blast_score,0.0
F7IVD2,positive,ifnepitope2,med_total_score,0.57
O83487,positive,ifnepitope2,mean_ml_score,0.5979324894514768
O83487,positive,ifnepitope2,mean_blast_score,0.0
O83487,positive,ifnepitope2,mean_total_score,0.5979324894514768
O83487,positive,ifnepitope2,med_ml_score,0.6
O83487,positive,ifnepitope2,med_blast_score,0.0
O83487,positive,ifnepitope2,med_total_score,0.6
O83630,positive,ifnepitope2,mean_ml_score,0.6064786324786324
O83630,positive,ifnepitope2,mean_blast_score,0.0
O83630,positive,ifnepitope2,mean_total_score,0.6064786324786324
O83630,positive,ifnepitope2,med_ml_score,0.61
O83630,positive,ifnepitope2,med_blast_score,0.0
O83630,positive,ifnepitope2,med_total_score,0.61
O83639,positive,ifnepitope2,mean_ml_score,0.6111645569620253
O83639,positive,ifnepitope2,mean_blast_score,0.0
O83639,positive,ifnepitope2,mean_total_score,0.6111645569620253
O83639,positive,ifnepitope2,med_ml_score,0.61
O83639,positive,ifnepitope2,med_blast_score,0.0
O83639,positive,ifnepitope2,med_total_score,0.61
O83691,positive,ifnepitope2,mean_ml_score,0.6170833333333333
O83691,positive,ifnepitope2,mean_blast_score,0.0
O83691,positive,ifnepitope2,mean_total_score,0.6170833333333333
O83691,positive,ifnepitope2,med_ml_score,0.63
O83691,positive,ifnepitope2,med_blast_score,0.0
O83691,positive,ifnepitope2,med_total_score,0.63
P23033,positive,ifnepitope2,mean_ml_score,0.6094402985074627
P23033,positive,ifnepitope2,mean_blast_score,0.0
P23033,positive,ifnepitope2,mean_total_score,0.6094402985074627
P23033,positive,ifnepitope2,med_ml_score,0.61
P23033,positive,ifnepitope2,med_blast_score,0.0
P23033,positive,ifnepitope2,med_total_score,0.61
O06690,positive,ifnepitope2,mean_ml_score,0.5657575757575758
O06690,positive,ifnepitope2,mean_blast_score,0.0
O06690,positive,ifnepitope2,mean_total_score,0.5657575757575758
O06690,positive,ifnepitope2,med_ml_score,0.565
O06690,positive,ifnepitope2,med_blast_score,0.0
O06690,positive,ifnepitope2,med_total_score,0.565
O83169,positive,ifnepitope2,mean_ml_score,0.6107980049875311
O83169,positive,ifnepitope2,mean_blast_score,0.0
O83169,positive,ifnepitope2,mean_total_score,0.6107980049875311
O83169,positive,ifnepitope2,med_ml_score,0.62
O83169,positive,ifnepitope2,med_blast_score,0.0
O83169,positive,ifnepitope2,med_total_score,0.62
R4J012,positive,ifnepitope2,mean_ml_score,0.6142024539877301
R4J012,positive,ifnepitope2,mean_blast_score,0.0
R4J012,positive,ifnepitope2,mean_total_score,0.6142024539877301
R4J012,positive,ifnepitope2,med_ml_score,0.61
R4J012,positive,ifnepitope2,med_blast_score,0.0
R4J012,positive,ifnepitope2,med_total_score,0.61
O83448,positive,ifnepitope2,mean_ml_score,0.634320987654321
O83448,positive,ifnepitope2,mean_blast_score,0.0
O83448,positive,ifnepitope2,mean_total_score,0.634320987654321
O83448,positive,ifnepitope2,med_ml_score,0.64
O83448,positive,ifnepitope2,med_blast_score,0.0
O83448,positive,ifnepitope2,med_total_score,0.64
O83613,positive,ifnepitope2,mean_ml_score,0.5881714285714286
O83613,positive,ifnepitope2,mean_blast_score,0.0
O83613,positive,ifnepitope2,mean_total_score,0.5881714285714286
O83613,positive,ifnepitope2,med_ml_score,0.59
O83613,positive,ifnepitope2,med_blast_score,0.0
O83613,positive,ifnepitope2,med_total_score,0.59
O83251,positive,ifnepitope2,mean_ml_score,0.5702142857142857
O83251,positive,ifnepitope2,mean_blast_score,0.0
O83251,positive,ifnepitope2,mean_total_score,0.5702142857142857
O83251,positive,ifnepitope2,med_ml_score,0.58
O83251,positive,ifnepitope2,med_blast_score,0.0
O83251,positive,ifnepitope2,med_total_score,0.58
O83669,positive,ifnepitope2,mean_ml_score,0.5835470085470086
O83669,positive,ifnepitope2,mean_blast_score,0.0
O83669,positive,ifnepitope2,mean_total_score,0.5835470085470086
O83669,positive,ifnepitope2,med_ml_score,0.58
O83669,positive,ifnepitope2,med_blast_score,0.0
O83669,positive,ifnepitope2,med_total_score,0.58
O83522,positive,ifnepitope2,mean_ml_score,0.5977777777777777
O83522,positive,ifnepitope2,mean_blast_score,0.0
O83522,positive,ifnepitope2,mean_total_score,0.5977777777777777
O83522,positive,ifnepitope2,med_ml_score,0.6
O83522,positive,ifnepitope2,med_blast_score,0.0
O83522,positive,ifnepitope2,med_total_score,0.6
P74934,positive,ifnepitope2,mean_ml_score,0.5966745283018868
P74934,positive,ifnepitope2,mean_blast_score,0.0
P74934,positive,ifnepitope2,mean_total_score,0.5966745283018868
P74934,positive,ifnepitope2,med_ml_score,0.59
P74934,positive,ifnepitope2,med_blast_score,0.0
P74934,positive,ifnepitope2,med_total_score,0.59
F7IWA5,positive,ifnepitope2,mean_ml_score,0.6394
F7IWA5,positive,ifnepitope2,mean_blast_score,0.0
F7IWA5,positive,ifnepitope2,mean_total_score,0.6394
F7IWA5,positive,ifnepitope2,med_ml_score,0.64
F7IWA5,positive,ifnepitope2,med_blast_score,0.0
F7IWA5,positive,ifnepitope2,med_total_score,0.64
O83384,positive,ifnepitope2,mean_ml_score,0.6309842519685039
O83384,positive,ifnepitope2,mean_blast_score,0.0
O83384,positive,ifnepitope2,mean_total_score,0.6309842519685039
O83384,positive,ifnepitope2,med_ml_score,0.64
O83384,positive,ifnepitope2,med_blast_score,0.0
O83384,positive,ifnepitope2,med_total_score,0.64
O83126,positive,ifnepitope2,mean_ml_score,0.595204081632653
O83126,positive,ifnepitope2,mean_blast_score,0.0
O83126,positive,ifnepitope2,mean_total_score,0.595204081632653
O83126,positive,ifnepitope2,med_ml_score,0.59
O83126,positive,ifnepitope2,med_blast_score,0.0
O83126,positive,ifnepitope2,med_total_score,0.59
O83520,positive,ifnepitope2,mean_ml_score,0.5863076923076923
O83520,positive,ifnepitope2,mean_blast_score,0.0
O83520,positive,ifnepitope2,mean_total_score,0.5863076923076923
O83520,positive,ifnepitope2,med_ml_score,0.59
O83520,positive,ifnepitope2,med_blast_score,0.0
O83520,positive,ifnepitope2,med_total_score,0.59
O83581,positive,ifnepitope2,mean_ml_score,0.5806632653061224
O83581,positive,ifnepitope2,mean_blast_score,0.0
O83581,positive,ifnepitope2,mean_total_score,0.5806632653061224
O83581,positive,ifnepitope2,med_ml_score,0.59
O83581,positive,ifnepitope2,med_blast_score,0.0
O83581,positive,ifnepitope2,med_total_score,0.59
O83627,positive,ifnepitope2,mean_ml_score,0.6112612612612612
O83627,positive,ifnepitope2,mean_blast_score,0.0
O83627,positive,ifnepitope2,mean_total_score,0.6112612612612612
O83627,positive,ifnepitope2,med_ml_score,0.61
O83627,positive,ifnepitope2,med_blast_score,0.0
O83627,positive,ifnepitope2,med_total_score,0.61
O83641,positive,ifnepitope2,mean_ml_score,0.582756183745583
O83641,positive,ifnepitope2,mean_blast_score,0.0
O83641,positive,ifnepitope2,mean_total_score,0.582756183745583
O83641,positive,ifnepitope2,med_ml_score,0.59
O83641,positive,ifnepitope2,med_blast_score,0.0
O83641,positive,ifnepitope2,med_total_score,0.59
P38369,positive,ifnepitope2,mean_ml_score,0.5738287153652393
P38369,positive,ifnepitope2,mean_blast_score,0.0
P38369,positive,ifnepitope2,mean_total_score,0.5738287153652393
P38369,positive,ifnepitope2,med_ml_score,0.57
P38369,positive,ifnepitope2,med_blast_score,0.0
P38369,positive,ifnepitope2,med_total_score,0.57
O83503,positive,ifnepitope2,mean_ml_score,0.545
O83503,positive,ifnepitope2,mean_blast_score,0.0
O83503,positive,ifnepitope2,mean_total_score,0.545
O83503,positive,ifnepitope2,med_ml_score,0.54
O83503,positive,ifnepitope2,med_blast_score,0.0
O83503,positive,ifnepitope2,med_total_score,0.54
O83414,positive,ifnepitope2,mean_ml_score,0.6086583184257602
O83414,positive,ifnepitope2,mean_blast_score,0.0
O83414,positive,ifnepitope2,mean_total_score,0.6086583184257602
O83414,positive,ifnepitope2,med_ml_score,0.61
O83414,positive,ifnepitope2,med_blast_score,0.0
O83414,positive,ifnepitope2,med_total_score,0.61
O83732,positive,ifnepitope2,mean_ml_score,0.6170742358078602
O83732,positive,ifnepitope2,mean_blast_score,0.0
O83732,positive,ifnepitope2,mean_total_score,0.6170742358078602
O83732,positive,ifnepitope2,med_ml_score,0.63
O83732,positive,ifnepitope2,med_blast_score,0.0
O83732,positive,ifnepitope2,med_total_score,0.63
P07643,positive,ifnepitope2,mean_ml_score,0.5827596439169139
P07643,positive,ifnepitope2,mean_blast_score,0.0
P07643,positive,ifnepitope2,mean_total_score,0.5827596439169139
P07643,positive,ifnepitope2,med_ml_score,0.58
P07643,positive,ifnepitope2,med_blast_score,0.0
P07643,positive,ifnepitope2,med_total_score,0.58
P16055,positive,ifnepitope2,mean_ml_score,0.6002238805970149
P16055,positive,ifnepitope2,mean_blast_score,0.0
P16055,positive,ifnepitope2,mean_total_score,0.6002238805970149
P16055,positive,ifnepitope2,med_ml_score,0.62
P16055,positive,ifnepitope2,med_blast_score,0.0
P16055,positive,ifnepitope2,med_total_score,0.62
A0A2P1DUM7,positive,ifnepitope2,mean_ml_score,0.6075268817204301
A0A2P1DUM7,positive,ifnepitope2,mean_blast_score,0.0
A0A2P1DUM7,positive,ifnepitope2,mean_total_score,0.6075268817204301
A0A2P1DUM7,positive,ifnepitope2,med_ml_score,0.62
A0A2P1DUM7,positive,ifnepitope2,med_blast_score,0.0
A0A2P1DUM7,positive,ifnepitope2,med_total_score,0.62
O83933,positive,ifnepitope2,mean_ml_score,0.5597265625
O83933,positive,ifnepitope2,mean_blast_score,0.0
O83933,positive,ifnepitope2,mean_total_score,0.5597265625
O83933,positive,ifnepitope2,med_ml_score,0.57
O83933,positive,ifnepitope2,med_blast_score,0.0
O83933,positive,ifnepitope2,med_total_score,0.57
O83475,positive,ifnepitope2,mean_ml_score,0.611953125
O83475,positive,ifnepitope2,mean_blast_score,0.0
O83475,positive,ifnepitope2,mean_total_score,0.611953125
O83475,positive,ifnepitope2,med_ml_score,0.62
O83475,positive,ifnepitope2,med_blast_score,0.0
O83475,positive,ifnepitope2,med_total_score,0.62
O83080,positive,ifnepitope2,mean_ml_score,0.5835913312693498
O83080,positive,ifnepitope2,mean_blast_score,0.0
O83080,positive,ifnepitope2,mean_total_score,0.5835913312693498
O83080,positive,ifnepitope2,med_ml_score,0.59
O83080,positive,ifnepitope2,med_blast_score,0.0
O83080,positive,ifnepitope2,med_total_score,0.59
O83335,positive,ifnepitope2,mean_ml_score,0.6267904509283819
O83335,positive,ifnepitope2,mean_blast_score,0.0
O83335,positive,ifnepitope2,mean_total_score,0.6267904509283819
O83335,positive,ifnepitope2,med_ml_score,0.64
O83335,positive,ifnepitope2,med_blast_score,0.0
O83335,positive,ifnepitope2,med_total_score,0.64
O83482,positive,ifnepitope2,mean_ml_score,0.6106118143459915
O83482,positive,ifnepitope2,mean_blast_score,0.0
O83482,positive,ifnepitope2,mean_total_score,0.6106118143459915
O83482,positive,ifnepitope2,med_ml_score,0.61
O83482,positive,ifnepitope2,med_blast_score,0.0
O83482,positive,ifnepitope2,med_total_score,0.61
O83123,positive,ifnepitope2,mean_ml_score,0.6012142857142857
O83123,positive,ifnepitope2,mean_blast_score,0.0
O83123,positive,ifnepitope2,mean_total_score,0.6012142857142857
O83123,positive,ifnepitope2,med_ml_score,0.615
O83123,positive,ifnepitope2,med_blast_score,0.0
O83123,positive,ifnepitope2,med_total_score,0.615
O83731,positive,ifnepitope2,mean_ml_score,0.5932093023255814
O83731,positive,ifnepitope2,mean_blast_score,0.0
O83731,positive,ifnepitope2,mean_total_score,0.5932093023255814
O83731,positive,ifnepitope2,med_ml_score,0.59
O83731,positive,ifnepitope2,med_blast_score,0.0
O83731,positive,ifnepitope2,med_total_score,0.59
O83337,positive,ifnepitope2,mean_ml_score,0.633114973262032
O83337,positive,ifnepitope2,mean_blast_score,0.0
O83337,positive,ifnepitope2,mean_total_score,0.633114973262032
O83337,positive,ifnepitope2,med_ml_score,0.64
O83337,positive,ifnepitope2,med_blast_score,0.0
O83337,positive,ifnepitope2,med_total_score,0.64
O83086,positive,ifnepitope2,mean_ml_score,0.6206060606060606
O83086,positive,ifnepitope2,mean_blast_score,0.0
O83086,positive,ifnepitope2,mean_total_score,0.6206060606060606
O83086,positive,ifnepitope2,med_ml_score,0.62
O83086,positive,ifnepitope2,med_blast_score,0.0
O83086,positive,ifnepitope2,med_total_score,0.62
P16665,positive,ifnepitope2,mean_ml_score,0.552603550295858
P16665,positive,ifnepitope2,mean_blast_score,0.0
P16665,positive,ifnepitope2,mean_total_score,0.552603550295858
P16665,positive,ifnepitope2,med_ml_score,0.56
P16665,positive,ifnepitope2,med_blast_score,0.0
P16665,positive,ifnepitope2,med_total_score,0.56
O83837,positive,ifnepitope2,mean_ml_score,0.594358407079646
O83837,positive,ifnepitope2,mean_blast_score,0.0
O83837,positive,ifnepitope2,mean_total_score,0.594358407079646
O83837,positive,ifnepitope2,med_ml_score,0.6
O83837,positive,ifnepitope2,med_blast_score,0.0
O83837,positive,ifnepitope2,med_total_score,0.6
Q56328,positive,ifnepitope2,mean_ml_score,0.6085671641791045
Q56328,positive,ifnepitope2,mean_blast_score,0.0
Q56328,positive,ifnepitope2,mean_total_score,0.6085671641791045
Q56328,positive,ifnepitope2,med_ml_score,0.63
Q56328,positive,ifnepitope2,med_blast_score,0.0
Q56328,positive,ifnepitope2,med_total_score,0.63
O83163,positive,ifnepitope2,mean_ml_score,0.6349767441860465
O83163,positive,ifnepitope2,mean_blast_score,0.0
O83163,positive,ifnepitope2,mean_total_score,0.6349767441860465
O83163,positive,ifnepitope2,med_ml_score,0.66
O83163,positive,ifnepitope2,med_blast_score,0.0
O83163,positive,ifnepitope2,med_total_score,0.66
O67998,positive,ifnepitope2,mean_ml_score,0.5798846153846153
O67998,positive,ifnepitope2,mean_blast_score,0.0
O67998,positive,ifnepitope2,mean_total_score,0.5798846153846153
O67998,positive,ifnepitope2,med_ml_score,0.57
O67998,positive,ifnepitope2,med_blast_score,0.0
O67998,positive,ifnepitope2,med_total_score,0.57
O83964,positive,ifnepitope2,mean_ml_score,0.5973704171934261
O83964,positive,ifnepitope2,mean_blast_score,0.0
O83964,positive,ifnepitope2,mean_total_score,0.5973704171934261
O83964,positive,ifnepitope2,med_ml_score,0.6
O83964,positive,ifnepitope2,med_blast_score,0.0
O83964,positive,ifnepitope2,med_total_score,0.6
O83159,positive,ifnepitope2,mean_ml_score,0.6188360655737705
O83159,positive,ifnepitope2,mean_blast_score,0.0
O83159,positive,ifnepitope2,mean_total_score,0.6188360655737705
O83159,positive,ifnepitope2,med_ml_score,0.61
O83159,positive,ifnepitope2,med_blast_score,0.0
O83159,positive,ifnepitope2,med_total_score,0.61
O83329,positive,ifnepitope2,mean_ml_score,0.5910479041916168
O83329,positive,ifnepitope2,mean_blast_score,0.0
O83329,positive,ifnepitope2,mean_total_score,0.5910479041916168
O83329,positive,ifnepitope2,med_ml_score,0.61
O83329,positive,ifnepitope2,med_blast_score,0.0
O83329,positive,ifnepitope2,med_total_score,0.61
O83932,positive,ifnepitope2,mean_ml_score,0.61525
O83932,positive,ifnepitope2,mean_blast_score,0.0
O83932,positive,ifnepitope2,mean_total_score,0.61525
O83932,positive,ifnepitope2,med_ml_score,0.61
O83932,positive,ifnepitope2,med_blast_score,0.0
O83932,positive,ifnepitope2,med_total_score,0.61
O83748,positive,ifnepitope2,mean_ml_score,0.6147161572052402
O83748,positive,ifnepitope2,mean_blast_score,0.0
O83748,positive,ifnepitope2,mean_total_score,0.6147161572052402
O83748,positive,ifnepitope2,med_ml_score,0.62
O83748,positive,ifnepitope2,med_blast_score,0.0
O83748,positive,ifnepitope2,med_total_score,0.62
Q08255,positive,ifnepitope2,mean_ml_score,0.6162278481012659
Q08255,positive,ifnepitope2,mean_blast_score,0.0
Q08255,positive,ifnepitope2,mean_total_score,0.6162278481012659
Q08255,positive,ifnepitope2,med_ml_score,0.62
Q08255,positive,ifnepitope2,med_blast_score,0.0
Q08255,positive,ifnepitope2,med_total_score,0.62
O83138,positive,ifnepitope2,mean_ml_score,0.6344791666666667
O83138,positive,ifnepitope2,mean_blast_score,0.0
O83138,positive,ifnepitope2,mean_total_score,0.6344791666666667
O83138,positive,ifnepitope2,med_ml_score,0.64
O83138,positive,ifnepitope2,med_blast_score,0.0
O83138,positive,ifnepitope2,med_total_score,0.64
O83427,positive,ifnepitope2,mean_ml_score,0.5743010752688172
O83427,positive,ifnepitope2,mean_blast_score,0.0
O83427,positive,ifnepitope2,mean_total_score,0.5743010752688172
O83427,positive,ifnepitope2,med_ml_score,0.57
O83427,positive,ifnepitope2,med_blast_score,0.0
O83427,positive,ifnepitope2,med_total_score,0.57
O83548,positive,ifnepitope2,mean_ml_score,0.6354771784232365
O83548,positive,ifnepitope2,mean_blast_score,0.0
O83548,positive,ifnepitope2,mean_total_score,0.6354771784232365
O83548,positive,ifnepitope2,med_ml_score,0.65
O83548,positive,ifnepitope2,med_blast_score,0.0
O83548,positive,ifnepitope2,med_total_score,0.65
O83769,positive,ifnepitope2,mean_ml_score,0.5966514285714286
O83769,positive,ifnepitope2,mean_blast_score,0.0
O83769,positive,ifnepitope2,mean_total_score,0.5966514285714286
O83769,positive,ifnepitope2,med_ml_score,0.6
O83769,positive,ifnepitope2,med_blast_score,0.0
O83769,positive,ifnepitope2,med_total_score,0.6
O83782,positive,ifnepitope2,mean_ml_score,0.5806068601583113
O83782,positive,ifnepitope2,mean_blast_score,0.0
O83782,positive,ifnepitope2,mean_total_score,0.5806068601583113
O83782,positive,ifnepitope2,med_ml_score,0.58
O83782,positive,ifnepitope2,med_blast_score,0.0
O83782,positive,ifnepitope2,med_total_score,0.58
B0LGY7,positive,ifnepitope2,mean_ml_score,0.5687341772151898
B0LGY7,positive,ifnepitope2,mean_blast_score,0.0
B0LGY7,positive,ifnepitope2,mean_total_score,0.5687341772151898
B0LGY7,positive,ifnepitope2,med_ml_score,0.58
B0LGY7,positive,ifnepitope2,med_blast_score,0.0
B0LGY7,positive,ifnepitope2,med_total_score,0.58
O83337,positive,ifnepitope2,mean_ml_score,0.6309625668449198
O83337,positive,ifnepitope2,mean_blast_score,0.0
O83337,positive,ifnepitope2,mean_total_score,0.6309625668449198
O83337,positive,ifnepitope2,med_ml_score,0.64
O83337,positive,ifnepitope2,med_blast_score,0.0
O83337,positive,ifnepitope2,med_total_score,0.64
O83055,positive,ifnepitope2,mean_ml_score,0.6142024539877301
O83055,positive,ifnepitope2,mean_blast_score,0.0
O83055,positive,ifnepitope2,mean_total_score,0.6142024539877301
O83055,positive,ifnepitope2,med_ml_score,0.61
O83055,positive,ifnepitope2,med_blast_score,0.0
O83055,positive,ifnepitope2,med_total_score,0.61
O83557,positive,ifnepitope2,mean_ml_score,0.5899644760213144
O83557,positive,ifnepitope2,mean_blast_score,0.0
O83557,positive,ifnepitope2,mean_total_score,0.5899644760213144
O83557,positive,ifnepitope2,med_ml_score,0.59
O83557,positive,ifnepitope2,med_blast_score,0.0
O83557,positive,ifnepitope2,med_total_score,0.59
O83633,positive,ifnepitope2,mean_ml_score,0.622809917355372
O83633,positive,ifnepitope2,mean_blast_score,0.0
O83633,positive,ifnepitope2,mean_total_score,0.622809917355372
O83633,positive,ifnepitope2,med_ml_score,0.625
O83633,positive,ifnepitope2,med_blast_score,0.0
O83633,positive,ifnepitope2,med_total_score,0.625
O83715,positive,ifnepitope2,mean_ml_score,0.6106161137440759
O83715,positive,ifnepitope2,mean_blast_score,0.0
O83715,positive,ifnepitope2,mean_total_score,0.6106161137440759
O83715,positive,ifnepitope2,med_ml_score,0.63
O83715,positive,ifnepitope2,med_blast_score,0.0
O83715,positive,ifnepitope2,med_total_score,0.63
O83111,positive,ifnepitope2,mean_ml_score,0.5773170731707317
O83111,positive,ifnepitope2,mean_blast_score,0.0
O83111,positive,ifnepitope2,mean_total_score,0.5773170731707317
O83111,positive,ifnepitope2,med_ml_score,0.5800000000000001
O83111,positive,ifnepitope2,med_blast_score,0.0
O83111,positive,ifnepitope2,med_total_score,0.5800000000000001
O83095,positive,ifnepitope2,mean_ml_score,0.6241880341880341
O83095,positive,ifnepitope2,mean_blast_score,0.0
O83095,positive,ifnepitope2,mean_total_score,0.6241880341880341
O83095,positive,ifnepitope2,med_ml_score,0.63
O83095,positive,ifnepitope2,med_blast_score,0.0
O83095,positive,ifnepitope2,med_total_score,0.63
O83661,positive,ifnepitope2,mean_ml_score,0.5868235294117647
O83661,positive,ifnepitope2,mean_blast_score,0.0
O83661,positive,ifnepitope2,mean_total_score,0.5868235294117647
O83661,positive,ifnepitope2,med_ml_score,0.6
O83661,positive,ifnepitope2,med_blast_score,0.0
O83661,positive,ifnepitope2,med_total_score,0.6
O83449,positive,ifnepitope2,mean_ml_score,0.6563285024154589
O83449,positive,ifnepitope2,mean_blast_score,0.0
O83449,positive,ifnepitope2,mean_total_score,0.6563285024154589
O83449,positive,ifnepitope2,med_ml_score,0.67
O83449,positive,ifnepitope2,med_blast_score,0.0
O83449,positive,ifnepitope2,med_total_score,0.67
O83503,positive,ifnepitope2,mean_ml_score,0.545
O83503,positive,ifnepitope2,mean_blast_score,0.0
O83503,positive,ifnepitope2,mean_total_score,0.545
O83503,positive,ifnepitope2,med_ml_score,0.54
O83503,positive,ifnepitope2,med_blast_score,0.0
O83503,positive,ifnepitope2,med_total_score,0.54
O30405,positive,ifnepitope2,mean_ml_score,0.5848830409356726
O30405,positive,ifnepitope2,mean_blast_score,0.0
O30405,positive,ifnepitope2,mean_total_score,0.5848830409356726
O30405,positive,ifnepitope2,med_ml_score,0.59
O30405,positive,ifnepitope2,med_blast_score,0.0
O30405,positive,ifnepitope2,med_total_score,0.59
O83246,positive,ifnepitope2,mean_ml_score,0.5927432216905901
O83246,positive,ifnepitope2,mean_blast_score,0.0
O83246,positive,ifnepitope2,mean_total_score,0.5927432216905901
O83246,positive,ifnepitope2,med_ml_score,0.6
O83246,positive,ifnepitope2,med_blast_score,0.0
O83246,positive,ifnepitope2,med_total_score,0.6
P96116,positive,ifnepitope2,mean_ml_score,0.6136
P96116,positive,ifnepitope2,mean_blast_score,0.0
P96116,positive,ifnepitope2,mean_total_score,0.6136
P96116,positive,ifnepitope2,med_ml_score,0.615
P96116,positive,ifnepitope2,med_blast_score,0.0
P96116,positive,ifnepitope2,med_total_score,0.615
O83980,positive,ifnepitope2,mean_ml_score,0.6067671691792295
O83980,positive,ifnepitope2,mean_blast_score,0.0
O83980,positive,ifnepitope2,mean_total_score,0.6067671691792295
O83980,positive,ifnepitope2,med_ml_score,0.62
O83980,positive,ifnepitope2,med_blast_score,0.0
O83980,positive,ifnepitope2,med_total_score,0.62
O83138,positive,ifnepitope2,mean_ml_score,0.6344791666666667
O83138,positive,ifnepitope2,mean_blast_score,0.0
O83138,positive,ifnepitope2,mean_total_score,0.6344791666666667
O83138,positive,ifnepitope2,med_ml_score,0.64
O83138,positive,ifnepitope2,med_blast_score,0.0
O83138,positive,ifnepitope2,med_total_score,0.64
F7IW56,positive,ifnepitope2,mean_ml_score,0.6622689075630253
F7IW56,positive,ifnepitope2,mean_blast_score,0.0
F7IW56,positive,ifnepitope2,mean_total_score,0.6622689075630253
F7IW56,positive,ifnepitope2,med_ml_score,0.65
F7IW56,positive,ifnepitope2,med_blast_score,0.0
F7IW56,positive,ifnepitope2,med_total_score,0.65
O83966,positive,ifnepitope2,mean_ml_score,0.6087272727272727
O83966,positive,ifnepitope2,mean_blast_score,0.0
O83966,positive,ifnepitope2,mean_total_score,0.6087272727272727
O83966,positive,ifnepitope2,med_ml_score,0.62
O83966,positive,ifnepitope2,med_blast_score,0.0
O83966,positive,ifnepitope2,med_total_score,0.62
O88138,positive,ifnepitope2,mean_ml_score,0.6161186440677966
O88138,positive,ifnepitope2,mean_blast_score,0.0
O88138,positive,ifnepitope2,mean_total_score,0.6161186440677966
O88138,positive,ifnepitope2,med_ml_score,0.62
O88138,positive,ifnepitope2,med_blast_score,0.0
O88138,positive,ifnepitope2,med_total_score,0.62
O83751,positive,ifnepitope2,mean_ml_score,0.6168045112781955
O83751,positive,ifnepitope2,mean_blast_score,0.0
O83751,positive,ifnepitope2,mean_total_score,0.6168045112781955
O83751,positive,ifnepitope2,med_ml_score,0.63
O83751,positive,ifnepitope2,med_blast_score,0.0
O83751,positive,ifnepitope2,med_total_score,0.63
O83732,positive,ifnepitope2,mean_ml_score,0.6170742358078602
O83732,positive,ifnepitope2,mean_blast_score,0.0
O83732,positive,ifnepitope2,mean_total_score,0.6170742358078602
O83732,positive,ifnepitope2,med_ml_score,0.63
O83732,positive,ifnepitope2,med_blast_score,0.0
O83732,positive,ifnepitope2,med_total_score,0.63
P23033,positive,ifnepitope2,mean_ml_score,0.6094402985074627
P23033,positive,ifnepitope2,mean_blast_score,0.0
P23033,positive,ifnepitope2,mean_total_score,0.6094402985074627
P23033,positive,ifnepitope2,med_ml_score,0.61
P23033,positive,ifnepitope2,med_blast_score,0.0
P23033,positive,ifnepitope2,med_total_score,0.61
O83528,positive,ifnepitope2,mean_ml_score,0.5995625635808749
O83528,positive,ifnepitope2,mean_blast_score,0.0
O83528,positive,ifnepitope2,mean_total_score,0.5995625635808749
O83528,positive,ifnepitope2,med_ml_score,0.61
O83528,positive,ifnepitope2,med_blast_score,0.0
O83528,positive,ifnepitope2,med_total_score,0.61
O83335,positive,ifnepitope2,mean_ml_score,0.6234748010610079
O83335,positive,ifnepitope2,mean_blast_score,0.0
O83335,positive,ifnepitope2,mean_total_score,0.6234748010610079
O83335,positive,ifnepitope2,med_ml_score,0.635
O83335,positive,ifnepitope2,med_blast_score,0.0
O83335,positive,ifnepitope2,med_total_score,0.635
O83520,positive,ifnepitope2,mean_ml_score,0.5863076923076923
O83520,positive,ifnepitope2,mean_blast_score,0.0
O83520,positive,ifnepitope2,mean_total_score,0.5863076923076923
O83520,positive,ifnepitope2,med_ml_score,0.59
O83520,positive,ifnepitope2,med_blast_score,0.0
O83520,positive,ifnepitope2,med_total_score,0.59
O83163,positive,ifnepitope2,mean_ml_score,0.6223321554770318
O83163,positive,ifnepitope2,mean_blast_score,0.0
O83163,positive,ifnepitope2,mean_total_score,0.6223321554770318
O83163,positive,ifnepitope2,med_ml_score,0.65
O83163,positive,ifnepitope2,med_blast_score,0.0
O83163,positive,ifnepitope2,med_total_score,0.65
O83164,positive,ifnepitope2,mean_ml_score,0.6132710280373832
O83164,positive,ifnepitope2,mean_blast_score,0.0
O83164,positive,ifnepitope2,mean_total_score,0.6132710280373832
O83164,positive,ifnepitope2,med_ml_score,0.62
O83164,positive,ifnepitope2,med_blast_score,0.0
O83164,positive,ifnepitope2,med_total_score,0.62
O83169,positive,ifnepitope2,mean_ml_score,0.613790523690773
O83169,positive,ifnepitope2,mean_blast_score,0.0
O83169,positive,ifnepitope2,mean_total_score,0.613790523690773
O83169,positive,ifnepitope2,med_ml_score,0.62
O83169,positive,ifnepitope2,med_blast_score,0.0
O83169,positive,ifnepitope2,med_total_score,0.62
B0LGY7,positive,ifnepitope2,mean_ml_score,0.577652733118971
B0LGY7,positive,ifnepitope2,mean_blast_score,0.0
B0LGY7,positive,ifnepitope2,mean_total_score,0.577652733118971
B0LGY7,positive,ifnepitope2,med_ml_score,0.58
B0LGY7,positive,ifnepitope2,med_blast_score,0.0
B0LGY7,positive,ifnepitope2,med_total_score,0.58
O83748,positive,ifnepitope2,mean_ml_score,0.6147161572052402
O83748,positive,ifnepitope2,mean_blast_score,0.0
O83748,positive,ifnepitope2,mean_total_score,0.6147161572052402
O83748,positive,ifnepitope2,med_ml_score,0.62
O83748,positive,ifnepitope2,med_blast_score,0.0
O83748,positive,ifnepitope2,med_total_score,0.62
O83958,positive,ifnepitope2,mean_ml_score,0.6226950354609929
O83958,positive,ifnepitope2,mean_blast_score,0.0
O83958,positive,ifnepitope2,mean_total_score,0.6226950354609929
O83958,positive,ifnepitope2,med_ml_score,0.62
O83958,positive,ifnepitope2,med_blast_score,0.0
O83958,positive,ifnepitope2,med_total_score,0.62
O83865,positive,ifnepitope2,mean_ml_score,0.614561403508772
O83865,positive,ifnepitope2,mean_blast_score,0.0
O83865,positive,ifnepitope2,mean_total_score,0.614561403508772
O83865,positive,ifnepitope2,med_ml_score,0.64
O83865,positive,ifnepitope2,med_blast_score,0.0
O83865,positive,ifnepitope2,med_total_score,0.64
O83126,positive,ifnepitope2,mean_ml_score,0.595204081632653
O83126,positive,ifnepitope2,mean_blast_score,0.0
O83126,positive,ifnepitope2,mean_total_score,0.595204081632653
O83126,positive,ifnepitope2,med_ml_score,0.59
O83126,positive,ifnepitope2,med_blast_score,0.0
O83126,positive,ifnepitope2,med_total_score,0.59
O83613,positive,ifnepitope2,mean_ml_score,0.5881714285714286
O83613,positive,ifnepitope2,mean_blast_score,0.0
O83613,positive,ifnepitope2,mean_total_score,0.5881714285714286
O83613,positive,ifnepitope2,med_ml_score,0.59
O83613,positive,ifnepitope2,med_blast_score,0.0
O83613,positive,ifnepitope2,med_total_score,0.59
O83251,positive,ifnepitope2,mean_ml_score,0.5656296296296296
O83251,positive,ifnepitope2,mean_blast_score,0.0
O83251,positive,ifnepitope2,mean_total_score,0.5656296296296296
O83251,positive,ifnepitope2,med_ml_score,0.58
O83251,positive,ifnepitope2,med_blast_score,0.0
O83251,positive,ifnepitope2,med_total_score,0.58
O83080,positive,ifnepitope2,mean_ml_score,0.5835913312693498
O83080,positive,ifnepitope2,mean_blast_score,0.0
O83080,positive,ifnepitope2,mean_total_score,0.5835913312693498
O83080,positive,ifnepitope2,med_ml_score,0.59
O83080,positive,ifnepitope2,med_blast_score,0.0
O83080,positive,ifnepitope2,med_total_score,0.59
O67998,positive,ifnepitope2,mean_ml_score,0.5803942652329749
O67998,positive,ifnepitope2,mean_blast_score,0.0
O67998,positive,ifnepitope2,mean_total_score,0.5803942652329749
O67998,positive,ifnepitope2,med_ml_score,0.57
O67998,positive,ifnepitope2,med_blast_score,0.0
O67998,positive,ifnepitope2,med_total_score,0.57
O83964,positive,ifnepitope2,mean_ml_score,0.5972692793931732
O83964,positive,ifnepitope2,mean_blast_score,0.0
O83964,positive,ifnepitope2,mean_total_score,0.5972692793931732
O83964,positive,ifnepitope2,med_ml_score,0.6
O83964,positive,ifnepitope2,med_blast_score,0.0
O83964,positive,ifnepitope2,med_total_score,0.6
O83731,positive,ifnepitope2,mean_ml_score,0.5932093023255814
O83731,positive,ifnepitope2,mean_blast_score,0.0
O83731,positive,ifnepitope2,mean_total_score,0.5932093023255814
O83731,positive,ifnepitope2,med_ml_score,0.59
O83731,positive,ifnepitope2,med_blast_score,0.0
O83731,positive,ifnepitope2,med_total_score,0.59
O83922,positive,ifnepitope2,mean_ml_score,0.6076825396825397
O83922,positive,ifnepitope2,mean_blast_score,0.0
O83922,positive,ifnepitope2,mean_total_score,0.6076825396825397
O83922,positive,ifnepitope2,med_ml_score,0.61
O83922,positive,ifnepitope2,med_blast_score,0.0
O83922,positive,ifnepitope2,med_total_score,0.61
O83329,positive,ifnepitope2,mean_ml_score,0.5910479041916168
O83329,positive,ifnepitope2,mean_blast_score,0.0
O83329,positive,ifnepitope2,mean_total_score,0.5910479041916168
O83329,positive,ifnepitope2,med_ml_score,0.61
O83329,positive,ifnepitope2,med_blast_score,0.0
O83329,positive,ifnepitope2,med_total_score,0.61
O83448,positive,ifnepitope2,mean_ml_score,0.6480246913580247
O83448,positive,ifnepitope2,mean_blast_score,0.0
O83448,positive,ifnepitope2,mean_total_score,0.6480246913580247
O83448,positive,ifnepitope2,med_ml_score,0.66
O83448,positive,ifnepitope2,med_blast_score,0.0
O83448,positive,ifnepitope2,med_total_score,0.66
O83666,positive,ifnepitope2,mean_ml_score,0.5790599675850892
O83666,positive,ifnepitope2,mean_blast_score,0.0
O83666,positive,ifnepitope2,mean_total_score,0.5790599675850892
O83666,positive,ifnepitope2,med_ml_score,0.59
O83666,positive,ifnepitope2,med_blast_score,0.0
O83666,positive,ifnepitope2,med_total_score,0.59
O83347,positive,ifnepitope2,mean_ml_score,0.5698780487804878
O83347,positive,ifnepitope2,mean_blast_score,0.0
O83347,positive,ifnepitope2,mean_total_score,0.5698780487804878
O83347,positive,ifnepitope2,med_ml_score,0.575
O83347,positive,ifnepitope2,med_blast_score,0.0
O83347,positive,ifnepitope2,med_total_score,0.575
O83813,positive,ifnepitope2,mean_ml_score,0.5956394129979036
O83813,positive,ifnepitope2,mean_blast_score,0.0
O83813,positive,ifnepitope2,mean_total_score,0.5956394129979036
O83813,positive,ifnepitope2,med_ml_score,0.6
O83813,positive,ifnepitope2,med_blast_score,0.0
O83813,positive,ifnepitope2,med_total_score,0.6
O83478,positive,ifnepitope2,mean_ml_score,0.6368439716312057
O83478,positive,ifnepitope2,mean_blast_score,0.0
O83478,positive,ifnepitope2,mean_total_score,0.6368439716312057
O83478,positive,ifnepitope2,med_ml_score,0.63
O83478,positive,ifnepitope2,med_blast_score,0.0
O83478,positive,ifnepitope2,med_total_score,0.63
O83920,positive,ifnepitope2,mean_ml_score,0.6153829787234043
O83920,positive,ifnepitope2,mean_blast_score,0.0
O83920,positive,ifnepitope2,mean_total_score,0.6153829787234043
O83920,positive,ifnepitope2,med_ml_score,0.61
O83920,positive,ifnepitope2,med_blast_score,0.0
O83920,positive,ifnepitope2,med_total_score,0.61
P29725,positive,ifnepitope2,mean_ml_score,0.5770821529745043
P29725,positive,ifnepitope2,mean_blast_score,0.0
P29725,positive,ifnepitope2,mean_total_score,0.5770821529745043
P29725,positive,ifnepitope2,med_ml_score,0.58
P29725,positive,ifnepitope2,med_blast_score,0.0
P29725,positive,ifnepitope2,med_total_score,0.58
O83581,positive,ifnepitope2,mean_ml_score,0.5748356807511737
O83581,positive,ifnepitope2,mean_blast_score,0.0
O83581,positive,ifnepitope2,mean_total_score,0.5748356807511737
O83581,positive,ifnepitope2,med_ml_score,0.57
O83581,positive,ifnepitope2,med_blast_score,0.0
O83581,positive,ifnepitope2,med_total_score,0.57
O83275,positive,ifnepitope2,mean_ml_score,0.6108309455587393
O83275,positive,ifnepitope2,mean_blast_score,0.0
O83275,positive,ifnepitope2,mean_total_score,0.6108309455587393
O83275,positive,ifnepitope2,med_ml_score,0.61
O83275,positive,ifnepitope2,med_blast_score,0.0
O83275,positive,ifnepitope2,med_total_score,0.61
A0A2P1DUM7,positive,ifnepitope2,mean_ml_score,0.6137634408602151
A0A2P1DUM7,positive,ifnepitope2,mean_blast_score,0.0
A0A2P1DUM7,positive,ifnepitope2,mean_total_score,0.6137634408602151
A0A2P1DUM7,positive,ifnepitope2,med_ml_score,0.615
A0A2P1DUM7,positive,ifnepitope2,med_blast_score,0.0
A0A2P1DUM7,positive,ifnepitope2,med_total_score,0.615
O83619,positive,ifnepitope2,mean_ml_score,0.6174351585014409
O83619,positive,ifnepitope2,mean_blast_score,0.0
O83619,positive,ifnepitope2,mean_total_score,0.6174351585014409
O83619,positive,ifnepitope2,med_ml_score,0.63
O83619,positive,ifnepitope2,med_blast_score,0.0
O83619,positive,ifnepitope2,med_total_score,0.63
O83548,positive,ifnepitope2,mean_ml_score,0.6354771784232365
O83548,positive,ifnepitope2,mean_blast_score,0.0
O83548,positive,ifnepitope2,mean_total_score,0.6354771784232365
O83548,positive,ifnepitope2,med_ml_score,0.65
O83548,positive,ifnepitope2,med_blast_score,0.0
O83548,positive,ifnepitope2,med_total_score,0.65
P38369,positive,ifnepitope2,mean_ml_score,0.577799511002445
P38369,positive,ifnepitope2,mean_blast_score,0.0
P38369,positive,ifnepitope2,mean_total_score,0.577799511002445
P38369,positive,ifnepitope2,med_ml_score,0.58
P38369,positive,ifnepitope2,med_blast_score,0.0
P38369,positive,ifnepitope2,med_total_score,0.58
O83627,positive,ifnepitope2,mean_ml_score,0.6122522522522522
O83627,positive,ifnepitope2,mean_blast_score,0.0
O83627,positive,ifnepitope2,mean_total_score,0.6122522522522522
O83627,positive,ifnepitope2,med_ml_score,0.61
O83627,positive,ifnepitope2,med_blast_score,0.0
O83627,positive,ifnepitope2,med_total_score,0.61
O83641,positive,ifnepitope2,mean_ml_score,0.583321554770318
O83641,positive,ifnepitope2,mean_blast_score,0.0
O83641,positive,ifnepitope2,mean_total_score,0.583321554770318
O83641,positive,ifnepitope2,med_ml_score,0.59
O83641,positive,ifnepitope2,med_blast_score,0.0
O83641,positive,ifnepitope2,med_total_score,0.59
O83768,positive,ifnepitope2,mean_ml_score,0.63648
O83768,positive,ifnepitope2,mean_blast_score,0.0
O83768,positive,ifnepitope2,mean_total_score,0.63648
O83768,positive,ifnepitope2,med_ml_score,0.63
O83768,positive,ifnepitope2,med_blast_score,0.0
O83768,positive,ifnepitope2,med_total_score,0.63
O07950,positive,ifnepitope2,mean_ml_score,0.5756923076923077
O07950,positive,ifnepitope2,mean_blast_score,0.0
O07950,positive,ifnepitope2,mean_total_score,0.5756923076923077
O07950,positive,ifnepitope2,med_ml_score,0.57
O07950,positive,ifnepitope2,med_blast_score,0.0
O07950,positive,ifnepitope2,med_total_score,0.57
O83481,positive,ifnepitope2,mean_ml_score,0.6144311377245509
O83481,positive,ifnepitope2,mean_blast_score,0.0
O83481,positive,ifnepitope2,mean_total_score,0.6144311377245509
O83481,positive,ifnepitope2,med_ml_score,0.63
O83481,positive,ifnepitope2,med_blast_score,0.0
O83481,positive,ifnepitope2,med_total_score,0.63
R4J012,positive,ifnepitope2,mean_ml_score,0.6142024539877301
R4J012,positive,ifnepitope2,mean_blast_score,0.0
R4J012,positive,ifnepitope2,mean_total_score,0.6142024539877301
R4J012,positive,ifnepitope2,med_ml_score,0.61
R4J012,positive,ifnepitope2,med_blast_score,0.0
R4J012,positive,ifnepitope2,med_total_score,0.61
O07884,positive,ifnepitope2,mean_ml_score,0.6045714285714285
O07884,positive,ifnepitope2,mean_blast_score,0.0
O07884,positive,ifnepitope2,mean_total_score,0.6045714285714285
O07884,positive,ifnepitope2,med_ml_score,0.62
O07884,positive,ifnepitope2,med_blast_score,0.0
O07884,positive,ifnepitope2,med_total_score,0.62
O83933,positive,ifnepitope2,mean_ml_score,0.5565302144249513
O83933,positive,ifnepitope2,mean_blast_score,0.0
O83933,positive,ifnepitope2,mean_total_score,0.5565302144249513
O83933,positive,ifnepitope2,med_ml_score,0.57
O83933,positive,ifnepitope2,med_blast_score,0.0
O83933,positive,ifnepitope2,med_total_score,0.57
O83974,positive,ifnepitope2,mean_ml_score,0.619645390070922
O83974,positive,ifnepitope2,mean_blast_score,0.0
O83974,positive,ifnepitope2,mean_total_score,0.619645390070922
O83974,positive,ifnepitope2,med_ml_score,0.63
O83974,positive,ifnepitope2,med_blast_score,0.0
O83974,positive,ifnepitope2,med_total_score,0.63
O83451,positive,ifnepitope2,mean_ml_score,0.6159589041095891
O83451,positive,ifnepitope2,mean_blast_score,0.0
O83451,positive,ifnepitope2,mean_total_score,0.6159589041095891
O83451,positive,ifnepitope2,med_ml_score,0.64
O83451,positive,ifnepitope2,med_blast_score,0.0
O83451,positive,ifnepitope2,med_total_score,0.64
O83967,positive,ifnepitope2,mean_ml_score,0.6217289719626168
O83967,positive,ifnepitope2,mean_blast_score,0.0
O83967,positive,ifnepitope2,mean_total_score,0.6217289719626168
O83967,positive,ifnepitope2,med_ml_score,0.62
O83967,positive,ifnepitope2,med_blast_score,0.0
O83967,positive,ifnepitope2,med_total_score,0.62
O83499,positive,ifnepitope2,mean_ml_score,0.5891832229580574
O83499,positive,ifnepitope2,mean_blast_score,0.0
O83499,positive,ifnepitope2,mean_total_score,0.5891832229580574
O83499,positive,ifnepitope2,med_ml_score,0.6
O83499,positive,ifnepitope2,med_blast_score,0.0
O83499,positive,ifnepitope2,med_total_score,0.6
O83935,positive,ifnepitope2,mean_ml_score,0.5916195856873823
O83935,positive,ifnepitope2,mean_blast_score,0.0
O83935,positive,ifnepitope2,mean_total_score,0.5916195856873823
O83935,positive,ifnepitope2,med_ml_score,0.6
O83935,positive,ifnepitope2,med_blast_score,0.0
O83935,positive,ifnepitope2,med_total_score,0.6
O83268,positive,ifnepitope2,mean_ml_score,0.6059504132231405
O83268,positive,ifnepitope2,mean_blast_score,0.0
O83268,positive,ifnepitope2,mean_total_score,0.6059504132231405
O83268,positive,ifnepitope2,med_ml_score,0.62
O83268,positive,ifnepitope2,med_blast_score,0.0
O83268,positive,ifnepitope2,med_total_score,0.62
O83615,positive,ifnepitope2,mean_ml_score,0.5681625441696113
O83615,positive,ifnepitope2,mean_blast_score,0.0
O83615,positive,ifnepitope2,mean_total_score,0.5681625441696113
O83615,positive,ifnepitope2,med_ml_score,0.58
O83615,positive,ifnepitope2,med_blast_score,0.0
O83615,positive,ifnepitope2,med_total_score,0.58
O83384,positive,ifnepitope2,mean_ml_score,0.6306496062992126
O83384,positive,ifnepitope2,mean_blast_score,0.0
O83384,positive,ifnepitope2,mean_total_score,0.6306496062992126
O83384,positive,ifnepitope2,med_ml_score,0.64
O83384,positive,ifnepitope2,med_blast_score,0.0
O83384,positive,ifnepitope2,med_total_score,0.64
O83427,positive,ifnepitope2,mean_ml_score,0.5743010752688172
O83427,positive,ifnepitope2,mean_blast_score,0.0
O83427,positive,ifnepitope2,mean_total_score,0.5743010752688172
O83427,positive,ifnepitope2,med_ml_score,0.57
O83427,positive,ifnepitope2,med_blast_score,0.0
O83427,positive,ifnepitope2,med_total_score,0.57
O83414,positive,ifnepitope2,mean_ml_score,0.6086583184257602
O83414,positive,ifnepitope2,mean_blast_score,0.0
O83414,positive,ifnepitope2,mean_total_score,0.6086583184257602
O83414,positive,ifnepitope2,med_ml_score,0.61
O83414,positive,ifnepitope2,med_blast_score,0.0
O83414,positive,ifnepitope2,med_total_score,0.61
O83691,positive,ifnepitope2,mean_ml_score,0.6190740740740741
O83691,positive,ifnepitope2,mean_blast_score,0.0
O83691,positive,ifnepitope2,mean_total_score,0.6190740740740741
O83691,positive,ifnepitope2,med_ml_score,0.63
O83691,positive,ifnepitope2,med_blast_score,0.0
O83691,positive,ifnepitope2,med_total_score,0.63
A0A2P1DUM5,positive,ifnepitope2,mean_ml_score,0.570276073619632
A0A2P1DUM5,positive,ifnepitope2,mean_blast_score,0.0
A0A2P1DUM5,positive,ifnepitope2,mean_total_score,0.570276073619632
A0A2P1DUM5,positive,ifnepitope2,med_ml_score,0.59
A0A2P1DUM5,positive,ifnepitope2,med_blast_score,0.0
A0A2P1DUM5,positive,ifnepitope2,med_total_score,0.59
F7IVD2,positive,ifnepitope2,mean_ml_score,0.5541891891891891
F7IVD2,positive,ifnepitope2,mean_blast_score,0.0
F7IVD2,positive,ifnepitope2,mean_total_score,0.5541891891891891
F7IVD2,positive,ifnepitope2,med_ml_score,0.57
F7IVD2,positive,ifnepitope2,med_blast_score,0.0
F7IVD2,positive,ifnepitope2,med_total_score,0.57
O83782,positive,ifnepitope2,mean_ml_score,0.5801846965699209
O83782,positive,ifnepitope2,mean_blast_score,0.0
O83782,positive,ifnepitope2,mean_total_score,0.5801846965699209
O83782,positive,ifnepitope2,med_ml_score,0.58
O83782,positive,ifnepitope2,med_blast_score,0.0
O83782,positive,ifnepitope2,med_total_score,0.58
O83630,positive,ifnepitope2,mean_ml_score,0.6064786324786324
O83630,positive,ifnepitope2,mean_blast_score,0.0
O83630,positive,ifnepitope2,mean_total_score,0.6064786324786324
O83630,positive,ifnepitope2,med_ml_score,0.61
O83630,positive,ifnepitope2,med_blast_score,0.0
O83630,positive,ifnepitope2,med_total_score,0.61
O83325,positive,ifnepitope2,mean_ml_score,0.6175326797385621
O83325,positive,ifnepitope2,mean_blast_score,0.0
O83325,positive,ifnepitope2,mean_total_score,0.6175326797385621
O83325,positive,ifnepitope2,med_ml_score,0.62
O83325,positive,ifnepitope2,med_blast_score,0.0
O83325,positive,ifnepitope2,med_total_score,0.62
O83475,positive,ifnepitope2,mean_ml_score,0.610313315926893
O83475,positive,ifnepitope2,mean_blast_score,0.0
O83475,positive,ifnepitope2,mean_total_score,0.610313315926893
O83475,positive,ifnepitope2,med_ml_score,0.62
O83475,positive,ifnepitope2,med_blast_score,0.0
O83475,positive,ifnepitope2,med_total_score,0.62
R4IZI5,positive,ifnepitope2,mean_ml_score,0.6153086419753087
R4IZI5,positive,ifnepitope2,mean_blast_score,0.0
R4IZI5,positive,ifnepitope2,mean_total_score,0.6153086419753087
R4IZI5,positive,ifnepitope2,med_ml_score,0.62
R4IZI5,positive,ifnepitope2,med_blast_score,0.0
R4IZI5,positive,ifnepitope2,med_total_score,0.62
P29723,positive,ifnepitope2,mean_ml_score,0.5903755868544601
P29723,positive,ifnepitope2,mean_blast_score,0.0
P29723,positive,ifnepitope2,mean_total_score,0.5903755868544601
P29723,positive,ifnepitope2,med_ml_score,0.6
P29723,positive,ifnepitope2,med_blast_score,0.0
P29723,positive,ifnepitope2,med_total_score,0.6
O83487,positive,ifnepitope2,mean_ml_score,0.5979324894514768
O83487,positive,ifnepitope2,mean_blast_score,0.0
O83487,positive,ifnepitope2,mean_total_score,0.5979324894514768
O83487,positive,ifnepitope2,med_ml_score,0.6
O83487,positive,ifnepitope2,med_blast_score,0.0
O83487,positive,ifnepitope2,med_total_score,0.6
O83249,positive,ifnepitope2,mean_ml_score,0.5884
O83249,positive,ifnepitope2,mean_blast_score,0.0
O83249,positive,ifnepitope2,mean_total_score,0.5884
O83249,positive,ifnepitope2,med_ml_score,0.57
O83249,positive,ifnepitope2,med_blast_score,0.0
O83249,positive,ifnepitope2,med_total_score,0.57
O83828,positive,ifnepitope2,mean_ml_score,0.6195114006514658
O83828,positive,ifnepitope2,mean_blast_score,0.0
O83828,positive,ifnepitope2,mean_total_score,0.6195114006514658
O83828,positive,ifnepitope2,med_ml_score,0.62
O83828,positive,ifnepitope2,med_blast_score,0.0
O83828,positive,ifnepitope2,med_total_score,0.62
O83930,positive,ifnepitope2,mean_ml_score,0.5920704845814978
O83930,positive,ifnepitope2,mean_blast_score,0.0
O83930,positive,ifnepitope2,mean_total_score,0.5920704845814978
O83930,positive,ifnepitope2,med_ml_score,0.58
O83930,positive,ifnepitope2,med_blast_score,0.0
O83930,positive,ifnepitope2,med_total_score,0.58
O83346,positive,ifnepitope2,mean_ml_score,0.5884587378640777
O83346,positive,ifnepitope2,mean_blast_score,0.0
O83346,positive,ifnepitope2,mean_total_score,0.5884587378640777
O83346,positive,ifnepitope2,med_ml_score,0.59
O83346,positive,ifnepitope2,med_blast_score,0.0
O83346,positive,ifnepitope2,med_total_score,0.59
P16665,positive,ifnepitope2,mean_ml_score,0.5505325443786983
P16665,positive,ifnepitope2,mean_blast_score,0.0
P16665,positive,ifnepitope2,mean_total_score,0.5505325443786983
P16665,positive,ifnepitope2,med_ml_score,0.56
P16665,positive,ifnepitope2,med_blast_score,0.0
P16665,positive,ifnepitope2,med_total_score,0.56
O83383,positive,ifnepitope2,mean_ml_score,0.6350485436893204
O83383,positive,ifnepitope2,mean_blast_score,0.0
O83383,positive,ifnepitope2,mean_total_score,0.6350485436893204
O83383,positive,ifnepitope2,med_ml_score,0.65
O83383,positive,ifnepitope2,med_blast_score,0.0
O83383,positive,ifnepitope2,med_total_score,0.65
O83296,positive,ifnepitope2,mean_ml_score,0.6053469387755102
O83296,positive,ifnepitope2,mean_blast_score,0.0
O83296,positive,ifnepitope2,mean_total_score,0.6053469387755102
O83296,positive,ifnepitope2,med_ml_score,0.6
O83296,positive,ifnepitope2,med_blast_score,0.0
O83296,positive,ifnepitope2,med_total_score,0.6
P19649,positive,ifnepitope2,mean_ml_score,0.5969400630914826
P19649,positive,ifnepitope2,mean_blast_score,0.0
P19649,positive,ifnepitope2,mean_total_score,0.5969400630914826
P19649,positive,ifnepitope2,med_ml_score,0.58
P19649,positive,ifnepitope2,med_blast_score,0.0
P19649,positive,ifnepitope2,med_total_score,0.58
O83932,positive,ifnepitope2,mean_ml_score,0.6173320895522388
O83932,positive,ifnepitope2,mean_blast_score,0.0
O83932,positive,ifnepitope2,mean_total_score,0.6173320895522388
O83932,positive,ifnepitope2,med_ml_score,0.62
O83932,positive,ifnepitope2,med_blast_score,0.0
O83932,positive,ifnepitope2,med_total_score,0.62
O83410,positive,ifnepitope2,mean_ml_score,0.5746366782006921
O83410,positive,ifnepitope2,mean_blast_score,0.0
O83410,positive,ifnepitope2,mean_total_score,0.5746366782006921
O83410,positive,ifnepitope2,med_ml_score,0.56
O83410,positive,ifnepitope2,med_blast_score,0.0
O83410,positive,ifnepitope2,med_total_score,0.56
O83994,positive,ifnepitope2,mean_ml_score,0.6033333333333334
O83994,positive,ifnepitope2,mean_blast_score,0.0
O83994,positive,ifnepitope2,mean_total_score,0.6033333333333334
O83994,positive,ifnepitope2,med_ml_score,0.6
O83994,positive,ifnepitope2,med_blast_score,0.0
O83994,positive,ifnepitope2,med_total_score,0.6
P07643,positive,ifnepitope2,mean_ml_score,0.5805341246290802
P07643,positive,ifnepitope2,mean_blast_score,0.0
P07643,positive,ifnepitope2,mean_total_score,0.5805341246290802
P07643,positive,ifnepitope2,med_ml_score,0.58
P07643,positive,ifnepitope2,med_blast_score,0.0
P07643,positive,ifnepitope2,med_total_score,0.58
O83931,positive,ifnepitope2,mean_ml_score,0.6071794871794872
O83931,positive,ifnepitope2,mean_blast_score,0.0
O83931,positive,ifnepitope2,mean_total_score,0.6071794871794872
O83931,positive,ifnepitope2,med_ml_score,0.61
O83931,positive,ifnepitope2,med_blast_score,0.0
O83931,positive,ifnepitope2,med_total_score,0.61
Q08255,positive,ifnepitope2,mean_ml_score,0.6106075949367089
Q08255,positive,ifnepitope2,mean_blast_score,0.0
Q08255,positive,ifnepitope2,mean_total_score,0.6106075949367089
Q08255,positive,ifnepitope2,med_ml_score,0.62
Q08255,positive,ifnepitope2,med_blast_score,0.0
Q08255,positive,ifnepitope2,med_total_score,0.62
O83912,positive,ifnepitope2,mean_ml_score,0.5955479452054795
O83912,positive,ifnepitope2,mean_blast_score,0.0
O83912,positive,ifnepitope2,mean_total_score,0.5955479452054795
O83912,positive,ifnepitope2,med_ml_score,0.6
O83912,positive,ifnepitope2,med_blast_score,0.0
O83912,positive,ifnepitope2,med_total_score,0.6
Q56328,positive,ifnepitope2,mean_ml_score,0.6085671641791045
Q56328,positive,ifnepitope2,mean_blast_score,0.0
Q56328,positive,ifnepitope2,mean_total_score,0.6085671641791045
Q56328,positive,ifnepitope2,med_ml_score,0.63
Q56328,positive,ifnepitope2,med_blast_score,0.0
Q56328,positive,ifnepitope2,med_total_score,0.63
O83123,positive,ifnepitope2,mean_ml_score,0.6012142857142857
O83123,positive,ifnepitope2,mean_blast_score,0.0
O83123,positive,ifnepitope2,mean_total_score,0.6012142857142857
O83123,positive,ifnepitope2,med_ml_score,0.615
O83123,positive,ifnepitope2,med_blast_score,0.0
O83123,positive,ifnepitope2,med_total_score,0.615
R4IYZ3,positive,ifnepitope2,mean_ml_score,0.6087188019966722
R4IYZ3,positive,ifnepitope2,mean_blast_score,0.0
R4IYZ3,positive,ifnepitope2,mean_total_score,0.6087188019966722
R4IYZ3,positive,ifnepitope2,med_ml_score,0.61
R4IYZ3,positive,ifnepitope2,med_blast_score,0.0
R4IYZ3,positive,ifnepitope2,med_total_score,0.61
O83834,positive,ifnepitope2,mean_ml_score,0.6701953125
O83834,positive,ifnepitope2,mean_blast_score,0.0
O83834,positive,ifnepitope2,mean_total_score,0.6701953125
O83834,positive,ifnepitope2,med_ml_score,0.675
O83834,positive,ifnepitope2,med_blast_score,0.0
O83834,positive,ifnepitope2,med_total_score,0.675
O83458,positive,ifnepitope2,mean_ml_score,0.5949315068493151
O83458,positive,ifnepitope2,mean_blast_score,0.0
O83458,positive,ifnepitope2,mean_total_score,0.5949315068493151
O83458,positive,ifnepitope2,med_ml_score,0.59
O83458,positive,ifnepitope2,med_blast_score,0.0
O83458,positive,ifnepitope2,med_total_score,0.59
F7IWA5,positive,ifnepitope2,mean_ml_score,0.6309625668449198
F7IWA5,positive,ifnepitope2,mean_blast_score,0.0
F7IWA5,positive,ifnepitope2,mean_total_score,0.6309625668449198
F7IWA5,positive,ifnepitope2,med_ml_score,0.64
F7IWA5,positive,ifnepitope2,med_blast_score,0.0
F7IWA5,positive,ifnepitope2,med_total_score,0.64
O84001,positive,ifnepitope2,mean_ml_score,0.5941758241758242
O84001,positive,ifnepitope2,mean_blast_score,0.0
O84001,positive,ifnepitope2,mean_total_score,0.5941758241758242
O84001,positive,ifnepitope2,med_ml_score,0.59
O84001,positive,ifnepitope2,med_blast_score,0.0
O84001,positive,ifnepitope2,med_total_score,0.59
O83629,positive,ifnepitope2,mean_ml_score,0.6087188019966722
O83629,positive,ifnepitope2,mean_blast_score,0.0
O83629,positive,ifnepitope2,mean_total_score,0.6087188019966722
O83629,positive,ifnepitope2,med_ml_score,0.61
O83629,positive,ifnepitope2,med_blast_score,0.0
O83629,positive,ifnepitope2,med_total_score,0.61
O83831,positive,ifnepitope2,mean_ml_score,0.5988965517241379
O83831,positive,ifnepitope2,mean_blast_score,0.0
O83831,positive,ifnepitope2,mean_total_score,0.5988965517241379
O83831,positive,ifnepitope2,med_ml_score,0.61
O83831,positive,ifnepitope2,med_blast_score,0.0
O83831,positive,ifnepitope2,med_total_score,0.61
O83301,positive,ifnepitope2,mean_ml_score,0.6173409090909091
O83301,positive,ifnepitope2,mean_blast_score,0.0
O83301,positive,ifnepitope2,mean_total_score,0.6173409090909091
O83301,positive,ifnepitope2,med_ml_score,0.615
O83301,positive,ifnepitope2,med_blast_score,0.0
O83301,positive,ifnepitope2,med_total_score,0.615
P29722,positive,ifnepitope2,mean_ml_score,0.6037162162162162
P29722,positive,ifnepitope2,mean_blast_score,0.0
P29722,positive,ifnepitope2,mean_total_score,0.6037162162162162
P29722,positive,ifnepitope2,med_ml_score,0.61
P29722,positive,ifnepitope2,med_blast_score,0.0
P29722,positive,ifnepitope2,med_total_score,0.61
O06690,positive,ifnepitope2,mean_ml_score,0.5654973821989528
O06690,positive,ifnepitope2,mean_blast_score,0.0
O06690,positive,ifnepitope2,mean_total_score,0.5654973821989528
O06690,positive,ifnepitope2,med_ml_score,0.56
O06690,positive,ifnepitope2,med_blast_score,0.0
O06690,positive,ifnepitope2,med_total_score,0.56
O83830,positive,ifnepitope2,mean_ml_score,0.6087660668380462
O83830,positive,ifnepitope2,mean_blast_score,0.0
O83830,positive,ifnepitope2,mean_total_score,0.6087660668380462
O83830,positive,ifnepitope2,med_ml_score,0.61
O83830,positive,ifnepitope2,med_blast_score,0.0
O83830,positive,ifnepitope2,med_total_score,0.61
O83086,positive,ifnepitope2,mean_ml_score,0.6206060606060606
O83086,positive,ifnepitope2,mean_blast_score,0.0
O83086,positive,ifnepitope2,mean_total_score,0.6206060606060606
O83086,positive,ifnepitope2,med_ml_score,0.62
O83086,positive,ifnepitope2,med_blast_score,0.0
O83086,positive,ifnepitope2,med_total_score,0.62
O54312,positive,ifnepitope2,mean_ml_score,0.6221153846153846
O54312,positive,ifnepitope2,mean_blast_score,0.0
O54312,positive,ifnepitope2,mean_total_score,0.6221153846153846
O54312,positive,ifnepitope2,med_ml_score,0.62
O54312,positive,ifnepitope2,med_blast_score,0.0
O54312,positive,ifnepitope2,med_total_score,0.62
P19478,positive,ifnepitope2,mean_ml_score,0.6025
P19478,positive,ifnepitope2,mean_blast_score,0.0
P19478,positive,ifnepitope2,mean_total_score,0.6025
P19478,positive,ifnepitope2,med_ml_score,0.61
P19478,positive,ifnepitope2,med_blast_score,0.0
P19478,positive,ifnepitope2,med_total_score,0.61
O83213,positive,ifnepitope2,mean_ml_score,0.5919047619047619
O83213,positive,ifnepitope2,mean_blast_score,0.0
O83213,positive,ifnepitope2,mean_total_score,0.5919047619047619
O83213,positive,ifnepitope2,med_ml_score,0.6
O83213,positive,ifnepitope2,med_blast_score,0.0
O83213,positive,ifnepitope2,med_total_score,0.6
O83639,positive,ifnepitope2,mean_ml_score,0.613493670886076
O83639,positive,ifnepitope2,mean_blast_score,0.0
O83639,positive,ifnepitope2,mean_total_score,0.613493670886076
O83639,positive,ifnepitope2,med_ml_score,0.61
O83639,positive,ifnepitope2,med_blast_score,0.0
O83639,positive,ifnepitope2,med_total_score,0.61
O83795,positive,ifnepitope2,mean_ml_score,0.648
O83795,positive,ifnepitope2,mean_blast_score,0.0
O83795,positive,ifnepitope2,mean_total_score,0.648
O83795,positive,ifnepitope2,med_ml_score,0.65
O83795,positive,ifnepitope2,med_blast_score,0.0
O83795,positive,ifnepitope2,med_total_score,0.65
O83483,positive,ifnepitope2,mean_ml_score,0.5422795698924731
O83483,positive,ifnepitope2,mean_blast_score,0.0
O83483,positive,ifnepitope2,mean_total_score,0.5422795698924731
O83483,positive,ifnepitope2,med_ml_score,0.48
O83483,positive,ifnepitope2,med_blast_score,0.0
O83483,positive,ifnepitope2,med_total_score,0.48
P56822,positive,ifnepitope2,mean_ml_score,0.6389506172839506
P56822,positive,ifnepitope2,mean_blast_score,0.0
P56822,positive,ifnepitope2,mean_total_score,0.6389506172839506
P56822,positive,ifnepitope2,med_ml_score,0.645
P56822,positive,ifnepitope2,med_blast_score,0.0
P56822,positive,ifnepitope2,med_total_score,0.645
O83159,positive,ifnepitope2,mean_ml_score,0.6188360655737705
O83159,positive,ifnepitope2,mean_blast_score,0.0
O83159,positive,ifnepitope2,mean_total_score,0.6188360655737705
O83159,positive,ifnepitope2,med_ml_score,0.61
O83159,positive,ifnepitope2,med_blast_score,0.0
O83159,positive,ifnepitope2,med_total_score,0.61
O83507,positive,ifnepitope2,mean_ml_score,0.5586415094339623
O83507,positive,ifnepitope2,mean_blast_score,0.0
O83507,positive,ifnepitope2,mean_total_score,0.5586415094339623
O83507,positive,ifnepitope2,med_ml_score,0.56
O83507,positive,ifnepitope2,med_blast_score,0.0
O83507,positive,ifnepitope2,med_total_score,0.56
F7IVK2,positive,ifnepitope2,mean_ml_score,0.5917808219178082
F7IVK2,positive,ifnepitope2,mean_blast_score,0.0
F7IVK2,positive,ifnepitope2,mean_total_score,0.5917808219178082
F7IVK2,positive,ifnepitope2,med_ml_score,0.58
F7IVK2,positive,ifnepitope2,med_blast_score,0.0
F7IVK2,positive,ifnepitope2,med_total_score,0.58
O83349,positive,ifnepitope2,mean_ml_score,0.5962903225806452
O83349,positive,ifnepitope2,mean_blast_score,0.0
O83349,positive,ifnepitope2,mean_total_score,0.5962903225806452
O83349,positive,ifnepitope2,med_ml_score,0.6
O83349,positive,ifnepitope2,med_blast_score,0.0
O83349,positive,ifnepitope2,med_total_score,0.6
O83669,positive,ifnepitope2,mean_ml_score,0.586068376068376
O83669,positive,ifnepitope2,mean_blast_score,0.0
O83669,positive,ifnepitope2,mean_total_score,0.586068376068376
O83669,positive,ifnepitope2,med_ml_score,0.58
O83669,positive,ifnepitope2,med_blast_score,0.0
O83669,positive,ifnepitope2,med_total_score,0.58
O84002,positive,ifnepitope2,mean_ml_score,0.6042274052478134
O84002,positive,ifnepitope2,mean_blast_score,0.0
O84002,positive,ifnepitope2,mean_total_score,0.6042274052478134
O84002,positive,ifnepitope2,med_ml_score,0.61
O84002,positive,ifnepitope2,med_blast_score,0.0
O84002,positive,ifnepitope2,med_total_score,0.61
O83482,positive,ifnepitope2,mean_ml_score,0.6118510638297873
O83482,positive,ifnepitope2,mean_blast_score,0.0
O83482,positive,ifnepitope2,mean_total_score,0.6118510638297873
O83482,positive,ifnepitope2,med_ml_score,0.61
O83482,positive,ifnepitope2,med_blast_score,0.0
O83482,positive,ifnepitope2,med_total_score,0.61
O83522,positive,ifnepitope2,mean_ml_score,0.5977777777777777
O83522,positive,ifnepitope2,mean_blast_score,0.0
O83522,positive,ifnepitope2,mean_total_score,0.5977777777777777
O83522,positive,ifnepitope2,med_ml_score,0.6
O83522,positive,ifnepitope2,med_blast_score,0.0
O83522,positive,ifnepitope2,med_total_score,0.6
O83769,positive,ifnepitope2,mean_ml_score,0.5963761467889909
O83769,positive,ifnepitope2,mean_blast_score,0.0
O83769,positive,ifnepitope2,mean_total_score,0.5963761467889909
O83769,positive,ifnepitope2,med_ml_score,0.6
O83769,positive,ifnepitope2,med_blast_score,0.0
O83769,positive,ifnepitope2,med_total_score,0.6
O83413,positive,ifnepitope2,mean_ml_score,0.5863793103448276
O83413,positive,ifnepitope2,mean_blast_score,0.0
O83413,positive,ifnepitope2,mean_total_score,0.5863793103448276
O83413,positive,ifnepitope2,med_ml_score,0.595
O83413,positive,ifnepitope2,med_blast_score,0.0
O83413,positive,ifnepitope2,med_total_score,0.595
O83837,positive,ifnepitope2,mean_ml_score,0.5994714587737844
O83837,positive,ifnepitope2,mean_blast_score,0.0
O83837,positive,ifnepitope2,mean_total_score,0.5994714587737844
O83837,positive,ifnepitope2,med_ml_score,0.61
O83837,positive,ifnepitope2,med_blast_score,0.0
O83837,positive,ifnepitope2,med_total_score,0.61
P16055,positive,ifnepitope2,mean_ml_score,0.6002238805970149
P16055,positive,ifnepitope2,mean_blast_score,0.0
P16055,positive,ifnepitope2,mean_total_score,0.6002238805970149
P16055,positive,ifnepitope2,med_ml_score,0.62
P16055,positive,ifnepitope2,med_blast_score,0.0
P16055,positive,ifnepitope2,med_total_score,0.62
O83923,positive,ifnepitope2,mean_ml_score,0.5933832335329341
O83923,positive,ifnepitope2,mean_blast_score,0.0
O83923,positive,ifnepitope2,mean_total_score,0.5933832335329341
O83923,positive,ifnepitope2,med_ml_score,0.6
O83923,positive,ifnepitope2,med_blast_score,0.0
O83923,positive,ifnepitope2,med_total_score,0.6
P74934,positive,ifnepitope2,mean_ml_score,0.5966745283018868
P74934,positive,ifnepitope2,mean_blast_score,0.0
P74934,positive,ifnepitope2,mean_total_score,0.5966745283018868
P74934,positive,ifnepitope2,med_ml_score,0.59
P74934,positive,ifnepitope2,med_blast_score,0.0
P74934,positive,ifnepitope2,med_total_score,0.59
O83867,positive,ifnepitope2,mean_ml_score,0.6126968503937008
O83867,positive,ifnepitope2,mean_blast_score,0.0
O83867,positive,ifnepitope2,mean_total_score,0.6126968503937008
O83867,positive,ifnepitope2,med_ml_score,0.62
O83867,positive,ifnepitope2,med_blast_score,0.0
O83867,positive,ifnepitope2,med_total_score,0.62
O83469,positive,ifnepitope2,mean_ml_score,0.6205813953488372
O83469,positive,ifnepitope2,mean_blast_score,0.0
O83469,positive,ifnepitope2,mean_total_score,0.6205813953488372
O83469,positive,ifnepitope2,med_ml_score,0.63
O83469,positive,ifnepitope2,med_blast_score,0.0
O83469,positive,ifnepitope2,med_total_score,0.63
O83458,positive,ifnepitope2,mean_ml_score,0.5955688622754491
O83458,positive,ifnepitope2,mean_blast_score,0.0
O83458,positive,ifnepitope2,mean_total_score,0.5955688622754491
O83458,positive,ifnepitope2,med_ml_score,0.59
O83458,positive,ifnepitope2,med_blast_score,0.0
O83458,positive,ifnepitope2,med_total_score,0.59
O83795,positive,ifnepitope2,mean_ml_score,0.648
O83795,positive,ifnepitope2,mean_blast_score,0.0
O83795,positive,ifnepitope2,mean_total_score,0.648
O83795,positive,ifnepitope2,med_ml_score,0.65
O83795,positive,ifnepitope2,med_blast_score,0.0
O83795,positive,ifnepitope2,med_total_score,0.65
O83138,positive,ifnepitope2,mean_ml_score,0.6344791666666667
O83138,positive,ifnepitope2,mean_blast_score,0.0
O83138,positive,ifnepitope2,mean_total_score,0.6344791666666667
O83138,positive,ifnepitope2,med_ml_score,0.64
O83138,positive,ifnepitope2,med_blast_score,0.0
O83138,positive,ifnepitope2,med_total_score,0.64
O83669,positive,ifnepitope2,mean_ml_score,0.5835470085470086
O83669,positive,ifnepitope2,mean_blast_score,0.0
O83669,positive,ifnepitope2,mean_total_score,0.5835470085470086
O83669,positive,ifnepitope2,med_ml_score,0.58
O83669,positive,ifnepitope2,med_blast_score,0.0
O83669,positive,ifnepitope2,med_total_score,0.58
A0A8F8KRN6,positive,ifnepitope2,mean_ml_score,0.49105263157894735
A0A8F8KRN6,positive,ifnepitope2,mean_blast_score,0.0
A0A8F8KRN6,positive,ifnepitope2,mean_total_score,0.49105263157894735
A0A8F8KRN6,positive,ifnepitope2,med_ml_score,0.53
A0A8F8KRN6,positive,ifnepitope2,med_blast_score,0.0
A0A8F8KRN6,positive,ifnepitope2,med_total_score,0.53
O83831,positive,ifnepitope2,mean_ml_score,0.5911111111111111
O83831,positive,ifnepitope2,mean_blast_score,0.0
O83831,positive,ifnepitope2,mean_total_score,0.5911111111111111
O83831,positive,ifnepitope2,med_ml_score,0.6
O83831,positive,ifnepitope2,med_blast_score,0.0
O83831,positive,ifnepitope2,med_total_score,0.6
F7IVK2,positive,ifnepitope2,mean_ml_score,0.5917808219178082
F7IVK2,positive,ifnepitope2,mean_blast_score,0.0
F7IVK2,positive,ifnepitope2,mean_total_score,0.5917808219178082
F7IVK2,positive,ifnepitope2,med_ml_score,0.58
F7IVK2,positive,ifnepitope2,med_blast_score,0.0
F7IVK2,positive,ifnepitope2,med_total_score,0.58
O83349,positive,ifnepitope2,mean_ml_score,0.5962903225806452
O83349,positive,ifnepitope2,mean_blast_score,0.0
O83349,positive,ifnepitope2,mean_total_score,0.5962903225806452
O83349,positive,ifnepitope2,med_ml_score,0.6
O83349,positive,ifnepitope2,med_blast_score,0.0
O83349,positive,ifnepitope2,med_total_score,0.6
O83164,positive,ifnepitope2,mean_ml_score,0.6149074074074075
O83164,positive,ifnepitope2,mean_blast_score,0.0
O83164,positive,ifnepitope2,mean_total_score,0.6149074074074075
O83164,positive,ifnepitope2,med_ml_score,0.61
O83164,positive,ifnepitope2,med_blast_score,0.0
O83164,positive,ifnepitope2,med_total_score,0.61
P96116,positive,ifnepitope2,mean_ml_score,0.6136
P96116,positive,ifnepitope2,mean_blast_score,0.0
P96116,positive,ifnepitope2,mean_total_score,0.6136
P96116,positive,ifnepitope2,med_ml_score,0.615
P96116,positive,ifnepitope2,med_blast_score,0.0
P96116,positive,ifnepitope2,med_total_score,0.615
O83768,positive,ifnepitope2,mean_ml_score,0.63604
O83768,positive,ifnepitope2,mean_blast_score,0.0
O83768,positive,ifnepitope2,mean_total_score,0.63604
O83768,positive,ifnepitope2,med_ml_score,0.63
O83768,positive,ifnepitope2,med_blast_score,0.0
O83768,positive,ifnepitope2,med_total_score,0.63
O83613,positive,ifnepitope2,mean_ml_score,0.5881714285714286
O83613,positive,ifnepitope2,mean_blast_score,0.0
O83613,positive,ifnepitope2,mean_total_score,0.5881714285714286
O83613,positive,ifnepitope2,med_ml_score,0.59
O83613,positive,ifnepitope2,med_blast_score,0.0
O83613,positive,ifnepitope2,med_total_score,0.59
O83251,positive,ifnepitope2,mean_ml_score,0.5702142857142857
O83251,positive,ifnepitope2,mean_blast_score,0.0
O83251,positive,ifnepitope2,mean_total_score,0.5702142857142857
O83251,positive,ifnepitope2,med_ml_score,0.58
O83251,positive,ifnepitope2,med_blast_score,0.0
O83251,positive,ifnepitope2,med_total_score,0.58
O83080,positive,ifnepitope2,mean_ml_score,0.5835913312693498
O83080,positive,ifnepitope2,mean_blast_score,0.0
O83080,positive,ifnepitope2,mean_total_score,0.5835913312693498
O83080,positive,ifnepitope2,med_ml_score,0.59
O83080,positive,ifnepitope2,med_blast_score,0.0
O83080,positive,ifnepitope2,med_total_score,0.59
P56822,positive,ifnepitope2,mean_ml_score,0.6595979899497487
P56822,positive,ifnepitope2,mean_blast_score,0.0
P56822,positive,ifnepitope2,mean_total_score,0.6595979899497487
P56822,positive,ifnepitope2,med_ml_score,0.66
P56822,positive,ifnepitope2,med_blast_score,0.0
P56822,positive,ifnepitope2,med_total_score,0.66
O83413,positive,ifnepitope2,mean_ml_score,0.585948275862069
O83413,positive,ifnepitope2,mean_blast_score,0.0
O83413,positive,ifnepitope2,mean_total_score,0.585948275862069
O83413,positive,ifnepitope2,med_ml_score,0.595
O83413,positive,ifnepitope2,med_blast_score,0.0
O83413,positive,ifnepitope2,med_total_score,0.595
O07884,positive,ifnepitope2,mean_ml_score,0.6045714285714285
O07884,positive,ifnepitope2,mean_blast_score,0.0
O07884,positive,ifnepitope2,mean_total_score,0.6045714285714285
O07884,positive,ifnepitope2,med_ml_score,0.62
O07884,positive,ifnepitope2,med_blast_score,0.0
O07884,positive,ifnepitope2,med_total_score,0.62
O83055,positive,ifnepitope2,mean_ml_score,0.6142024539877301
O83055,positive,ifnepitope2,mean_blast_score,0.0
O83055,positive,ifnepitope2,mean_total_score,0.6142024539877301
O83055,positive,ifnepitope2,med_ml_score,0.61
O83055,positive,ifnepitope2,med_blast_score,0.0
O83055,positive,ifnepitope2,med_total_score,0.61
O83520,positive,ifnepitope2,mean_ml_score,0.5863076923076923
O83520,positive,ifnepitope2,mean_blast_score,0.0
O83520,positive,ifnepitope2,mean_total_score,0.5863076923076923
O83520,positive,ifnepitope2,med_ml_score,0.59
O83520,positive,ifnepitope2,med_blast_score,0.0
O83520,positive,ifnepitope2,med_total_score,0.59
O83213,positive,ifnepitope2,mean_ml_score,0.5919047619047619
O83213,positive,ifnepitope2,mean_blast_score,0.0
O83213,positive,ifnepitope2,mean_total_score,0.5919047619047619
O83213,positive,ifnepitope2,med_ml_score,0.6
O83213,positive,ifnepitope2,med_blast_score,0.0
O83213,positive,ifnepitope2,med_total_score,0.6
O83410,positive,ifnepitope2,mean_ml_score,0.606615969581749
O83410,positive,ifnepitope2,mean_blast_score,0.0
O83410,positive,ifnepitope2,mean_total_score,0.606615969581749
O83410,positive,ifnepitope2,med_ml_score,0.62
O83410,positive,ifnepitope2,med_blast_score,0.0
O83410,positive,ifnepitope2,med_total_score,0.62
O83487,positive,ifnepitope2,mean_ml_score,0.5979324894514768
O83487,positive,ifnepitope2,mean_blast_score,0.0
O83487,positive,ifnepitope2,mean_total_score,0.5979324894514768
O83487,positive,ifnepitope2,med_ml_score,0.6
O83487,positive,ifnepitope2,med_blast_score,0.0
O83487,positive,ifnepitope2,med_total_score,0.6
O83249,positive,ifnepitope2,mean_ml_score,0.5884
O83249,positive,ifnepitope2,mean_blast_score,0.0
O83249,positive,ifnepitope2,mean_total_score,0.5884
O83249,positive,ifnepitope2,med_ml_score,0.57
O83249,positive,ifnepitope2,med_blast_score,0.0
O83249,positive,ifnepitope2,med_total_score,0.57
F7IWA5,positive,ifnepitope2,mean_ml_score,0.6262790697674419
F7IWA5,positive,ifnepitope2,mean_blast_score,0.0
F7IWA5,positive,ifnepitope2,mean_total_score,0.6262790697674419
F7IWA5,positive,ifnepitope2,med_ml_score,0.63
F7IWA5,positive,ifnepitope2,med_blast_score,0.0
F7IWA5,positive,ifnepitope2,med_total_score,0.63
O83967,positive,ifnepitope2,mean_ml_score,0.6217757009345795
O83967,positive,ifnepitope2,mean_blast_score,0.0
O83967,positive,ifnepitope2,mean_total_score,0.6217757009345795
O83967,positive,ifnepitope2,med_ml_score,0.62
O83967,positive,ifnepitope2,med_blast_score,0.0
O83967,positive,ifnepitope2,med_total_score,0.62
O83935,positive,ifnepitope2,mean_ml_score,0.5894726930320151
O83935,positive,ifnepitope2,mean_blast_score,0.0
O83935,positive,ifnepitope2,mean_total_score,0.5894726930320151
O83935,positive,ifnepitope2,med_ml_score,0.6
O83935,positive,ifnepitope2,med_blast_score,0.0
O83935,positive,ifnepitope2,med_total_score,0.6
O83661,positive,ifnepitope2,mean_ml_score,0.5868235294117647
O83661,positive,ifnepitope2,mean_blast_score,0.0
O83661,positive,ifnepitope2,mean_total_score,0.5868235294117647
O83661,positive,ifnepitope2,med_ml_score,0.6
O83661,positive,ifnepitope2,med_blast_score,0.0
O83661,positive,ifnepitope2,med_total_score,0.6
F7IW56,positive,ifnepitope2,mean_ml_score,0.6641596638655463
F7IW56,positive,ifnepitope2,mean_blast_score,0.0
F7IW56,positive,ifnepitope2,mean_total_score,0.6641596638655463
F7IW56,positive,ifnepitope2,med_ml_score,0.66
F7IW56,positive,ifnepitope2,med_blast_score,0.0
F7IW56,positive,ifnepitope2,med_total_score,0.66
P29722,positive,ifnepitope2,mean_ml_score,0.6037162162162162
P29722,positive,ifnepitope2,mean_blast_score,0.0
P29722,positive,ifnepitope2,mean_total_score,0.6037162162162162
P29722,positive,ifnepitope2,med_ml_score,0.61
P29722,positive,ifnepitope2,med_blast_score,0.0
P29722,positive,ifnepitope2,med_total_score,0.61
O83958,positive,ifnepitope2,mean_ml_score,0.6199644128113879
O83958,positive,ifnepitope2,mean_blast_score,0.0
O83958,positive,ifnepitope2,mean_total_score,0.6199644128113879
O83958,positive,ifnepitope2,med_ml_score,0.62
O83958,positive,ifnepitope2,med_blast_score,0.0
O83958,positive,ifnepitope2,med_total_score,0.62
P29725,positive,ifnepitope2,mean_ml_score,0.5770821529745043
P29725,positive,ifnepitope2,mean_blast_score,0.0
P29725,positive,ifnepitope2,mean_total_score,0.5770821529745043
P29725,positive,ifnepitope2,med_ml_score,0.58
P29725,positive,ifnepitope2,med_blast_score,0.0
P29725,positive,ifnepitope2,med_total_score,0.58
O83731,positive,ifnepitope2,mean_ml_score,0.5932093023255814
O83731,positive,ifnepitope2,mean_blast_score,0.0
O83731,positive,ifnepitope2,mean_total_score,0.5932093023255814
O83731,positive,ifnepitope2,med_ml_score,0.59
O83731,positive,ifnepitope2,med_blast_score,0.0
O83731,positive,ifnepitope2,med_total_score,0.59
O83619,positive,ifnepitope2,mean_ml_score,0.6294890510948905
O83619,positive,ifnepitope2,mean_blast_score,0.0
O83619,positive,ifnepitope2,mean_total_score,0.6294890510948905
O83619,positive,ifnepitope2,med_ml_score,0.63
O83619,positive,ifnepitope2,med_blast_score,0.0
O83619,positive,ifnepitope2,med_total_score,0.63
O30405,positive,ifnepitope2,mean_ml_score,0.5892528735632184
O30405,positive,ifnepitope2,mean_blast_score,0.0
O30405,positive,ifnepitope2,mean_total_score,0.5892528735632184
O30405,positive,ifnepitope2,med_ml_score,0.59
O30405,positive,ifnepitope2,med_blast_score,0.0
O30405,positive,ifnepitope2,med_total_score,0.59
O88138,positive,ifnepitope2,mean_ml_score,0.6180338983050847
O88138,positive,ifnepitope2,mean_blast_score,0.0
O88138,positive,ifnepitope2,mean_total_score,0.6180338983050847
O88138,positive,ifnepitope2,med_ml_score,0.62
O88138,positive,ifnepitope2,med_blast_score,0.0
O88138,positive,ifnepitope2,med_total_score,0.62
O83633,positive,ifnepitope2,mean_ml_score,0.6293627450980392
O83633,positive,ifnepitope2,mean_blast_score,0.0
O83633,positive,ifnepitope2,mean_total_score,0.6293627450980392
O83633,positive,ifnepitope2,med_ml_score,0.63
O83633,positive,ifnepitope2,med_blast_score,0.0
O83633,positive,ifnepitope2,med_total_score,0.63
O83964,positive,ifnepitope2,mean_ml_score,0.5972692793931732
O83964,positive,ifnepitope2,mean_blast_score,0.0
O83964,positive,ifnepitope2,mean_total_score,0.5972692793931732
O83964,positive,ifnepitope2,med_ml_score,0.6
O83964,positive,ifnepitope2,med_blast_score,0.0
O83964,positive,ifnepitope2,med_total_score,0.6
O83246,positive,ifnepitope2,mean_ml_score,0.5927432216905901
O83246,positive,ifnepitope2,mean_blast_score,0.0
O83246,positive,ifnepitope2,mean_total_score,0.5927432216905901
O83246,positive,ifnepitope2,med_ml_score,0.6
O83246,positive,ifnepitope2,med_blast_score,0.0
O83246,positive,ifnepitope2,med_total_score,0.6
P16055,positive,ifnepitope2,mean_ml_score,0.6002238805970149
P16055,positive,ifnepitope2,mean_blast_score,0.0
P16055,positive,ifnepitope2,mean_total_score,0.6002238805970149
P16055,positive,ifnepitope2,med_ml_score,0.62
P16055,positive,ifnepitope2,med_blast_score,0.0
P16055,positive,ifnepitope2,med_total_score,0.62
R4IYZ3,positive,ifnepitope2,mean_ml_score,0.6144758735440932
R4IYZ3,positive,ifnepitope2,mean_blast_score,0.0
R4IYZ3,positive,ifnepitope2,mean_total_score,0.6144758735440932
R4IYZ3,positive,ifnepitope2,med_ml_score,0.62
R4IYZ3,positive,ifnepitope2,med_blast_score,0.0
R4IYZ3,positive,ifnepitope2,med_total_score,0.62
P07643,positive,ifnepitope2,mean_ml_score,0.5827596439169139
P07643,positive,ifnepitope2,mean_blast_score,0.0
P07643,positive,ifnepitope2,mean_total_score,0.5827596439169139
P07643,positive,ifnepitope2,med_ml_score,0.58
P07643,positive,ifnepitope2,med_blast_score,0.0
P07643,positive,ifnepitope2,med_total_score,0.58
B0LGY7,positive,ifnepitope2,mean_ml_score,0.5670569620253164
B0LGY7,positive,ifnepitope2,mean_blast_score,0.0
B0LGY7,positive,ifnepitope2,mean_total_score,0.5670569620253164
B0LGY7,positive,ifnepitope2,med_ml_score,0.58
B0LGY7,positive,ifnepitope2,med_blast_score,0.0
B0LGY7,positive,ifnepitope2,med_total_score,0.58
O83448,positive,ifnepitope2,mean_ml_score,0.6374074074074074
O83448,positive,ifnepitope2,mean_blast_score,0.0
O83448,positive,ifnepitope2,mean_total_score,0.6374074074074074
O83448,positive,ifnepitope2,med_ml_score,0.64
O83448,positive,ifnepitope2,med_blast_score,0.0
O83448,positive,ifnepitope2,med_total_score,0.64
O83666,positive,ifnepitope2,mean_ml_score,0.5790599675850892
O83666,positive,ifnepitope2,mean_blast_score,0.0
O83666,positive,ifnepitope2,mean_total_score,0.5790599675850892
O83666,positive,ifnepitope2,med_ml_score,0.59
O83666,positive,ifnepitope2,med_blast_score,0.0
O83666,positive,ifnepitope2,med_total_score,0.59
O83865,positive,ifnepitope2,mean_ml_score,0.6185625
O83865,positive,ifnepitope2,mean_blast_score,0.0
O83865,positive,ifnepitope2,mean_total_score,0.6185625
O83865,positive,ifnepitope2,med_ml_score,0.64
O83865,positive,ifnepitope2,med_blast_score,0.0
O83865,positive,ifnepitope2,med_total_score,0.64
O83930,positive,ifnepitope2,mean_ml_score,0.5876415094339623
O83930,positive,ifnepitope2,mean_blast_score,0.0
O83930,positive,ifnepitope2,mean_total_score,0.5876415094339623
O83930,positive,ifnepitope2,med_ml_score,0.575
O83930,positive,ifnepitope2,med_blast_score,0.0
O83930,positive,ifnepitope2,med_total_score,0.575
O83581,positive,ifnepitope2,mean_ml_score,0.5748356807511737
O83581,positive,ifnepitope2,mean_blast_score,0.0
O83581,positive,ifnepitope2,mean_total_score,0.5748356807511737
O83581,positive,ifnepitope2,med_ml_score,0.57
O83581,positive,ifnepitope2,med_blast_score,0.0
O83581,positive,ifnepitope2,med_total_score,0.57
O83275,positive,ifnepitope2,mean_ml_score,0.6135820895522388
O83275,positive,ifnepitope2,mean_blast_score,0.0
O83275,positive,ifnepitope2,mean_total_score,0.6135820895522388
O83275,positive,ifnepitope2,med_ml_score,0.62
O83275,positive,ifnepitope2,med_blast_score,0.0
O83275,positive,ifnepitope2,med_total_score,0.62
O83522,positive,ifnepitope2,mean_ml_score,0.5977777777777777
O83522,positive,ifnepitope2,mean_blast_score,0.0
O83522,positive,ifnepitope2,mean_total_score,0.5977777777777777
O83522,positive,ifnepitope2,med_ml_score,0.6
O83522,positive,ifnepitope2,med_blast_score,0.0
O83522,positive,ifnepitope2,med_total_score,0.6
O83325,positive,ifnepitope2,mean_ml_score,0.6175326797385621
O83325,positive,ifnepitope2,mean_blast_score,0.0
O83325,positive,ifnepitope2,mean_total_score,0.6175326797385621
O83325,positive,ifnepitope2,med_ml_score,0.62
O83325,positive,ifnepitope2,med_blast_score,0.0
O83325,positive,ifnepitope2,med_total_score,0.62
O67998,positive,ifnepitope2,mean_ml_score,0.5798846153846153
O67998,positive,ifnepitope2,mean_blast_score,0.0
O67998,positive,ifnepitope2,mean_total_score,0.5798846153846153
O67998,positive,ifnepitope2,med_ml_score,0.57
O67998,positive,ifnepitope2,med_blast_score,0.0
O67998,positive,ifnepitope2,med_total_score,0.57
O83482,positive,ifnepitope2,mean_ml_score,0.6106118143459915
O83482,positive,ifnepitope2,mean_blast_score,0.0
O83482,positive,ifnepitope2,mean_total_score,0.6106118143459915
O83482,positive,ifnepitope2,med_ml_score,0.61
O83482,positive,ifnepitope2,med_blast_score,0.0
O83482,positive,ifnepitope2,med_total_score,0.61
O83086,positive,ifnepitope2,mean_ml_score,0.6206060606060606
O83086,positive,ifnepitope2,mean_blast_score,0.0
O83086,positive,ifnepitope2,mean_total_score,0.6206060606060606
O83086,positive,ifnepitope2,med_ml_score,0.62
O83086,positive,ifnepitope2,med_blast_score,0.0
O83086,positive,ifnepitope2,med_total_score,0.62
O54312,positive,ifnepitope2,mean_ml_score,0.6222541966426859
O54312,positive,ifnepitope2,mean_blast_score,0.0
O54312,positive,ifnepitope2,mean_total_score,0.6222541966426859
O54312,positive,ifnepitope2,med_ml_score,0.62
O54312,positive,ifnepitope2,med_blast_score,0.0
O54312,positive,ifnepitope2,med_total_score,0.62
O83478,positive,ifnepitope2,mean_ml_score,0.6409885931558935
O83478,positive,ifnepitope2,mean_blast_score,0.0
O83478,positive,ifnepitope2,mean_total_score,0.6409885931558935
O83478,positive,ifnepitope2,med_ml_score,0.64
O83478,positive,ifnepitope2,med_blast_score,0.0
O83478,positive,ifnepitope2,med_total_score,0.64
P23033,positive,ifnepitope2,mean_ml_score,0.6094402985074627
P23033,positive,ifnepitope2,mean_blast_score,0.0
P23033,positive,ifnepitope2,mean_total_score,0.6094402985074627
P23033,positive,ifnepitope2,med_ml_score,0.61
P23033,positive,ifnepitope2,med_blast_score,0.0
P23033,positive,ifnepitope2,med_total_score,0.61
P19478,positive,ifnepitope2,mean_ml_score,0.6025
P19478,positive,ifnepitope2,mean_blast_score,0.0
P19478,positive,ifnepitope2,mean_total_score,0.6025
P19478,positive,ifnepitope2,med_ml_score,0.61
P19478,positive,ifnepitope2,med_blast_score,0.0
P19478,positive,ifnepitope2,med_total_score,0.61
O83337,positive,ifnepitope2,mean_ml_score,0.63015
O83337,positive,ifnepitope2,mean_blast_score,0.0
O83337,positive,ifnepitope2,mean_total_score,0.63015
O83337,positive,ifnepitope2,med_ml_score,0.64
O83337,positive,ifnepitope2,med_blast_score,0.0
O83337,positive,ifnepitope2,med_total_score,0.64
O83828,positive,ifnepitope2,mean_ml_score,0.6152117263843648
O83828,positive,ifnepitope2,mean_blast_score,0.0
O83828,positive,ifnepitope2,mean_total_score,0.6152117263843648
O83828,positive,ifnepitope2,med_ml_score,0.62
O83828,positive,ifnepitope2,med_blast_score,0.0
O83828,positive,ifnepitope2,med_total_score,0.62
O83548,positive,ifnepitope2,mean_ml_score,0.6354771784232365
O83548,positive,ifnepitope2,mean_blast_score,0.0
O83548,positive,ifnepitope2,mean_total_score,0.6354771784232365
O83548,positive,ifnepitope2,med_ml_score,0.65
O83548,positive,ifnepitope2,med_blast_score,0.0
O83548,positive,ifnepitope2,med_total_score,0.65
O83830,positive,ifnepitope2,mean_ml_score,0.6150552486187846
O83830,positive,ifnepitope2,mean_blast_score,0.0
O83830,positive,ifnepitope2,mean_total_score,0.6150552486187846
O83830,positive,ifnepitope2,med_ml_score,0.61
O83830,positive,ifnepitope2,med_blast_score,0.0
O83830,positive,ifnepitope2,med_total_score,0.61
A0A2P1DUM7,positive,ifnepitope2,mean_ml_score,0.6112365591397849
A0A2P1DUM7,positive,ifnepitope2,mean_blast_score,0.0
A0A2P1DUM7,positive,ifnepitope2,mean_total_score,0.6112365591397849
A0A2P1DUM7,positive,ifnepitope2,med_ml_score,0.615
A0A2P1DUM7,positive,ifnepitope2,med_blast_score,0.0
A0A2P1DUM7,positive,ifnepitope2,med_total_score,0.615
O83335,positive,ifnepitope2,mean_ml_score,0.624867374005305
O83335,positive,ifnepitope2,mean_blast_score,0.0
O83335,positive,ifnepitope2,mean_total_score,0.624867374005305
O83335,positive,ifnepitope2,med_ml_score,0.64
O83335,positive,ifnepitope2,med_blast_score,0.0
O83335,positive,ifnepitope2,med_total_score,0.64
O83481,positive,ifnepitope2,mean_ml_score,0.6144311377245509
O83481,positive,ifnepitope2,mean_blast_score,0.0
O83481,positive,ifnepitope2,mean_total_score,0.6144311377245509
O83481,positive,ifnepitope2,med_ml_score,0.63
O83481,positive,ifnepitope2,med_blast_score,0.0
O83481,positive,ifnepitope2,med_total_score,0.63
P19649,positive,ifnepitope2,mean_ml_score,0.5969400630914826
P19649,positive,ifnepitope2,mean_blast_score,0.0
P19649,positive,ifnepitope2,mean_total_score,0.5969400630914826
P19649,positive,ifnepitope2,med_ml_score,0.58
P19649,positive,ifnepitope2,med_blast_score,0.0
P19649,positive,ifnepitope2,med_total_score,0.58
O83912,positive,ifnepitope2,mean_ml_score,0.5955479452054795
O83912,positive,ifnepitope2,mean_blast_score,0.0
O83912,positive,ifnepitope2,mean_total_score,0.5955479452054795
O83912,positive,ifnepitope2,med_ml_score,0.6
O83912,positive,ifnepitope2,med_blast_score,0.0
O83912,positive,ifnepitope2,med_total_score,0.6
O83159,positive,ifnepitope2,mean_ml_score,0.6188360655737705
O83159,positive,ifnepitope2,mean_blast_score,0.0
O83159,positive,ifnepitope2,mean_total_score,0.6188360655737705
O83159,positive,ifnepitope2,med_ml_score,0.61
O83159,positive,ifnepitope2,med_blast_score,0.0
O83159,positive,ifnepitope2,med_total_score,0.61
O83629,positive,ifnepitope2,mean_ml_score,0.6144758735440932
O83629,positive,ifnepitope2,mean_blast_score,0.0
O83629,positive,ifnepitope2,mean_total_score,0.6144758735440932
O83629,positive,ifnepitope2,med_ml_score,0.62
O83629,positive,ifnepitope2,med_blast_score,0.0
O83629,positive,ifnepitope2,med_total_score,0.62
O83782,positive,ifnepitope2,mean_ml_score,0.5777715877437326
O83782,positive,ifnepitope2,mean_blast_score,0.0
O83782,positive,ifnepitope2,mean_total_score,0.5777715877437326
O83782,positive,ifnepitope2,med_ml_score,0.58
O83782,positive,ifnepitope2,med_blast_score,0.0
O83782,positive,ifnepitope2,med_total_score,0.58
O83169,positive,ifnepitope2,mean_ml_score,0.6107980049875311
O83169,positive,ifnepitope2,mean_blast_score,0.0
O83169,positive,ifnepitope2,mean_total_score,0.6107980049875311
O83169,positive,ifnepitope2,med_ml_score,0.62
O83169,positive,ifnepitope2,med_blast_score,0.0
O83169,positive,ifnepitope2,med_total_score,0.62
O83469,positive,ifnepitope2,mean_ml_score,0.6205813953488372
O83469,positive,ifnepitope2,mean_blast_score,0.0
O83469,positive,ifnepitope2,mean_total_score,0.6205813953488372
O83469,positive,ifnepitope2,med_ml_score,0.63
O83469,positive,ifnepitope2,med_blast_score,0.0
O83469,positive,ifnepitope2,med_total_score,0.63
O83557,positive,ifnepitope2,mean_ml_score,0.5899644760213144
O83557,positive,ifnepitope2,mean_blast_score,0.0
O83557,positive,ifnepitope2,mean_total_score,0.5899644760213144
O83557,positive,ifnepitope2,med_ml_score,0.59
O83557,positive,ifnepitope2,med_blast_score,0.0
O83557,positive,ifnepitope2,med_total_score,0.59
O83922,positive,ifnepitope2,mean_ml_score,0.6076825396825397
O83922,positive,ifnepitope2,mean_blast_score,0.0
O83922,positive,ifnepitope2,mean_total_score,0.6076825396825397
O83922,positive,ifnepitope2,med_ml_score,0.61
O83922,positive,ifnepitope2,med_blast_score,0.0
O83922,positive,ifnepitope2,med_total_score,0.61
F7IVD2,positive,ifnepitope2,mean_ml_score,0.5541891891891891
F7IVD2,positive,ifnepitope2,mean_blast_score,0.0
F7IVD2,positive,ifnepitope2,mean_total_score,0.5541891891891891
F7IVD2,positive,ifnepitope2,med_ml_score,0.57
F7IVD2,positive,ifnepitope2,med_blast_score,0.0
F7IVD2,positive,ifnepitope2,med_total_score,0.57
O83920,positive,ifnepitope2,mean_ml_score,0.6127659574468085
O83920,positive,ifnepitope2,mean_blast_score,0.0
O83920,positive,ifnepitope2,mean_total_score,0.6127659574468085
O83920,positive,ifnepitope2,med_ml_score,0.61
O83920,positive,ifnepitope2,med_blast_score,0.0
O83920,positive,ifnepitope2,med_total_score,0.61
O83923,positive,ifnepitope2,mean_ml_score,0.5933832335329341
O83923,positive,ifnepitope2,mean_blast_score,0.0
O83923,positive,ifnepitope2,mean_total_score,0.5933832335329341
O83923,positive,ifnepitope2,med_ml_score,0.6
O83923,positive,ifnepitope2,med_blast_score,0.0
O83923,positive,ifnepitope2,med_total_score,0.6
O83932,positive,ifnepitope2,mean_ml_score,0.6181920903954802
O83932,positive,ifnepitope2,mean_blast_score,0.0
O83932,positive,ifnepitope2,mean_total_score,0.6181920903954802
O83932,positive,ifnepitope2,med_ml_score,0.62
O83932,positive,ifnepitope2,med_blast_score,0.0
O83932,positive,ifnepitope2,med_total_score,0.62
O83301,positive,ifnepitope2,mean_ml_score,0.6173409090909091
O83301,positive,ifnepitope2,mean_blast_score,0.0
O83301,positive,ifnepitope2,mean_total_score,0.6173409090909091
O83301,positive,ifnepitope2,med_ml_score,0.615
O83301,positive,ifnepitope2,med_blast_score,0.0
O83301,positive,ifnepitope2,med_total_score,0.615
O83931,positive,ifnepitope2,mean_ml_score,0.6071794871794872
O83931,positive,ifnepitope2,mean_blast_score,0.0
O83931,positive,ifnepitope2,mean_total_score,0.6071794871794872
O83931,positive,ifnepitope2,med_ml_score,0.61
O83931,positive,ifnepitope2,med_blast_score,0.0
O83931,positive,ifnepitope2,med_total_score,0.61
O83933,positive,ifnepitope2,mean_ml_score,0.5579019607843138
O83933,positive,ifnepitope2,mean_blast_score,0.0
O83933,positive,ifnepitope2,mean_total_score,0.5579019607843138
O83933,positive,ifnepitope2,med_ml_score,0.57
O83933,positive,ifnepitope2,med_blast_score,0.0
O83933,positive,ifnepitope2,med_total_score,0.57
O83994,positive,ifnepitope2,mean_ml_score,0.6068379446640316
O83994,positive,ifnepitope2,mean_blast_score,0.0
O83994,positive,ifnepitope2,mean_total_score,0.6068379446640316
O83994,positive,ifnepitope2,med_ml_score,0.6
O83994,positive,ifnepitope2,med_blast_score,0.0
O83994,positive,ifnepitope2,med_total_score,0.6
O83126,positive,ifnepitope2,mean_ml_score,0.595204081632653
O83126,positive,ifnepitope2,mean_blast_score,0.0
O83126,positive,ifnepitope2,mean_total_score,0.595204081632653
O83126,positive,ifnepitope2,med_ml_score,0.59
O83126,positive,ifnepitope2,med_blast_score,0.0
O83126,positive,ifnepitope2,med_total_score,0.59
O83639,positive,ifnepitope2,mean_ml_score,0.6111645569620253
O83639,positive,ifnepitope2,mean_blast_score,0.0
O83639,positive,ifnepitope2,mean_total_score,0.6111645569620253
O83639,positive,ifnepitope2,med_ml_score,0.61
O83639,positive,ifnepitope2,med_blast_score,0.0
O83639,positive,ifnepitope2,med_total_score,0.61
O83837,positive,ifnepitope2,mean_ml_score,0.5937694013303769
O83837,positive,ifnepitope2,mean_blast_score,0.0
O83837,positive,ifnepitope2,mean_total_score,0.5937694013303769
O83837,positive,ifnepitope2,med_ml_score,0.6
O83837,positive,ifnepitope2,med_blast_score,0.0
O83837,positive,ifnepitope2,med_total_score,0.6
O83627,positive,ifnepitope2,mean_ml_score,0.6112612612612612
O83627,positive,ifnepitope2,mean_blast_score,0.0
O83627,positive,ifnepitope2,mean_total_score,0.6112612612612612
O83627,positive,ifnepitope2,med_ml_score,0.61
O83627,positive,ifnepitope2,med_blast_score,0.0
O83627,positive,ifnepitope2,med_total_score,0.61
O83641,positive,ifnepitope2,mean_ml_score,0.582756183745583
O83641,positive,ifnepitope2,mean_blast_score,0.0
O83641,positive,ifnepitope2,mean_total_score,0.582756183745583
O83641,positive,ifnepitope2,med_ml_score,0.59
O83641,positive,ifnepitope2,med_blast_score,0.0
O83641,positive,ifnepitope2,med_total_score,0.59
O83966,positive,ifnepitope2,mean_ml_score,0.6002793296089386
O83966,positive,ifnepitope2,mean_blast_score,0.0
O83966,positive,ifnepitope2,mean_total_score,0.6002793296089386
O83966,positive,ifnepitope2,med_ml_score,0.61
O83966,positive,ifnepitope2,med_blast_score,0.0
O83966,positive,ifnepitope2,med_total_score,0.61
P29723,positive,ifnepitope2,mean_ml_score,0.589718309859155
P29723,positive,ifnepitope2,mean_blast_score,0.0
P29723,positive,ifnepitope2,mean_total_score,0.589718309859155
P29723,positive,ifnepitope2,med_ml_score,0.6
P29723,positive,ifnepitope2,med_blast_score,0.0
P29723,positive,ifnepitope2,med_total_score,0.6
O83347,positive,ifnepitope2,mean_ml_score,0.5698780487804878
O83347,positive,ifnepitope2,mean_blast_score,0.0
O83347,positive,ifnepitope2,mean_total_score,0.5698780487804878
O83347,positive,ifnepitope2,med_ml_score,0.575
O83347,positive,ifnepitope2,med_blast_score,0.0
O83347,positive,ifnepitope2,med_total_score,0.575
O83528,positive,ifnepitope2,mean_ml_score,0.5994811800610377
O83528,positive,ifnepitope2,mean_blast_score,0.0
O83528,positive,ifnepitope2,mean_total_score,0.5994811800610377
O83528,positive,ifnepitope2,med_ml_score,0.61
O83528,positive,ifnepitope2,med_blast_score,0.0
O83528,positive,ifnepitope2,med_total_score,0.61
O83499,positive,ifnepitope2,mean_ml_score,0.5859381898454746
O83499,positive,ifnepitope2,mean_blast_score,0.0
O83499,positive,ifnepitope2,mean_total_score,0.5859381898454746
O83499,positive,ifnepitope2,med_ml_score,0.6
O83499,positive,ifnepitope2,med_blast_score,0.0
O83499,positive,ifnepitope2,med_total_score,0.6
O83732,positive,ifnepitope2,mean_ml_score,0.6206299212598425
O83732,positive,ifnepitope2,mean_blast_score,0.0
O83732,positive,ifnepitope2,mean_total_score,0.6206299212598425
O83732,positive,ifnepitope2,med_ml_score,0.63
O83732,positive,ifnepitope2,med_blast_score,0.0
O83732,positive,ifnepitope2,med_total_score,0.63
O83449,positive,ifnepitope2,mean_ml_score,0.6588888888888889
O83449,positive,ifnepitope2,mean_blast_score,0.0
O83449,positive,ifnepitope2,mean_total_score,0.6588888888888889
O83449,positive,ifnepitope2,med_ml_score,0.67
O83449,positive,ifnepitope2,med_blast_score,0.0
O83449,positive,ifnepitope2,med_total_score,0.67
Q56328,positive,ifnepitope2,mean_ml_score,0.6085671641791045
Q56328,positive,ifnepitope2,mean_blast_score,0.0
Q56328,positive,ifnepitope2,mean_total_score,0.6085671641791045
Q56328,positive,ifnepitope2,med_ml_score,0.63
Q56328,positive,ifnepitope2,med_blast_score,0.0
Q56328,positive,ifnepitope2,med_total_score,0.63
O83111,positive,ifnepitope2,mean_ml_score,0.5773170731707317
O83111,positive,ifnepitope2,mean_blast_score,0.0
O83111,positive,ifnepitope2,mean_total_score,0.5773170731707317
O83111,positive,ifnepitope2,med_ml_score,0.5800000000000001
O83111,positive,ifnepitope2,med_blast_score,0.0
O83111,positive,ifnepitope2,med_total_score,0.5800000000000001
O83095,positive,ifnepitope2,mean_ml_score,0.6232136752136752
O83095,positive,ifnepitope2,mean_blast_score,0.0
O83095,positive,ifnepitope2,mean_total_score,0.6232136752136752
O83095,positive,ifnepitope2,med_ml_score,0.63
O83095,positive,ifnepitope2,med_blast_score,0.0
O83095,positive,ifnepitope2,med_total_score,0.63
O83346,positive,ifnepitope2,mean_ml_score,0.5843667068757539
O83346,positive,ifnepitope2,mean_blast_score,0.0
O83346,positive,ifnepitope2,mean_total_score,0.5843667068757539
O83346,positive,ifnepitope2,med_ml_score,0.59
O83346,positive,ifnepitope2,med_blast_score,0.0
O83346,positive,ifnepitope2,med_total_score,0.59
O84001,positive,ifnepitope2,mean_ml_score,0.5974725274725274
O84001,positive,ifnepitope2,mean_blast_score,0.0
O84001,positive,ifnepitope2,mean_total_score,0.5974725274725274
O84001,positive,ifnepitope2,med_ml_score,0.59
O84001,positive,ifnepitope2,med_blast_score,0.0
O84001,positive,ifnepitope2,med_total_score,0.59
O84002,positive,ifnepitope2,mean_ml_score,0.6042274052478134
O84002,positive,ifnepitope2,mean_blast_score,0.0
O84002,positive,ifnepitope2,mean_total_score,0.6042274052478134
O84002,positive,ifnepitope2,med_ml_score,0.61
O84002,positive,ifnepitope2,med_blast_score,0.0
O84002,positive,ifnepitope2,med_total_score,0.61
O83980,positive,ifnepitope2,mean_ml_score,0.6067671691792295
O83980,positive,ifnepitope2,mean_blast_score,0.0
O83980,positive,ifnepitope2,mean_total_score,0.6067671691792295
O83980,positive,ifnepitope2,med_ml_score,0.62
O83980,positive,ifnepitope2,med_blast_score,0.0
O83980,positive,ifnepitope2,med_total_score,0.62
O83974,positive,ifnepitope2,mean_ml_score,0.619645390070922
O83974,positive,ifnepitope2,mean_blast_score,0.0
O83974,positive,ifnepitope2,mean_total_score,0.619645390070922
O83974,positive,ifnepitope2,med_ml_score,0.63
O83974,positive,ifnepitope2,med_blast_score,0.0
O83974,positive,ifnepitope2,med_total_score,0.63
O83451,positive,ifnepitope2,mean_ml_score,0.6159589041095891
O83451,positive,ifnepitope2,mean_blast_score,0.0
O83451,positive,ifnepitope2,mean_total_score,0.6159589041095891
O83451,positive,ifnepitope2,med_ml_score,0.64
O83451,positive,ifnepitope2,med_blast_score,0.0
O83451,positive,ifnepitope2,med_total_score,0.64
O83867,positive,ifnepitope2,mean_ml_score,0.5881818181818181
O83867,positive,ifnepitope2,mean_blast_score,0.0
O83867,positive,ifnepitope2,mean_total_score,0.5881818181818181
O83867,positive,ifnepitope2,med_ml_score,0.59
O83867,positive,ifnepitope2,med_blast_score,0.0
O83867,positive,ifnepitope2,med_total_score,0.59
Q08255,positive,ifnepitope2,mean_ml_score,0.6162278481012659
Q08255,positive,ifnepitope2,mean_blast_score,0.0
Q08255,positive,ifnepitope2,mean_total_score,0.6162278481012659
Q08255,positive,ifnepitope2,med_ml_score,0.62
Q08255,positive,ifnepitope2,med_blast_score,0.0
Q08255,positive,ifnepitope2,med_total_score,0.62
O83751,positive,ifnepitope2,mean_ml_score,0.6138610038610038
O83751,positive,ifnepitope2,mean_blast_score,0.0
O83751,positive,ifnepitope2,mean_total_score,0.6138610038610038
O83751,positive,ifnepitope2,med_ml_score,0.62
O83751,positive,ifnepitope2,med_blast_score,0.0
O83751,positive,ifnepitope2,med_total_score,0.62
R4J012,positive,ifnepitope2,mean_ml_score,0.6142024539877301
R4J012,positive,ifnepitope2,mean_blast_score,0.0
R4J012,positive,ifnepitope2,mean_total_score,0.6142024539877301
R4J012,positive,ifnepitope2,med_ml_score,0.61
R4J012,positive,ifnepitope2,med_blast_score,0.0
R4J012,positive,ifnepitope2,med_total_score,0.61
O83268,positive,ifnepitope2,mean_ml_score,0.6059504132231405
O83268,positive,ifnepitope2,mean_blast_score,0.0
O83268,positive,ifnepitope2,mean_total_score,0.6059504132231405
O83268,positive,ifnepitope2,med_ml_score,0.62
O83268,positive,ifnepitope2,med_blast_score,0.0
O83268,positive,ifnepitope2,med_total_score,0.62
O83615,positive,ifnepitope2,mean_ml_score,0.5681625441696113
O83615,positive,ifnepitope2,mean_blast_score,0.0
O83615,positive,ifnepitope2,mean_total_score,0.5681625441696113
O83615,positive,ifnepitope2,med_ml_score,0.58
O83615,positive,ifnepitope2,med_blast_score,0.0
O83615,positive,ifnepitope2,med_total_score,0.58
O83813,positive,ifnepitope2,mean_ml_score,0.5957232704402515
O83813,positive,ifnepitope2,mean_blast_score,0.0
O83813,positive,ifnepitope2,mean_total_score,0.5957232704402515
O83813,positive,ifnepitope2,med_ml_score,0.6
O83813,positive,ifnepitope2,med_blast_score,0.0
O83813,positive,ifnepitope2,med_total_score,0.6
O83834,positive,ifnepitope2,mean_ml_score,0.6701953125
O83834,positive,ifnepitope2,mean_blast_score,0.0
O83834,positive,ifnepitope2,mean_total_score,0.6701953125
O83834,positive,ifnepitope2,med_ml_score,0.675
O83834,positive,ifnepitope2,med_blast_score,0.0
O83834,positive,ifnepitope2,med_total_score,0.675
O83329,positive,ifnepitope2,mean_ml_score,0.5910479041916168
O83329,positive,ifnepitope2,mean_blast_score,0.0
O83329,positive,ifnepitope2,mean_total_score,0.5910479041916168
O83329,positive,ifnepitope2,med_ml_score,0.61
O83329,positive,ifnepitope2,med_blast_score,0.0
O83329,positive,ifnepitope2,med_total_score,0.61
O83503,positive,ifnepitope2,mean_ml_score,0.545
O83503,positive,ifnepitope2,mean_blast_score,0.0
O83503,positive,ifnepitope2,mean_total_score,0.545
O83503,positive,ifnepitope2,med_ml_score,0.54
O83503,positive,ifnepitope2,med_blast_score,0.0
O83503,positive,ifnepitope2,med_total_score,0.54
O83427,positive,ifnepitope2,mean_ml_score,0.5743010752688172
O83427,positive,ifnepitope2,mean_blast_score,0.0
O83427,positive,ifnepitope2,mean_total_score,0.5743010752688172
O83427,positive,ifnepitope2,med_ml_score,0.57
O83427,positive,ifnepitope2,med_blast_score,0.0
O83427,positive,ifnepitope2,med_total_score,0.57
O83483,positive,ifnepitope2,mean_ml_score,0.5649851632047478
O83483,positive,ifnepitope2,mean_blast_score,0.0
O83483,positive,ifnepitope2,mean_total_score,0.5649851632047478
O83483,positive,ifnepitope2,med_ml_score,0.51
O83483,positive,ifnepitope2,med_blast_score,0.0
O83483,positive,ifnepitope2,med_total_score,0.51
O83691,positive,ifnepitope2,mean_ml_score,0.6170833333333333
O83691,positive,ifnepitope2,mean_blast_score,0.0
O83691,positive,ifnepitope2,mean_total_score,0.6170833333333333
O83691,positive,ifnepitope2,med_ml_score,0.63
O83691,positive,ifnepitope2,med_blast_score,0.0
O83691,positive,ifnepitope2,med_total_score,0.63
P16665,positive,ifnepitope2,mean_ml_score,0.552603550295858
P16665,positive,ifnepitope2,mean_blast_score,0.0
P16665,positive,ifnepitope2,mean_total_score,0.552603550295858
P16665,positive,ifnepitope2,med_ml_score,0.56
P16665,positive,ifnepitope2,med_blast_score,0.0
P16665,positive,ifnepitope2,med_total_score,0.56
O83383,positive,ifnepitope2,mean_ml_score,0.6350485436893204
O83383,positive,ifnepitope2,mean_blast_score,0.0
O83383,positive,ifnepitope2,mean_total_score,0.6350485436893204
O83383,positive,ifnepitope2,med_ml_score,0.65
O83383,positive,ifnepitope2,med_blast_score,0.0
O83383,positive,ifnepitope2,med_total_score,0.65
R4IZI5,positive,ifnepitope2,mean_ml_score,0.6189094650205761
R4IZI5,positive,ifnepitope2,mean_blast_score,0.0
R4IZI5,positive,ifnepitope2,mean_total_score,0.6189094650205761
R4IZI5,positive,ifnepitope2,med_ml_score,0.63
R4IZI5,positive,ifnepitope2,med_blast_score,0.0
R4IZI5,positive,ifnepitope2,med_total_score,0.63
O06690,positive,ifnepitope2,mean_ml_score,0.5654973821989528
O06690,positive,ifnepitope2,mean_blast_score,0.0
O06690,positive,ifnepitope2,mean_total_score,0.5654973821989528
O06690,positive,ifnepitope2,med_ml_score,0.56
O06690,positive,ifnepitope2,med_blast_score,0.0
O06690,positive,ifnepitope2,med_total_score,0.56
O83715,positive,ifnepitope2,mean_ml_score,0.606303317535545
O83715,positive,ifnepitope2,mean_blast_score,0.0
O83715,positive,ifnepitope2,mean_total_score,0.606303317535545
O83715,positive,ifnepitope2,med_ml_score,0.62
O83715,positive,ifnepitope2,med_blast_score,0.0
O83715,positive,ifnepitope2,med_total_score,0.62
P29724,positive,ifnepitope2,mean_ml_score,0.5732753623188406
P29724,positive,ifnepitope2,mean_blast_score,0.0
P29724,positive,ifnepitope2,mean_total_score,0.5732753623188406
P29724,positive,ifnepitope2,med_ml_score,0.57
P29724,positive,ifnepitope2,med_blast_score,0.0
P29724,positive,ifnepitope2,med_total_score,0.57
O83163,positive,ifnepitope2,mean_ml_score,0.6175524475524475
O83163,positive,ifnepitope2,mean_blast_score,0.0
O83163,positive,ifnepitope2,mean_total_score,0.6175524475524475
O83163,positive,ifnepitope2,med_ml_score,0.63
O83163,positive,ifnepitope2,med_blast_score,0.0
O83163,positive,ifnepitope2,med_total_score,0.63
P74934,positive,ifnepitope2,mean_ml_score,0.5958962264150943
P74934,positive,ifnepitope2,mean_blast_score,0.0
P74934,positive,ifnepitope2,mean_total_score,0.5958962264150943
P74934,positive,ifnepitope2,med_ml_score,0.59
P74934,positive,ifnepitope2,med_blast_score,0.0
P74934,positive,ifnepitope2,med_total_score,0.59
O83769,positive,ifnepitope2,mean_ml_score,0.5970740305522915
O83769,positive,ifnepitope2,mean_blast_score,0.0
O83769,positive,ifnepitope2,mean_total_score,0.5970740305522915
O83769,positive,ifnepitope2,med_ml_score,0.6
O83769,positive,ifnepitope2,med_blast_score,0.0
O83769,positive,ifnepitope2,med_total_score,0.6
O83630,positive,ifnepitope2,mean_ml_score,0.6064786324786324
O83630,positive,ifnepitope2,mean_blast_score,0.0
O83630,positive,ifnepitope2,mean_total_score,0.6064786324786324
O83630,positive,ifnepitope2,med_ml_score,0.61
O83630,positive,ifnepitope2,med_blast_score,0.0
O83630,positive,ifnepitope2,med_total_score,0.61
O83475,positive,ifnepitope2,mean_ml_score,0.6134114583333333
O83475,positive,ifnepitope2,mean_blast_score,0.0
O83475,positive,ifnepitope2,mean_total_score,0.6134114583333333
O83475,positive,ifnepitope2,med_ml_score,0.62
O83475,positive,ifnepitope2,med_blast_score,0.0
O83475,positive,ifnepitope2,med_total_score,0.62
O83748,positive,ifnepitope2,mean_ml_score,0.6147161572052402
O83748,positive,ifnepitope2,mean_blast_score,0.0
O83748,positive,ifnepitope2,mean_total_score,0.6147161572052402
O83748,positive,ifnepitope2,med_ml_score,0.62
O83748,positive,ifnepitope2,med_blast_score,0.0
O83748,positive,ifnepitope2,med_total_score,0.62
P38369,positive,ifnepitope2,mean_ml_score,0.5766995073891625
P38369,positive,ifnepitope2,mean_blast_score,0.0
P38369,positive,ifnepitope2,mean_total_score,0.5766995073891625
P38369,positive,ifnepitope2,med_ml_score,0.58
P38369,positive,ifnepitope2,med_blast_score,0.0
P38369,positive,ifnepitope2,med_total_score,0.58
A0A2P1DUM5,positive,ifnepitope2,mean_ml_score,0.5722647058823529
A0A2P1DUM5,positive,ifnepitope2,mean_blast_score,0.0
A0A2P1DUM5,positive,ifnepitope2,mean_total_score,0.5722647058823529
A0A2P1DUM5,positive,ifnepitope2,med_ml_score,0.59
A0A2P1DUM5,positive,ifnepitope2,med_blast_score,0.0
A0A2P1DUM5,positive,ifnepitope2,med_total_score,0.59
O07950,positive,ifnepitope2,mean_ml_score,0.5756923076923077
O07950,positive,ifnepitope2,mean_blast_score,0.0
O07950,positive,ifnepitope2,mean_total_score,0.5756923076923077
O07950,positive,ifnepitope2,med_ml_score,0.57
O07950,positive,ifnepitope2,med_blast_score,0.0
O07950,positive,ifnepitope2,med_total_score,0.57
O83123,positive,ifnepitope2,mean_ml_score,0.6012142857142857
O83123,positive,ifnepitope2,mean_blast_score,0.0
O83123,positive,ifnepitope2,mean_total_score,0.6012142857142857
O83123,positive,ifnepitope2,med_ml_score,0.615
O83123,positive,ifnepitope2,med_blast_score,0.0
O83123,positive,ifnepitope2,med_total_score,0.615
O83507,positive,ifnepitope2,mean_ml_score,0.5586415094339623
O83507,positive,ifnepitope2,mean_blast_score,0.0
O83507,positive,ifnepitope2,mean_total_score,0.5586415094339623
O83507,positive,ifnepitope2,med_ml_score,0.56
O83507,positive,ifnepitope2,med_blast_score,0.0
O83507,positive,ifnepitope2,med_total_score,0.56
O83296,positive,ifnepitope2,mean_ml_score,0.6053469387755102
O83296,positive,ifnepitope2,mean_blast_score,0.0
O83296,positive,ifnepitope2,mean_total_score,0.6053469387755102
O83296,positive,ifnepitope2,med_ml_score,0.6
O83296,positive,ifnepitope2,med_blast_score,0.0
O83296,positive,ifnepitope2,med_total_score,0.6
P96116,positive,ifnepitope2,mean_ml_score,0.6136
P96116,positive,ifnepitope2,mean_blast_score,0.0
P96116,positive,ifnepitope2,mean_total_score,0.6136
P96116,positive,ifnepitope2,med_ml_score,0.615
P96116,positive,ifnepitope2,med_blast_score,0.0
P96116,positive,ifnepitope2,med_total_score,0.615
R4IZI5,positive,ifnepitope2,mean_ml_score,0.6153086419753087
R4IZI5,positive,ifnepitope2,mean_blast_score,0.0
R4IZI5,positive,ifnepitope2,mean_total_score,0.6153086419753087
R4IZI5,positive,ifnepitope2,med_ml_score,0.62
R4IZI5,positive,ifnepitope2,med_blast_score,0.0
R4IZI5,positive,ifnepitope2,med_total_score,0.62
O83769,positive,ifnepitope2,mean_ml_score,0.5966514285714286
O83769,positive,ifnepitope2,mean_blast_score,0.0
O83769,positive,ifnepitope2,mean_total_score,0.5966514285714286
O83769,positive,ifnepitope2,med_ml_score,0.6
O83769,positive,ifnepitope2,med_blast_score,0.0
O83769,positive,ifnepitope2,med_total_score,0.6
O84002,positive,ifnepitope2,mean_ml_score,0.6042274052478134
O84002,positive,ifnepitope2,mean_blast_score,0.0
O84002,positive,ifnepitope2,mean_total_score,0.6042274052478134
O84002,positive,ifnepitope2,med_ml_score,0.61
O84002,positive,ifnepitope2,med_blast_score,0.0
O84002,positive,ifnepitope2,med_total_score,0.61
O83639,positive,ifnepitope2,mean_ml_score,0.613493670886076
O83639,positive,ifnepitope2,mean_blast_score,0.0
O83639,positive,ifnepitope2,mean_total_score,0.613493670886076
O83639,positive,ifnepitope2,med_ml_score,0.61
O83639,positive,ifnepitope2,med_blast_score,0.0
O83639,positive,ifnepitope2,med_total_score,0.61
O30405,positive,ifnepitope2,mean_ml_score,0.5848830409356726
O30405,positive,ifnepitope2,mean_blast_score,0.0
O30405,positive,ifnepitope2,mean_total_score,0.5848830409356726
O30405,positive,ifnepitope2,med_ml_score,0.59
O30405,positive,ifnepitope2,med_blast_score,0.0
O30405,positive,ifnepitope2,med_total_score,0.59
O83123,positive,ifnepitope2,mean_ml_score,0.6012142857142857
O83123,positive,ifnepitope2,mean_blast_score,0.0
O83123,positive,ifnepitope2,mean_total_score,0.6012142857142857
O83123,positive,ifnepitope2,med_ml_score,0.615
O83123,positive,ifnepitope2,med_blast_score,0.0
O83123,positive,ifnepitope2,med_total_score,0.615
O83507,positive,ifnepitope2,mean_ml_score,0.5586415094339623
O83507,positive,ifnepitope2,mean_blast_score,0.0
O83507,positive,ifnepitope2,mean_total_score,0.5586415094339623
O83507,positive,ifnepitope2,med_ml_score,0.56
O83507,positive,ifnepitope2,med_blast_score,0.0
O83507,positive,ifnepitope2,med_total_score,0.56
O83627,positive,ifnepitope2,mean_ml_score,0.6122522522522522
O83627,positive,ifnepitope2,mean_blast_score,0.0
O83627,positive,ifnepitope2,mean_total_score,0.6122522522522522
O83627,positive,ifnepitope2,med_ml_score,0.61
O83627,positive,ifnepitope2,med_blast_score,0.0
O83627,positive,ifnepitope2,med_total_score,0.61
P19649,positive,ifnepitope2,mean_ml_score,0.5969400630914826
P19649,positive,ifnepitope2,mean_blast_score,0.0
P19649,positive,ifnepitope2,mean_total_score,0.5969400630914826
P19649,positive,ifnepitope2,med_ml_score,0.58
P19649,positive,ifnepitope2,med_blast_score,0.0
P19649,positive,ifnepitope2,med_total_score,0.58
O83666,positive,ifnepitope2,mean_ml_score,0.5790599675850892
O83666,positive,ifnepitope2,mean_blast_score,0.0
O83666,positive,ifnepitope2,mean_total_score,0.5790599675850892
O83666,positive,ifnepitope2,med_ml_score,0.59
O83666,positive,ifnepitope2,med_blast_score,0.0
O83666,positive,ifnepitope2,med_total_score,0.59
O83296,positive,ifnepitope2,mean_ml_score,0.6053469387755102
O83296,positive,ifnepitope2,mean_blast_score,0.0
O83296,positive,ifnepitope2,mean_total_score,0.6053469387755102
O83296,positive,ifnepitope2,med_ml_score,0.6
O83296,positive,ifnepitope2,med_blast_score,0.0
O83296,positive,ifnepitope2,med_total_score,0.6
O83095,positive,ifnepitope2,mean_ml_score,0.6241880341880341
O83095,positive,ifnepitope2,mean_blast_score,0.0
O83095,positive,ifnepitope2,mean_total_score,0.6241880341880341
O83095,positive,ifnepitope2,med_ml_score,0.63
O83095,positive,ifnepitope2,med_blast_score,0.0
O83095,positive,ifnepitope2,med_total_score,0.63
O83557,positive,ifnepitope2,mean_ml_score,0.5899644760213144
O83557,positive,ifnepitope2,mean_blast_score,0.0
O83557,positive,ifnepitope2,mean_total_score,0.5899644760213144
O83557,positive,ifnepitope2,med_ml_score,0.59
O83557,positive,ifnepitope2,med_blast_score,0.0
O83557,positive,ifnepitope2,med_total_score,0.59
A0A2P1DUM5,positive,ifnepitope2,mean_ml_score,0.570276073619632
A0A2P1DUM5,positive,ifnepitope2,mean_blast_score,0.0
A0A2P1DUM5,positive,ifnepitope2,mean_total_score,0.570276073619632
A0A2P1DUM5,positive,ifnepitope2,med_ml_score,0.59
A0A2P1DUM5,positive,ifnepitope2,med_blast_score,0.0
A0A2P1DUM5,positive,ifnepitope2,med_total_score,0.59
O67998,positive,ifnepitope2,mean_ml_score,0.5803942652329749
O67998,positive,ifnepitope2,mean_blast_score,0.0
O67998,positive,ifnepitope2,mean_total_score,0.5803942652329749
O67998,positive,ifnepitope2,med_ml_score,0.57
O67998,positive,ifnepitope2,med_blast_score,0.0
O67998,positive,ifnepitope2,med_total_score,0.57
P16665,positive,ifnepitope2,mean_ml_score,0.5505325443786983
P16665,positive,ifnepitope2,mean_blast_score,0.0
P16665,positive,ifnepitope2,mean_total_score,0.5505325443786983
P16665,positive,ifnepitope2,med_ml_score,0.56
P16665,positive,ifnepitope2,med_blast_score,0.0
P16665,positive,ifnepitope2,med_total_score,0.56
O83383,positive,ifnepitope2,mean_ml_score,0.6350485436893204
O83383,positive,ifnepitope2,mean_blast_score,0.0
O83383,positive,ifnepitope2,mean_total_score,0.6350485436893204
O83383,positive,ifnepitope2,med_ml_score,0.65
O83383,positive,ifnepitope2,med_blast_score,0.0
O83383,positive,ifnepitope2,med_total_score,0.65
O83619,positive,ifnepitope2,mean_ml_score,0.6174351585014409
O83619,positive,ifnepitope2,mean_blast_score,0.0
O83619,positive,ifnepitope2,mean_total_score,0.6174351585014409
O83619,positive,ifnepitope2,med_ml_score,0.63
O83619,positive,ifnepitope2,med_blast_score,0.0
O83619,positive,ifnepitope2,med_total_score,0.63
O83520,positive,ifnepitope2,mean_ml_score,0.5863076923076923
O83520,positive,ifnepitope2,mean_blast_score,0.0
O83520,positive,ifnepitope2,mean_total_score,0.5863076923076923
O83520,positive,ifnepitope2,med_ml_score,0.59
O83520,positive,ifnepitope2,med_blast_score,0.0
O83520,positive,ifnepitope2,med_total_score,0.59
O83782,positive,ifnepitope2,mean_ml_score,0.5801846965699209
O83782,positive,ifnepitope2,mean_blast_score,0.0
O83782,positive,ifnepitope2,mean_total_score,0.5801846965699209
O83782,positive,ifnepitope2,med_ml_score,0.58
O83782,positive,ifnepitope2,med_blast_score,0.0
O83782,positive,ifnepitope2,med_total_score,0.58
O83837,positive,ifnepitope2,mean_ml_score,0.5994714587737844
O83837,positive,ifnepitope2,mean_blast_score,0.0
O83837,positive,ifnepitope2,mean_total_score,0.5994714587737844
O83837,positive,ifnepitope2,med_ml_score,0.61
O83837,positive,ifnepitope2,med_blast_score,0.0
O83837,positive,ifnepitope2,med_total_score,0.61
O83487,positive,ifnepitope2,mean_ml_score,0.5979324894514768
O83487,positive,ifnepitope2,mean_blast_score,0.0
O83487,positive,ifnepitope2,mean_total_score,0.5979324894514768
O83487,positive,ifnepitope2,med_ml_score,0.6
O83487,positive,ifnepitope2,med_blast_score,0.0
O83487,positive,ifnepitope2,med_total_score,0.6
O83249,positive,ifnepitope2,mean_ml_score,0.5884
O83249,positive,ifnepitope2,mean_blast_score,0.0
O83249,positive,ifnepitope2,mean_total_score,0.5884
O83249,positive,ifnepitope2,med_ml_score,0.57
O83249,positive,ifnepitope2,med_blast_score,0.0
O83249,positive,ifnepitope2,med_total_score,0.57
O83813,positive,ifnepitope2,mean_ml_score,0.5956394129979036
O83813,positive,ifnepitope2,mean_blast_score,0.0
O83813,positive,ifnepitope2,mean_total_score,0.5956394129979036
O83813,positive,ifnepitope2,med_ml_score,0.6
O83813,positive,ifnepitope2,med_blast_score,0.0
O83813,positive,ifnepitope2,med_total_score,0.6
F7IWA5,positive,ifnepitope2,mean_ml_score,0.6312967914438503
F7IWA5,positive,ifnepitope2,mean_blast_score,0.0
F7IWA5,positive,ifnepitope2,mean_total_score,0.6312967914438503
F7IWA5,positive,ifnepitope2,med_ml_score,0.64
F7IWA5,positive,ifnepitope2,med_blast_score,0.0
F7IWA5,positive,ifnepitope2,med_total_score,0.64
O83935,positive,ifnepitope2,mean_ml_score,0.5916195856873823
O83935,positive,ifnepitope2,mean_blast_score,0.0
O83935,positive,ifnepitope2,mean_total_score,0.5916195856873823
O83935,positive,ifnepitope2,med_ml_score,0.6
O83935,positive,ifnepitope2,med_blast_score,0.0
O83935,positive,ifnepitope2,med_total_score,0.6
O83337,positive,ifnepitope2,mean_ml_score,0.6312967914438503
O83337,positive,ifnepitope2,mean_blast_score,0.0
O83337,positive,ifnepitope2,mean_total_score,0.6312967914438503
O83337,positive,ifnepitope2,med_ml_score,0.64
O83337,positive,ifnepitope2,med_blast_score,0.0
O83337,positive,ifnepitope2,med_total_score,0.64
O83482,positive,ifnepitope2,mean_ml_score,0.6118510638297873
O83482,positive,ifnepitope2,mean_blast_score,0.0
O83482,positive,ifnepitope2,mean_total_score,0.6118510638297873
O83482,positive,ifnepitope2,med_ml_score,0.61
O83482,positive,ifnepitope2,med_blast_score,0.0
O83482,positive,ifnepitope2,med_total_score,0.61
O83414,positive,ifnepitope2,mean_ml_score,0.6086583184257602
O83414,positive,ifnepitope2,mean_blast_score,0.0
O83414,positive,ifnepitope2,mean_total_score,0.6086583184257602
O83414,positive,ifnepitope2,med_ml_score,0.61
O83414,positive,ifnepitope2,med_blast_score,0.0
O83414,positive,ifnepitope2,med_total_score,0.61
P56822,positive,ifnepitope2,mean_ml_score,0.6389506172839506
P56822,positive,ifnepitope2,mean_blast_score,0.0
P56822,positive,ifnepitope2,mean_total_score,0.6389506172839506
P56822,positive,ifnepitope2,med_ml_score,0.645
P56822,positive,ifnepitope2,med_blast_score,0.0
P56822,positive,ifnepitope2,med_total_score,0.645
O83933,positive,ifnepitope2,mean_ml_score,0.5565302144249513
O83933,positive,ifnepitope2,mean_blast_score,0.0
O83933,positive,ifnepitope2,mean_total_score,0.5565302144249513
O83933,positive,ifnepitope2,med_ml_score,0.57
O83933,positive,ifnepitope2,med_blast_score,0.0
O83933,positive,ifnepitope2,med_total_score,0.57
O83629,positive,ifnepitope2,mean_ml_score,0.6087188019966722
O83629,positive,ifnepitope2,mean_blast_score,0.0
O83629,positive,ifnepitope2,mean_total_score,0.6087188019966722
O83629,positive,ifnepitope2,med_ml_score,0.61
O83629,positive,ifnepitope2,med_blast_score,0.0
O83629,positive,ifnepitope2,med_total_score,0.61
O83715,positive,ifnepitope2,mean_ml_score,0.6106161137440759
O83715,positive,ifnepitope2,mean_blast_score,0.0
O83715,positive,ifnepitope2,mean_total_score,0.6106161137440759
O83715,positive,ifnepitope2,med_ml_score,0.63
O83715,positive,ifnepitope2,med_blast_score,0.0
O83715,positive,ifnepitope2,med_total_score,0.63
O83994,positive,ifnepitope2,mean_ml_score,0.6033333333333334
O83994,positive,ifnepitope2,mean_blast_score,0.0
O83994,positive,ifnepitope2,mean_total_score,0.6033333333333334
O83994,positive,ifnepitope2,med_ml_score,0.6
O83994,positive,ifnepitope2,med_blast_score,0.0
O83994,positive,ifnepitope2,med_total_score,0.6
O83169,positive,ifnepitope2,mean_ml_score,0.613790523690773
O83169,positive,ifnepitope2,mean_blast_score,0.0
O83169,positive,ifnepitope2,mean_total_score,0.613790523690773
O83169,positive,ifnepitope2,med_ml_score,0.62
O83169,positive,ifnepitope2,med_blast_score,0.0
O83169,positive,ifnepitope2,med_total_score,0.62
O84001,positive,ifnepitope2,mean_ml_score,0.5941758241758242
O84001,positive,ifnepitope2,mean_blast_score,0.0
O84001,positive,ifnepitope2,mean_total_score,0.5941758241758242
O84001,positive,ifnepitope2,med_ml_score,0.59
O84001,positive,ifnepitope2,med_blast_score,0.0
O84001,positive,ifnepitope2,med_total_score,0.59
O83923,positive,ifnepitope2,mean_ml_score,0.5933832335329341
O83923,positive,ifnepitope2,mean_blast_score,0.0
O83923,positive,ifnepitope2,mean_total_score,0.5933832335329341
O83923,positive,ifnepitope2,med_ml_score,0.6
O83923,positive,ifnepitope2,med_blast_score,0.0
O83923,positive,ifnepitope2,med_total_score,0.6
O83268,positive,ifnepitope2,mean_ml_score,0.6059504132231405
O83268,positive,ifnepitope2,mean_blast_score,0.0
O83268,positive,ifnepitope2,mean_total_score,0.6059504132231405
O83268,positive,ifnepitope2,med_ml_score,0.62
O83268,positive,ifnepitope2,med_blast_score,0.0
O83268,positive,ifnepitope2,med_total_score,0.62
O83427,positive,ifnepitope2,mean_ml_score,0.5743010752688172
O83427,positive,ifnepitope2,mean_blast_score,0.0
O83427,positive,ifnepitope2,mean_total_score,0.5743010752688172
O83427,positive,ifnepitope2,med_ml_score,0.57
O83427,positive,ifnepitope2,med_blast_score,0.0
O83427,positive,ifnepitope2,med_total_score,0.57
P38369,positive,ifnepitope2,mean_ml_score,0.577799511002445
P38369,positive,ifnepitope2,mean_blast_score,0.0
P38369,positive,ifnepitope2,mean_total_score,0.577799511002445
P38369,positive,ifnepitope2,med_ml_score,0.58
P38369,positive,ifnepitope2,med_blast_score,0.0
P38369,positive,ifnepitope2,med_total_score,0.58
O83213,positive,ifnepitope2,mean_ml_score,0.5919047619047619
O83213,positive,ifnepitope2,mean_blast_score,0.0
O83213,positive,ifnepitope2,mean_total_score,0.5919047619047619
O83213,positive,ifnepitope2,med_ml_score,0.6
O83213,positive,ifnepitope2,med_blast_score,0.0
O83213,positive,ifnepitope2,med_total_score,0.6
P29723,positive,ifnepitope2,mean_ml_score,0.5903755868544601
P29723,positive,ifnepitope2,mean_blast_score,0.0
P29723,positive,ifnepitope2,mean_total_score,0.5903755868544601
P29723,positive,ifnepitope2,med_ml_score,0.6
P29723,positive,ifnepitope2,med_blast_score,0.0
P29723,positive,ifnepitope2,med_total_score,0.6
O83413,positive,ifnepitope2,mean_ml_score,0.5863793103448276
O83413,positive,ifnepitope2,mean_blast_score,0.0
O83413,positive,ifnepitope2,mean_total_score,0.5863793103448276
O83413,positive,ifnepitope2,med_ml_score,0.595
O83413,positive,ifnepitope2,med_blast_score,0.0
O83413,positive,ifnepitope2,med_total_score,0.595
O07884,positive,ifnepitope2,mean_ml_score,0.6045714285714285
O07884,positive,ifnepitope2,mean_blast_score,0.0
O07884,positive,ifnepitope2,mean_total_score,0.6045714285714285
O07884,positive,ifnepitope2,med_ml_score,0.62
O07884,positive,ifnepitope2,med_blast_score,0.0
O07884,positive,ifnepitope2,med_total_score,0.62
O83613,positive,ifnepitope2,mean_ml_score,0.5881714285714286
O83613,positive,ifnepitope2,mean_blast_score,0.0
O83613,positive,ifnepitope2,mean_total_score,0.5881714285714286
O83613,positive,ifnepitope2,med_ml_score,0.59
O83613,positive,ifnepitope2,med_blast_score,0.0
O83613,positive,ifnepitope2,med_total_score,0.59
O83251,positive,ifnepitope2,mean_ml_score,0.5656296296296296
O83251,positive,ifnepitope2,mean_blast_score,0.0
O83251,positive,ifnepitope2,mean_total_score,0.5656296296296296
O83251,positive,ifnepitope2,med_ml_score,0.58
O83251,positive,ifnepitope2,med_blast_score,0.0
O83251,positive,ifnepitope2,med_total_score,0.58
O83080,positive,ifnepitope2,mean_ml_score,0.5835913312693498
O83080,positive,ifnepitope2,mean_blast_score,0.0
O83080,positive,ifnepitope2,mean_total_score,0.5835913312693498
O83080,positive,ifnepitope2,med_ml_score,0.59
O83080,positive,ifnepitope2,med_blast_score,0.0
O83080,positive,ifnepitope2,med_total_score,0.59
P29725,positive,ifnepitope2,mean_ml_score,0.5770821529745043
P29725,positive,ifnepitope2,mean_blast_score,0.0
P29725,positive,ifnepitope2,mean_total_score,0.5770821529745043
P29725,positive,ifnepitope2,med_ml_score,0.58
P29725,positive,ifnepitope2,med_blast_score,0.0
P29725,positive,ifnepitope2,med_total_score,0.58
O88138,positive,ifnepitope2,mean_ml_score,0.6168855218855219
O88138,positive,ifnepitope2,mean_blast_score,0.0
O88138,positive,ifnepitope2,mean_total_score,0.6168855218855219
O88138,positive,ifnepitope2,med_ml_score,0.625
O88138,positive,ifnepitope2,med_blast_score,0.0
O88138,positive,ifnepitope2,med_total_score,0.625
O83164,positive,ifnepitope2,mean_ml_score,0.6132710280373832
O83164,positive,ifnepitope2,mean_blast_score,0.0
O83164,positive,ifnepitope2,mean_total_score,0.6132710280373832
O83164,positive,ifnepitope2,med_ml_score,0.62
O83164,positive,ifnepitope2,med_blast_score,0.0
O83164,positive,ifnepitope2,med_total_score,0.62
O83325,positive,ifnepitope2,mean_ml_score,0.6175326797385621
O83325,positive,ifnepitope2,mean_blast_score,0.0
O83325,positive,ifnepitope2,mean_total_score,0.6175326797385621
O83325,positive,ifnepitope2,med_ml_score,0.62
O83325,positive,ifnepitope2,med_blast_score,0.0
O83325,positive,ifnepitope2,med_total_score,0.62
O83932,positive,ifnepitope2,mean_ml_score,0.6173320895522388
O83932,positive,ifnepitope2,mean_blast_score,0.0
O83932,positive,ifnepitope2,mean_total_score,0.6173320895522388
O83932,positive,ifnepitope2,med_ml_score,0.62
O83932,positive,ifnepitope2,med_blast_score,0.0
O83932,positive,ifnepitope2,med_total_score,0.62
O06690,positive,ifnepitope2,mean_ml_score,0.5654973821989528
O06690,positive,ifnepitope2,mean_blast_score,0.0
O06690,positive,ifnepitope2,mean_total_score,0.5654973821989528
O06690,positive,ifnepitope2,med_ml_score,0.56
O06690,positive,ifnepitope2,med_blast_score,0.0
O06690,positive,ifnepitope2,med_total_score,0.56
O83751,positive,ifnepitope2,mean_ml_score,0.6168045112781955
O83751,positive,ifnepitope2,mean_blast_score,0.0
O83751,positive,ifnepitope2,mean_total_score,0.6168045112781955
O83751,positive,ifnepitope2,med_ml_score,0.63
O83751,positive,ifnepitope2,med_blast_score,0.0
O83751,positive,ifnepitope2,med_total_score,0.63
O83732,positive,ifnepitope2,mean_ml_score,0.6170742358078602
O83732,positive,ifnepitope2,mean_blast_score,0.0
O83732,positive,ifnepitope2,mean_total_score,0.6170742358078602
O83732,positive,ifnepitope2,med_ml_score,0.63
O83732,positive,ifnepitope2,med_blast_score,0.0
O83732,positive,ifnepitope2,med_total_score,0.63
O83974,positive,ifnepitope2,mean_ml_score,0.619645390070922
O83974,positive,ifnepitope2,mean_blast_score,0.0
O83974,positive,ifnepitope2,mean_total_score,0.619645390070922
O83974,positive,ifnepitope2,med_ml_score,0.63
O83974,positive,ifnepitope2,med_blast_score,0.0
O83974,positive,ifnepitope2,med_total_score,0.63
O83451,positive,ifnepitope2,mean_ml_score,0.6159589041095891
O83451,positive,ifnepitope2,mean_blast_score,0.0
O83451,positive,ifnepitope2,mean_total_score,0.6159589041095891
O83451,positive,ifnepitope2,med_ml_score,0.64
O83451,positive,ifnepitope2,med_blast_score,0.0
O83451,positive,ifnepitope2,med_total_score,0.64
O83922,positive,ifnepitope2,mean_ml_score,0.6076825396825397
O83922,positive,ifnepitope2,mean_blast_score,0.0
O83922,positive,ifnepitope2,mean_total_score,0.6076825396825397
O83922,positive,ifnepitope2,med_ml_score,0.61
O83922,positive,ifnepitope2,med_blast_score,0.0
O83922,positive,ifnepitope2,med_total_score,0.61
O83641,positive,ifnepitope2,mean_ml_score,0.583321554770318
O83641,positive,ifnepitope2,mean_blast_score,0.0
O83641,positive,ifnepitope2,mean_total_score,0.583321554770318
O83641,positive,ifnepitope2,med_ml_score,0.59
O83641,positive,ifnepitope2,med_blast_score,0.0
O83641,positive,ifnepitope2,med_total_score,0.59
O83483,positive,ifnepitope2,mean_ml_score,0.5508720930232558
O83483,positive,ifnepitope2,mean_blast_score,0.0
O83483,positive,ifnepitope2,mean_total_score,0.5508720930232558
O83483,positive,ifnepitope2,med_ml_score,0.48
O83483,positive,ifnepitope2,med_blast_score,0.0
O83483,positive,ifnepitope2,med_total_score,0.48
O83347,positive,ifnepitope2,mean_ml_score,0.5698780487804878
O83347,positive,ifnepitope2,mean_blast_score,0.0
O83347,positive,ifnepitope2,mean_total_score,0.5698780487804878
O83347,positive,ifnepitope2,med_ml_score,0.575
O83347,positive,ifnepitope2,med_blast_score,0.0
O83347,positive,ifnepitope2,med_total_score,0.575
O83964,positive,ifnepitope2,mean_ml_score,0.5972692793931732
O83964,positive,ifnepitope2,mean_blast_score,0.0
O83964,positive,ifnepitope2,mean_total_score,0.5972692793931732
O83964,positive,ifnepitope2,med_ml_score,0.6
O83964,positive,ifnepitope2,med_blast_score,0.0
O83964,positive,ifnepitope2,med_total_score,0.6
O83055,positive,ifnepitope2,mean_ml_score,0.6142024539877301
O83055,positive,ifnepitope2,mean_blast_score,0.0
O83055,positive,ifnepitope2,mean_total_score,0.6142024539877301
O83055,positive,ifnepitope2,med_ml_score,0.61
O83055,positive,ifnepitope2,med_blast_score,0.0
O83055,positive,ifnepitope2,med_total_score,0.61
O83301,positive,ifnepitope2,mean_ml_score,0.6173409090909091
O83301,positive,ifnepitope2,mean_blast_score,0.0
O83301,positive,ifnepitope2,mean_total_score,0.6173409090909091
O83301,positive,ifnepitope2,med_ml_score,0.615
O83301,positive,ifnepitope2,med_blast_score,0.0
O83301,positive,ifnepitope2,med_total_score,0.615
O83449,positive,ifnepitope2,mean_ml_score,0.6563285024154589
O83449,positive,ifnepitope2,mean_blast_score,0.0
O83449,positive,ifnepitope2,mean_total_score,0.6563285024154589
O83449,positive,ifnepitope2,med_ml_score,0.67
O83449,positive,ifnepitope2,med_blast_score,0.0
O83449,positive,ifnepitope2,med_total_score,0.67
O07950,positive,ifnepitope2,mean_ml_score,0.5756923076923077
O07950,positive,ifnepitope2,mean_blast_score,0.0
O07950,positive,ifnepitope2,mean_total_score,0.5756923076923077
O07950,positive,ifnepitope2,med_ml_score,0.57
O07950,positive,ifnepitope2,med_blast_score,0.0
O07950,positive,ifnepitope2,med_total_score,0.57
O83966,positive,ifnepitope2,mean_ml_score,0.6087272727272727
O83966,positive,ifnepitope2,mean_blast_score,0.0
O83966,positive,ifnepitope2,mean_total_score,0.6087272727272727
O83966,positive,ifnepitope2,med_ml_score,0.62
O83966,positive,ifnepitope2,med_blast_score,0.0
O83966,positive,ifnepitope2,med_total_score,0.62
O83458,positive,ifnepitope2,mean_ml_score,0.5949315068493151
O83458,positive,ifnepitope2,mean_blast_score,0.0
O83458,positive,ifnepitope2,mean_total_score,0.5949315068493151
O83458,positive,ifnepitope2,med_ml_score,0.59
O83458,positive,ifnepitope2,med_blast_score,0.0
O83458,positive,ifnepitope2,med_total_score,0.59
O83731,positive,ifnepitope2,mean_ml_score,0.5932093023255814
O83731,positive,ifnepitope2,mean_blast_score,0.0
O83731,positive,ifnepitope2,mean_total_score,0.5932093023255814
O83731,positive,ifnepitope2,med_ml_score,0.59
O83731,positive,ifnepitope2,med_blast_score,0.0
O83731,positive,ifnepitope2,med_total_score,0.59
O83246,positive,ifnepitope2,mean_ml_score,0.5927432216905901
O83246,positive,ifnepitope2,mean_blast_score,0.0
O83246,positive,ifnepitope2,mean_total_score,0.5927432216905901
O83246,positive,ifnepitope2,med_ml_score,0.6
O83246,positive,ifnepitope2,med_blast_score,0.0
O83246,positive,ifnepitope2,med_total_score,0.6
O83335,positive,ifnepitope2,mean_ml_score,0.6234748010610079
O83335,positive,ifnepitope2,mean_blast_score,0.0
O83335,positive,ifnepitope2,mean_total_score,0.6234748010610079
O83335,positive,ifnepitope2,med_ml_score,0.635
O83335,positive,ifnepitope2,med_blast_score,0.0
O83335,positive,ifnepitope2,med_total_score,0.635
O83830,positive,ifnepitope2,mean_ml_score,0.6087660668380462
O83830,positive,ifnepitope2,mean_blast_score,0.0
O83830,positive,ifnepitope2,mean_total_score,0.6087660668380462
O83830,positive,ifnepitope2,med_ml_score,0.61
O83830,positive,ifnepitope2,med_blast_score,0.0
O83830,positive,ifnepitope2,med_total_score,0.61
P74934,positive,ifnepitope2,mean_ml_score,0.5966745283018868
P74934,positive,ifnepitope2,mean_blast_score,0.0
P74934,positive,ifnepitope2,mean_total_score,0.5966745283018868
P74934,positive,ifnepitope2,med_ml_score,0.59
P74934,positive,ifnepitope2,med_blast_score,0.0
P74934,positive,ifnepitope2,med_total_score,0.59
O83630,positive,ifnepitope2,mean_ml_score,0.6064786324786324
O83630,positive,ifnepitope2,mean_blast_score,0.0
O83630,positive,ifnepitope2,mean_total_score,0.6064786324786324
O83630,positive,ifnepitope2,med_ml_score,0.61
O83630,positive,ifnepitope2,med_blast_score,0.0
O83630,positive,ifnepitope2,med_total_score,0.61
O83867,positive,ifnepitope2,mean_ml_score,0.6142406311637081
O83867,positive,ifnepitope2,mean_blast_score,0.0
O83867,positive,ifnepitope2,mean_total_score,0.6142406311637081
O83867,positive,ifnepitope2,med_ml_score,0.62
O83867,positive,ifnepitope2,med_blast_score,0.0
O83867,positive,ifnepitope2,med_total_score,0.62
O83528,positive,ifnepitope2,mean_ml_score,0.5995625635808749
O83528,positive,ifnepitope2,mean_blast_score,0.0
O83528,positive,ifnepitope2,mean_total_score,0.5995625635808749
O83528,positive,ifnepitope2,med_ml_score,0.61
O83528,positive,ifnepitope2,med_blast_score,0.0
O83528,positive,ifnepitope2,med_total_score,0.61
O83831,positive,ifnepitope2,mean_ml_score,0.5988965517241379
O83831,positive,ifnepitope2,mean_blast_score,0.0
O83831,positive,ifnepitope2,mean_total_score,0.5988965517241379
O83831,positive,ifnepitope2,med_ml_score,0.61
O83831,positive,ifnepitope2,med_blast_score,0.0
O83831,positive,ifnepitope2,med_total_score,0.61
F7IVD2,positive,ifnepitope2,mean_ml_score,0.5541891891891891
F7IVD2,positive,ifnepitope2,mean_blast_score,0.0
F7IVD2,positive,ifnepitope2,mean_total_score,0.5541891891891891
F7IVD2,positive,ifnepitope2,med_ml_score,0.57
F7IVD2,positive,ifnepitope2,med_blast_score,0.0
F7IVD2,positive,ifnepitope2,med_total_score,0.57
O83828,positive,ifnepitope2,mean_ml_score,0.6195114006514658
O83828,positive,ifnepitope2,mean_blast_score,0.0
O83828,positive,ifnepitope2,mean_total_score,0.6195114006514658
O83828,positive,ifnepitope2,med_ml_score,0.62
O83828,positive,ifnepitope2,med_blast_score,0.0
O83828,positive,ifnepitope2,med_total_score,0.62
O83469,positive,ifnepitope2,mean_ml_score,0.6205813953488372
O83469,positive,ifnepitope2,mean_blast_score,0.0
O83469,positive,ifnepitope2,mean_total_score,0.6205813953488372
O83469,positive,ifnepitope2,med_ml_score,0.63
O83469,positive,ifnepitope2,med_blast_score,0.0
O83469,positive,ifnepitope2,med_total_score,0.63
O83126,positive,ifnepitope2,mean_ml_score,0.595204081632653
O83126,positive,ifnepitope2,mean_blast_score,0.0
O83126,positive,ifnepitope2,mean_total_score,0.595204081632653
O83126,positive,ifnepitope2,med_ml_score,0.59
O83126,positive,ifnepitope2,med_blast_score,0.0
O83126,positive,ifnepitope2,med_total_score,0.59
O83865,positive,ifnepitope2,mean_ml_score,0.614561403508772
O83865,positive,ifnepitope2,mean_blast_score,0.0
O83865,positive,ifnepitope2,mean_total_score,0.614561403508772
O83865,positive,ifnepitope2,med_ml_score,0.64
O83865,positive,ifnepitope2,med_blast_score,0.0
O83865,positive,ifnepitope2,med_total_score,0.64
O83329,positive,ifnepitope2,mean_ml_score,0.5910479041916168
O83329,positive,ifnepitope2,mean_blast_score,0.0
O83329,positive,ifnepitope2,mean_total_score,0.5910479041916168
O83329,positive,ifnepitope2,med_ml_score,0.61
O83329,positive,ifnepitope2,med_blast_score,0.0
O83329,positive,ifnepitope2,med_total_score,0.61
O83930,positive,ifnepitope2,mean_ml_score,0.5920704845814978
O83930,positive,ifnepitope2,mean_blast_score,0.0
O83930,positive,ifnepitope2,mean_total_score,0.5920704845814978
O83930,positive,ifnepitope2,med_ml_score,0.58
O83930,positive,ifnepitope2,med_blast_score,0.0
O83930,positive,ifnepitope2,med_total_score,0.58
O83661,positive,ifnepitope2,mean_ml_score,0.5868235294117647
O83661,positive,ifnepitope2,mean_blast_score,0.0
O83661,positive,ifnepitope2,mean_total_score,0.5868235294117647
O83661,positive,ifnepitope2,med_ml_score,0.6
O83661,positive,ifnepitope2,med_blast_score,0.0
O83661,positive,ifnepitope2,med_total_score,0.6
R4J012,positive,ifnepitope2,mean_ml_score,0.6142024539877301
R4J012,positive,ifnepitope2,mean_blast_score,0.0
R4J012,positive,ifnepitope2,mean_total_score,0.6142024539877301
R4J012,positive,ifnepitope2,med_ml_score,0.61
R4J012,positive,ifnepitope2,med_blast_score,0.0
R4J012,positive,ifnepitope2,med_total_score,0.61
O83503,positive,ifnepitope2,mean_ml_score,0.545
O83503,positive,ifnepitope2,mean_blast_score,0.0
O83503,positive,ifnepitope2,mean_total_score,0.545
O83503,positive,ifnepitope2,med_ml_score,0.54
O83503,positive,ifnepitope2,med_blast_score,0.0
O83503,positive,ifnepitope2,med_total_score,0.54
O83615,positive,ifnepitope2,mean_ml_score,0.5681625441696113
O83615,positive,ifnepitope2,mean_blast_score,0.0
O83615,positive,ifnepitope2,mean_total_score,0.5681625441696113
O83615,positive,ifnepitope2,med_ml_score,0.58
O83615,positive,ifnepitope2,med_blast_score,0.0
O83615,positive,ifnepitope2,med_total_score,0.58
R4IYZ3,positive,ifnepitope2,mean_ml_score,0.6087188019966722
R4IYZ3,positive,ifnepitope2,mean_blast_score,0.0
R4IYZ3,positive,ifnepitope2,mean_total_score,0.6087188019966722
R4IYZ3,positive,ifnepitope2,med_ml_score,0.61
R4IYZ3,positive,ifnepitope2,med_blast_score,0.0
R4IYZ3,positive,ifnepitope2,med_total_score,0.61
O83346,positive,ifnepitope2,mean_ml_score,0.5884587378640777
O83346,positive,ifnepitope2,mean_blast_score,0.0
O83346,positive,ifnepitope2,mean_total_score,0.5884587378640777
O83346,positive,ifnepitope2,med_ml_score,0.59
O83346,positive,ifnepitope2,med_blast_score,0.0
O83346,positive,ifnepitope2,med_total_score,0.59
F7IW56,positive,ifnepitope2,mean_ml_score,0.6622689075630253
F7IW56,positive,ifnepitope2,mean_blast_score,0.0
F7IW56,positive,ifnepitope2,mean_total_score,0.6622689075630253
F7IW56,positive,ifnepitope2,med_ml_score,0.65
F7IW56,positive,ifnepitope2,med_blast_score,0.0
F7IW56,positive,ifnepitope2,med_total_score,0.65
O83475,positive,ifnepitope2,mean_ml_score,0.610313315926893
O83475,positive,ifnepitope2,mean_blast_score,0.0
O83475,positive,ifnepitope2,mean_total_score,0.610313315926893
O83475,positive,ifnepitope2,med_ml_score,0.62
O83475,positive,ifnepitope2,med_blast_score,0.0
O83475,positive,ifnepitope2,med_total_score,0.62
F7IVK2,positive,ifnepitope2,mean_ml_score,0.5917808219178082
F7IVK2,positive,ifnepitope2,mean_blast_score,0.0
F7IVK2,positive,ifnepitope2,mean_total_score,0.5917808219178082
F7IVK2,positive,ifnepitope2,med_ml_score,0.58
F7IVK2,positive,ifnepitope2,med_blast_score,0.0
F7IVK2,positive,ifnepitope2,med_total_score,0.58
O83548,positive,ifnepitope2,mean_ml_score,0.6354771784232365
O83548,positive,ifnepitope2,mean_blast_score,0.0
O83548,positive,ifnepitope2,mean_total_score,0.6354771784232365
O83548,positive,ifnepitope2,med_ml_score,0.65
O83548,positive,ifnepitope2,med_blast_score,0.0
O83548,positive,ifnepitope2,med_total_score,0.65
O83086,positive,ifnepitope2,mean_ml_score,0.6206060606060606
O83086,positive,ifnepitope2,mean_blast_score,0.0
O83086,positive,ifnepitope2,mean_total_score,0.6206060606060606
O83086,positive,ifnepitope2,med_ml_score,0.62
O83086,positive,ifnepitope2,med_blast_score,0.0
O83086,positive,ifnepitope2,med_total_score,0.62
O54312,positive,ifnepitope2,mean_ml_score,0.6221153846153846
O54312,positive,ifnepitope2,mean_blast_score,0.0
O54312,positive,ifnepitope2,mean_total_score,0.6221153846153846
O54312,positive,ifnepitope2,med_ml_score,0.62
O54312,positive,ifnepitope2,med_blast_score,0.0
O54312,positive,ifnepitope2,med_total_score,0.62
P07643,positive,ifnepitope2,mean_ml_score,0.5805341246290802
P07643,positive,ifnepitope2,mean_blast_score,0.0
P07643,positive,ifnepitope2,mean_total_score,0.5805341246290802
P07643,positive,ifnepitope2,med_ml_score,0.58
P07643,positive,ifnepitope2,med_blast_score,0.0
P07643,positive,ifnepitope2,med_total_score,0.58
Q08255,positive,ifnepitope2,mean_ml_score,0.6106075949367089
Q08255,positive,ifnepitope2,mean_blast_score,0.0
Q08255,positive,ifnepitope2,mean_total_score,0.6106075949367089
Q08255,positive,ifnepitope2,med_ml_score,0.62
Q08255,positive,ifnepitope2,med_blast_score,0.0
Q08255,positive,ifnepitope2,med_total_score,0.62
O83581,positive,ifnepitope2,mean_ml_score,0.5748356807511737
O83581,positive,ifnepitope2,mean_blast_score,0.0
O83581,positive,ifnepitope2,mean_total_score,0.5748356807511737
O83581,positive,ifnepitope2,med_ml_score,0.57
O83581,positive,ifnepitope2,med_blast_score,0.0
O83581,positive,ifnepitope2,med_total_score,0.57
O83275,positive,ifnepitope2,mean_ml_score,0.6108309455587393
O83275,positive,ifnepitope2,mean_blast_score,0.0
O83275,positive,ifnepitope2,mean_total_score,0.6108309455587393
O83275,positive,ifnepitope2,med_ml_score,0.61
O83275,positive,ifnepitope2,med_blast_score,0.0
O83275,positive,ifnepitope2,med_total_score,0.61
O83163,positive,ifnepitope2,mean_ml_score,0.6349767441860465
O83163,positive,ifnepitope2,mean_blast_score,0.0
O83163,positive,ifnepitope2,mean_total_score,0.6349767441860465
O83163,positive,ifnepitope2,med_ml_score,0.66
O83163,positive,ifnepitope2,med_blast_score,0.0
O83163,positive,ifnepitope2,med_total_score,0.66
O83481,positive,ifnepitope2,mean_ml_score,0.6144311377245509
O83481,positive,ifnepitope2,mean_blast_score,0.0
O83481,positive,ifnepitope2,mean_total_score,0.6144311377245509
O83481,positive,ifnepitope2,med_ml_score,0.63
O83481,positive,ifnepitope2,med_blast_score,0.0
O83481,positive,ifnepitope2,med_total_score,0.63
O83834,positive,ifnepitope2,mean_ml_score,0.6701953125
O83834,positive,ifnepitope2,mean_blast_score,0.0
O83834,positive,ifnepitope2,mean_total_score,0.6701953125
O83834,positive,ifnepitope2,med_ml_score,0.675
O83834,positive,ifnepitope2,med_blast_score,0.0
O83834,positive,ifnepitope2,med_total_score,0.675
O83349,positive,ifnepitope2,mean_ml_score,0.5962903225806452
O83349,positive,ifnepitope2,mean_blast_score,0.0
O83349,positive,ifnepitope2,mean_total_score,0.5962903225806452
O83349,positive,ifnepitope2,med_ml_score,0.6
O83349,positive,ifnepitope2,med_blast_score,0.0
O83349,positive,ifnepitope2,med_total_score,0.6
O83522,positive,ifnepitope2,mean_ml_score,0.5977777777777777
O83522,positive,ifnepitope2,mean_blast_score,0.0
O83522,positive,ifnepitope2,mean_total_score,0.5977777777777777
O83522,positive,ifnepitope2,med_ml_score,0.6
O83522,positive,ifnepitope2,med_blast_score,0.0
O83522,positive,ifnepitope2,med_total_score,0.6
O83410,positive,ifnepitope2,mean_ml_score,0.5746366782006921
O83410,positive,ifnepitope2,mean_blast_score,0.0
O83410,positive,ifnepitope2,mean_total_score,0.5746366782006921
O83410,positive,ifnepitope2,med_ml_score,0.56
O83410,positive,ifnepitope2,med_blast_score,0.0
O83410,positive,ifnepitope2,med_total_score,0.56
O83384,positive,ifnepitope2,mean_ml_score,0.6306496062992126
O83384,positive,ifnepitope2,mean_blast_score,0.0
O83384,positive,ifnepitope2,mean_total_score,0.6306496062992126
O83384,positive,ifnepitope2,med_ml_score,0.64
O83384,positive,ifnepitope2,med_blast_score,0.0
O83384,positive,ifnepitope2,med_total_score,0.64
A0A2P1DUM7,positive,ifnepitope2,mean_ml_score,0.6137634408602151
A0A2P1DUM7,positive,ifnepitope2,mean_blast_score,0.0
A0A2P1DUM7,positive,ifnepitope2,mean_total_score,0.6137634408602151
A0A2P1DUM7,positive,ifnepitope2,med_ml_score,0.615
A0A2P1DUM7,positive,ifnepitope2,med_blast_score,0.0
A0A2P1DUM7,positive,ifnepitope2,med_total_score,0.615
O83111,positive,ifnepitope2,mean_ml_score,0.5773170731707317
O83111,positive,ifnepitope2,mean_blast_score,0.0
O83111,positive,ifnepitope2,mean_total_score,0.5773170731707317
O83111,positive,ifnepitope2,med_ml_score,0.5800000000000001
O83111,positive,ifnepitope2,med_blast_score,0.0
O83111,positive,ifnepitope2,med_total_score,0.5800000000000001
O83159,positive,ifnepitope2,mean_ml_score,0.6188360655737705
O83159,positive,ifnepitope2,mean_blast_score,0.0
O83159,positive,ifnepitope2,mean_total_score,0.6188360655737705
O83159,positive,ifnepitope2,med_ml_score,0.61
O83159,positive,ifnepitope2,med_blast_score,0.0
O83159,positive,ifnepitope2,med_total_score,0.61
P16055,positive,ifnepitope2,mean_ml_score,0.6002238805970149
P16055,positive,ifnepitope2,mean_blast_score,0.0
P16055,positive,ifnepitope2,mean_total_score,0.6002238805970149
P16055,positive,ifnepitope2,med_ml_score,0.62
P16055,positive,ifnepitope2,med_blast_score,0.0
P16055,positive,ifnepitope2,med_total_score,0.62
O83920,positive,ifnepitope2,mean_ml_score,0.6153829787234043
O83920,positive,ifnepitope2,mean_blast_score,0.0
O83920,positive,ifnepitope2,mean_total_score,0.6153829787234043
O83920,positive,ifnepitope2,med_ml_score,0.61
O83920,positive,ifnepitope2,med_blast_score,0.0
O83920,positive,ifnepitope2,med_total_score,0.61
O83958,positive,ifnepitope2,mean_ml_score,0.6226950354609929
O83958,positive,ifnepitope2,mean_blast_score,0.0
O83958,positive,ifnepitope2,mean_total_score,0.6226950354609929
O83958,positive,ifnepitope2,med_ml_score,0.62
O83958,positive,ifnepitope2,med_blast_score,0.0
O83958,positive,ifnepitope2,med_total_score,0.62
P19478,positive,ifnepitope2,mean_ml_score,0.6025
P19478,positive,ifnepitope2,mean_blast_score,0.0
P19478,positive,ifnepitope2,mean_total_score,0.6025
P19478,positive,ifnepitope2,med_ml_score,0.61
P19478,positive,ifnepitope2,med_blast_score,0.0
P19478,positive,ifnepitope2,med_total_score,0.61
P23033,positive,ifnepitope2,mean_ml_score,0.6094402985074627
P23033,positive,ifnepitope2,mean_blast_score,0.0
P23033,positive,ifnepitope2,mean_total_score,0.6094402985074627
P23033,positive,ifnepitope2,med_ml_score,0.61
P23033,positive,ifnepitope2,med_blast_score,0.0
P23033,positive,ifnepitope2,med_total_score,0.61
O83691,positive,ifnepitope2,mean_ml_score,0.6170833333333333
O83691,positive,ifnepitope2,mean_blast_score,0.0
O83691,positive,ifnepitope2,mean_total_score,0.6170833333333333
O83691,positive,ifnepitope2,med_ml_score,0.63
O83691,positive,ifnepitope2,med_blast_score,0.0
O83691,positive,ifnepitope2,med_total_score,0.63
P29722,positive,ifnepitope2,mean_ml_score,0.6037162162162162
P29722,positive,ifnepitope2,mean_blast_score,0.0
P29722,positive,ifnepitope2,mean_total_score,0.6037162162162162
P29722,positive,ifnepitope2,med_ml_score,0.61
P29722,positive,ifnepitope2,med_blast_score,0.0
P29722,positive,ifnepitope2,med_total_score,0.61
O83633,positive,ifnepitope2,mean_ml_score,0.622809917355372
O83633,positive,ifnepitope2,mean_blast_score,0.0
O83633,positive,ifnepitope2,mean_total_score,0.622809917355372
O83633,positive,ifnepitope2,med_ml_score,0.625
O83633,positive,ifnepitope2,med_blast_score,0.0
O83633,positive,ifnepitope2,med_total_score,0.625
O83448,positive,ifnepitope2,mean_ml_score,0.6480246913580247
O83448,positive,ifnepitope2,mean_blast_score,0.0
O83448,positive,ifnepitope2,mean_total_score,0.6480246913580247
O83448,positive,ifnepitope2,med_ml_score,0.66
O83448,positive,ifnepitope2,med_blast_score,0.0
O83448,positive,ifnepitope2,med_total_score,0.66
O83795,positive,ifnepitope2,mean_ml_score,0.648
O83795,positive,ifnepitope2,mean_blast_score,0.0
O83795,positive,ifnepitope2,mean_total_score,0.648
O83795,positive,ifnepitope2,med_ml_score,0.65
O83795,positive,ifnepitope2,med_blast_score,0.0
O83795,positive,ifnepitope2,med_total_score,0.65
B0LGY7,positive,ifnepitope2,mean_ml_score,0.577652733118971
B0LGY7,positive,ifnepitope2,mean_blast_score,0.0
B0LGY7,positive,ifnepitope2,mean_total_score,0.577652733118971
B0LGY7,positive,ifnepitope2,med_ml_score,0.58
B0LGY7,positive,ifnepitope2,med_blast_score,0.0
B0LGY7,positive,ifnepitope2,med_total_score,0.58
O83967,positive,ifnepitope2,mean_ml_score,0.6217289719626168
O83967,positive,ifnepitope2,mean_blast_score,0.0
O83967,positive,ifnepitope2,mean_total_score,0.6217289719626168
O83967,positive,ifnepitope2,med_ml_score,0.62
O83967,positive,ifnepitope2,med_blast_score,0.0
O83967,positive,ifnepitope2,med_total_score,0.62
O83499,positive,ifnepitope2,mean_ml_score,0.5891832229580574
O83499,positive,ifnepitope2,mean_blast_score,0.0
O83499,positive,ifnepitope2,mean_total_score,0.5891832229580574
O83499,positive,ifnepitope2,med_ml_score,0.6
O83499,positive,ifnepitope2,med_blast_score,0.0
O83499,positive,ifnepitope2,med_total_score,0.6
O83980,positive,ifnepitope2,mean_ml_score,0.6067671691792295
O83980,positive,ifnepitope2,mean_blast_score,0.0
O83980,positive,ifnepitope2,mean_total_score,0.6067671691792295
O83980,positive,ifnepitope2,med_ml_score,0.62
O83980,positive,ifnepitope2,med_blast_score,0.0
O83980,positive,ifnepitope2,med_total_score,0.62
O83912,positive,ifnepitope2,mean_ml_score,0.5955479452054795
O83912,positive,ifnepitope2,mean_blast_score,0.0
O83912,positive,ifnepitope2,mean_total_score,0.5955479452054795
O83912,positive,ifnepitope2,med_ml_score,0.6
O83912,positive,ifnepitope2,med_blast_score,0.0
O83912,positive,ifnepitope2,med_total_score,0.6
Q56328,positive,ifnepitope2,mean_ml_score,0.6085671641791045
Q56328,positive,ifnepitope2,mean_blast_score,0.0
Q56328,positive,ifnepitope2,mean_total_score,0.6085671641791045
Q56328,positive,ifnepitope2,med_ml_score,0.63
Q56328,positive,ifnepitope2,med_blast_score,0.0
Q56328,positive,ifnepitope2,med_total_score,0.63
O83478,positive,ifnepitope2,mean_ml_score,0.6368439716312057
O83478,positive,ifnepitope2,mean_blast_score,0.0
O83478,positive,ifnepitope2,mean_total_score,0.6368439716312057
O83478,positive,ifnepitope2,med_ml_score,0.63
O83478,positive,ifnepitope2,med_blast_score,0.0
O83478,positive,ifnepitope2,med_total_score,0.63
O83669,positive,ifnepitope2,mean_ml_score,0.586068376068376
O83669,positive,ifnepitope2,mean_blast_score,0.0
O83669,positive,ifnepitope2,mean_total_score,0.586068376068376
O83669,positive,ifnepitope2,med_ml_score,0.58
O83669,positive,ifnepitope2,med_blast_score,0.0
O83669,positive,ifnepitope2,med_total_score,0.58
O83931,positive,ifnepitope2,mean_ml_score,0.6071794871794872
O83931,positive,ifnepitope2,mean_blast_score,0.0
O83931,positive,ifnepitope2,mean_total_score,0.6071794871794872
O83931,positive,ifnepitope2,med_ml_score,0.61
O83931,positive,ifnepitope2,med_blast_score,0.0
O83931,positive,ifnepitope2,med_total_score,0.61
O83748,positive,ifnepitope2,mean_ml_score,0.6147161572052402
O83748,positive,ifnepitope2,mean_blast_score,0.0
O83748,positive,ifnepitope2,mean_total_score,0.6147161572052402
O83748,positive,ifnepitope2,med_ml_score,0.62
O83748,positive,ifnepitope2,med_blast_score,0.0
O83748,positive,ifnepitope2,med_total_score,0.62
P29724,positive,ifnepitope2,mean_ml_score,0.5730144927536232
P29724,positive,ifnepitope2,mean_blast_score,0.0
P29724,positive,ifnepitope2,mean_total_score,0.5730144927536232
P29724,positive,ifnepitope2,med_ml_score,0.57
P29724,positive,ifnepitope2,med_blast_score,0.0
P29724,positive,ifnepitope2,med_total_score,0.57
O83138,positive,ifnepitope2,mean_ml_score,0.6344791666666667
O83138,positive,ifnepitope2,mean_blast_score,0.0
O83138,positive,ifnepitope2,mean_total_score,0.6344791666666667
O83138,positive,ifnepitope2,med_ml_score,0.64
O83138,positive,ifnepitope2,med_blast_score,0.0
O83138,positive,ifnepitope2,med_total_score,0.64
O83768,positive,ifnepitope2,mean_ml_score,0.63648
O83768,positive,ifnepitope2,mean_blast_score,0.0
O83768,positive,ifnepitope2,mean_total_score,0.63648
O83768,positive,ifnepitope2,med_ml_score,0.63
O83768,positive,ifnepitope2,med_blast_score,0.0
O83768,positive,ifnepitope2,med_total_score,0.63
R4IZI5,positive,ifnepitope2,mean_ml_score,0.6223038397328882
R4IZI5,positive,ifnepitope2,mean_blast_score,0.0
R4IZI5,positive,ifnepitope2,mean_total_score,0.6223038397328882
R4IZI5,positive,ifnepitope2,med_ml_score,0.63
R4IZI5,positive,ifnepitope2,med_blast_score,0.0
R4IZI5,positive,ifnepitope2,med_total_score,0.63
P29722,positive,ifnepitope2,mean_ml_score,0.6037162162162162
P29722,positive,ifnepitope2,mean_blast_score,0.0
P29722,positive,ifnepitope2,mean_total_score,0.6037162162162162
P29722,positive,ifnepitope2,med_ml_score,0.61
P29722,positive,ifnepitope2,med_blast_score,0.0
P29722,positive,ifnepitope2,med_total_score,0.61
O83958,positive,ifnepitope2,mean_ml_score,0.6226950354609929
O83958,positive,ifnepitope2,mean_blast_score,0.0
O83958,positive,ifnepitope2,mean_total_score,0.6226950354609929
O83958,positive,ifnepitope2,med_ml_score,0.62
O83958,positive,ifnepitope2,med_blast_score,0.0
O83958,positive,ifnepitope2,med_total_score,0.62
O83522,positive,ifnepitope2,mean_ml_score,0.5977777777777777
O83522,positive,ifnepitope2,mean_blast_score,0.0
O83522,positive,ifnepitope2,mean_total_score,0.5977777777777777
O83522,positive,ifnepitope2,med_ml_score,0.6
O83522,positive,ifnepitope2,med_blast_score,0.0
O83522,positive,ifnepitope2,med_total_score,0.6
R4IYZ3,positive,ifnepitope2,mean_ml_score,0.6087188019966722
R4IYZ3,positive,ifnepitope2,mean_blast_score,0.0
R4IYZ3,positive,ifnepitope2,mean_total_score,0.6087188019966722
R4IYZ3,positive,ifnepitope2,med_ml_score,0.61
R4IYZ3,positive,ifnepitope2,med_blast_score,0.0
R4IYZ3,positive,ifnepitope2,med_total_score,0.61
O83980,positive,ifnepitope2,mean_ml_score,0.6067671691792295
O83980,positive,ifnepitope2,mean_blast_score,0.0
O83980,positive,ifnepitope2,mean_total_score,0.6067671691792295
O83980,positive,ifnepitope2,med_ml_score,0.62
O83980,positive,ifnepitope2,med_blast_score,0.0
O83980,positive,ifnepitope2,med_total_score,0.62
O83627,positive,ifnepitope2,mean_ml_score,0.6122522522522522
O83627,positive,ifnepitope2,mean_blast_score,0.0
O83627,positive,ifnepitope2,mean_total_score,0.6122522522522522
O83627,positive,ifnepitope2,med_ml_score,0.61
O83627,positive,ifnepitope2,med_blast_score,0.0
O83627,positive,ifnepitope2,med_total_score,0.61
O83641,positive,ifnepitope2,mean_ml_score,0.583321554770318
O83641,positive,ifnepitope2,mean_blast_score,0.0
O83641,positive,ifnepitope2,mean_total_score,0.583321554770318
O83641,positive,ifnepitope2,med_ml_score,0.59
O83641,positive,ifnepitope2,med_blast_score,0.0
O83641,positive,ifnepitope2,med_total_score,0.59
O83795,positive,ifnepitope2,mean_ml_score,0.648
O83795,positive,ifnepitope2,mean_blast_score,0.0
O83795,positive,ifnepitope2,mean_total_score,0.648
O83795,positive,ifnepitope2,med_ml_score,0.65
O83795,positive,ifnepitope2,med_blast_score,0.0
O83795,positive,ifnepitope2,med_total_score,0.65
O83483,positive,ifnepitope2,mean_ml_score,0.5508720930232558
O83483,positive,ifnepitope2,mean_blast_score,0.0
O83483,positive,ifnepitope2,mean_total_score,0.5508720930232558
O83483,positive,ifnepitope2,med_ml_score,0.48
O83483,positive,ifnepitope2,med_blast_score,0.0
O83483,positive,ifnepitope2,med_total_score,0.48
O83629,positive,ifnepitope2,mean_ml_score,0.6087188019966722
O83629,positive,ifnepitope2,mean_blast_score,0.0
O83629,positive,ifnepitope2,mean_total_score,0.6087188019966722
O83629,positive,ifnepitope2,med_ml_score,0.61
O83629,positive,ifnepitope2,med_blast_score,0.0
O83629,positive,ifnepitope2,med_total_score,0.61
O83865,positive,ifnepitope2,mean_ml_score,0.6185625
O83865,positive,ifnepitope2,mean_blast_score,0.0
O83865,positive,ifnepitope2,mean_total_score,0.6185625
O83865,positive,ifnepitope2,med_ml_score,0.64
O83865,positive,ifnepitope2,med_blast_score,0.0
O83865,positive,ifnepitope2,med_total_score,0.64
O83458,positive,ifnepitope2,mean_ml_score,0.5949315068493151
O83458,positive,ifnepitope2,mean_blast_score,0.0
O83458,positive,ifnepitope2,mean_total_score,0.5949315068493151
O83458,positive,ifnepitope2,med_ml_score,0.59
O83458,positive,ifnepitope2,med_blast_score,0.0
O83458,positive,ifnepitope2,med_total_score,0.59
O83633,positive,ifnepitope2,mean_ml_score,0.622809917355372
O83633,positive,ifnepitope2,mean_blast_score,0.0
O83633,positive,ifnepitope2,mean_total_score,0.622809917355372
O83633,positive,ifnepitope2,med_ml_score,0.625
O83633,positive,ifnepitope2,med_blast_score,0.0
O83633,positive,ifnepitope2,med_total_score,0.625
O83768,positive,ifnepitope2,mean_ml_score,0.63648
O83768,positive,ifnepitope2,mean_blast_score,0.0
O83768,positive,ifnepitope2,mean_total_score,0.63648
O83768,positive,ifnepitope2,med_ml_score,0.63
O83768,positive,ifnepitope2,med_blast_score,0.0
O83768,positive,ifnepitope2,med_total_score,0.63
O83520,positive,ifnepitope2,mean_ml_score,0.5848167539267016
O83520,positive,ifnepitope2,mean_blast_score,0.0
O83520,positive,ifnepitope2,mean_total_score,0.5848167539267016
O83520,positive,ifnepitope2,med_ml_score,0.59
O83520,positive,ifnepitope2,med_blast_score,0.0
O83520,positive,ifnepitope2,med_total_score,0.59
O83111,positive,ifnepitope2,mean_ml_score,0.5773170731707317
O83111,positive,ifnepitope2,mean_blast_score,0.0
O83111,positive,ifnepitope2,mean_total_score,0.5773170731707317
O83111,positive,ifnepitope2,med_ml_score,0.5800000000000001
O83111,positive,ifnepitope2,med_blast_score,0.0
O83111,positive,ifnepitope2,med_total_score,0.5800000000000001
O83159,positive,ifnepitope2,mean_ml_score,0.6188360655737705
O83159,positive,ifnepitope2,mean_blast_score,0.0
O83159,positive,ifnepitope2,mean_total_score,0.6188360655737705
O83159,positive,ifnepitope2,med_ml_score,0.61
O83159,positive,ifnepitope2,med_blast_score,0.0
O83159,positive,ifnepitope2,med_total_score,0.61
O83613,positive,ifnepitope2,mean_ml_score,0.5881714285714286
O83613,positive,ifnepitope2,mean_blast_score,0.0
O83613,positive,ifnepitope2,mean_total_score,0.5881714285714286
O83613,positive,ifnepitope2,med_ml_score,0.59
O83613,positive,ifnepitope2,med_blast_score,0.0
O83613,positive,ifnepitope2,med_total_score,0.59
O83251,positive,ifnepitope2,mean_ml_score,0.5702142857142857
O83251,positive,ifnepitope2,mean_blast_score,0.0
O83251,positive,ifnepitope2,mean_total_score,0.5702142857142857
O83251,positive,ifnepitope2,med_ml_score,0.58
O83251,positive,ifnepitope2,med_blast_score,0.0
O83251,positive,ifnepitope2,med_total_score,0.58
O83080,positive,ifnepitope2,mean_ml_score,0.5835913312693498
O83080,positive,ifnepitope2,mean_blast_score,0.0
O83080,positive,ifnepitope2,mean_total_score,0.5835913312693498
O83080,positive,ifnepitope2,med_ml_score,0.59
O83080,positive,ifnepitope2,med_blast_score,0.0
O83080,positive,ifnepitope2,med_total_score,0.59
O83507,positive,ifnepitope2,mean_ml_score,0.5586415094339623
O83507,positive,ifnepitope2,mean_blast_score,0.0
O83507,positive,ifnepitope2,mean_total_score,0.5586415094339623
O83507,positive,ifnepitope2,med_ml_score,0.56
O83507,positive,ifnepitope2,med_blast_score,0.0
O83507,positive,ifnepitope2,med_total_score,0.56
R4J012,positive,ifnepitope2,mean_ml_score,0.6142024539877301
R4J012,positive,ifnepitope2,mean_blast_score,0.0
R4J012,positive,ifnepitope2,mean_total_score,0.6142024539877301
R4J012,positive,ifnepitope2,med_ml_score,0.61
R4J012,positive,ifnepitope2,med_blast_score,0.0
R4J012,positive,ifnepitope2,med_total_score,0.61
O83731,positive,ifnepitope2,mean_ml_score,0.5932093023255814
O83731,positive,ifnepitope2,mean_blast_score,0.0
O83731,positive,ifnepitope2,mean_total_score,0.5932093023255814
O83731,positive,ifnepitope2,med_ml_score,0.59
O83731,positive,ifnepitope2,med_blast_score,0.0
O83731,positive,ifnepitope2,med_total_score,0.59
O88138,positive,ifnepitope2,mean_ml_score,0.6168855218855219
O88138,positive,ifnepitope2,mean_blast_score,0.0
O88138,positive,ifnepitope2,mean_total_score,0.6168855218855219
O88138,positive,ifnepitope2,med_ml_score,0.625
O88138,positive,ifnepitope2,med_blast_score,0.0
O88138,positive,ifnepitope2,med_total_score,0.625
O83346,positive,ifnepitope2,mean_ml_score,0.5884587378640777
O83346,positive,ifnepitope2,mean_blast_score,0.0
O83346,positive,ifnepitope2,mean_total_score,0.5884587378640777
O83346,positive,ifnepitope2,med_ml_score,0.59
O83346,positive,ifnepitope2,med_blast_score,0.0
O83346,positive,ifnepitope2,med_total_score,0.59
O83335,positive,ifnepitope2,mean_ml_score,0.6234748010610079
O83335,positive,ifnepitope2,mean_blast_score,0.0
O83335,positive,ifnepitope2,mean_total_score,0.6234748010610079
O83335,positive,ifnepitope2,med_ml_score,0.635
O83335,positive,ifnepitope2,med_blast_score,0.0
O83335,positive,ifnepitope2,med_total_score,0.635
O30405,positive,ifnepitope2,mean_ml_score,0.5892528735632184
O30405,positive,ifnepitope2,mean_blast_score,0.0
O30405,positive,ifnepitope2,mean_total_score,0.5892528735632184
O30405,positive,ifnepitope2,med_ml_score,0.59
O30405,positive,ifnepitope2,med_blast_score,0.0
O30405,positive,ifnepitope2,med_total_score,0.59
O83932,positive,ifnepitope2,mean_ml_score,0.6173320895522388
O83932,positive,ifnepitope2,mean_blast_score,0.0
O83932,positive,ifnepitope2,mean_total_score,0.6173320895522388
O83932,positive,ifnepitope2,med_ml_score,0.62
O83932,positive,ifnepitope2,med_blast_score,0.0
O83932,positive,ifnepitope2,med_total_score,0.62
O83329,positive,ifnepitope2,mean_ml_score,0.5910479041916168
O83329,positive,ifnepitope2,mean_blast_score,0.0
O83329,positive,ifnepitope2,mean_total_score,0.5910479041916168
O83329,positive,ifnepitope2,med_ml_score,0.61
O83329,positive,ifnepitope2,med_blast_score,0.0
O83329,positive,ifnepitope2,med_total_score,0.61
P96116,positive,ifnepitope2,mean_ml_score,0.6136
P96116,positive,ifnepitope2,mean_blast_score,0.0
P96116,positive,ifnepitope2,mean_total_score,0.6136
P96116,positive,ifnepitope2,med_ml_score,0.615
P96116,positive,ifnepitope2,med_blast_score,0.0
P96116,positive,ifnepitope2,med_total_score,0.615
P19649,positive,ifnepitope2,mean_ml_score,0.5969400630914826
P19649,positive,ifnepitope2,mean_blast_score,0.0
P19649,positive,ifnepitope2,mean_total_score,0.5969400630914826
P19649,positive,ifnepitope2,med_ml_score,0.58
P19649,positive,ifnepitope2,med_blast_score,0.0
P19649,positive,ifnepitope2,med_total_score,0.58
O83669,positive,ifnepitope2,mean_ml_score,0.586068376068376
O83669,positive,ifnepitope2,mean_blast_score,0.0
O83669,positive,ifnepitope2,mean_total_score,0.586068376068376
O83669,positive,ifnepitope2,med_ml_score,0.58
O83669,positive,ifnepitope2,med_blast_score,0.0
O83669,positive,ifnepitope2,med_total_score,0.58
O83337,positive,ifnepitope2,mean_ml_score,0.6312967914438503
O83337,positive,ifnepitope2,mean_blast_score,0.0
O83337,positive,ifnepitope2,mean_total_score,0.6312967914438503
O83337,positive,ifnepitope2,med_ml_score,0.64
O83337,positive,ifnepitope2,med_blast_score,0.0
O83337,positive,ifnepitope2,med_total_score,0.64
O07884,positive,ifnepitope2,mean_ml_score,0.6045714285714285
O07884,positive,ifnepitope2,mean_blast_score,0.0
O07884,positive,ifnepitope2,mean_total_score,0.6045714285714285
O07884,positive,ifnepitope2,med_ml_score,0.62
O07884,positive,ifnepitope2,med_blast_score,0.0
O07884,positive,ifnepitope2,med_total_score,0.62
A0A2P1DUM5,positive,ifnepitope2,mean_ml_score,0.570276073619632
A0A2P1DUM5,positive,ifnepitope2,mean_blast_score,0.0
A0A2P1DUM5,positive,ifnepitope2,mean_total_score,0.570276073619632
A0A2P1DUM5,positive,ifnepitope2,med_ml_score,0.59
A0A2P1DUM5,positive,ifnepitope2,med_blast_score,0.0
A0A2P1DUM5,positive,ifnepitope2,med_total_score,0.59
O83451,positive,ifnepitope2,mean_ml_score,0.6024404761904762
O83451,positive,ifnepitope2,mean_blast_score,0.0
O83451,positive,ifnepitope2,mean_total_score,0.6024404761904762
O83451,positive,ifnepitope2,med_ml_score,0.62
O83451,positive,ifnepitope2,med_blast_score,0.0
O83451,positive,ifnepitope2,med_total_score,0.62
O84002,positive,ifnepitope2,mean_ml_score,0.6042274052478134
O84002,positive,ifnepitope2,mean_blast_score,0.0
O84002,positive,ifnepitope2,mean_total_score,0.6042274052478134
O84002,positive,ifnepitope2,med_ml_score,0.61
O84002,positive,ifnepitope2,med_blast_score,0.0
O84002,positive,ifnepitope2,med_total_score,0.61
P23033,positive,ifnepitope2,mean_ml_score,0.6094402985074627
P23033,positive,ifnepitope2,mean_blast_score,0.0
P23033,positive,ifnepitope2,mean_total_score,0.6094402985074627
P23033,positive,ifnepitope2,med_ml_score,0.61
P23033,positive,ifnepitope2,med_blast_score,0.0
P23033,positive,ifnepitope2,med_total_score,0.61
P16665,positive,ifnepitope2,mean_ml_score,0.5505325443786983
P16665,positive,ifnepitope2,mean_blast_score,0.0
P16665,positive,ifnepitope2,mean_total_score,0.5505325443786983
P16665,positive,ifnepitope2,med_ml_score,0.56
P16665,positive,ifnepitope2,med_blast_score,0.0
P16665,positive,ifnepitope2,med_total_score,0.56
B0LGY7,positive,ifnepitope2,mean_ml_score,0.577652733118971
B0LGY7,positive,ifnepitope2,mean_blast_score,0.0
B0LGY7,positive,ifnepitope2,mean_total_score,0.577652733118971
B0LGY7,positive,ifnepitope2,med_ml_score,0.58
B0LGY7,positive,ifnepitope2,med_blast_score,0.0
B0LGY7,positive,ifnepitope2,med_total_score,0.58
O83503,positive,ifnepitope2,mean_ml_score,0.545
O83503,positive,ifnepitope2,mean_blast_score,0.0
O83503,positive,ifnepitope2,mean_total_score,0.545
O83503,positive,ifnepitope2,med_ml_score,0.54
O83503,positive,ifnepitope2,med_blast_score,0.0
O83503,positive,ifnepitope2,med_total_score,0.54
O83427,positive,ifnepitope2,mean_ml_score,0.5743010752688172
O83427,positive,ifnepitope2,mean_blast_score,0.0
O83427,positive,ifnepitope2,mean_total_score,0.5743010752688172
O83427,positive,ifnepitope2,med_ml_score,0.57
O83427,positive,ifnepitope2,med_blast_score,0.0
O83427,positive,ifnepitope2,med_total_score,0.57
O83414,positive,ifnepitope2,mean_ml_score,0.6086583184257602
O83414,positive,ifnepitope2,mean_blast_score,0.0
O83414,positive,ifnepitope2,mean_total_score,0.6086583184257602
O83414,positive,ifnepitope2,med_ml_score,0.61
O83414,positive,ifnepitope2,med_blast_score,0.0
O83414,positive,ifnepitope2,med_total_score,0.61
O83630,positive,ifnepitope2,mean_ml_score,0.6064786324786324
O83630,positive,ifnepitope2,mean_blast_score,0.0
O83630,positive,ifnepitope2,mean_total_score,0.6064786324786324
O83630,positive,ifnepitope2,med_ml_score,0.61
O83630,positive,ifnepitope2,med_blast_score,0.0
O83630,positive,ifnepitope2,med_total_score,0.61
O83499,positive,ifnepitope2,mean_ml_score,0.5891832229580574
O83499,positive,ifnepitope2,mean_blast_score,0.0
O83499,positive,ifnepitope2,mean_total_score,0.5891832229580574
O83499,positive,ifnepitope2,med_ml_score,0.6
O83499,positive,ifnepitope2,med_blast_score,0.0
O83499,positive,ifnepitope2,med_total_score,0.6
O83828,positive,ifnepitope2,mean_ml_score,0.6195114006514658
O83828,positive,ifnepitope2,mean_blast_score,0.0
O83828,positive,ifnepitope2,mean_total_score,0.6195114006514658
O83828,positive,ifnepitope2,med_ml_score,0.62
O83828,positive,ifnepitope2,med_blast_score,0.0
O83828,positive,ifnepitope2,med_total_score,0.62
O83347,positive,ifnepitope2,mean_ml_score,0.5698780487804878
O83347,positive,ifnepitope2,mean_blast_score,0.0
O83347,positive,ifnepitope2,mean_total_score,0.5698780487804878
O83347,positive,ifnepitope2,med_ml_score,0.575
O83347,positive,ifnepitope2,med_blast_score,0.0
O83347,positive,ifnepitope2,med_total_score,0.575
O83813,positive,ifnepitope2,mean_ml_score,0.5956394129979036
O83813,positive,ifnepitope2,mean_blast_score,0.0
O83813,positive,ifnepitope2,mean_total_score,0.5956394129979036
O83813,positive,ifnepitope2,med_ml_score,0.6
O83813,positive,ifnepitope2,med_blast_score,0.0
O83813,positive,ifnepitope2,med_total_score,0.6
O83246,positive,ifnepitope2,mean_ml_score,0.5927432216905901
O83246,positive,ifnepitope2,mean_blast_score,0.0
O83246,positive,ifnepitope2,mean_total_score,0.5927432216905901
O83246,positive,ifnepitope2,med_ml_score,0.6
O83246,positive,ifnepitope2,med_blast_score,0.0
O83246,positive,ifnepitope2,med_total_score,0.6
O83923,positive,ifnepitope2,mean_ml_score,0.5933832335329341
O83923,positive,ifnepitope2,mean_blast_score,0.0
O83923,positive,ifnepitope2,mean_total_score,0.5933832335329341
O83923,positive,ifnepitope2,med_ml_score,0.6
O83923,positive,ifnepitope2,med_blast_score,0.0
O83923,positive,ifnepitope2,med_total_score,0.6
O83930,positive,ifnepitope2,mean_ml_score,0.5920704845814978
O83930,positive,ifnepitope2,mean_blast_score,0.0
O83930,positive,ifnepitope2,mean_total_score,0.5920704845814978
O83930,positive,ifnepitope2,med_ml_score,0.58
O83930,positive,ifnepitope2,med_blast_score,0.0
O83930,positive,ifnepitope2,med_total_score,0.58
O83581,positive,ifnepitope2,mean_ml_score,0.5748356807511737
O83581,positive,ifnepitope2,mean_blast_score,0.0
O83581,positive,ifnepitope2,mean_total_score,0.5748356807511737
O83581,positive,ifnepitope2,med_ml_score,0.57
O83581,positive,ifnepitope2,med_blast_score,0.0
O83581,positive,ifnepitope2,med_total_score,0.57
O83275,positive,ifnepitope2,mean_ml_score,0.6108309455587393
O83275,positive,ifnepitope2,mean_blast_score,0.0
O83275,positive,ifnepitope2,mean_total_score,0.6108309455587393
O83275,positive,ifnepitope2,med_ml_score,0.61
O83275,positive,ifnepitope2,med_blast_score,0.0
O83275,positive,ifnepitope2,med_total_score,0.61
O83487,positive,ifnepitope2,mean_ml_score,0.5979324894514768
O83487,positive,ifnepitope2,mean_blast_score,0.0
O83487,positive,ifnepitope2,mean_total_score,0.5979324894514768
O83487,positive,ifnepitope2,med_ml_score,0.6
O83487,positive,ifnepitope2,med_blast_score,0.0
O83487,positive,ifnepitope2,med_total_score,0.6
O83249,positive,ifnepitope2,mean_ml_score,0.5884
O83249,positive,ifnepitope2,mean_blast_score,0.0
O83249,positive,ifnepitope2,mean_total_score,0.5884
O83249,positive,ifnepitope2,med_ml_score,0.57
O83249,positive,ifnepitope2,med_blast_score,0.0
O83249,positive,ifnepitope2,med_total_score,0.57
O83769,positive,ifnepitope2,mean_ml_score,0.5978181818181818
O83769,positive,ifnepitope2,mean_blast_score,0.0
O83769,positive,ifnepitope2,mean_total_score,0.5978181818181818
O83769,positive,ifnepitope2,med_ml_score,0.6
O83769,positive,ifnepitope2,med_blast_score,0.0
O83769,positive,ifnepitope2,med_total_score,0.6
O83528,positive,ifnepitope2,mean_ml_score,0.5995625635808749
O83528,positive,ifnepitope2,mean_blast_score,0.0
O83528,positive,ifnepitope2,mean_total_score,0.5995625635808749
O83528,positive,ifnepitope2,med_ml_score,0.61
O83528,positive,ifnepitope2,med_blast_score,0.0
O83528,positive,ifnepitope2,med_total_score,0.61
O83920,positive,ifnepitope2,mean_ml_score,0.6153829787234043
O83920,positive,ifnepitope2,mean_blast_score,0.0
O83920,positive,ifnepitope2,mean_total_score,0.6153829787234043
O83920,positive,ifnepitope2,med_ml_score,0.61
O83920,positive,ifnepitope2,med_blast_score,0.0
O83920,positive,ifnepitope2,med_total_score,0.61
O83325,positive,ifnepitope2,mean_ml_score,0.6175326797385621
O83325,positive,ifnepitope2,mean_blast_score,0.0
O83325,positive,ifnepitope2,mean_total_score,0.6175326797385621
O83325,positive,ifnepitope2,med_ml_score,0.62
O83325,positive,ifnepitope2,med_blast_score,0.0
O83325,positive,ifnepitope2,med_total_score,0.62
O83748,positive,ifnepitope2,mean_ml_score,0.6147161572052402
O83748,positive,ifnepitope2,mean_blast_score,0.0
O83748,positive,ifnepitope2,mean_total_score,0.6147161572052402
O83748,positive,ifnepitope2,med_ml_score,0.62
O83748,positive,ifnepitope2,med_blast_score,0.0
O83748,positive,ifnepitope2,med_total_score,0.62
O83619,positive,ifnepitope2,mean_ml_score,0.6032604373757455
O83619,positive,ifnepitope2,mean_blast_score,0.0
O83619,positive,ifnepitope2,mean_total_score,0.6032604373757455
O83619,positive,ifnepitope2,med_ml_score,0.6
O83619,positive,ifnepitope2,med_blast_score,0.0
O83619,positive,ifnepitope2,med_total_score,0.6
O83413,positive,ifnepitope2,mean_ml_score,0.5863793103448276
O83413,positive,ifnepitope2,mean_blast_score,0.0
O83413,positive,ifnepitope2,mean_total_score,0.5863793103448276
O83413,positive,ifnepitope2,med_ml_score,0.595
O83413,positive,ifnepitope2,med_blast_score,0.0
O83413,positive,ifnepitope2,med_total_score,0.595
O83164,positive,ifnepitope2,mean_ml_score,0.6111764705882353
O83164,positive,ifnepitope2,mean_blast_score,0.0
O83164,positive,ifnepitope2,mean_total_score,0.6111764705882353
O83164,positive,ifnepitope2,med_ml_score,0.6
O83164,positive,ifnepitope2,med_blast_score,0.0
O83164,positive,ifnepitope2,med_total_score,0.6
O83964,positive,ifnepitope2,mean_ml_score,0.5972692793931732
O83964,positive,ifnepitope2,mean_blast_score,0.0
O83964,positive,ifnepitope2,mean_total_score,0.5972692793931732
O83964,positive,ifnepitope2,med_ml_score,0.6
O83964,positive,ifnepitope2,med_blast_score,0.0
O83964,positive,ifnepitope2,med_total_score,0.6
O83475,positive,ifnepitope2,mean_ml_score,0.610313315926893
O83475,positive,ifnepitope2,mean_blast_score,0.0
O83475,positive,ifnepitope2,mean_total_score,0.610313315926893
O83475,positive,ifnepitope2,med_ml_score,0.62
O83475,positive,ifnepitope2,med_blast_score,0.0
O83475,positive,ifnepitope2,med_total_score,0.62
O83301,positive,ifnepitope2,mean_ml_score,0.6173409090909091
O83301,positive,ifnepitope2,mean_blast_score,0.0
O83301,positive,ifnepitope2,mean_total_score,0.6173409090909091
O83301,positive,ifnepitope2,med_ml_score,0.615
O83301,positive,ifnepitope2,med_blast_score,0.0
O83301,positive,ifnepitope2,med_total_score,0.615
O83831,positive,ifnepitope2,mean_ml_score,0.5988965517241379
O83831,positive,ifnepitope2,mean_blast_score,0.0
O83831,positive,ifnepitope2,mean_total_score,0.5988965517241379
O83831,positive,ifnepitope2,med_ml_score,0.61
O83831,positive,ifnepitope2,med_blast_score,0.0
O83831,positive,ifnepitope2,med_total_score,0.61
O83782,positive,ifnepitope2,mean_ml_score,0.5801846965699209
O83782,positive,ifnepitope2,mean_blast_score,0.0
O83782,positive,ifnepitope2,mean_total_score,0.5801846965699209
O83782,positive,ifnepitope2,med_ml_score,0.58
O83782,positive,ifnepitope2,med_blast_score,0.0
O83782,positive,ifnepitope2,med_total_score,0.58
O83661,positive,ifnepitope2,mean_ml_score,0.5868235294117647
O83661,positive,ifnepitope2,mean_blast_score,0.0
O83661,positive,ifnepitope2,mean_total_score,0.5868235294117647
O83661,positive,ifnepitope2,med_ml_score,0.6
O83661,positive,ifnepitope2,med_blast_score,0.0
O83661,positive,ifnepitope2,med_total_score,0.6
P74934,positive,ifnepitope2,mean_ml_score,0.5966745283018868
P74934,positive,ifnepitope2,mean_blast_score,0.0
P74934,positive,ifnepitope2,mean_total_score,0.5966745283018868
P74934,positive,ifnepitope2,med_ml_score,0.59
P74934,positive,ifnepitope2,med_blast_score,0.0
P74934,positive,ifnepitope2,med_total_score,0.59
P38369,positive,ifnepitope2,mean_ml_score,0.577799511002445
P38369,positive,ifnepitope2,mean_blast_score,0.0
P38369,positive,ifnepitope2,mean_total_score,0.577799511002445
P38369,positive,ifnepitope2,med_ml_score,0.58
P38369,positive,ifnepitope2,med_blast_score,0.0
P38369,positive,ifnepitope2,med_total_score,0.58
A0A2P1DUM7,positive,ifnepitope2,mean_ml_score,0.6137634408602151
A0A2P1DUM7,positive,ifnepitope2,mean_blast_score,0.0
A0A2P1DUM7,positive,ifnepitope2,mean_total_score,0.6137634408602151
A0A2P1DUM7,positive,ifnepitope2,med_ml_score,0.615
A0A2P1DUM7,positive,ifnepitope2,med_blast_score,0.0
A0A2P1DUM7,positive,ifnepitope2,med_total_score,0.615
O83922,positive,ifnepitope2,mean_ml_score,0.6076825396825397
O83922,positive,ifnepitope2,mean_blast_score,0.0
O83922,positive,ifnepitope2,mean_total_score,0.6076825396825397
O83922,positive,ifnepitope2,med_ml_score,0.61
O83922,positive,ifnepitope2,med_blast_score,0.0
O83922,positive,ifnepitope2,med_total_score,0.61
O83449,positive,ifnepitope2,mean_ml_score,0.6563285024154589
O83449,positive,ifnepitope2,mean_blast_score,0.0
O83449,positive,ifnepitope2,mean_total_score,0.6563285024154589
O83449,positive,ifnepitope2,med_ml_score,0.67
O83449,positive,ifnepitope2,med_blast_score,0.0
O83449,positive,ifnepitope2,med_total_score,0.67
O83482,positive,ifnepitope2,mean_ml_score,0.6106118143459915
O83482,positive,ifnepitope2,mean_blast_score,0.0
O83482,positive,ifnepitope2,mean_total_score,0.6106118143459915
O83482,positive,ifnepitope2,med_ml_score,0.61
O83482,positive,ifnepitope2,med_blast_score,0.0
O83482,positive,ifnepitope2,med_total_score,0.61
O83383,positive,ifnepitope2,mean_ml_score,0.6350485436893204
O83383,positive,ifnepitope2,mean_blast_score,0.0
O83383,positive,ifnepitope2,mean_total_score,0.6350485436893204
O83383,positive,ifnepitope2,med_ml_score,0.65
O83383,positive,ifnepitope2,med_blast_score,0.0
O83383,positive,ifnepitope2,med_total_score,0.65
P56822,positive,ifnepitope2,mean_ml_score,0.6389506172839506
P56822,positive,ifnepitope2,mean_blast_score,0.0
P56822,positive,ifnepitope2,mean_total_score,0.6389506172839506
P56822,positive,ifnepitope2,med_ml_score,0.645
P56822,positive,ifnepitope2,med_blast_score,0.0
P56822,positive,ifnepitope2,med_total_score,0.645
O83933,positive,ifnepitope2,mean_ml_score,0.5565302144249513
O83933,positive,ifnepitope2,mean_blast_score,0.0
O83933,positive,ifnepitope2,mean_total_score,0.5565302144249513
O83933,positive,ifnepitope2,med_ml_score,0.57
O83933,positive,ifnepitope2,med_blast_score,0.0
O83933,positive,ifnepitope2,med_total_score,0.57
F7IVK2,positive,ifnepitope2,mean_ml_score,0.5917808219178082
F7IVK2,positive,ifnepitope2,mean_blast_score,0.0
F7IVK2,positive,ifnepitope2,mean_total_score,0.5917808219178082
F7IVK2,positive,ifnepitope2,med_ml_score,0.58
F7IVK2,positive,ifnepitope2,med_blast_score,0.0
F7IVK2,positive,ifnepitope2,med_total_score,0.58
O83349,positive,ifnepitope2,mean_ml_score,0.5962903225806452
O83349,positive,ifnepitope2,mean_blast_score,0.0
O83349,positive,ifnepitope2,mean_total_score,0.5962903225806452
O83349,positive,ifnepitope2,med_ml_score,0.6
O83349,positive,ifnepitope2,med_blast_score,0.0
O83349,positive,ifnepitope2,med_total_score,0.6
O83691,positive,ifnepitope2,mean_ml_score,0.6170833333333333
O83691,positive,ifnepitope2,mean_blast_score,0.0
O83691,positive,ifnepitope2,mean_total_score,0.6170833333333333
O83691,positive,ifnepitope2,med_ml_score,0.63
O83691,positive,ifnepitope2,med_blast_score,0.0
O83691,positive,ifnepitope2,med_total_score,0.63
F7IWA5,positive,ifnepitope2,mean_ml_score,0.6312967914438503
F7IWA5,positive,ifnepitope2,mean_blast_score,0.0
F7IWA5,positive,ifnepitope2,mean_total_score,0.6312967914438503
F7IWA5,positive,ifnepitope2,med_ml_score,0.64
F7IWA5,positive,ifnepitope2,med_blast_score,0.0
F7IWA5,positive,ifnepitope2,med_total_score,0.64
O83830,positive,ifnepitope2,mean_ml_score,0.6087660668380462
O83830,positive,ifnepitope2,mean_blast_score,0.0
O83830,positive,ifnepitope2,mean_total_score,0.6087660668380462
O83830,positive,ifnepitope2,med_ml_score,0.61
O83830,positive,ifnepitope2,med_blast_score,0.0
O83830,positive,ifnepitope2,med_total_score,0.61
O83837,positive,ifnepitope2,mean_ml_score,0.5994714587737844
O83837,positive,ifnepitope2,mean_blast_score,0.0
O83837,positive,ifnepitope2,mean_total_score,0.5994714587737844
O83837,positive,ifnepitope2,med_ml_score,0.61
O83837,positive,ifnepitope2,med_blast_score,0.0
O83837,positive,ifnepitope2,med_total_score,0.61
O06690,positive,ifnepitope2,mean_ml_score,0.5654973821989528
O06690,positive,ifnepitope2,mean_blast_score,0.0
O06690,positive,ifnepitope2,mean_total_score,0.5654973821989528
O06690,positive,ifnepitope2,med_ml_score,0.56
O06690,positive,ifnepitope2,med_blast_score,0.0
O06690,positive,ifnepitope2,med_total_score,0.56
F7IW56,positive,ifnepitope2,mean_ml_score,0.6622689075630253
F7IW56,positive,ifnepitope2,mean_blast_score,0.0
F7IW56,positive,ifnepitope2,mean_total_score,0.6622689075630253
F7IW56,positive,ifnepitope2,med_ml_score,0.65
F7IW56,positive,ifnepitope2,med_blast_score,0.0
F7IW56,positive,ifnepitope2,med_total_score,0.65
P07643,positive,ifnepitope2,mean_ml_score,0.5805341246290802
P07643,positive,ifnepitope2,mean_blast_score,0.0
P07643,positive,ifnepitope2,mean_total_score,0.5805341246290802
P07643,positive,ifnepitope2,med_ml_score,0.58
P07643,positive,ifnepitope2,med_blast_score,0.0
P07643,positive,ifnepitope2,med_total_score,0.58
O83213,positive,ifnepitope2,mean_ml_score,0.5919047619047619
O83213,positive,ifnepitope2,mean_blast_score,0.0
O83213,positive,ifnepitope2,mean_total_score,0.5919047619047619
O83213,positive,ifnepitope2,med_ml_score,0.6
O83213,positive,ifnepitope2,med_blast_score,0.0
O83213,positive,ifnepitope2,med_total_score,0.6
O83268,positive,ifnepitope2,mean_ml_score,0.6059504132231405
O83268,positive,ifnepitope2,mean_blast_score,0.0
O83268,positive,ifnepitope2,mean_total_score,0.6059504132231405
O83268,positive,ifnepitope2,med_ml_score,0.62
O83268,positive,ifnepitope2,med_blast_score,0.0
O83268,positive,ifnepitope2,med_total_score,0.62
O83615,positive,ifnepitope2,mean_ml_score,0.5681625441696113
O83615,positive,ifnepitope2,mean_blast_score,0.0
O83615,positive,ifnepitope2,mean_total_score,0.5681625441696113
O83615,positive,ifnepitope2,med_ml_score,0.58
O83615,positive,ifnepitope2,med_blast_score,0.0
O83615,positive,ifnepitope2,med_total_score,0.58
O83126,positive,ifnepitope2,mean_ml_score,0.595204081632653
O83126,positive,ifnepitope2,mean_blast_score,0.0
O83126,positive,ifnepitope2,mean_total_score,0.595204081632653
O83126,positive,ifnepitope2,med_ml_score,0.59
O83126,positive,ifnepitope2,med_blast_score,0.0
O83126,positive,ifnepitope2,med_total_score,0.59
O83296,positive,ifnepitope2,mean_ml_score,0.6053469387755102
O83296,positive,ifnepitope2,mean_blast_score,0.0
O83296,positive,ifnepitope2,mean_total_score,0.6053469387755102
O83296,positive,ifnepitope2,med_ml_score,0.6
O83296,positive,ifnepitope2,med_blast_score,0.0
O83296,positive,ifnepitope2,med_total_score,0.6
O83095,positive,ifnepitope2,mean_ml_score,0.6241880341880341
O83095,positive,ifnepitope2,mean_blast_score,0.0
O83095,positive,ifnepitope2,mean_total_score,0.6241880341880341
O83095,positive,ifnepitope2,med_ml_score,0.63
O83095,positive,ifnepitope2,med_blast_score,0.0
O83095,positive,ifnepitope2,med_total_score,0.63
O83715,positive,ifnepitope2,mean_ml_score,0.6106161137440759
O83715,positive,ifnepitope2,mean_blast_score,0.0
O83715,positive,ifnepitope2,mean_total_score,0.6106161137440759
O83715,positive,ifnepitope2,med_ml_score,0.63
O83715,positive,ifnepitope2,med_blast_score,0.0
O83715,positive,ifnepitope2,med_total_score,0.63
O83163,positive,ifnepitope2,mean_ml_score,0.6349767441860465
O83163,positive,ifnepitope2,mean_blast_score,0.0
O83163,positive,ifnepitope2,mean_total_score,0.6349767441860465
O83163,positive,ifnepitope2,med_ml_score,0.66
O83163,positive,ifnepitope2,med_blast_score,0.0
O83163,positive,ifnepitope2,med_total_score,0.66
O83138,positive,ifnepitope2,mean_ml_score,0.6344791666666667
O83138,positive,ifnepitope2,mean_blast_score,0.0
O83138,positive,ifnepitope2,mean_total_score,0.6344791666666667
O83138,positive,ifnepitope2,med_ml_score,0.64
O83138,positive,ifnepitope2,med_blast_score,0.0
O83138,positive,ifnepitope2,med_total_score,0.64
O07950,positive,ifnepitope2,mean_ml_score,0.5756923076923077
O07950,positive,ifnepitope2,mean_blast_score,0.0
O07950,positive,ifnepitope2,mean_total_score,0.5756923076923077
O07950,positive,ifnepitope2,med_ml_score,0.57
O07950,positive,ifnepitope2,med_blast_score,0.0
O07950,positive,ifnepitope2,med_total_score,0.57
P16055,positive,ifnepitope2,mean_ml_score,0.6002238805970149
P16055,positive,ifnepitope2,mean_blast_score,0.0
P16055,positive,ifnepitope2,mean_total_score,0.6002238805970149
P16055,positive,ifnepitope2,med_ml_score,0.62
P16055,positive,ifnepitope2,med_blast_score,0.0
P16055,positive,ifnepitope2,med_total_score,0.62
O83966,positive,ifnepitope2,mean_ml_score,0.6087272727272727
O83966,positive,ifnepitope2,mean_blast_score,0.0
O83966,positive,ifnepitope2,mean_total_score,0.6087272727272727
O83966,positive,ifnepitope2,med_ml_score,0.62
O83966,positive,ifnepitope2,med_blast_score,0.0
O83966,positive,ifnepitope2,med_total_score,0.62
O83448,positive,ifnepitope2,mean_ml_score,0.6480246913580247
O83448,positive,ifnepitope2,mean_blast_score,0.0
O83448,positive,ifnepitope2,mean_total_score,0.6480246913580247
O83448,positive,ifnepitope2,med_ml_score,0.66
O83448,positive,ifnepitope2,med_blast_score,0.0
O83448,positive,ifnepitope2,med_total_score,0.66
O83666,positive,ifnepitope2,mean_ml_score,0.5790599675850892
O83666,positive,ifnepitope2,mean_blast_score,0.0
O83666,positive,ifnepitope2,mean_total_score,0.5790599675850892
O83666,positive,ifnepitope2,med_ml_score,0.59
O83666,positive,ifnepitope2,med_blast_score,0.0
O83666,positive,ifnepitope2,med_total_score,0.59
O83974,positive,ifnepitope2,mean_ml_score,0.619645390070922
O83974,positive,ifnepitope2,mean_blast_score,0.0
O83974,positive,ifnepitope2,mean_total_score,0.619645390070922
O83974,positive,ifnepitope2,med_ml_score,0.63
O83974,positive,ifnepitope2,med_blast_score,0.0
O83974,positive,ifnepitope2,med_total_score,0.63
O83123,positive,ifnepitope2,mean_ml_score,0.6012142857142857
O83123,positive,ifnepitope2,mean_blast_score,0.0
O83123,positive,ifnepitope2,mean_total_score,0.6012142857142857
O83123,positive,ifnepitope2,med_ml_score,0.615
O83123,positive,ifnepitope2,med_blast_score,0.0
O83123,positive,ifnepitope2,med_total_score,0.615
O83931,positive,ifnepitope2,mean_ml_score,0.6071794871794872
O83931,positive,ifnepitope2,mean_blast_score,0.0
O83931,positive,ifnepitope2,mean_total_score,0.6071794871794872
O83931,positive,ifnepitope2,med_ml_score,0.61
O83931,positive,ifnepitope2,med_blast_score,0.0
O83931,positive,ifnepitope2,med_total_score,0.61
O83557,positive,ifnepitope2,mean_ml_score,0.5899644760213144
O83557,positive,ifnepitope2,mean_blast_score,0.0
O83557,positive,ifnepitope2,mean_total_score,0.5899644760213144
O83557,positive,ifnepitope2,med_ml_score,0.59
O83557,positive,ifnepitope2,med_blast_score,0.0
O83557,positive,ifnepitope2,med_total_score,0.59
O83867,positive,ifnepitope2,mean_ml_score,0.6142406311637081
O83867,positive,ifnepitope2,mean_blast_score,0.0
O83867,positive,ifnepitope2,mean_total_score,0.6142406311637081
O83867,positive,ifnepitope2,med_ml_score,0.62
O83867,positive,ifnepitope2,med_blast_score,0.0
O83867,positive,ifnepitope2,med_total_score,0.62
O83481,positive,ifnepitope2,mean_ml_score,0.6144311377245509
O83481,positive,ifnepitope2,mean_blast_score,0.0
O83481,positive,ifnepitope2,mean_total_score,0.6144311377245509
O83481,positive,ifnepitope2,med_ml_score,0.63
O83481,positive,ifnepitope2,med_blast_score,0.0
O83481,positive,ifnepitope2,med_total_score,0.63
O83834,positive,ifnepitope2,mean_ml_score,0.6701953125
O83834,positive,ifnepitope2,mean_blast_score,0.0
O83834,positive,ifnepitope2,mean_total_score,0.6701953125
O83834,positive,ifnepitope2,med_ml_score,0.675
O83834,positive,ifnepitope2,med_blast_score,0.0
O83834,positive,ifnepitope2,med_total_score,0.675
P29723,positive,ifnepitope2,mean_ml_score,0.5903755868544601
P29723,positive,ifnepitope2,mean_blast_score,0.0
P29723,positive,ifnepitope2,mean_total_score,0.5903755868544601
P29723,positive,ifnepitope2,med_ml_score,0.6
P29723,positive,ifnepitope2,med_blast_score,0.0
P29723,positive,ifnepitope2,med_total_score,0.6
O83967,positive,ifnepitope2,mean_ml_score,0.6217289719626168
O83967,positive,ifnepitope2,mean_blast_score,0.0
O83967,positive,ifnepitope2,mean_total_score,0.6217289719626168
O83967,positive,ifnepitope2,med_ml_score,0.62
O83967,positive,ifnepitope2,med_blast_score,0.0
O83967,positive,ifnepitope2,med_total_score,0.62
O83169,positive,ifnepitope2,mean_ml_score,0.613790523690773
O83169,positive,ifnepitope2,mean_blast_score,0.0
O83169,positive,ifnepitope2,mean_total_score,0.613790523690773
O83169,positive,ifnepitope2,med_ml_score,0.62
O83169,positive,ifnepitope2,med_blast_score,0.0
O83169,positive,ifnepitope2,med_total_score,0.62
O84001,positive,ifnepitope2,mean_ml_score,0.5941758241758242
O84001,positive,ifnepitope2,mean_blast_score,0.0
O84001,positive,ifnepitope2,mean_total_score,0.5941758241758242
O84001,positive,ifnepitope2,med_ml_score,0.59
O84001,positive,ifnepitope2,med_blast_score,0.0
O84001,positive,ifnepitope2,med_total_score,0.59
O83469,positive,ifnepitope2,mean_ml_score,0.6205813953488372
O83469,positive,ifnepitope2,mean_blast_score,0.0
O83469,positive,ifnepitope2,mean_total_score,0.6205813953488372
O83469,positive,ifnepitope2,med_ml_score,0.63
O83469,positive,ifnepitope2,med_blast_score,0.0
O83469,positive,ifnepitope2,med_total_score,0.63
O83384,positive,ifnepitope2,mean_ml_score,0.6306496062992126
O83384,positive,ifnepitope2,mean_blast_score,0.0
O83384,positive,ifnepitope2,mean_total_score,0.6306496062992126
O83384,positive,ifnepitope2,med_ml_score,0.64
O83384,positive,ifnepitope2,med_blast_score,0.0
O83384,positive,ifnepitope2,med_total_score,0.64
O83912,positive,ifnepitope2,mean_ml_score,0.5955479452054795
O83912,positive,ifnepitope2,mean_blast_score,0.0
O83912,positive,ifnepitope2,mean_total_score,0.5955479452054795
O83912,positive,ifnepitope2,med_ml_score,0.6
O83912,positive,ifnepitope2,med_blast_score,0.0
O83912,positive,ifnepitope2,med_total_score,0.6
O83410,positive,ifnepitope2,mean_ml_score,0.5746366782006921
O83410,positive,ifnepitope2,mean_blast_score,0.0
O83410,positive,ifnepitope2,mean_total_score,0.5746366782006921
O83410,positive,ifnepitope2,med_ml_score,0.56
O83410,positive,ifnepitope2,med_blast_score,0.0
O83410,positive,ifnepitope2,med_total_score,0.56
O67998,positive,ifnepitope2,mean_ml_score,0.5803942652329749
O67998,positive,ifnepitope2,mean_blast_score,0.0
O67998,positive,ifnepitope2,mean_total_score,0.5803942652329749
O67998,positive,ifnepitope2,med_ml_score,0.57
O67998,positive,ifnepitope2,med_blast_score,0.0
O67998,positive,ifnepitope2,med_total_score,0.57
O83751,positive,ifnepitope2,mean_ml_score,0.6168045112781955
O83751,positive,ifnepitope2,mean_blast_score,0.0
O83751,positive,ifnepitope2,mean_total_score,0.6168045112781955
O83751,positive,ifnepitope2,med_ml_score,0.63
O83751,positive,ifnepitope2,med_blast_score,0.0
O83751,positive,ifnepitope2,med_total_score,0.63
P29725,positive,ifnepitope2,mean_ml_score,0.5770821529745043
P29725,positive,ifnepitope2,mean_blast_score,0.0
P29725,positive,ifnepitope2,mean_total_score,0.5770821529745043
P29725,positive,ifnepitope2,med_ml_score,0.58
P29725,positive,ifnepitope2,med_blast_score,0.0
P29725,positive,ifnepitope2,med_total_score,0.58
O83055,positive,ifnepitope2,mean_ml_score,0.6142024539877301
O83055,positive,ifnepitope2,mean_blast_score,0.0
O83055,positive,ifnepitope2,mean_total_score,0.6142024539877301
O83055,positive,ifnepitope2,med_ml_score,0.61
O83055,positive,ifnepitope2,med_blast_score,0.0
O83055,positive,ifnepitope2,med_total_score,0.61
Q08255,positive,ifnepitope2,mean_ml_score,0.6106075949367089
Q08255,positive,ifnepitope2,mean_blast_score,0.0
Q08255,positive,ifnepitope2,mean_total_score,0.6106075949367089
Q08255,positive,ifnepitope2,med_ml_score,0.62
Q08255,positive,ifnepitope2,med_blast_score,0.0
Q08255,positive,ifnepitope2,med_total_score,0.62
O83086,positive,ifnepitope2,mean_ml_score,0.6206060606060606
O83086,positive,ifnepitope2,mean_blast_score,0.0
O83086,positive,ifnepitope2,mean_total_score,0.6206060606060606
O83086,positive,ifnepitope2,med_ml_score,0.62
O83086,positive,ifnepitope2,med_blast_score,0.0
O83086,positive,ifnepitope2,med_total_score,0.62
O54312,positive,ifnepitope2,mean_ml_score,0.6221153846153846
O54312,positive,ifnepitope2,mean_blast_score,0.0
O54312,positive,ifnepitope2,mean_total_score,0.6221153846153846
O54312,positive,ifnepitope2,med_ml_score,0.62
O54312,positive,ifnepitope2,med_blast_score,0.0
O54312,positive,ifnepitope2,med_total_score,0.62
O83639,positive,ifnepitope2,mean_ml_score,0.613493670886076
O83639,positive,ifnepitope2,mean_blast_score,0.0
O83639,positive,ifnepitope2,mean_total_score,0.613493670886076
O83639,positive,ifnepitope2,med_ml_score,0.61
O83639,positive,ifnepitope2,med_blast_score,0.0
O83639,positive,ifnepitope2,med_total_score,0.61
Q56328,positive,ifnepitope2,mean_ml_score,0.6085671641791045
Q56328,positive,ifnepitope2,mean_blast_score,0.0
Q56328,positive,ifnepitope2,mean_total_score,0.6085671641791045
Q56328,positive,ifnepitope2,med_ml_score,0.63
Q56328,positive,ifnepitope2,med_blast_score,0.0
Q56328,positive,ifnepitope2,med_total_score,0.63
P19478,positive,ifnepitope2,mean_ml_score,0.6025
P19478,positive,ifnepitope2,mean_blast_score,0.0
P19478,positive,ifnepitope2,mean_total_score,0.6025
P19478,positive,ifnepitope2,med_ml_score,0.61
P19478,positive,ifnepitope2,med_blast_score,0.0
P19478,positive,ifnepitope2,med_total_score,0.61
P29724,positive,ifnepitope2,mean_ml_score,0.5730144927536232
P29724,positive,ifnepitope2,mean_blast_score,0.0
P29724,positive,ifnepitope2,mean_total_score,0.5730144927536232
P29724,positive,ifnepitope2,med_ml_score,0.57
P29724,positive,ifnepitope2,med_blast_score,0.0
P29724,positive,ifnepitope2,med_total_score,0.57
F7IVD2,positive,ifnepitope2,mean_ml_score,0.5541891891891891
F7IVD2,positive,ifnepitope2,mean_blast_score,0.0
F7IVD2,positive,ifnepitope2,mean_total_score,0.5541891891891891
F7IVD2,positive,ifnepitope2,med_ml_score,0.57
F7IVD2,positive,ifnepitope2,med_blast_score,0.0
F7IVD2,positive,ifnepitope2,med_total_score,0.57
O83994,positive,ifnepitope2,mean_ml_score,0.6033333333333334
O83994,positive,ifnepitope2,mean_blast_score,0.0
O83994,positive,ifnepitope2,mean_total_score,0.6033333333333334
O83994,positive,ifnepitope2,med_ml_score,0.6
O83994,positive,ifnepitope2,med_blast_score,0.0
O83994,positive,ifnepitope2,med_total_score,0.6
O83478,positive,ifnepitope2,mean_ml_score,0.6368439716312057
O83478,positive,ifnepitope2,mean_blast_score,0.0
O83478,positive,ifnepitope2,mean_total_score,0.6368439716312057
O83478,positive,ifnepitope2,med_ml_score,0.63
O83478,positive,ifnepitope2,med_blast_score,0.0
O83478,positive,ifnepitope2,med_total_score,0.63
O83732,positive,ifnepitope2,mean_ml_score,0.6170742358078602
O83732,positive,ifnepitope2,mean_blast_score,0.0
O83732,positive,ifnepitope2,mean_total_score,0.6170742358078602
O83732,positive,ifnepitope2,med_ml_score,0.63
O83732,positive,ifnepitope2,med_blast_score,0.0
O83732,positive,ifnepitope2,med_total_score,0.63
O83935,positive,ifnepitope2,mean_ml_score,0.5916195856873823
O83935,positive,ifnepitope2,mean_blast_score,0.0
O83935,positive,ifnepitope2,mean_total_score,0.5916195856873823
O83935,positive,ifnepitope2,med_ml_score,0.6
O83935,positive,ifnepitope2,med_blast_score,0.0
O83935,positive,ifnepitope2,med_total_score,0.6
O83548,positive,ifnepitope2,mean_ml_score,0.6354771784232365
O83548,positive,ifnepitope2,mean_blast_score,0.0
O83548,positive,ifnepitope2,mean_total_score,0.6354771784232365
O83548,positive,ifnepitope2,med_ml_score,0.65
O83548,positive,ifnepitope2,med_blast_score,0.0
O83548,positive,ifnepitope2,med_total_score,0.65
O83830,positive,ifnepitope2,mean_ml_score,0.6142525773195876
O83830,positive,ifnepitope2,mean_blast_score,0.0
O83830,positive,ifnepitope2,mean_total_score,0.6142525773195876
O83830,positive,ifnepitope2,med_ml_score,0.61
O83830,positive,ifnepitope2,med_blast_score,0.0
O83830,positive,ifnepitope2,med_total_score,0.61
O83731,positive,ifnepitope2,mean_ml_score,0.5932093023255814
O83731,positive,ifnepitope2,mean_blast_score,0.0
O83731,positive,ifnepitope2,mean_total_score,0.5932093023255814
O83731,positive,ifnepitope2,med_ml_score,0.59
O83731,positive,ifnepitope2,med_blast_score,0.0
O83731,positive,ifnepitope2,med_total_score,0.59
O83487,positive,ifnepitope2,mean_ml_score,0.5979324894514768
O83487,positive,ifnepitope2,mean_blast_score,0.0
O83487,positive,ifnepitope2,mean_total_score,0.5979324894514768
O83487,positive,ifnepitope2,med_ml_score,0.6
O83487,positive,ifnepitope2,med_blast_score,0.0
O83487,positive,ifnepitope2,med_total_score,0.6
O83249,positive,ifnepitope2,mean_ml_score,0.5884
O83249,positive,ifnepitope2,mean_blast_score,0.0
O83249,positive,ifnepitope2,mean_total_score,0.5884
O83249,positive,ifnepitope2,med_ml_score,0.57
O83249,positive,ifnepitope2,med_blast_score,0.0
O83249,positive,ifnepitope2,med_total_score,0.57
O83448,positive,ifnepitope2,mean_ml_score,0.634320987654321
O83448,positive,ifnepitope2,mean_blast_score,0.0
O83448,positive,ifnepitope2,mean_total_score,0.634320987654321
O83448,positive,ifnepitope2,med_ml_score,0.64
O83448,positive,ifnepitope2,med_blast_score,0.0
O83448,positive,ifnepitope2,med_total_score,0.64
O83666,positive,ifnepitope2,mean_ml_score,0.5790599675850892
O83666,positive,ifnepitope2,mean_blast_score,0.0
O83666,positive,ifnepitope2,mean_total_score,0.5790599675850892
O83666,positive,ifnepitope2,med_ml_score,0.59
O83666,positive,ifnepitope2,med_blast_score,0.0
O83666,positive,ifnepitope2,med_total_score,0.59
O83347,positive,ifnepitope2,mean_ml_score,0.5698780487804878
O83347,positive,ifnepitope2,mean_blast_score,0.0
O83347,positive,ifnepitope2,mean_total_score,0.5698780487804878
O83347,positive,ifnepitope2,med_ml_score,0.575
O83347,positive,ifnepitope2,med_blast_score,0.0
O83347,positive,ifnepitope2,med_total_score,0.575
O83732,positive,ifnepitope2,mean_ml_score,0.6170742358078602
O83732,positive,ifnepitope2,mean_blast_score,0.0
O83732,positive,ifnepitope2,mean_total_score,0.6170742358078602
O83732,positive,ifnepitope2,med_ml_score,0.63
O83732,positive,ifnepitope2,med_blast_score,0.0
O83732,positive,ifnepitope2,med_total_score,0.63
O83481,positive,ifnepitope2,mean_ml_score,0.6144311377245509
O83481,positive,ifnepitope2,mean_blast_score,0.0
O83481,positive,ifnepitope2,mean_total_score,0.6144311377245509
O83481,positive,ifnepitope2,med_ml_score,0.63
O83481,positive,ifnepitope2,med_blast_score,0.0
O83481,positive,ifnepitope2,med_total_score,0.63
O83834,positive,ifnepitope2,mean_ml_score,0.6701953125
O83834,positive,ifnepitope2,mean_blast_score,0.0
O83834,positive,ifnepitope2,mean_total_score,0.6701953125
O83834,positive,ifnepitope2,med_ml_score,0.675
O83834,positive,ifnepitope2,med_blast_score,0.0
O83834,positive,ifnepitope2,med_total_score,0.675
P07643,positive,ifnepitope2,mean_ml_score,0.5827596439169139
P07643,positive,ifnepitope2,mean_blast_score,0.0
P07643,positive,ifnepitope2,mean_total_score,0.5827596439169139
P07643,positive,ifnepitope2,med_ml_score,0.58
P07643,positive,ifnepitope2,med_blast_score,0.0
P07643,positive,ifnepitope2,med_total_score,0.58
O83768,positive,ifnepitope2,mean_ml_score,0.63604
O83768,positive,ifnepitope2,mean_blast_score,0.0
O83768,positive,ifnepitope2,mean_total_score,0.63604
O83768,positive,ifnepitope2,med_ml_score,0.63
O83768,positive,ifnepitope2,med_blast_score,0.0
O83768,positive,ifnepitope2,med_total_score,0.63
O83086,positive,ifnepitope2,mean_ml_score,0.6206060606060606
O83086,positive,ifnepitope2,mean_blast_score,0.0
O83086,positive,ifnepitope2,mean_total_score,0.6206060606060606
O83086,positive,ifnepitope2,med_ml_score,0.62
O83086,positive,ifnepitope2,med_blast_score,0.0
O83086,positive,ifnepitope2,med_total_score,0.62
O54312,positive,ifnepitope2,mean_ml_score,0.6222541966426859
O54312,positive,ifnepitope2,mean_blast_score,0.0
O54312,positive,ifnepitope2,mean_total_score,0.6222541966426859
O54312,positive,ifnepitope2,med_ml_score,0.62
O54312,positive,ifnepitope2,med_blast_score,0.0
O54312,positive,ifnepitope2,med_total_score,0.62
F7IW56,positive,ifnepitope2,mean_ml_score,0.6641596638655463
F7IW56,positive,ifnepitope2,mean_blast_score,0.0
F7IW56,positive,ifnepitope2,mean_total_score,0.6641596638655463
F7IW56,positive,ifnepitope2,med_ml_score,0.66
F7IW56,positive,ifnepitope2,med_blast_score,0.0
F7IW56,positive,ifnepitope2,med_total_score,0.66
O83384,positive,ifnepitope2,mean_ml_score,0.6309842519685039
O83384,positive,ifnepitope2,mean_blast_score,0.0
O83384,positive,ifnepitope2,mean_total_score,0.6309842519685039
O83384,positive,ifnepitope2,med_ml_score,0.64
O83384,positive,ifnepitope2,med_blast_score,0.0
O83384,positive,ifnepitope2,med_total_score,0.64
F7IWA5,positive,ifnepitope2,mean_ml_score,0.6384266666666667
F7IWA5,positive,ifnepitope2,mean_blast_score,0.0
F7IWA5,positive,ifnepitope2,mean_total_score,0.6384266666666667
F7IWA5,positive,ifnepitope2,med_ml_score,0.64
F7IWA5,positive,ifnepitope2,med_blast_score,0.0
F7IWA5,positive,ifnepitope2,med_total_score,0.64
P19649,positive,ifnepitope2,mean_ml_score,0.5969400630914826
P19649,positive,ifnepitope2,mean_blast_score,0.0
P19649,positive,ifnepitope2,mean_total_score,0.5969400630914826
P19649,positive,ifnepitope2,med_ml_score,0.58
P19649,positive,ifnepitope2,med_blast_score,0.0
P19649,positive,ifnepitope2,med_total_score,0.58
O83520,positive,ifnepitope2,mean_ml_score,0.5848167539267016
O83520,positive,ifnepitope2,mean_blast_score,0.0
O83520,positive,ifnepitope2,mean_total_score,0.5848167539267016
O83520,positive,ifnepitope2,med_ml_score,0.59
O83520,positive,ifnepitope2,med_blast_score,0.0
O83520,positive,ifnepitope2,med_total_score,0.59
O83769,positive,ifnepitope2,mean_ml_score,0.5978857142857142
O83769,positive,ifnepitope2,mean_blast_score,0.0
O83769,positive,ifnepitope2,mean_total_score,0.5978857142857142
O83769,positive,ifnepitope2,med_ml_score,0.6
O83769,positive,ifnepitope2,med_blast_score,0.0
O83769,positive,ifnepitope2,med_total_score,0.6
O83475,positive,ifnepitope2,mean_ml_score,0.6176302083333334
O83475,positive,ifnepitope2,mean_blast_score,0.0
O83475,positive,ifnepitope2,mean_total_score,0.6176302083333334
O83475,positive,ifnepitope2,med_ml_score,0.62
O83475,positive,ifnepitope2,med_blast_score,0.0
O83475,positive,ifnepitope2,med_total_score,0.62
O83613,positive,ifnepitope2,mean_ml_score,0.5881714285714286
O83613,positive,ifnepitope2,mean_blast_score,0.0
O83613,positive,ifnepitope2,mean_total_score,0.5881714285714286
O83613,positive,ifnepitope2,med_ml_score,0.59
O83613,positive,ifnepitope2,med_blast_score,0.0
O83613,positive,ifnepitope2,med_total_score,0.59
O83251,positive,ifnepitope2,mean_ml_score,0.5656296296296296
O83251,positive,ifnepitope2,mean_blast_score,0.0
O83251,positive,ifnepitope2,mean_total_score,0.5656296296296296
O83251,positive,ifnepitope2,med_ml_score,0.58
O83251,positive,ifnepitope2,med_blast_score,0.0
O83251,positive,ifnepitope2,med_total_score,0.58
O83080,positive,ifnepitope2,mean_ml_score,0.5835913312693498
O83080,positive,ifnepitope2,mean_blast_score,0.0
O83080,positive,ifnepitope2,mean_total_score,0.5835913312693498
O83080,positive,ifnepitope2,med_ml_score,0.59
O83080,positive,ifnepitope2,med_blast_score,0.0
O83080,positive,ifnepitope2,med_total_score,0.59
O83932,positive,ifnepitope2,mean_ml_score,0.6166923076923077
O83932,positive,ifnepitope2,mean_blast_score,0.0
O83932,positive,ifnepitope2,mean_total_score,0.6166923076923077
O83932,positive,ifnepitope2,med_ml_score,0.61
O83932,positive,ifnepitope2,med_blast_score,0.0
O83932,positive,ifnepitope2,med_total_score,0.61
Q56328,positive,ifnepitope2,mean_ml_score,0.6085671641791045
Q56328,positive,ifnepitope2,mean_blast_score,0.0
Q56328,positive,ifnepitope2,mean_total_score,0.6085671641791045
Q56328,positive,ifnepitope2,med_ml_score,0.63
Q56328,positive,ifnepitope2,med_blast_score,0.0
Q56328,positive,ifnepitope2,med_total_score,0.63
O83111,positive,ifnepitope2,mean_ml_score,0.5773170731707317
O83111,positive,ifnepitope2,mean_blast_score,0.0
O83111,positive,ifnepitope2,mean_total_score,0.5773170731707317
O83111,positive,ifnepitope2,med_ml_score,0.5800000000000001
O83111,positive,ifnepitope2,med_blast_score,0.0
O83111,positive,ifnepitope2,med_total_score,0.5800000000000001
O83548,positive,ifnepitope2,mean_ml_score,0.6354771784232365
O83548,positive,ifnepitope2,mean_blast_score,0.0
O83548,positive,ifnepitope2,mean_total_score,0.6354771784232365
O83548,positive,ifnepitope2,med_ml_score,0.65
O83548,positive,ifnepitope2,med_blast_score,0.0
O83548,positive,ifnepitope2,med_total_score,0.65
R4J012,positive,ifnepitope2,mean_ml_score,0.6142024539877301
R4J012,positive,ifnepitope2,mean_blast_score,0.0
R4J012,positive,ifnepitope2,mean_total_score,0.6142024539877301
R4J012,positive,ifnepitope2,med_ml_score,0.61
R4J012,positive,ifnepitope2,med_blast_score,0.0
R4J012,positive,ifnepitope2,med_total_score,0.61
O83469,positive,ifnepitope2,mean_ml_score,0.6205813953488372
O83469,positive,ifnepitope2,mean_blast_score,0.0
O83469,positive,ifnepitope2,mean_total_score,0.6205813953488372
O83469,positive,ifnepitope2,med_ml_score,0.63
O83469,positive,ifnepitope2,med_blast_score,0.0
O83469,positive,ifnepitope2,med_total_score,0.63
O83349,positive,ifnepitope2,mean_ml_score,0.5962903225806452
O83349,positive,ifnepitope2,mean_blast_score,0.0
O83349,positive,ifnepitope2,mean_total_score,0.5962903225806452
O83349,positive,ifnepitope2,med_ml_score,0.6
O83349,positive,ifnepitope2,med_blast_score,0.0
O83349,positive,ifnepitope2,med_total_score,0.6
O83629,positive,ifnepitope2,mean_ml_score,0.5575
O83629,positive,ifnepitope2,mean_blast_score,0.0
O83629,positive,ifnepitope2,mean_total_score,0.5575
O83629,positive,ifnepitope2,med_ml_score,0.55
O83629,positive,ifnepitope2,med_blast_score,0.0
O83629,positive,ifnepitope2,med_total_score,0.55
O06690,positive,ifnepitope2,mean_ml_score,0.5654973821989528
O06690,positive,ifnepitope2,mean_blast_score,0.0
O06690,positive,ifnepitope2,mean_total_score,0.5654973821989528
O06690,positive,ifnepitope2,med_ml_score,0.56
O06690,positive,ifnepitope2,med_blast_score,0.0
O06690,positive,ifnepitope2,med_total_score,0.56
O83449,positive,ifnepitope2,mean_ml_score,0.6604347826086957
O83449,positive,ifnepitope2,mean_blast_score,0.0
O83449,positive,ifnepitope2,mean_total_score,0.6604347826086957
O83449,positive,ifnepitope2,med_ml_score,0.67
O83449,positive,ifnepitope2,med_blast_score,0.0
O83449,positive,ifnepitope2,med_total_score,0.67
P29724,positive,ifnepitope2,mean_ml_score,0.5729565217391305
P29724,positive,ifnepitope2,mean_blast_score,0.0
P29724,positive,ifnepitope2,mean_total_score,0.5729565217391305
P29724,positive,ifnepitope2,med_ml_score,0.57
P29724,positive,ifnepitope2,med_blast_score,0.0
P29724,positive,ifnepitope2,med_total_score,0.57
O83935,positive,ifnepitope2,mean_ml_score,0.5890207156308851
O83935,positive,ifnepitope2,mean_blast_score,0.0
O83935,positive,ifnepitope2,mean_total_score,0.5890207156308851
O83935,positive,ifnepitope2,med_ml_score,0.6
O83935,positive,ifnepitope2,med_blast_score,0.0
O83935,positive,ifnepitope2,med_total_score,0.6
O83159,positive,ifnepitope2,mean_ml_score,0.6188360655737705
O83159,positive,ifnepitope2,mean_blast_score,0.0
O83159,positive,ifnepitope2,mean_total_score,0.6188360655737705
O83159,positive,ifnepitope2,med_ml_score,0.61
O83159,positive,ifnepitope2,med_blast_score,0.0
O83159,positive,ifnepitope2,med_total_score,0.61
P74934,positive,ifnepitope2,mean_ml_score,0.5966745283018868
P74934,positive,ifnepitope2,mean_blast_score,0.0
P74934,positive,ifnepitope2,mean_total_score,0.5966745283018868
P74934,positive,ifnepitope2,med_ml_score,0.59
P74934,positive,ifnepitope2,med_blast_score,0.0
P74934,positive,ifnepitope2,med_total_score,0.59
O83669,positive,ifnepitope2,mean_ml_score,0.5835470085470086
O83669,positive,ifnepitope2,mean_blast_score,0.0
O83669,positive,ifnepitope2,mean_total_score,0.5835470085470086
O83669,positive,ifnepitope2,med_ml_score,0.58
O83669,positive,ifnepitope2,med_blast_score,0.0
O83669,positive,ifnepitope2,med_total_score,0.58
O83619,positive,ifnepitope2,mean_ml_score,0.6321908127208481
O83619,positive,ifnepitope2,mean_blast_score,0.0
O83619,positive,ifnepitope2,mean_total_score,0.6321908127208481
O83619,positive,ifnepitope2,med_ml_score,0.64
O83619,positive,ifnepitope2,med_blast_score,0.0
O83619,positive,ifnepitope2,med_total_score,0.64
P29722,positive,ifnepitope2,mean_ml_score,0.6037162162162162
P29722,positive,ifnepitope2,mean_blast_score,0.0
P29722,positive,ifnepitope2,mean_total_score,0.6037162162162162
P29722,positive,ifnepitope2,med_ml_score,0.61
P29722,positive,ifnepitope2,med_blast_score,0.0
P29722,positive,ifnepitope2,med_total_score,0.61
O83138,positive,ifnepitope2,mean_ml_score,0.6342613636363637
O83138,positive,ifnepitope2,mean_blast_score,0.0
O83138,positive,ifnepitope2,mean_total_score,0.6342613636363637
O83138,positive,ifnepitope2,med_ml_score,0.64
O83138,positive,ifnepitope2,med_blast_score,0.0
O83138,positive,ifnepitope2,med_total_score,0.64
O83964,positive,ifnepitope2,mean_ml_score,0.5972692793931732
O83964,positive,ifnepitope2,mean_blast_score,0.0
O83964,positive,ifnepitope2,mean_total_score,0.5972692793931732
O83964,positive,ifnepitope2,med_ml_score,0.6
O83964,positive,ifnepitope2,med_blast_score,0.0
O83964,positive,ifnepitope2,med_total_score,0.6
O83482,positive,ifnepitope2,mean_ml_score,0.6118510638297873
O83482,positive,ifnepitope2,mean_blast_score,0.0
O83482,positive,ifnepitope2,mean_total_score,0.6118510638297873
O83482,positive,ifnepitope2,med_ml_score,0.61
O83482,positive,ifnepitope2,med_blast_score,0.0
O83482,positive,ifnepitope2,med_total_score,0.61
O83691,positive,ifnepitope2,mean_ml_score,0.6170833333333333
O83691,positive,ifnepitope2,mean_blast_score,0.0
O83691,positive,ifnepitope2,mean_total_score,0.6170833333333333
O83691,positive,ifnepitope2,med_ml_score,0.63
O83691,positive,ifnepitope2,med_blast_score,0.0
O83691,positive,ifnepitope2,med_total_score,0.63
O83413,positive,ifnepitope2,mean_ml_score,0.585948275862069
O83413,positive,ifnepitope2,mean_blast_score,0.0
O83413,positive,ifnepitope2,mean_total_score,0.585948275862069
O83413,positive,ifnepitope2,med_ml_score,0.595
O83413,positive,ifnepitope2,med_blast_score,0.0
O83413,positive,ifnepitope2,med_total_score,0.595
O83126,positive,ifnepitope2,mean_ml_score,0.595204081632653
O83126,positive,ifnepitope2,mean_blast_score,0.0
O83126,positive,ifnepitope2,mean_total_score,0.595204081632653
O83126,positive,ifnepitope2,med_ml_score,0.59
O83126,positive,ifnepitope2,med_blast_score,0.0
O83126,positive,ifnepitope2,med_total_score,0.59
R4IYZ3,positive,ifnepitope2,mean_ml_score,0.6170285714285715
R4IYZ3,positive,ifnepitope2,mean_blast_score,0.0
R4IYZ3,positive,ifnepitope2,mean_total_score,0.6170285714285715
R4IYZ3,positive,ifnepitope2,med_ml_score,0.62
R4IYZ3,positive,ifnepitope2,med_blast_score,0.0
R4IYZ3,positive,ifnepitope2,med_total_score,0.62
O30405,positive,ifnepitope2,mean_ml_score,0.5848830409356726
O30405,positive,ifnepitope2,mean_blast_score,0.0
O30405,positive,ifnepitope2,mean_total_score,0.5848830409356726
O30405,positive,ifnepitope2,med_ml_score,0.59
O30405,positive,ifnepitope2,med_blast_score,0.0
O30405,positive,ifnepitope2,med_total_score,0.59
O83967,positive,ifnepitope2,mean_ml_score,0.6217289719626168
O83967,positive,ifnepitope2,mean_blast_score,0.0
O83967,positive,ifnepitope2,mean_total_score,0.6217289719626168
O83967,positive,ifnepitope2,med_ml_score,0.62
O83967,positive,ifnepitope2,med_blast_score,0.0
O83967,positive,ifnepitope2,med_total_score,0.62
O07950,positive,ifnepitope2,mean_ml_score,0.5756923076923077
O07950,positive,ifnepitope2,mean_blast_score,0.0
O07950,positive,ifnepitope2,mean_total_score,0.5756923076923077
O07950,positive,ifnepitope2,med_ml_score,0.57
O07950,positive,ifnepitope2,med_blast_score,0.0
O07950,positive,ifnepitope2,med_total_score,0.57
O83503,positive,ifnepitope2,mean_ml_score,0.545
O83503,positive,ifnepitope2,mean_blast_score,0.0
O83503,positive,ifnepitope2,mean_total_score,0.545
O83503,positive,ifnepitope2,med_ml_score,0.54
O83503,positive,ifnepitope2,med_blast_score,0.0
O83503,positive,ifnepitope2,med_total_score,0.54
O83427,positive,ifnepitope2,mean_ml_score,0.5743010752688172
O83427,positive,ifnepitope2,mean_blast_score,0.0
O83427,positive,ifnepitope2,mean_total_score,0.5743010752688172
O83427,positive,ifnepitope2,med_ml_score,0.57
O83427,positive,ifnepitope2,med_blast_score,0.0
O83427,positive,ifnepitope2,med_total_score,0.57
O83414,positive,ifnepitope2,mean_ml_score,0.6086583184257602
O83414,positive,ifnepitope2,mean_blast_score,0.0
O83414,positive,ifnepitope2,mean_total_score,0.6086583184257602
O83414,positive,ifnepitope2,med_ml_score,0.61
O83414,positive,ifnepitope2,med_blast_score,0.0
O83414,positive,ifnepitope2,med_total_score,0.61
O84001,positive,ifnepitope2,mean_ml_score,0.5974725274725274
O84001,positive,ifnepitope2,mean_blast_score,0.0
O84001,positive,ifnepitope2,mean_total_score,0.5974725274725274
O84001,positive,ifnepitope2,med_ml_score,0.59
O84001,positive,ifnepitope2,med_blast_score,0.0
O84001,positive,ifnepitope2,med_total_score,0.59
R4IZI5,positive,ifnepitope2,mean_ml_score,0.6043097643097644
R4IZI5,positive,ifnepitope2,mean_blast_score,0.0
R4IZI5,positive,ifnepitope2,mean_total_score,0.6043097643097644
R4IZI5,positive,ifnepitope2,med_ml_score,0.62
R4IZI5,positive,ifnepitope2,med_blast_score,0.0
R4IZI5,positive,ifnepitope2,med_total_score,0.62
O83715,positive,ifnepitope2,mean_ml_score,0.606303317535545
O83715,positive,ifnepitope2,mean_blast_score,0.0
O83715,positive,ifnepitope2,mean_total_score,0.606303317535545
O83715,positive,ifnepitope2,med_ml_score,0.62
O83715,positive,ifnepitope2,med_blast_score,0.0
O83715,positive,ifnepitope2,med_total_score,0.62
O83337,positive,ifnepitope2,mean_ml_score,0.6293582887700535
O83337,positive,ifnepitope2,mean_blast_score,0.0
O83337,positive,ifnepitope2,mean_total_score,0.6293582887700535
O83337,positive,ifnepitope2,med_ml_score,0.64
O83337,positive,ifnepitope2,med_blast_score,0.0
O83337,positive,ifnepitope2,med_total_score,0.64
O83639,positive,ifnepitope2,mean_ml_score,0.6111645569620253
O83639,positive,ifnepitope2,mean_blast_score,0.0
O83639,positive,ifnepitope2,mean_total_score,0.6111645569620253
O83639,positive,ifnepitope2,med_ml_score,0.61
O83639,positive,ifnepitope2,med_blast_score,0.0
O83639,positive,ifnepitope2,med_total_score,0.61
A0A2P1DUM5,positive,ifnepitope2,mean_ml_score,0.5748823529411765
A0A2P1DUM5,positive,ifnepitope2,mean_blast_score,0.0
A0A2P1DUM5,positive,ifnepitope2,mean_total_score,0.5748823529411765
A0A2P1DUM5,positive,ifnepitope2,med_ml_score,0.59
A0A2P1DUM5,positive,ifnepitope2,med_blast_score,0.0
A0A2P1DUM5,positive,ifnepitope2,med_total_score,0.59
O83795,positive,ifnepitope2,mean_ml_score,0.648
O83795,positive,ifnepitope2,mean_blast_score,0.0
O83795,positive,ifnepitope2,mean_total_score,0.648
O83795,positive,ifnepitope2,med_ml_score,0.65
O83795,positive,ifnepitope2,med_blast_score,0.0
O83795,positive,ifnepitope2,med_total_score,0.65
O83483,positive,ifnepitope2,mean_ml_score,0.5593351800554016
O83483,positive,ifnepitope2,mean_blast_score,0.0
O83483,positive,ifnepitope2,mean_total_score,0.5593351800554016
O83483,positive,ifnepitope2,med_ml_score,0.5
O83483,positive,ifnepitope2,med_blast_score,0.0
O83483,positive,ifnepitope2,med_total_score,0.5
O67998,positive,ifnepitope2,mean_ml_score,0.5798846153846153
O67998,positive,ifnepitope2,mean_blast_score,0.0
O67998,positive,ifnepitope2,mean_total_score,0.5798846153846153
O67998,positive,ifnepitope2,med_ml_score,0.57
O67998,positive,ifnepitope2,med_blast_score,0.0
O67998,positive,ifnepitope2,med_total_score,0.57
P16055,positive,ifnepitope2,mean_ml_score,0.6002238805970149
P16055,positive,ifnepitope2,mean_blast_score,0.0
P16055,positive,ifnepitope2,mean_total_score,0.6002238805970149
P16055,positive,ifnepitope2,med_ml_score,0.62
P16055,positive,ifnepitope2,med_blast_score,0.0
P16055,positive,ifnepitope2,med_total_score,0.62
O83958,positive,ifnepitope2,mean_ml_score,0.6202482269503546
O83958,positive,ifnepitope2,mean_blast_score,0.0
O83958,positive,ifnepitope2,mean_total_score,0.6202482269503546
O83958,positive,ifnepitope2,med_ml_score,0.62
O83958,positive,ifnepitope2,med_blast_score,0.0
O83958,positive,ifnepitope2,med_total_score,0.62
O83581,positive,ifnepitope2,mean_ml_score,0.5748356807511737
O83581,positive,ifnepitope2,mean_blast_score,0.0
O83581,positive,ifnepitope2,mean_total_score,0.5748356807511737
O83581,positive,ifnepitope2,med_ml_score,0.57
O83581,positive,ifnepitope2,med_blast_score,0.0
O83581,positive,ifnepitope2,med_total_score,0.57
O83275,positive,ifnepitope2,mean_ml_score,0.6135820895522388
O83275,positive,ifnepitope2,mean_blast_score,0.0
O83275,positive,ifnepitope2,mean_total_score,0.6135820895522388
O83275,positive,ifnepitope2,med_ml_score,0.62
O83275,positive,ifnepitope2,med_blast_score,0.0
O83275,positive,ifnepitope2,med_total_score,0.62
O83865,positive,ifnepitope2,mean_ml_score,0.614561403508772
O83865,positive,ifnepitope2,mean_blast_score,0.0
O83865,positive,ifnepitope2,mean_total_score,0.614561403508772
O83865,positive,ifnepitope2,med_ml_score,0.64
O83865,positive,ifnepitope2,med_blast_score,0.0
O83865,positive,ifnepitope2,med_total_score,0.64
O83912,positive,ifnepitope2,mean_ml_score,0.5955479452054795
O83912,positive,ifnepitope2,mean_blast_score,0.0
O83912,positive,ifnepitope2,mean_total_score,0.5955479452054795
O83912,positive,ifnepitope2,med_ml_score,0.6
O83912,positive,ifnepitope2,med_blast_score,0.0
O83912,positive,ifnepitope2,med_total_score,0.6
O83410,positive,ifnepitope2,mean_ml_score,0.5711764705882353
O83410,positive,ifnepitope2,mean_blast_score,0.0
O83410,positive,ifnepitope2,mean_total_score,0.5711764705882353
O83410,positive,ifnepitope2,med_ml_score,0.56
O83410,positive,ifnepitope2,med_blast_score,0.0
O83410,positive,ifnepitope2,med_total_score,0.56
O83920,positive,ifnepitope2,mean_ml_score,0.6127659574468085
O83920,positive,ifnepitope2,mean_blast_score,0.0
O83920,positive,ifnepitope2,mean_total_score,0.6127659574468085
O83920,positive,ifnepitope2,med_ml_score,0.61
O83920,positive,ifnepitope2,med_blast_score,0.0
O83920,positive,ifnepitope2,med_total_score,0.61
O83164,positive,ifnepitope2,mean_ml_score,0.6090178571428572
O83164,positive,ifnepitope2,mean_blast_score,0.0
O83164,positive,ifnepitope2,mean_total_score,0.6090178571428572
O83164,positive,ifnepitope2,med_ml_score,0.61
O83164,positive,ifnepitope2,med_blast_score,0.0
O83164,positive,ifnepitope2,med_total_score,0.61
O83813,positive,ifnepitope2,mean_ml_score,0.5960587002096436
O83813,positive,ifnepitope2,mean_blast_score,0.0
O83813,positive,ifnepitope2,mean_total_score,0.5960587002096436
O83813,positive,ifnepitope2,med_ml_score,0.6
O83813,positive,ifnepitope2,med_blast_score,0.0
O83813,positive,ifnepitope2,med_total_score,0.6
O83528,positive,ifnepitope2,mean_ml_score,0.6000915564598169
O83528,positive,ifnepitope2,mean_blast_score,0.0
O83528,positive,ifnepitope2,mean_total_score,0.6000915564598169
O83528,positive,ifnepitope2,med_ml_score,0.61
O83528,positive,ifnepitope2,med_blast_score,0.0
O83528,positive,ifnepitope2,med_total_score,0.61
P23033,positive,ifnepitope2,mean_ml_score,0.6094402985074627
P23033,positive,ifnepitope2,mean_blast_score,0.0
P23033,positive,ifnepitope2,mean_total_score,0.6094402985074627
P23033,positive,ifnepitope2,med_ml_score,0.61
P23033,positive,ifnepitope2,med_blast_score,0.0
P23033,positive,ifnepitope2,med_total_score,0.61
O83627,positive,ifnepitope2,mean_ml_score,0.6332954545454546
O83627,positive,ifnepitope2,mean_blast_score,0.0
O83627,positive,ifnepitope2,mean_total_score,0.6332954545454546
O83627,positive,ifnepitope2,med_ml_score,0.64
O83627,positive,ifnepitope2,med_blast_score,0.0
O83627,positive,ifnepitope2,med_total_score,0.64
O83828,positive,ifnepitope2,mean_ml_score,0.6226923076923077
O83828,positive,ifnepitope2,mean_blast_score,0.0
O83828,positive,ifnepitope2,mean_total_score,0.6226923076923077
O83828,positive,ifnepitope2,med_ml_score,0.61
O83828,positive,ifnepitope2,med_blast_score,0.0
O83828,positive,ifnepitope2,med_total_score,0.61
O83478,positive,ifnepitope2,mean_ml_score,0.6368439716312057
O83478,positive,ifnepitope2,mean_blast_score,0.0
O83478,positive,ifnepitope2,mean_total_score,0.6368439716312057
O83478,positive,ifnepitope2,med_ml_score,0.63
O83478,positive,ifnepitope2,med_blast_score,0.0
O83478,positive,ifnepitope2,med_total_score,0.63
O83974,positive,ifnepitope2,mean_ml_score,0.619645390070922
O83974,positive,ifnepitope2,mean_blast_score,0.0
O83974,positive,ifnepitope2,mean_total_score,0.619645390070922
O83974,positive,ifnepitope2,med_ml_score,0.63
O83974,positive,ifnepitope2,med_blast_score,0.0
O83974,positive,ifnepitope2,med_total_score,0.63
O83451,positive,ifnepitope2,mean_ml_score,0.6159589041095891
O83451,positive,ifnepitope2,mean_blast_score,0.0
O83451,positive,ifnepitope2,mean_total_score,0.6159589041095891
O83451,positive,ifnepitope2,med_ml_score,0.64
O83451,positive,ifnepitope2,med_blast_score,0.0
O83451,positive,ifnepitope2,med_total_score,0.64
O83615,positive,ifnepitope2,mean_ml_score,0.5681625441696113
O83615,positive,ifnepitope2,mean_blast_score,0.0
O83615,positive,ifnepitope2,mean_total_score,0.5681625441696113
O83615,positive,ifnepitope2,med_ml_score,0.58
O83615,positive,ifnepitope2,med_blast_score,0.0
O83615,positive,ifnepitope2,med_total_score,0.58
O83751,positive,ifnepitope2,mean_ml_score,0.6168045112781955
O83751,positive,ifnepitope2,mean_blast_score,0.0
O83751,positive,ifnepitope2,mean_total_score,0.6168045112781955
O83751,positive,ifnepitope2,med_ml_score,0.63
O83751,positive,ifnepitope2,med_blast_score,0.0
O83751,positive,ifnepitope2,med_total_score,0.63
P16665,positive,ifnepitope2,mean_ml_score,0.552603550295858
P16665,positive,ifnepitope2,mean_blast_score,0.0
P16665,positive,ifnepitope2,mean_total_score,0.552603550295858
P16665,positive,ifnepitope2,med_ml_score,0.56
P16665,positive,ifnepitope2,med_blast_score,0.0
P16665,positive,ifnepitope2,med_total_score,0.56
O83383,positive,ifnepitope2,mean_ml_score,0.6350485436893204
O83383,positive,ifnepitope2,mean_blast_score,0.0
O83383,positive,ifnepitope2,mean_total_score,0.6350485436893204
O83383,positive,ifnepitope2,med_ml_score,0.65
O83383,positive,ifnepitope2,med_blast_score,0.0
O83383,positive,ifnepitope2,med_total_score,0.65
O83782,positive,ifnepitope2,mean_ml_score,0.582269129287599
O83782,positive,ifnepitope2,mean_blast_score,0.0
O83782,positive,ifnepitope2,mean_total_score,0.582269129287599
O83782,positive,ifnepitope2,med_ml_score,0.58
O83782,positive,ifnepitope2,med_blast_score,0.0
O83782,positive,ifnepitope2,med_total_score,0.58
O83301,positive,ifnepitope2,mean_ml_score,0.6173409090909091
O83301,positive,ifnepitope2,mean_blast_score,0.0
O83301,positive,ifnepitope2,mean_total_score,0.6173409090909091
O83301,positive,ifnepitope2,med_ml_score,0.615
O83301,positive,ifnepitope2,med_blast_score,0.0
O83301,positive,ifnepitope2,med_total_score,0.615
O83458,positive,ifnepitope2,mean_ml_score,0.5949315068493151
O83458,positive,ifnepitope2,mean_blast_score,0.0
O83458,positive,ifnepitope2,mean_total_score,0.5949315068493151
O83458,positive,ifnepitope2,med_ml_score,0.59
O83458,positive,ifnepitope2,med_blast_score,0.0
O83458,positive,ifnepitope2,med_total_score,0.59
O83123,positive,ifnepitope2,mean_ml_score,0.6012142857142857
O83123,positive,ifnepitope2,mean_blast_score,0.0
O83123,positive,ifnepitope2,mean_total_score,0.6012142857142857
O83123,positive,ifnepitope2,med_ml_score,0.615
O83123,positive,ifnepitope2,med_blast_score,0.0
O83123,positive,ifnepitope2,med_total_score,0.615
O83507,positive,ifnepitope2,mean_ml_score,0.5586415094339623
O83507,positive,ifnepitope2,mean_blast_score,0.0
O83507,positive,ifnepitope2,mean_total_score,0.5586415094339623
O83507,positive,ifnepitope2,med_ml_score,0.56
O83507,positive,ifnepitope2,med_blast_score,0.0
O83507,positive,ifnepitope2,med_total_score,0.56
P38369,positive,ifnepitope2,mean_ml_score,0.577799511002445
P38369,positive,ifnepitope2,mean_blast_score,0.0
P38369,positive,ifnepitope2,mean_total_score,0.577799511002445
P38369,positive,ifnepitope2,med_ml_score,0.58
P38369,positive,ifnepitope2,med_blast_score,0.0
P38369,positive,ifnepitope2,med_total_score,0.58
O83931,positive,ifnepitope2,mean_ml_score,0.6071794871794872
O83931,positive,ifnepitope2,mean_blast_score,0.0
O83931,positive,ifnepitope2,mean_total_score,0.6071794871794872
O83931,positive,ifnepitope2,med_ml_score,0.61
O83931,positive,ifnepitope2,med_blast_score,0.0
O83931,positive,ifnepitope2,med_total_score,0.61
O83966,positive,ifnepitope2,mean_ml_score,0.6091428571428571
O83966,positive,ifnepitope2,mean_blast_score,0.0
O83966,positive,ifnepitope2,mean_total_score,0.6091428571428571
O83966,positive,ifnepitope2,med_ml_score,0.62
O83966,positive,ifnepitope2,med_blast_score,0.0
O83966,positive,ifnepitope2,med_total_score,0.62
P29725,positive,ifnepitope2,mean_ml_score,0.5770821529745043
P29725,positive,ifnepitope2,mean_blast_score,0.0
P29725,positive,ifnepitope2,mean_total_score,0.5770821529745043
P29725,positive,ifnepitope2,med_ml_score,0.58
P29725,positive,ifnepitope2,med_blast_score,0.0
P29725,positive,ifnepitope2,med_total_score,0.58
O83867,positive,ifnepitope2,mean_ml_score,0.6127162977867203
O83867,positive,ifnepitope2,mean_blast_score,0.0
O83867,positive,ifnepitope2,mean_total_score,0.6127162977867203
O83867,positive,ifnepitope2,med_ml_score,0.62
O83867,positive,ifnepitope2,med_blast_score,0.0
O83867,positive,ifnepitope2,med_total_score,0.62
O83095,positive,ifnepitope2,mean_ml_score,0.6232136752136752
O83095,positive,ifnepitope2,mean_blast_score,0.0
O83095,positive,ifnepitope2,mean_total_score,0.6232136752136752
O83095,positive,ifnepitope2,med_ml_score,0.63
O83095,positive,ifnepitope2,med_blast_score,0.0
O83095,positive,ifnepitope2,med_total_score,0.63
O83246,positive,ifnepitope2,mean_ml_score,0.5927432216905901
O83246,positive,ifnepitope2,mean_blast_score,0.0
O83246,positive,ifnepitope2,mean_total_score,0.5927432216905901
O83246,positive,ifnepitope2,med_ml_score,0.6
O83246,positive,ifnepitope2,med_blast_score,0.0
O83246,positive,ifnepitope2,med_total_score,0.6
O83296,positive,ifnepitope2,mean_ml_score,0.6053469387755102
O83296,positive,ifnepitope2,mean_blast_score,0.0
O83296,positive,ifnepitope2,mean_total_score,0.6053469387755102
O83296,positive,ifnepitope2,med_ml_score,0.6
O83296,positive,ifnepitope2,med_blast_score,0.0
O83296,positive,ifnepitope2,med_total_score,0.6
A0A8F8KRN6,positive,ifnepitope2,mean_ml_score,0.5305263157894737
A0A8F8KRN6,positive,ifnepitope2,mean_blast_score,0.0
A0A8F8KRN6,positive,ifnepitope2,mean_total_score,0.5305263157894737
A0A8F8KRN6,positive,ifnepitope2,med_ml_score,0.53
A0A8F8KRN6,positive,ifnepitope2,med_blast_score,0.0
A0A8F8KRN6,positive,ifnepitope2,med_total_score,0.53
O83831,positive,ifnepitope2,mean_ml_score,0.5911111111111111
O83831,positive,ifnepitope2,mean_blast_score,0.0
O83831,positive,ifnepitope2,mean_total_score,0.5911111111111111
O83831,positive,ifnepitope2,med_ml_score,0.6
O83831,positive,ifnepitope2,med_blast_score,0.0
O83831,positive,ifnepitope2,med_total_score,0.6
O83557,positive,ifnepitope2,mean_ml_score,0.5899644760213144
O83557,positive,ifnepitope2,mean_blast_score,0.0
O83557,positive,ifnepitope2,mean_total_score,0.5899644760213144
O83557,positive,ifnepitope2,med_ml_score,0.59
O83557,positive,ifnepitope2,med_blast_score,0.0
O83557,positive,ifnepitope2,med_total_score,0.59
O83980,positive,ifnepitope2,mean_ml_score,0.6067671691792295
O83980,positive,ifnepitope2,mean_blast_score,0.0
O83980,positive,ifnepitope2,mean_total_score,0.6067671691792295
O83980,positive,ifnepitope2,med_ml_score,0.62
O83980,positive,ifnepitope2,med_blast_score,0.0
O83980,positive,ifnepitope2,med_total_score,0.62
B0LGY7,positive,ifnepitope2,mean_ml_score,0.5748101265822785
B0LGY7,positive,ifnepitope2,mean_blast_score,0.0
B0LGY7,positive,ifnepitope2,mean_total_score,0.5748101265822785
B0LGY7,positive,ifnepitope2,med_ml_score,0.58
B0LGY7,positive,ifnepitope2,med_blast_score,0.0
B0LGY7,positive,ifnepitope2,med_total_score,0.58
O83325,positive,ifnepitope2,mean_ml_score,0.6175326797385621
O83325,positive,ifnepitope2,mean_blast_score,0.0
O83325,positive,ifnepitope2,mean_total_score,0.6175326797385621
O83325,positive,ifnepitope2,med_ml_score,0.62
O83325,positive,ifnepitope2,med_blast_score,0.0
O83325,positive,ifnepitope2,med_total_score,0.62
O83933,positive,ifnepitope2,mean_ml_score,0.5610216110019647
O83933,positive,ifnepitope2,mean_blast_score,0.0
O83933,positive,ifnepitope2,mean_total_score,0.5610216110019647
O83933,positive,ifnepitope2,med_ml_score,0.57
O83933,positive,ifnepitope2,med_blast_score,0.0
O83933,positive,ifnepitope2,med_total_score,0.57
P56822,positive,ifnepitope2,mean_ml_score,0.6607246376811594
P56822,positive,ifnepitope2,mean_blast_score,0.0
P56822,positive,ifnepitope2,mean_total_score,0.6607246376811594
P56822,positive,ifnepitope2,med_ml_score,0.66
P56822,positive,ifnepitope2,med_blast_score,0.0
P56822,positive,ifnepitope2,med_total_score,0.66
P19478,positive,ifnepitope2,mean_ml_score,0.6025
P19478,positive,ifnepitope2,mean_blast_score,0.0
P19478,positive,ifnepitope2,mean_total_score,0.6025
P19478,positive,ifnepitope2,med_ml_score,0.61
P19478,positive,ifnepitope2,med_blast_score,0.0
P19478,positive,ifnepitope2,med_total_score,0.61
O83922,positive,ifnepitope2,mean_ml_score,0.6076825396825397
O83922,positive,ifnepitope2,mean_blast_score,0.0
O83922,positive,ifnepitope2,mean_total_score,0.6076825396825397
O83922,positive,ifnepitope2,med_ml_score,0.61
O83922,positive,ifnepitope2,med_blast_score,0.0
O83922,positive,ifnepitope2,med_total_score,0.61
O83268,positive,ifnepitope2,mean_ml_score,0.6059504132231405
O83268,positive,ifnepitope2,mean_blast_score,0.0
O83268,positive,ifnepitope2,mean_total_score,0.6059504132231405
O83268,positive,ifnepitope2,med_ml_score,0.62
O83268,positive,ifnepitope2,med_blast_score,0.0
O83268,positive,ifnepitope2,med_total_score,0.62
O83169,positive,ifnepitope2,mean_ml_score,0.6107980049875311
O83169,positive,ifnepitope2,mean_blast_score,0.0
O83169,positive,ifnepitope2,mean_total_score,0.6107980049875311
O83169,positive,ifnepitope2,med_ml_score,0.62
O83169,positive,ifnepitope2,med_blast_score,0.0
O83169,positive,ifnepitope2,med_total_score,0.62
F7IVK2,positive,ifnepitope2,mean_ml_score,0.5917808219178082
F7IVK2,positive,ifnepitope2,mean_blast_score,0.0
F7IVK2,positive,ifnepitope2,mean_total_score,0.5917808219178082
F7IVK2,positive,ifnepitope2,med_ml_score,0.58
F7IVK2,positive,ifnepitope2,med_blast_score,0.0
F7IVK2,positive,ifnepitope2,med_total_score,0.58
O83930,positive,ifnepitope2,mean_ml_score,0.5920704845814978
O83930,positive,ifnepitope2,mean_blast_score,0.0
O83930,positive,ifnepitope2,mean_total_score,0.5920704845814978
O83930,positive,ifnepitope2,med_ml_score,0.58
O83930,positive,ifnepitope2,med_blast_score,0.0
O83930,positive,ifnepitope2,med_total_score,0.58
O83346,positive,ifnepitope2,mean_ml_score,0.5873220747889023
O83346,positive,ifnepitope2,mean_blast_score,0.0
O83346,positive,ifnepitope2,mean_total_score,0.5873220747889023
O83346,positive,ifnepitope2,med_ml_score,0.59
O83346,positive,ifnepitope2,med_blast_score,0.0
O83346,positive,ifnepitope2,med_total_score,0.59
O83633,positive,ifnepitope2,mean_ml_score,0.622809917355372
O83633,positive,ifnepitope2,mean_blast_score,0.0
O83633,positive,ifnepitope2,mean_total_score,0.622809917355372
O83633,positive,ifnepitope2,med_ml_score,0.625
O83633,positive,ifnepitope2,med_blast_score,0.0
O83633,positive,ifnepitope2,med_total_score,0.625
O83661,positive,ifnepitope2,mean_ml_score,0.5868235294117647
O83661,positive,ifnepitope2,mean_blast_score,0.0
O83661,positive,ifnepitope2,mean_total_score,0.5868235294117647
O83661,positive,ifnepitope2,med_ml_score,0.6
O83661,positive,ifnepitope2,med_blast_score,0.0
O83661,positive,ifnepitope2,med_total_score,0.6
O83522,positive,ifnepitope2,mean_ml_score,0.5977777777777777
O83522,positive,ifnepitope2,mean_blast_score,0.0
O83522,positive,ifnepitope2,mean_total_score,0.5977777777777777
O83522,positive,ifnepitope2,med_ml_score,0.6
O83522,positive,ifnepitope2,med_blast_score,0.0
O83522,positive,ifnepitope2,med_total_score,0.6
O83837,positive,ifnepitope2,mean_ml_score,0.5936942675159236
O83837,positive,ifnepitope2,mean_blast_score,0.0
O83837,positive,ifnepitope2,mean_total_score,0.5936942675159236
O83837,positive,ifnepitope2,med_ml_score,0.6
O83837,positive,ifnepitope2,med_blast_score,0.0
O83837,positive,ifnepitope2,med_total_score,0.6
O83499,positive,ifnepitope2,mean_ml_score,0.5859381898454746
O83499,positive,ifnepitope2,mean_blast_score,0.0
O83499,positive,ifnepitope2,mean_total_score,0.5859381898454746
O83499,positive,ifnepitope2,med_ml_score,0.6
O83499,positive,ifnepitope2,med_blast_score,0.0
O83499,positive,ifnepitope2,med_total_score,0.6
O88138,positive,ifnepitope2,mean_ml_score,0.6159830508474576
O88138,positive,ifnepitope2,mean_blast_score,0.0
O88138,positive,ifnepitope2,mean_total_score,0.6159830508474576
O88138,positive,ifnepitope2,med_ml_score,0.62
O88138,positive,ifnepitope2,med_blast_score,0.0
O88138,positive,ifnepitope2,med_total_score,0.62
O83055,positive,ifnepitope2,mean_ml_score,0.6142024539877301
O83055,positive,ifnepitope2,mean_blast_score,0.0
O83055,positive,ifnepitope2,mean_total_score,0.6142024539877301
O83055,positive,ifnepitope2,med_ml_score,0.61
O83055,positive,ifnepitope2,med_blast_score,0.0
O83055,positive,ifnepitope2,med_total_score,0.61
O83329,positive,ifnepitope2,mean_ml_score,0.5910479041916168
O83329,positive,ifnepitope2,mean_blast_score,0.0
O83329,positive,ifnepitope2,mean_total_score,0.5910479041916168
O83329,positive,ifnepitope2,med_ml_score,0.61
O83329,positive,ifnepitope2,med_blast_score,0.0
O83329,positive,ifnepitope2,med_total_score,0.61
F7IVD2,positive,ifnepitope2,mean_ml_score,0.5541891891891891
F7IVD2,positive,ifnepitope2,mean_blast_score,0.0
F7IVD2,positive,ifnepitope2,mean_total_score,0.5541891891891891
F7IVD2,positive,ifnepitope2,med_ml_score,0.57
F7IVD2,positive,ifnepitope2,med_blast_score,0.0
F7IVD2,positive,ifnepitope2,med_total_score,0.57
O83748,positive,ifnepitope2,mean_ml_score,0.6147161572052402
O83748,positive,ifnepitope2,mean_blast_score,0.0
O83748,positive,ifnepitope2,mean_total_score,0.6147161572052402
O83748,positive,ifnepitope2,med_ml_score,0.62
O83748,positive,ifnepitope2,med_blast_score,0.0
O83748,positive,ifnepitope2,med_total_score,0.62
P96116,positive,ifnepitope2,mean_ml_score,0.6136
P96116,positive,ifnepitope2,mean_blast_score,0.0
P96116,positive,ifnepitope2,mean_total_score,0.6136
P96116,positive,ifnepitope2,med_ml_score,0.615
P96116,positive,ifnepitope2,med_blast_score,0.0
P96116,positive,ifnepitope2,med_total_score,0.615
O83163,positive,ifnepitope2,mean_ml_score,0.6349767441860465
O83163,positive,ifnepitope2,mean_blast_score,0.0
O83163,positive,ifnepitope2,mean_total_score,0.6349767441860465
O83163,positive,ifnepitope2,med_ml_score,0.66
O83163,positive,ifnepitope2,med_blast_score,0.0
O83163,positive,ifnepitope2,med_total_score,0.66
O83994,positive,ifnepitope2,mean_ml_score,0.6068379446640316
O83994,positive,ifnepitope2,mean_blast_score,0.0
O83994,positive,ifnepitope2,mean_total_score,0.6068379446640316
O83994,positive,ifnepitope2,med_ml_score,0.6
O83994,positive,ifnepitope2,med_blast_score,0.0
O83994,positive,ifnepitope2,med_total_score,0.6
O07884,positive,ifnepitope2,mean_ml_score,0.6045714285714285
O07884,positive,ifnepitope2,mean_blast_score,0.0
O07884,positive,ifnepitope2,mean_total_score,0.6045714285714285
O07884,positive,ifnepitope2,med_ml_score,0.62
O07884,positive,ifnepitope2,med_blast_score,0.0
O07884,positive,ifnepitope2,med_total_score,0.62
O83335,positive,ifnepitope2,mean_ml_score,0.624867374005305
O83335,positive,ifnepitope2,mean_blast_score,0.0
O83335,positive,ifnepitope2,mean_total_score,0.624867374005305
O83335,positive,ifnepitope2,med_ml_score,0.64
O83335,positive,ifnepitope2,med_blast_score,0.0
O83335,positive,ifnepitope2,med_total_score,0.64
O83630,positive,ifnepitope2,mean_ml_score,0.6064786324786324
O83630,positive,ifnepitope2,mean_blast_score,0.0
O83630,positive,ifnepitope2,mean_total_score,0.6064786324786324
O83630,positive,ifnepitope2,med_ml_score,0.61
O83630,positive,ifnepitope2,med_blast_score,0.0
O83630,positive,ifnepitope2,med_total_score,0.61
A0A2P1DUM7,positive,ifnepitope2,mean_ml_score,0.6112365591397849
A0A2P1DUM7,positive,ifnepitope2,mean_blast_score,0.0
A0A2P1DUM7,positive,ifnepitope2,mean_total_score,0.6112365591397849
A0A2P1DUM7,positive,ifnepitope2,med_ml_score,0.615
A0A2P1DUM7,positive,ifnepitope2,med_blast_score,0.0
A0A2P1DUM7,positive,ifnepitope2,med_total_score,0.615
P29723,positive,ifnepitope2,mean_ml_score,0.5888967136150235
P29723,positive,ifnepitope2,mean_blast_score,0.0
P29723,positive,ifnepitope2,mean_total_score,0.5888967136150235
P29723,positive,ifnepitope2,med_ml_score,0.6
P29723,positive,ifnepitope2,med_blast_score,0.0
P29723,positive,ifnepitope2,med_total_score,0.6
O84002,positive,ifnepitope2,mean_ml_score,0.6042274052478134
O84002,positive,ifnepitope2,mean_blast_score,0.0
O84002,positive,ifnepitope2,mean_total_score,0.6042274052478134
O84002,positive,ifnepitope2,med_ml_score,0.61
O84002,positive,ifnepitope2,med_blast_score,0.0
O84002,positive,ifnepitope2,med_total_score,0.61
O83213,positive,ifnepitope2,mean_ml_score,0.5919047619047619
O83213,positive,ifnepitope2,mean_blast_score,0.0
O83213,positive,ifnepitope2,mean_total_score,0.5919047619047619
O83213,positive,ifnepitope2,med_ml_score,0.6
O83213,positive,ifnepitope2,med_blast_score,0.0
O83213,positive,ifnepitope2,med_total_score,0.6
O83923,positive,ifnepitope2,mean_ml_score,0.5933832335329341
O83923,positive,ifnepitope2,mean_blast_score,0.0
O83923,positive,ifnepitope2,mean_total_score,0.5933832335329341
O83923,positive,ifnepitope2,med_ml_score,0.6
O83923,positive,ifnepitope2,med_blast_score,0.0
O83923,positive,ifnepitope2,med_total_score,0.6
O83641,positive,ifnepitope2,mean_ml_score,0.582756183745583
O83641,positive,ifnepitope2,mean_blast_score,0.0
O83641,positive,ifnepitope2,mean_total_score,0.582756183745583
O83641,positive,ifnepitope2,med_ml_score,0.59
O83641,positive,ifnepitope2,med_blast_score,0.0
O83641,positive,ifnepitope2,med_total_score,0.59
Q08255,positive,ifnepitope2,mean_ml_score,0.6162278481012659
Q08255,positive,ifnepitope2,mean_blast_score,0.0
Q08255,positive,ifnepitope2,mean_total_score,0.6162278481012659
Q08255,positive,ifnepitope2,med_ml_score,0.62
Q08255,positive,ifnepitope2,med_blast_score,0.0
Q08255,positive,ifnepitope2,med_total_score,0.62
