accession,label,feature,subfeature,value
O83458,positive,mhci,score,0.31013977161862527
O83458,positive,mhci,percentile,0.9600155210643015
O83458,positive,mhci,num_peptides,451
O83458,positive,mhci,num_strong_binders,128
O83458,positive,mhci,num_weak_binders,323
O83795,positive,mhci,score,0.3026168790322581
O83795,positive,mhci,percentile,1.0003467741935483
O83795,positive,mhci,num_peptides,124
O83795,positive,mhci,num_strong_binders,33
O83795,positive,mhci,num_weak_binders,91
O83138,positive,mhci,score,0.3339110072463768
O83138,positive,mhci,percentile,0.8955326086956522
O83138,positive,mhci,num_peptides,276
O83138,positive,mhci,num_strong_binders,93
O83138,positive,mhci,num_weak_binders,183
O83669,positive,mhci,score,0.32676598828125
O83669,positive,mhci,percentile,0.93598046875
O83669,positive,mhci,num_peptides,256
O83669,positive,mhci,num_strong_binders,79
O83669,positive,mhci,num_weak_binders,177
A0A8F8KRN6,positive,mhci,score,0.2153435
A0A8F8KRN6,positive,mhci,percentile,1.403
A0A8F8KRN6,positive,mhci,num_peptides,2
A0A8F8KRN6,positive,mhci,num_strong_binders,0
A0A8F8KRN6,positive,mhci,num_weak_binders,2
O83831,positive,mhci,score,0.31361759574468084
O83831,positive,mhci,percentile,0.9653977086743044
O83831,positive,mhci,num_peptides,611
O83831,positive,mhci,num_strong_binders,169
O83831,positive,mhci,num_weak_binders,442
F7IVK2,positive,mhci,score,0.2993578172043011
F7IVK2,positive,mhci,percentile,0.9848440860215054
F7IVK2,positive,mhci,num_peptides,186
F7IVK2,positive,mhci,num_strong_binders,46
F7IVK2,positive,mhci,num_weak_binders,140
O83349,positive,mhci,score,0.32959884403669726
O83349,positive,mhci,percentile,0.9112385321100918
O83349,positive,mhci,num_peptides,654
O83349,positive,mhci,num_strong_binders,206
O83349,positive,mhci,num_weak_binders,448
O83164,positive,mhci,score,0.34123198630136986
O83164,positive,mhci,percentile,0.881527397260274
O83164,positive,mhci,num_peptides,146
O83164,positive,mhci,num_strong_binders,51
O83164,positive,mhci,num_weak_binders,95
P96116,positive,mhci,score,0.3200542258064516
P96116,positive,mhci,percentile,0.9548617511520737
P96116,positive,mhci,num_peptides,434
P96116,positive,mhci,num_strong_binders,132
P96116,positive,mhci,num_weak_binders,302
O83768,positive,mhci,score,0.3255908741258741
O83768,positive,mhci,percentile,0.9503321678321678
O83768,positive,mhci,num_peptides,286
O83768,positive,mhci,num_strong_binders,90
O83768,positive,mhci,num_weak_binders,196
O83613,positive,mhci,score,0.3397167916666667
O83613,positive,mhci,percentile,0.9111851851851852
O83613,positive,mhci,num_peptides,216
O83613,positive,mhci,num_strong_binders,78
O83613,positive,mhci,num_weak_binders,138
O83251,positive,mhci,score,0.30853777717391306
O83251,positive,mhci,percentile,0.9548695652173913
O83251,positive,mhci,num_peptides,184
O83251,positive,mhci,num_strong_binders,45
O83251,positive,mhci,num_weak_binders,139
O83080,positive,mhci,score,0.31639946682464454
O83080,positive,mhci,percentile,0.9390876777251185
O83080,positive,mhci,num_peptides,422
O83080,positive,mhci,num_strong_binders,121
O83080,positive,mhci,num_weak_binders,301
P56822,positive,mhci,score,0.3303522371794872
P56822,positive,mhci,percentile,0.9558525641025641
P56822,positive,mhci,num_peptides,156
P56822,positive,mhci,num_strong_binders,47
P56822,positive,mhci,num_weak_binders,109
O83413,positive,mhci,score,0.4034292572815534
O83413,positive,mhci,percentile,0.785864077669903
O83413,positive,mhci,num_peptides,206
O83413,positive,mhci,num_strong_binders,91
O83413,positive,mhci,num_weak_binders,115
O07884,positive,mhci,score,0.32893871559633026
O07884,positive,mhci,percentile,0.9206422018348623
O07884,positive,mhci,num_peptides,436
O07884,positive,mhci,num_strong_binders,132
O07884,positive,mhci,num_weak_binders,304
O83055,positive,mhci,score,0.3466257530201342
O83055,positive,mhci,percentile,0.8727194630872483
O83055,positive,mhci,num_peptides,745
O83055,positive,mhci,num_strong_binders,235
O83055,positive,mhci,num_weak_binders,510
O83520,positive,mhci,score,0.3214389739130435
O83520,positive,mhci,percentile,0.9530739130434782
O83520,positive,mhci,num_peptides,230
O83520,positive,mhci,num_strong_binders,64
O83520,positive,mhci,num_weak_binders,166
O83213,positive,mhci,score,0.3644024393939394
O83213,positive,mhci,percentile,0.8622969696969697
O83213,positive,mhci,num_peptides,330
O83213,positive,mhci,num_strong_binders,120
O83213,positive,mhci,num_weak_binders,210
O83410,positive,mhci,score,0.3124502738853503
O83410,positive,mhci,percentile,0.9768694267515924
O83410,positive,mhci,num_peptides,314
O83410,positive,mhci,num_strong_binders,90
O83410,positive,mhci,num_weak_binders,224
O83487,positive,mhci,score,0.3215203204225352
O83487,positive,mhci,percentile,0.8870176056338028
O83487,positive,mhci,num_peptides,284
O83487,positive,mhci,num_strong_binders,79
O83487,positive,mhci,num_weak_binders,205
O83249,positive,mhci,score,0.32007251127819547
O83249,positive,mhci,percentile,0.9543834586466166
O83249,positive,mhci,num_peptides,133
O83249,positive,mhci,num_strong_binders,38
O83249,positive,mhci,num_weak_binders,95
F7IWA5,positive,mhci,score,0.3371784659090909
F7IWA5,positive,mhci,percentile,0.9635681818181818
F7IWA5,positive,mhci,num_peptides,88
F7IWA5,positive,mhci,num_strong_binders,28
F7IWA5,positive,mhci,num_weak_binders,60
O83967,positive,mhci,score,0.3533473020527859
O83967,positive,mhci,percentile,0.8658387096774194
O83967,positive,mhci,num_peptides,341
O83967,positive,mhci,num_strong_binders,120
O83967,positive,mhci,num_weak_binders,221
O83935,positive,mhci,score,0.3321418833652008
O83935,positive,mhci,percentile,0.9240305927342256
O83935,positive,mhci,num_peptides,523
O83935,positive,mhci,num_strong_binders,168
O83935,positive,mhci,num_weak_binders,355
O83661,positive,mhci,score,0.339225251450677
O83661,positive,mhci,percentile,0.8947079303675048
O83661,positive,mhci,num_peptides,517
O83661,positive,mhci,num_strong_binders,169
O83661,positive,mhci,num_weak_binders,348
F7IW56,positive,mhci,score,0.325196375464684
F7IW56,positive,mhci,percentile,0.9481040892193309
F7IW56,positive,mhci,num_peptides,269
F7IW56,positive,mhci,num_strong_binders,82
F7IW56,positive,mhci,num_weak_binders,187
P29722,positive,mhci,score,0.34087898496240604
P29722,positive,mhci,percentile,0.9131804511278195
P29722,positive,mhci,num_peptides,133
P29722,positive,mhci,num_strong_binders,43
P29722,positive,mhci,num_weak_binders,90
O83958,positive,mhci,score,0.3560435
O83958,positive,mhci,percentile,0.8920337837837837
O83958,positive,mhci,num_peptides,296
O83958,positive,mhci,num_strong_binders,101
O83958,positive,mhci,num_weak_binders,195
P29725,positive,mhci,score,0.34667699376299377
P29725,positive,mhci,percentile,0.8807837837837837
P29725,positive,mhci,num_peptides,481
P29725,positive,mhci,num_strong_binders,150
P29725,positive,mhci,num_weak_binders,331
O83731,positive,mhci,score,0.3400287093023256
O83731,positive,mhci,percentile,0.8841899224806201
O83731,positive,mhci,num_peptides,258
O83731,positive,mhci,num_strong_binders,87
O83731,positive,mhci,num_weak_binders,171
O83619,positive,mhci,score,0.33866498101265824
O83619,positive,mhci,percentile,0.8984379746835444
O83619,positive,mhci,num_peptides,790
O83619,positive,mhci,num_strong_binders,260
O83619,positive,mhci,num_weak_binders,530
O30405,positive,mhci,score,0.35374039308855293
O30405,positive,mhci,percentile,0.873317494600432
O30405,positive,mhci,num_peptides,463
O30405,positive,mhci,num_strong_binders,155
O30405,positive,mhci,num_weak_binders,308
O88138,positive,mhci,score,0.3213532074391989
O88138,positive,mhci,percentile,0.9469027181688126
O88138,positive,mhci,num_peptides,699
O88138,positive,mhci,num_strong_binders,197
O88138,positive,mhci,num_weak_binders,502
O83633,positive,mhci,score,0.38114725
O83633,positive,mhci,percentile,0.8300223880597015
O83633,positive,mhci,num_peptides,268
O83633,positive,mhci,num_strong_binders,111
O83633,positive,mhci,num_weak_binders,157
O83964,positive,mhci,score,0.3206229833159541
O83964,positive,mhci,percentile,0.9312805005213765
O83964,positive,mhci,num_peptides,959
O83964,positive,mhci,num_strong_binders,275
O83964,positive,mhci,num_weak_binders,684
O83246,positive,mhci,score,0.3258654850863422
O83246,positive,mhci,percentile,0.9392857142857143
O83246,positive,mhci,num_peptides,637
O83246,positive,mhci,num_strong_binders,181
O83246,positive,mhci,num_weak_binders,456
P16055,positive,mhci,score,0.32873546153846156
P16055,positive,mhci,percentile,0.9582937062937062
P16055,positive,mhci,num_peptides,143
P16055,positive,mhci,num_strong_binders,44
P16055,positive,mhci,num_weak_binders,99
R4IYZ3,positive,mhci,score,0.3134272583798883
R4IYZ3,positive,mhci,percentile,0.9599944134078212
R4IYZ3,positive,mhci,num_peptides,716
R4IYZ3,positive,mhci,num_strong_binders,195
R4IYZ3,positive,mhci,num_weak_binders,521
P07643,positive,mhci,score,0.30352856
P07643,positive,mhci,percentile,0.9876066666666666
P07643,positive,mhci,num_peptides,300
P07643,positive,mhci,num_strong_binders,83
P07643,positive,mhci,num_weak_binders,217
B0LGY7,positive,mhci,score,0.33844195073891625
B0LGY7,positive,mhci,percentile,0.8907044334975369
B0LGY7,positive,mhci,num_peptides,406
B0LGY7,positive,mhci,num_strong_binders,130
B0LGY7,positive,mhci,num_weak_binders,276
O83448,positive,mhci,score,0.3726750607142857
O83448,positive,mhci,percentile,0.8345428571428571
O83448,positive,mhci,num_peptides,280
O83448,positive,mhci,num_strong_binders,104
O83448,positive,mhci,num_weak_binders,176
O83666,positive,mhci,score,0.3161417174479167
O83666,positive,mhci,percentile,0.9486302083333333
O83666,positive,mhci,num_peptides,768
O83666,positive,mhci,num_strong_binders,213
O83666,positive,mhci,num_weak_binders,555
O83865,positive,mhci,score,0.35446072429906544
O83865,positive,mhci,percentile,0.9033831775700935
O83865,positive,mhci,num_peptides,214
O83865,positive,mhci,num_strong_binders,69
O83865,positive,mhci,num_weak_binders,145
O83930,positive,mhci,score,0.29644448706896553
O83930,positive,mhci,percentile,0.9716508620689656
O83930,positive,mhci,num_peptides,232
O83930,positive,mhci,num_strong_binders,60
O83930,positive,mhci,num_weak_binders,172
O83581,positive,mhci,score,0.3155469539473684
O83581,positive,mhci,percentile,0.9175493421052632
O83581,positive,mhci,num_peptides,304
O83581,positive,mhci,num_strong_binders,89
O83581,positive,mhci,num_weak_binders,215
O83275,positive,mhci,score,0.3357614013761468
O83275,positive,mhci,percentile,0.909394495412844
O83275,positive,mhci,num_peptides,436
O83275,positive,mhci,num_strong_binders,130
O83275,positive,mhci,num_weak_binders,306
O83522,positive,mhci,score,0.33934359851301116
O83522,positive,mhci,percentile,0.8917323420074349
O83522,positive,mhci,num_peptides,269
O83522,positive,mhci,num_strong_binders,95
O83522,positive,mhci,num_weak_binders,174
O83325,positive,mhci,score,0.30806551169590646
O83325,positive,mhci,percentile,0.9757207602339182
O83325,positive,mhci,num_peptides,684
O83325,positive,mhci,num_strong_binders,181
O83325,positive,mhci,num_weak_binders,503
O67998,positive,mhci,score,0.34513404569892475
O67998,positive,mhci,percentile,0.9081129032258064
O67998,positive,mhci,num_peptides,372
O67998,positive,mhci,num_strong_binders,115
O67998,positive,mhci,num_weak_binders,257
O83482,positive,mhci,score,0.3262331309148265
O83482,positive,mhci,percentile,0.922493690851735
O83482,positive,mhci,num_peptides,634
O83482,positive,mhci,num_strong_binders,188
O83482,positive,mhci,num_weak_binders,446
O83086,positive,mhci,score,0.3225551955719557
O83086,positive,mhci,percentile,0.945959409594096
O83086,positive,mhci,num_peptides,271
O83086,positive,mhci,num_strong_binders,82
O83086,positive,mhci,num_weak_binders,189
O54312,positive,mhci,score,0.32760869920318725
O54312,positive,mhci,percentile,0.9411474103585658
O54312,positive,mhci,num_peptides,502
O54312,positive,mhci,num_strong_binders,151
O54312,positive,mhci,num_weak_binders,351
O83478,positive,mhci,score,0.33333655844155846
O83478,positive,mhci,percentile,0.8883584415584416
O83478,positive,mhci,num_peptides,385
O83478,positive,mhci,num_strong_binders,131
O83478,positive,mhci,num_weak_binders,254
P23033,positive,mhci,score,0.3269770871886121
P23033,positive,mhci,percentile,0.9304003558718861
P23033,positive,mhci,num_peptides,562
P23033,positive,mhci,num_strong_binders,163
P23033,positive,mhci,num_weak_binders,399
P19478,positive,mhci,score,0.31997431360946743
P19478,positive,mhci,percentile,0.9699112426035503
P19478,positive,mhci,num_peptides,169
P19478,positive,mhci,num_strong_binders,45
P19478,positive,mhci,num_weak_binders,124
O83337,positive,mhci,score,0.32381970353302614
O83337,positive,mhci,percentile,0.9328955453149002
O83337,positive,mhci,num_peptides,651
O83337,positive,mhci,num_strong_binders,192
O83337,positive,mhci,num_weak_binders,459
O83828,positive,mhci,score,0.3547154007220217
O83828,positive,mhci,percentile,0.8549350180505415
O83828,positive,mhci,num_peptides,277
O83828,positive,mhci,num_strong_binders,97
O83828,positive,mhci,num_weak_binders,180
O83548,positive,mhci,score,0.3228033665480427
O83548,positive,mhci,percentile,0.9059572953736654
O83548,positive,mhci,num_peptides,281
O83548,positive,mhci,num_strong_binders,94
O83548,positive,mhci,num_weak_binders,187
O83830,positive,mhci,score,0.32600945325779035
O83830,positive,mhci,percentile,0.9195637393767705
O83830,positive,mhci,num_peptides,353
O83830,positive,mhci,num_strong_binders,98
O83830,positive,mhci,num_weak_binders,255
A0A2P1DUM7,positive,mhci,score,0.33806047257383964
A0A2P1DUM7,positive,mhci,percentile,0.9019071729957806
A0A2P1DUM7,positive,mhci,num_peptides,237
A0A2P1DUM7,positive,mhci,num_strong_binders,70
A0A2P1DUM7,positive,mhci,num_weak_binders,167
O83335,positive,mhci,score,0.33114138278595695
O83335,positive,mhci,percentile,0.9145311438278596
O83335,positive,mhci,num_peptides,883
O83335,positive,mhci,num_strong_binders,266
O83335,positive,mhci,num_weak_binders,617
O83481,positive,mhci,score,0.3262200737327189
O83481,positive,mhci,percentile,0.940036866359447
O83481,positive,mhci,num_peptides,217
O83481,positive,mhci,num_strong_binders,70
O83481,positive,mhci,num_weak_binders,147
P19649,positive,mhci,score,0.33418965185185184
P19649,positive,mhci,percentile,0.9166691358024691
P19649,positive,mhci,num_peptides,405
P19649,positive,mhci,num_strong_binders,127
P19649,positive,mhci,num_weak_binders,278
O83912,positive,mhci,score,0.33851601840490797
O83912,positive,mhci,percentile,0.8792331288343558
O83912,positive,mhci,num_peptides,163
O83912,positive,mhci,num_strong_binders,51
O83912,positive,mhci,num_weak_binders,112
O83159,positive,mhci,score,0.3105935357142857
O83159,positive,mhci,percentile,0.9573197278911565
O83159,positive,mhci,num_peptides,588
O83159,positive,mhci,num_strong_binders,159
O83159,positive,mhci,num_weak_binders,429
O83629,positive,mhci,score,0.3134272583798883
O83629,positive,mhci,percentile,0.9599944134078212
O83629,positive,mhci,num_peptides,716
O83629,positive,mhci,num_strong_binders,195
O83629,positive,mhci,num_weak_binders,521
O83782,positive,mhci,score,0.3150975563063063
O83782,positive,mhci,percentile,0.9976081081081081
O83782,positive,mhci,num_peptides,444
O83782,positive,mhci,num_strong_binders,119
O83782,positive,mhci,num_weak_binders,325
O83169,positive,mhci,score,0.3173024448051948
O83169,positive,mhci,percentile,0.945672077922078
O83169,positive,mhci,num_peptides,308
O83169,positive,mhci,num_strong_binders,89
O83169,positive,mhci,num_weak_binders,219
O83469,positive,mhci,score,0.32367661220472443
O83469,positive,mhci,percentile,0.9261240157480315
O83469,positive,mhci,num_peptides,508
O83469,positive,mhci,num_strong_binders,143
O83469,positive,mhci,num_weak_binders,365
O83557,positive,mhci,score,0.3237644604221636
O83557,positive,mhci,percentile,0.9527058047493404
O83557,positive,mhci,num_peptides,758
O83557,positive,mhci,num_strong_binders,219
O83557,positive,mhci,num_weak_binders,539
O83922,positive,mhci,score,0.3499569764705882
O83922,positive,mhci,percentile,0.8614141176470588
O83922,positive,mhci,num_peptides,425
O83922,positive,mhci,num_strong_binders,143
O83922,positive,mhci,num_weak_binders,282
F7IVD2,positive,mhci,score,0.3517351181102362
F7IVD2,positive,mhci,percentile,0.8643228346456693
F7IVD2,positive,mhci,num_peptides,381
F7IVD2,positive,mhci,num_strong_binders,131
F7IVD2,positive,mhci,num_weak_binders,250
O83920,positive,mhci,score,0.3459503848580442
O83920,positive,mhci,percentile,0.8966766561514196
O83920,positive,mhci,num_peptides,634
O83920,positive,mhci,num_strong_binders,212
O83920,positive,mhci,num_weak_binders,422
O83923,positive,mhci,score,0.3366711259259259
O83923,positive,mhci,percentile,0.9120395061728395
O83923,positive,mhci,num_peptides,405
O83923,positive,mhci,num_strong_binders,128
O83923,positive,mhci,num_weak_binders,277
O83932,positive,mhci,score,0.32935157007874016
O83932,positive,mhci,percentile,0.921332283464567
O83932,positive,mhci,num_peptides,635
O83932,positive,mhci,num_strong_binders,191
O83932,positive,mhci,num_weak_binders,444
O83301,positive,mhci,score,0.35041721085271316
O83301,positive,mhci,percentile,0.8671147286821705
O83301,positive,mhci,num_peptides,645
O83301,positive,mhci,num_strong_binders,216
O83301,positive,mhci,num_weak_binders,429
O83931,positive,mhci,score,0.3508391574468085
O83931,positive,mhci,percentile,0.857031914893617
O83931,positive,mhci,num_peptides,470
O83931,positive,mhci,num_strong_binders,157
O83931,positive,mhci,num_weak_binders,313
O83933,positive,mhci,score,0.3306309035769829
O83933,positive,mhci,percentile,0.9163856920684292
O83933,positive,mhci,num_peptides,643
O83933,positive,mhci,num_strong_binders,205
O83933,positive,mhci,num_weak_binders,438
O83994,positive,mhci,score,0.3159483660130719
O83994,positive,mhci,percentile,0.949578431372549
O83994,positive,mhci,num_peptides,612
O83994,positive,mhci,num_strong_binders,170
O83994,positive,mhci,num_weak_binders,442
O83126,positive,mhci,score,0.3092071463414634
O83126,positive,mhci,percentile,0.993588850174216
O83126,positive,mhci,num_peptides,287
O83126,positive,mhci,num_strong_binders,76
O83126,positive,mhci,num_weak_binders,211
O83639,positive,mhci,score,0.33163239957264956
O83639,positive,mhci,percentile,0.9089658119658119
O83639,positive,mhci,num_peptides,468
O83639,positive,mhci,num_strong_binders,142
O83639,positive,mhci,num_weak_binders,326
O83837,positive,mhci,score,0.31698412050359714
O83837,positive,mhci,percentile,0.9714478417266187
O83837,positive,mhci,num_peptides,556
O83837,positive,mhci,num_strong_binders,159
O83837,positive,mhci,num_weak_binders,397
O83627,positive,mhci,score,0.35050554945054946
O83627,positive,mhci,percentile,0.8823956043956044
O83627,positive,mhci,num_peptides,91
O83627,positive,mhci,num_strong_binders,31
O83627,positive,mhci,num_weak_binders,60
O83641,positive,mhci,score,0.3263929147540984
O83641,positive,mhci,percentile,0.9021639344262296
O83641,positive,mhci,num_peptides,305
O83641,positive,mhci,num_strong_binders,87
O83641,positive,mhci,num_weak_binders,218
O83966,positive,mhci,score,0.3396156494845361
O83966,positive,mhci,percentile,0.8879768041237114
O83966,positive,mhci,num_peptides,388
O83966,positive,mhci,num_strong_binders,123
O83966,positive,mhci,num_weak_binders,265
P29723,positive,mhci,score,0.31753864328657316
P29723,positive,mhci,percentile,0.9503647294589178
P29723,positive,mhci,num_peptides,499
P29723,positive,mhci,num_strong_binders,149
P29723,positive,mhci,num_weak_binders,350
O83347,positive,mhci,score,0.31629158333333335
O83347,positive,mhci,percentile,0.9398708333333333
O83347,positive,mhci,num_peptides,240
O83347,positive,mhci,num_strong_binders,61
O83347,positive,mhci,num_weak_binders,179
O83528,positive,mhci,score,0.33385555734112493
O83528,positive,mhci,percentile,0.8962052593133675
O83528,positive,mhci,num_peptides,1369
O83528,positive,mhci,num_strong_binders,439
O83528,positive,mhci,num_weak_binders,930
O83499,positive,mhci,score,0.311895581655481
O83499,positive,mhci,percentile,0.9752729306487695
O83499,positive,mhci,num_peptides,447
O83499,positive,mhci,num_strong_binders,134
O83499,positive,mhci,num_weak_binders,313
O83732,positive,mhci,score,0.32216816666666664
O83732,positive,mhci,percentile,0.9262160493827161
O83732,positive,mhci,num_peptides,162
O83732,positive,mhci,num_strong_binders,52
O83732,positive,mhci,num_weak_binders,110
O83449,positive,mhci,score,0.34594033333333335
O83449,positive,mhci,percentile,0.8685421686746988
O83449,positive,mhci,num_peptides,249
O83449,positive,mhci,num_strong_binders,83
O83449,positive,mhci,num_weak_binders,166
Q56328,positive,mhci,score,0.30471036989247313
Q56328,positive,mhci,percentile,0.986210752688172
Q56328,positive,mhci,num_peptides,465
Q56328,positive,mhci,num_strong_binders,122
Q56328,positive,mhci,num_weak_binders,343
O83111,positive,mhci,score,0.3501358292682927
O83111,positive,mhci,percentile,0.8441829268292683
O83111,positive,mhci,num_peptides,82
O83111,positive,mhci,num_strong_binders,26
O83111,positive,mhci,num_weak_binders,56
O83095,positive,mhci,score,0.326449488045007
O83095,positive,mhci,percentile,0.9370618846694796
O83095,positive,mhci,num_peptides,711
O83095,positive,mhci,num_strong_binders,213
O83095,positive,mhci,num_weak_binders,498
O83346,positive,mhci,score,0.33986060791705935
O83346,positive,mhci,percentile,0.8956852026390197
O83346,positive,mhci,num_peptides,1061
O83346,positive,mhci,num_strong_binders,335
O83346,positive,mhci,num_weak_binders,726
O84001,positive,mhci,score,0.3143958037735849
O84001,positive,mhci,percentile,0.9572415094339622
O84001,positive,mhci,num_peptides,265
O84001,positive,mhci,num_strong_binders,76
O84001,positive,mhci,num_weak_binders,189
O84002,positive,mhci,score,0.3215897878787879
O84002,positive,mhci,percentile,0.9099603729603729
O84002,positive,mhci,num_peptides,429
O84002,positive,mhci,num_strong_binders,124
O84002,positive,mhci,num_weak_binders,305
O83980,positive,mhci,score,0.3407629431137725
O83980,positive,mhci,percentile,0.9007290419161676
O83980,positive,mhci,num_peptides,668
O83980,positive,mhci,num_strong_binders,213
O83980,positive,mhci,num_weak_binders,455
O83974,positive,mhci,score,0.3372858235294118
O83974,positive,mhci,percentile,0.8974264705882353
O83974,positive,mhci,num_peptides,204
O83974,positive,mhci,num_strong_binders,71
O83974,positive,mhci,num_weak_binders,133
O83451,positive,mhci,score,0.3408479684684685
O83451,positive,mhci,percentile,0.8730765765765766
O83451,positive,mhci,num_peptides,222
O83451,positive,mhci,num_strong_binders,75
O83451,positive,mhci,num_weak_binders,147
Q08255,positive,mhci,score,0.3149565294117647
Q08255,positive,mhci,percentile,0.9564224598930481
Q08255,positive,mhci,num_peptides,374
Q08255,positive,mhci,num_strong_binders,103
Q08255,positive,mhci,num_weak_binders,271
O83751,positive,mhci,score,0.33640294642857144
O83751,positive,mhci,percentile,0.8957470238095238
O83751,positive,mhci,num_peptides,336
O83751,positive,mhci,num_strong_binders,109
O83751,positive,mhci,num_weak_binders,227
R4J012,positive,mhci,score,0.3466257530201342
R4J012,positive,mhci,percentile,0.8727194630872483
R4J012,positive,mhci,num_peptides,745
R4J012,positive,mhci,num_strong_binders,235
R4J012,positive,mhci,num_weak_binders,510
O83268,positive,mhci,score,0.32043352941176473
O83268,positive,mhci,percentile,0.932620320855615
O83268,positive,mhci,num_peptides,187
O83268,positive,mhci,num_strong_binders,52
O83268,positive,mhci,num_weak_binders,135
O83615,positive,mhci,score,0.3191050822622108
O83615,positive,mhci,percentile,0.9336349614395887
O83615,positive,mhci,num_peptides,389
O83615,positive,mhci,num_strong_binders,115
O83615,positive,mhci,num_weak_binders,274
O83813,positive,mhci,score,0.36419005194805193
O83813,positive,mhci,percentile,0.8707866419294991
O83813,positive,mhci,num_peptides,539
O83813,positive,mhci,num_strong_binders,200
O83813,positive,mhci,num_weak_binders,339
O83834,positive,mhci,score,0.34225322794117646
O83834,positive,mhci,percentile,0.8827757352941177
O83834,positive,mhci,num_peptides,272
O83834,positive,mhci,num_strong_binders,91
O83834,positive,mhci,num_weak_binders,181
O83329,positive,mhci,score,0.3353604071588367
O83329,positive,mhci,percentile,0.9231431767337808
O83329,positive,mhci,num_peptides,447
O83329,positive,mhci,num_strong_binders,145
O83329,positive,mhci,num_weak_binders,302
O83503,positive,mhci,score,0.38830688888888887
O83503,positive,mhci,percentile,0.8038253968253968
O83503,positive,mhci,num_peptides,63
O83503,positive,mhci,num_strong_binders,24
O83503,positive,mhci,num_weak_binders,39
O83427,positive,mhci,score,0.32575577142857143
O83427,positive,mhci,percentile,0.9587523809523809
O83427,positive,mhci,num_peptides,105
O83427,positive,mhci,num_strong_binders,29
O83427,positive,mhci,num_weak_binders,76
O83483,positive,mhci,score,0.31786734010152284
O83483,positive,mhci,percentile,0.9645659898477157
O83483,positive,mhci,num_peptides,394
O83483,positive,mhci,num_strong_binders,124
O83483,positive,mhci,num_weak_binders,270
O83691,positive,mhci,score,0.29106393366093364
O83691,positive,mhci,percentile,1.022022113022113
O83691,positive,mhci,num_peptides,407
O83691,positive,mhci,num_strong_binders,99
O83691,positive,mhci,num_weak_binders,308
P16665,positive,mhci,score,0.35323157794676807
P16665,positive,mhci,percentile,0.8900988593155894
P16665,positive,mhci,num_peptides,263
P16665,positive,mhci,num_strong_binders,100
P16665,positive,mhci,num_weak_binders,163
O83383,positive,mhci,score,0.37205688541666665
O83383,positive,mhci,percentile,0.7782708333333334
O83383,positive,mhci,num_peptides,96
O83383,positive,mhci,num_strong_binders,37
O83383,positive,mhci,num_weak_binders,59
R4IZI5,positive,mhci,score,0.3352295474576271
R4IZI5,positive,mhci,percentile,0.8870559322033899
R4IZI5,positive,mhci,num_peptides,590
R4IZI5,positive,mhci,num_strong_binders,190
R4IZI5,positive,mhci,num_weak_binders,400
O06690,positive,mhci,score,0.30171369868995634
O06690,positive,mhci,percentile,0.9561877729257642
O06690,positive,mhci,num_peptides,229
O06690,positive,mhci,num_strong_binders,64
O06690,positive,mhci,num_weak_binders,165
O83715,positive,mhci,score,0.3659319110320285
O83715,positive,mhci,percentile,0.8598754448398577
O83715,positive,mhci,num_peptides,281
O83715,positive,mhci,num_strong_binders,104
O83715,positive,mhci,num_weak_binders,177
P29724,positive,mhci,score,0.357224110817942
P29724,positive,mhci,percentile,0.8652480211081794
P29724,positive,mhci,num_peptides,379
P29724,positive,mhci,num_strong_binders,127
P29724,positive,mhci,num_weak_binders,252
O83163,positive,mhci,score,0.35903763507109004
O83163,positive,mhci,percentile,0.8656445497630332
O83163,positive,mhci,num_peptides,211
O83163,positive,mhci,num_strong_binders,70
O83163,positive,mhci,num_weak_binders,141
P74934,positive,mhci,score,0.3131588787878788
P74934,positive,mhci,percentile,0.9504177489177489
P74934,positive,mhci,num_peptides,462
P74934,positive,mhci,num_strong_binders,121
P74934,positive,mhci,num_weak_binders,341
O83769,positive,mhci,score,0.32776482612179486
O83769,positive,mhci,percentile,0.9229078525641026
O83769,positive,mhci,num_peptides,1248
O83769,positive,mhci,num_strong_binders,385
O83769,positive,mhci,num_weak_binders,863
O83630,positive,mhci,score,0.3484642276214834
O83630,positive,mhci,percentile,0.8670831202046035
O83630,positive,mhci,num_peptides,782
O83630,positive,mhci,num_strong_binders,261
O83630,positive,mhci,num_weak_binders,521
O83475,positive,mhci,score,0.3215849802631579
O83475,positive,mhci,percentile,0.9448026315789474
O83475,positive,mhci,num_peptides,304
O83475,positive,mhci,num_strong_binders,92
O83475,positive,mhci,num_weak_binders,212
O83748,positive,mhci,score,0.3240901944764097
O83748,positive,mhci,percentile,0.9209942462600691
O83748,positive,mhci,num_peptides,869
O83748,positive,mhci,num_strong_binders,253
O83748,positive,mhci,num_weak_binders,616
P38369,positive,mhci,score,0.3485261346153846
P38369,positive,mhci,percentile,0.8774755244755245
P38369,positive,mhci,num_peptides,572
P38369,positive,mhci,num_strong_binders,198
P38369,positive,mhci,num_weak_binders,374
A0A2P1DUM5,positive,mhci,score,0.36441410795454543
A0A2P1DUM5,positive,mhci,percentile,0.8901761363636363
A0A2P1DUM5,positive,mhci,num_peptides,176
A0A2P1DUM5,positive,mhci,num_strong_binders,66
A0A2P1DUM5,positive,mhci,num_weak_binders,110
O07950,positive,mhci,score,0.34866775409836065
O07950,positive,mhci,percentile,0.890672131147541
O07950,positive,mhci,num_peptides,366
O07950,positive,mhci,num_strong_binders,127
O07950,positive,mhci,num_weak_binders,239
O83123,positive,mhci,score,0.3184530740740741
O83123,positive,mhci,percentile,0.9341358024691359
O83123,positive,mhci,num_peptides,162
O83123,positive,mhci,num_strong_binders,49
O83123,positive,mhci,num_weak_binders,113
O83507,positive,mhci,score,0.2955947686567164
O83507,positive,mhci,percentile,0.9643320895522388
O83507,positive,mhci,num_peptides,268
O83507,positive,mhci,num_strong_binders,68
O83507,positive,mhci,num_weak_binders,200
O83296,positive,mhci,score,0.34865589142857145
O83296,positive,mhci,percentile,0.8550028571428572
O83296,positive,mhci,num_peptides,350
O83296,positive,mhci,num_strong_binders,121
O83296,positive,mhci,num_weak_binders,229
O83867,positive,mhci,score,0.3272448085106383
O83867,positive,mhci,percentile,1.0219787234042552
O83867,positive,mhci,num_peptides,47
O83867,positive,mhci,num_strong_binders,14
O83867,positive,mhci,num_weak_binders,33
O07950,positive,mhci,score,0.34866775409836065
O07950,positive,mhci,percentile,0.890672131147541
O07950,positive,mhci,num_peptides,366
O07950,positive,mhci,num_strong_binders,127
O07950,positive,mhci,num_weak_binders,239
O83922,positive,mhci,score,0.3499569764705882
O83922,positive,mhci,percentile,0.8614141176470588
O83922,positive,mhci,num_peptides,425
O83922,positive,mhci,num_strong_binders,143
O83922,positive,mhci,num_weak_binders,282
O83795,positive,mhci,score,0.3026168790322581
O83795,positive,mhci,percentile,1.0003467741935483
O83795,positive,mhci,num_peptides,124
O83795,positive,mhci,num_strong_binders,33
O83795,positive,mhci,num_weak_binders,91
O83347,positive,mhci,score,0.31629158333333335
O83347,positive,mhci,percentile,0.9398708333333333
O83347,positive,mhci,num_peptides,240
O83347,positive,mhci,num_strong_binders,61
O83347,positive,mhci,num_weak_binders,179
P96116,positive,mhci,score,0.3200542258064516
P96116,positive,mhci,percentile,0.9548617511520737
P96116,positive,mhci,num_peptides,434
P96116,positive,mhci,num_strong_binders,132
P96116,positive,mhci,num_weak_binders,302
O83296,positive,mhci,score,0.34865589142857145
O83296,positive,mhci,percentile,0.8550028571428572
O83296,positive,mhci,num_peptides,350
O83296,positive,mhci,num_strong_binders,121
O83296,positive,mhci,num_weak_binders,229
O83930,positive,mhci,score,0.3028605415019763
O83930,positive,mhci,percentile,0.9544308300395257
O83930,positive,mhci,num_peptides,253
O83930,positive,mhci,num_strong_binders,68
O83930,positive,mhci,num_weak_binders,185
A0A2P1DUM5,positive,mhci,score,0.37899776646706584
A0A2P1DUM5,positive,mhci,percentile,0.8536467065868264
A0A2P1DUM5,positive,mhci,num_peptides,167
A0A2P1DUM5,positive,mhci,num_strong_binders,70
A0A2P1DUM5,positive,mhci,num_weak_binders,97
O83831,positive,mhci,score,0.31361759574468084
O83831,positive,mhci,percentile,0.9653977086743044
O83831,positive,mhci,num_peptides,611
O83831,positive,mhci,num_strong_binders,169
O83831,positive,mhci,num_weak_binders,442
P29723,positive,mhci,score,0.3201773623481781
P29723,positive,mhci,percentile,0.9464028340080972
P29723,positive,mhci,num_peptides,494
P29723,positive,mhci,num_strong_binders,149
P29723,positive,mhci,num_weak_binders,345
O83830,positive,mhci,score,0.3117920957746479
O83830,positive,mhci,percentile,0.9731887323943662
O83830,positive,mhci,num_peptides,355
O83830,positive,mhci,num_strong_binders,92
O83830,positive,mhci,num_weak_binders,263
O83478,positive,mhci,score,0.3321777941952507
O83478,positive,mhci,percentile,0.8913034300791557
O83478,positive,mhci,num_peptides,379
O83478,positive,mhci,num_strong_binders,127
O83478,positive,mhci,num_weak_binders,252
O30405,positive,mhci,score,0.35374039308855293
O30405,positive,mhci,percentile,0.873317494600432
O30405,positive,mhci,num_peptides,463
O30405,positive,mhci,num_strong_binders,155
O30405,positive,mhci,num_weak_binders,308
P56822,positive,mhci,score,0.33191852795031057
P56822,positive,mhci,percentile,0.9450310559006211
P56822,positive,mhci,num_peptides,161
P56822,positive,mhci,num_strong_binders,50
P56822,positive,mhci,num_weak_binders,111
O83528,positive,mhci,score,0.3334372839416058
O83528,positive,mhci,percentile,0.8977795620437956
O83528,positive,mhci,num_peptides,1370
O83528,positive,mhci,num_strong_binders,439
O83528,positive,mhci,num_weak_binders,931
O83966,positive,mhci,score,0.3396156494845361
O83966,positive,mhci,percentile,0.8879768041237114
O83966,positive,mhci,num_peptides,388
O83966,positive,mhci,num_strong_binders,123
O83966,positive,mhci,num_weak_binders,265
O83055,positive,mhci,score,0.3466257530201342
O83055,positive,mhci,percentile,0.8727194630872483
O83055,positive,mhci,num_peptides,745
O83055,positive,mhci,num_strong_binders,235
O83055,positive,mhci,num_weak_binders,510
O83865,positive,mhci,score,0.35446072429906544
O83865,positive,mhci,percentile,0.9033831775700935
O83865,positive,mhci,num_peptides,214
O83865,positive,mhci,num_strong_binders,69
O83865,positive,mhci,num_weak_binders,145
O83413,positive,mhci,score,0.4034292572815534
O83413,positive,mhci,percentile,0.785864077669903
O83413,positive,mhci,num_peptides,206
O83413,positive,mhci,num_strong_binders,91
O83413,positive,mhci,num_weak_binders,115
O83301,positive,mhci,score,0.35041721085271316
O83301,positive,mhci,percentile,0.8671147286821705
O83301,positive,mhci,num_peptides,645
O83301,positive,mhci,num_strong_binders,216
O83301,positive,mhci,num_weak_binders,429
O83325,positive,mhci,score,0.30806551169590646
O83325,positive,mhci,percentile,0.9757207602339182
O83325,positive,mhci,num_peptides,684
O83325,positive,mhci,num_strong_binders,181
O83325,positive,mhci,num_weak_binders,503
O84002,positive,mhci,score,0.3215897878787879
O84002,positive,mhci,percentile,0.9099603729603729
O84002,positive,mhci,num_peptides,429
O84002,positive,mhci,num_strong_binders,124
O84002,positive,mhci,num_weak_binders,305
O83469,positive,mhci,score,0.32367661220472443
O83469,positive,mhci,percentile,0.9261240157480315
O83469,positive,mhci,num_peptides,508
O83469,positive,mhci,num_strong_binders,143
O83469,positive,mhci,num_weak_binders,365
O88138,positive,mhci,score,0.3236176366237482
O88138,positive,mhci,percentile,0.9482546494992847
O88138,positive,mhci,num_peptides,699
O88138,positive,mhci,num_strong_binders,200
O88138,positive,mhci,num_weak_binders,499
O83629,positive,mhci,score,0.336371606741573
O83629,positive,mhci,percentile,0.930876404494382
O83629,positive,mhci,num_peptides,356
O83629,positive,mhci,num_strong_binders,111
O83629,positive,mhci,num_weak_binders,245
O83633,positive,mhci,score,0.38114725
O83633,positive,mhci,percentile,0.8300223880597015
O83633,positive,mhci,num_peptides,268
O83633,positive,mhci,num_strong_binders,111
O83633,positive,mhci,num_weak_binders,157
O83483,positive,mhci,score,0.3261555183246073
O83483,positive,mhci,percentile,0.9460916230366492
O83483,positive,mhci,num_peptides,382
O83483,positive,mhci,num_strong_binders,124
O83483,positive,mhci,num_weak_binders,258
P29722,positive,mhci,score,0.34087898496240604
P29722,positive,mhci,percentile,0.9131804511278195
P29722,positive,mhci,num_peptides,133
P29722,positive,mhci,num_strong_binders,43
P29722,positive,mhci,num_weak_binders,90
O83275,positive,mhci,score,0.3357614013761468
O83275,positive,mhci,percentile,0.909394495412844
O83275,positive,mhci,num_peptides,436
O83275,positive,mhci,num_strong_binders,130
O83275,positive,mhci,num_weak_binders,306
O83410,positive,mhci,score,0.3463770063424947
O83410,positive,mhci,percentile,0.8862748414376321
O83410,positive,mhci,num_peptides,473
O83410,positive,mhci,num_strong_binders,159
O83410,positive,mhci,num_weak_binders,314
F7IVK2,positive,mhci,score,0.2993578172043011
F7IVK2,positive,mhci,percentile,0.9848440860215054
F7IVK2,positive,mhci,num_peptides,186
F7IVK2,positive,mhci,num_strong_binders,46
F7IVK2,positive,mhci,num_weak_binders,140
O83967,positive,mhci,score,0.3533473020527859
O83967,positive,mhci,percentile,0.8658387096774194
O83967,positive,mhci,num_peptides,341
O83967,positive,mhci,num_strong_binders,120
O83967,positive,mhci,num_weak_binders,221
O83499,positive,mhci,score,0.311895581655481
O83499,positive,mhci,percentile,0.9752729306487695
O83499,positive,mhci,num_peptides,447
O83499,positive,mhci,num_strong_binders,134
O83499,positive,mhci,num_weak_binders,313
O83661,positive,mhci,score,0.339225251450677
O83661,positive,mhci,percentile,0.8947079303675048
O83661,positive,mhci,num_peptides,517
O83661,positive,mhci,num_strong_binders,169
O83661,positive,mhci,num_weak_binders,348
O83920,positive,mhci,score,0.3459503848580442
O83920,positive,mhci,percentile,0.8966766561514196
O83920,positive,mhci,num_peptides,634
O83920,positive,mhci,num_strong_binders,212
O83920,positive,mhci,num_weak_binders,422
O83246,positive,mhci,score,0.3258654850863422
O83246,positive,mhci,percentile,0.9392857142857143
O83246,positive,mhci,num_peptides,637
O83246,positive,mhci,num_strong_binders,181
O83246,positive,mhci,num_weak_binders,456
O83994,positive,mhci,score,0.33318322770700637
O83994,positive,mhci,percentile,0.9078614649681529
O83994,positive,mhci,num_peptides,628
O83994,positive,mhci,num_strong_binders,203
O83994,positive,mhci,num_weak_binders,425
O83958,positive,mhci,score,0.3560435
O83958,positive,mhci,percentile,0.8920337837837837
O83958,positive,mhci,num_peptides,296
O83958,positive,mhci,num_strong_binders,101
O83958,positive,mhci,num_weak_binders,195
F7IW56,positive,mhci,score,0.325196375464684
F7IW56,positive,mhci,percentile,0.9481040892193309
F7IW56,positive,mhci,num_peptides,269
F7IW56,positive,mhci,num_strong_binders,82
F7IW56,positive,mhci,num_weak_binders,187
O83449,positive,mhci,score,0.34594033333333335
O83449,positive,mhci,percentile,0.8685421686746988
O83449,positive,mhci,num_peptides,249
O83449,positive,mhci,num_strong_binders,83
O83449,positive,mhci,num_weak_binders,166
O83935,positive,mhci,score,0.334804736328125
O83935,positive,mhci,percentile,0.916537109375
O83935,positive,mhci,num_peptides,512
O83935,positive,mhci,num_strong_binders,167
O83935,positive,mhci,num_weak_binders,345
O83768,positive,mhci,score,0.3255908741258741
O83768,positive,mhci,percentile,0.9503321678321678
O83768,positive,mhci,num_peptides,286
O83768,positive,mhci,num_strong_binders,90
O83768,positive,mhci,num_weak_binders,196
O83458,positive,mhci,score,0.31013977161862527
O83458,positive,mhci,percentile,0.9600155210643015
O83458,positive,mhci,num_peptides,451
O83458,positive,mhci,num_strong_binders,128
O83458,positive,mhci,num_weak_binders,323
O83383,positive,mhci,score,0.37205688541666665
O83383,positive,mhci,percentile,0.7782708333333334
O83383,positive,mhci,num_peptides,96
O83383,positive,mhci,num_strong_binders,37
O83383,positive,mhci,num_weak_binders,59
O83980,positive,mhci,score,0.3407629431137725
O83980,positive,mhci,percentile,0.9007290419161676
O83980,positive,mhci,num_peptides,668
O83980,positive,mhci,num_strong_binders,213
O83980,positive,mhci,num_weak_binders,455
P19478,positive,mhci,score,0.319755265060241
P19478,positive,mhci,percentile,0.9649939759036145
P19478,positive,mhci,num_peptides,166
P19478,positive,mhci,num_strong_binders,45
P19478,positive,mhci,num_weak_binders,121
P19649,positive,mhci,score,0.33418965185185184
P19649,positive,mhci,percentile,0.9166691358024691
P19649,positive,mhci,num_peptides,405
P19649,positive,mhci,num_strong_binders,127
P19649,positive,mhci,num_weak_binders,278
O07884,positive,mhci,score,0.32893871559633026
O07884,positive,mhci,percentile,0.9206422018348623
O07884,positive,mhci,num_peptides,436
O07884,positive,mhci,num_strong_binders,132
O07884,positive,mhci,num_weak_binders,304
O83249,positive,mhci,score,0.32007251127819547
O83249,positive,mhci,percentile,0.9543834586466166
O83249,positive,mhci,num_peptides,133
O83249,positive,mhci,num_strong_binders,38
O83249,positive,mhci,num_weak_binders,95
O83268,positive,mhci,score,0.32043352941176473
O83268,positive,mhci,percentile,0.932620320855615
O83268,positive,mhci,num_peptides,187
O83268,positive,mhci,num_strong_binders,52
O83268,positive,mhci,num_weak_binders,135
O83615,positive,mhci,score,0.3191050822622108
O83615,positive,mhci,percentile,0.9336349614395887
O83615,positive,mhci,num_peptides,389
O83615,positive,mhci,num_strong_binders,115
O83615,positive,mhci,num_weak_binders,274
R4IYZ3,positive,mhci,score,0.336371606741573
R4IYZ3,positive,mhci,percentile,0.930876404494382
R4IYZ3,positive,mhci,num_peptides,356
R4IYZ3,positive,mhci,num_strong_binders,111
R4IYZ3,positive,mhci,num_weak_binders,245
O83619,positive,mhci,score,0.33860061118170265
O83619,positive,mhci,percentile,0.8976480304955528
O83619,positive,mhci,num_peptides,787
O83619,positive,mhci,num_strong_binders,258
O83619,positive,mhci,num_weak_binders,529
O83451,positive,mhci,score,0.3408479684684685
O83451,positive,mhci,percentile,0.8730765765765766
O83451,positive,mhci,num_peptides,222
O83451,positive,mhci,num_strong_binders,75
O83451,positive,mhci,num_weak_binders,147
O83923,positive,mhci,score,0.3366711259259259
O83923,positive,mhci,percentile,0.9120395061728395
O83923,positive,mhci,num_peptides,405
O83923,positive,mhci,num_strong_binders,128
O83923,positive,mhci,num_weak_binders,277
O83912,positive,mhci,score,0.33851601840490797
O83912,positive,mhci,percentile,0.8792331288343558
O83912,positive,mhci,num_peptides,163
O83912,positive,mhci,num_strong_binders,51
O83912,positive,mhci,num_weak_binders,112
O83974,positive,mhci,score,0.3372858235294118
O83974,positive,mhci,percentile,0.8974264705882353
O83974,positive,mhci,num_peptides,204
O83974,positive,mhci,num_strong_binders,71
O83974,positive,mhci,num_weak_binders,133
O83346,positive,mhci,score,0.33951064700285444
O83346,positive,mhci,percentile,0.8978962892483349
O83346,positive,mhci,num_peptides,1051
O83346,positive,mhci,num_strong_binders,335
O83346,positive,mhci,num_weak_binders,716
O83751,positive,mhci,score,0.33641181492537314
O83751,positive,mhci,percentile,0.8964626865671642
O83751,positive,mhci,num_peptides,335
O83751,positive,mhci,num_strong_binders,109
O83751,positive,mhci,num_weak_binders,226
O83481,positive,mhci,score,0.3262200737327189
O83481,positive,mhci,percentile,0.940036866359447
O83481,positive,mhci,num_peptides,217
O83481,positive,mhci,num_strong_binders,70
O83481,positive,mhci,num_weak_binders,147
O83834,positive,mhci,score,0.3411151333333333
O83834,positive,mhci,percentile,0.8846333333333334
O83834,positive,mhci,num_peptides,270
O83834,positive,mhci,num_strong_binders,90
O83834,positive,mhci,num_weak_binders,180
O83507,positive,mhci,score,0.2955947686567164
O83507,positive,mhci,percentile,0.9643320895522388
O83507,positive,mhci,num_peptides,268
O83507,positive,mhci,num_strong_binders,68
O83507,positive,mhci,num_weak_binders,200
O83931,positive,mhci,score,0.3508391574468085
O83931,positive,mhci,percentile,0.857031914893617
O83931,positive,mhci,num_peptides,470
O83931,positive,mhci,num_strong_binders,157
O83931,positive,mhci,num_weak_binders,313
O83095,positive,mhci,score,0.326449488045007
O83095,positive,mhci,percentile,0.9370618846694796
O83095,positive,mhci,num_peptides,711
O83095,positive,mhci,num_strong_binders,213
O83095,positive,mhci,num_weak_binders,498
O83213,positive,mhci,score,0.3644024393939394
O83213,positive,mhci,percentile,0.8622969696969697
O83213,positive,mhci,num_peptides,330
O83213,positive,mhci,num_strong_binders,120
O83213,positive,mhci,num_weak_binders,210
O83828,positive,mhci,score,0.3547154007220217
O83828,positive,mhci,percentile,0.8549350180505415
O83828,positive,mhci,num_peptides,277
O83828,positive,mhci,num_strong_binders,97
O83828,positive,mhci,num_weak_binders,180
O83813,positive,mhci,score,0.36419005194805193
O83813,positive,mhci,percentile,0.8707866419294991
O83813,positive,mhci,num_peptides,539
O83813,positive,mhci,num_strong_binders,200
O83813,positive,mhci,num_weak_binders,339
O83111,positive,mhci,score,0.3501358292682927
O83111,positive,mhci,percentile,0.8441829268292683
O83111,positive,mhci,num_peptides,82
O83111,positive,mhci,num_strong_binders,26
O83111,positive,mhci,num_weak_binders,56
O54312,positive,mhci,score,0.32760869920318725
O54312,positive,mhci,percentile,0.9411474103585658
O54312,positive,mhci,num_peptides,502
O54312,positive,mhci,num_strong_binders,151
O54312,positive,mhci,num_weak_binders,351
O83557,positive,mhci,score,0.2869192710280374
O83557,positive,mhci,percentile,1.0498317757009346
O83557,positive,mhci,num_peptides,214
O83557,positive,mhci,num_strong_binders,49
O83557,positive,mhci,num_weak_binders,165
P29725,positive,mhci,score,0.34667699376299377
P29725,positive,mhci,percentile,0.8807837837837837
P29725,positive,mhci,num_peptides,481
P29725,positive,mhci,num_strong_binders,150
P29725,positive,mhci,num_weak_binders,331
O83164,positive,mhci,score,0.3427996206896552
O83164,positive,mhci,percentile,0.8754689655172414
O83164,positive,mhci,num_peptides,145
O83164,positive,mhci,num_strong_binders,51
O83164,positive,mhci,num_weak_binders,94
R4IZI5,positive,mhci,score,0.33103134332425066
R4IZI5,positive,mhci,percentile,0.913425068119891
R4IZI5,positive,mhci,num_peptides,367
R4IZI5,positive,mhci,num_strong_binders,118
R4IZI5,positive,mhci,num_weak_binders,249
P29724,positive,mhci,score,0.3565711157894737
P29724,positive,mhci,percentile,0.8663578947368421
P29724,positive,mhci,num_peptides,380
P29724,positive,mhci,num_strong_binders,127
P29724,positive,mhci,num_weak_binders,253
O83715,positive,mhci,score,0.3659319110320285
O83715,positive,mhci,percentile,0.8598754448398577
O83715,positive,mhci,num_peptides,281
O83715,positive,mhci,num_strong_binders,104
O83715,positive,mhci,num_weak_binders,177
O84001,positive,mhci,score,0.3143958037735849
O84001,positive,mhci,percentile,0.9572415094339622
O84001,positive,mhci,num_peptides,265
O84001,positive,mhci,num_strong_binders,76
O84001,positive,mhci,num_weak_binders,189
O83666,positive,mhci,score,0.3161417174479167
O83666,positive,mhci,percentile,0.9486302083333333
O83666,positive,mhci,num_peptides,768
O83666,positive,mhci,num_strong_binders,213
O83666,positive,mhci,num_weak_binders,555
F7IVD2,positive,mhci,score,0.3517351181102362
F7IVD2,positive,mhci,percentile,0.8643228346456693
F7IVD2,positive,mhci,num_peptides,381
F7IVD2,positive,mhci,num_strong_binders,131
F7IVD2,positive,mhci,num_weak_binders,250
O83487,positive,mhci,score,0.3215203204225352
O83487,positive,mhci,percentile,0.8870176056338028
O83487,positive,mhci,num_peptides,284
O83487,positive,mhci,num_strong_binders,79
O83487,positive,mhci,num_weak_binders,205
O83630,positive,mhci,score,0.3484642276214834
O83630,positive,mhci,percentile,0.8670831202046035
O83630,positive,mhci,num_peptides,782
O83630,positive,mhci,num_strong_binders,261
O83630,positive,mhci,num_weak_binders,521
O83639,positive,mhci,score,0.33163239957264956
O83639,positive,mhci,percentile,0.9089658119658119
O83639,positive,mhci,num_peptides,468
O83639,positive,mhci,num_strong_binders,142
O83639,positive,mhci,num_weak_binders,326
O83691,positive,mhci,score,0.29106393366093364
O83691,positive,mhci,percentile,1.022022113022113
O83691,positive,mhci,num_peptides,407
O83691,positive,mhci,num_strong_binders,99
O83691,positive,mhci,num_weak_binders,308
P23033,positive,mhci,score,0.3269770871886121
P23033,positive,mhci,percentile,0.9304003558718861
P23033,positive,mhci,num_peptides,562
P23033,positive,mhci,num_strong_binders,163
P23033,positive,mhci,num_weak_binders,399
O06690,positive,mhci,score,0.3148437015503876
O06690,positive,mhci,percentile,0.9281821705426356
O06690,positive,mhci,num_peptides,258
O06690,positive,mhci,num_strong_binders,77
O06690,positive,mhci,num_weak_binders,181
O83169,positive,mhci,score,0.3173024448051948
O83169,positive,mhci,percentile,0.945672077922078
O83169,positive,mhci,num_peptides,308
O83169,positive,mhci,num_strong_binders,89
O83169,positive,mhci,num_weak_binders,219
R4J012,positive,mhci,score,0.3466257530201342
R4J012,positive,mhci,percentile,0.8727194630872483
R4J012,positive,mhci,num_peptides,745
R4J012,positive,mhci,num_strong_binders,235
R4J012,positive,mhci,num_weak_binders,510
O83448,positive,mhci,score,0.37225949462365593
O83448,positive,mhci,percentile,0.8345806451612903
O83448,positive,mhci,num_peptides,279
O83448,positive,mhci,num_strong_binders,104
O83448,positive,mhci,num_weak_binders,175
O83613,positive,mhci,score,0.3397167916666667
O83613,positive,mhci,percentile,0.9111851851851852
O83613,positive,mhci,num_peptides,216
O83613,positive,mhci,num_strong_binders,78
O83613,positive,mhci,num_weak_binders,138
O83251,positive,mhci,score,0.30853777717391306
O83251,positive,mhci,percentile,0.9548695652173913
O83251,positive,mhci,num_peptides,184
O83251,positive,mhci,num_strong_binders,45
O83251,positive,mhci,num_weak_binders,139
O83669,positive,mhci,score,0.32676598828125
O83669,positive,mhci,percentile,0.93598046875
O83669,positive,mhci,num_peptides,256
O83669,positive,mhci,num_strong_binders,79
O83669,positive,mhci,num_weak_binders,177
O83522,positive,mhci,score,0.33934359851301116
O83522,positive,mhci,percentile,0.8917323420074349
O83522,positive,mhci,num_peptides,269
O83522,positive,mhci,num_strong_binders,95
O83522,positive,mhci,num_weak_binders,174
P74934,positive,mhci,score,0.3117355557939914
P74934,positive,mhci,percentile,0.9563669527896995
P74934,positive,mhci,num_peptides,466
P74934,positive,mhci,num_strong_binders,121
P74934,positive,mhci,num_weak_binders,345
F7IWA5,positive,mhci,score,0.3240737180156658
F7IWA5,positive,mhci,percentile,0.9295939947780679
F7IWA5,positive,mhci,num_peptides,766
F7IWA5,positive,mhci,num_strong_binders,224
F7IWA5,positive,mhci,num_weak_binders,542
O83384,positive,mhci,score,0.3242407056451613
O83384,positive,mhci,percentile,0.9166875
O83384,positive,mhci,num_peptides,496
O83384,positive,mhci,num_strong_binders,148
O83384,positive,mhci,num_weak_binders,348
O83126,positive,mhci,score,0.3092071463414634
O83126,positive,mhci,percentile,0.993588850174216
O83126,positive,mhci,num_peptides,287
O83126,positive,mhci,num_strong_binders,76
O83126,positive,mhci,num_weak_binders,211
O83520,positive,mhci,score,0.3214389739130435
O83520,positive,mhci,percentile,0.9530739130434782
O83520,positive,mhci,num_peptides,230
O83520,positive,mhci,num_strong_binders,64
O83520,positive,mhci,num_weak_binders,166
O83581,positive,mhci,score,0.315529
O83581,positive,mhci,percentile,0.916946127946128
O83581,positive,mhci,num_peptides,297
O83581,positive,mhci,num_strong_binders,87
O83581,positive,mhci,num_weak_binders,210
O83627,positive,mhci,score,0.35050554945054946
O83627,positive,mhci,percentile,0.8823956043956044
O83627,positive,mhci,num_peptides,91
O83627,positive,mhci,num_strong_binders,31
O83627,positive,mhci,num_weak_binders,60
O83641,positive,mhci,score,0.3263929147540984
O83641,positive,mhci,percentile,0.9021639344262296
O83641,positive,mhci,num_peptides,305
O83641,positive,mhci,num_strong_binders,87
O83641,positive,mhci,num_weak_binders,218
P38369,positive,mhci,score,0.34985919894366196
P38369,positive,mhci,percentile,0.8745721830985915
P38369,positive,mhci,num_peptides,568
P38369,positive,mhci,num_strong_binders,198
P38369,positive,mhci,num_weak_binders,370
O83503,positive,mhci,score,0.38830688888888887
O83503,positive,mhci,percentile,0.8038253968253968
O83503,positive,mhci,num_peptides,63
O83503,positive,mhci,num_strong_binders,24
O83503,positive,mhci,num_weak_binders,39
O83414,positive,mhci,score,0.32712675217391307
O83414,positive,mhci,percentile,0.9284681159420289
O83414,positive,mhci,num_peptides,690
O83414,positive,mhci,num_strong_binders,214
O83414,positive,mhci,num_weak_binders,476
O83732,positive,mhci,score,0.298662764940239
O83732,positive,mhci,percentile,0.9949282868525896
O83732,positive,mhci,num_peptides,251
O83732,positive,mhci,num_strong_binders,69
O83732,positive,mhci,num_weak_binders,182
P07643,positive,mhci,score,0.30352856
P07643,positive,mhci,percentile,0.9876066666666666
P07643,positive,mhci,num_peptides,300
P07643,positive,mhci,num_strong_binders,83
P07643,positive,mhci,num_weak_binders,217
P16055,positive,mhci,score,0.32873546153846156
P16055,positive,mhci,percentile,0.9582937062937062
P16055,positive,mhci,num_peptides,143
P16055,positive,mhci,num_strong_binders,44
P16055,positive,mhci,num_weak_binders,99
A0A2P1DUM7,positive,mhci,score,0.338337452991453
A0A2P1DUM7,positive,mhci,percentile,0.9068333333333334
A0A2P1DUM7,positive,mhci,num_peptides,234
A0A2P1DUM7,positive,mhci,num_strong_binders,71
A0A2P1DUM7,positive,mhci,num_weak_binders,163
O83933,positive,mhci,score,0.3296420574534161
O83933,positive,mhci,percentile,0.9200372670807453
O83933,positive,mhci,num_peptides,644
O83933,positive,mhci,num_strong_binders,203
O83933,positive,mhci,num_weak_binders,441
O83475,positive,mhci,score,0.32005313114754097
O83475,positive,mhci,percentile,0.9478950819672131
O83475,positive,mhci,num_peptides,305
O83475,positive,mhci,num_strong_binders,92
O83475,positive,mhci,num_weak_binders,213
O83080,positive,mhci,score,0.31639946682464454
O83080,positive,mhci,percentile,0.9390876777251185
O83080,positive,mhci,num_peptides,422
O83080,positive,mhci,num_strong_binders,121
O83080,positive,mhci,num_weak_binders,301
O83335,positive,mhci,score,0.3317398316384181
O83335,positive,mhci,percentile,0.9124531073446328
O83335,positive,mhci,num_peptides,885
O83335,positive,mhci,num_strong_binders,268
O83335,positive,mhci,num_weak_binders,617
O83482,positive,mhci,score,0.3262331309148265
O83482,positive,mhci,percentile,0.922493690851735
O83482,positive,mhci,num_peptides,634
O83482,positive,mhci,num_strong_binders,188
O83482,positive,mhci,num_weak_binders,446
O83123,positive,mhci,score,0.3184530740740741
O83123,positive,mhci,percentile,0.9341358024691359
O83123,positive,mhci,num_peptides,162
O83123,positive,mhci,num_strong_binders,49
O83123,positive,mhci,num_weak_binders,113
O83731,positive,mhci,score,0.3400287093023256
O83731,positive,mhci,percentile,0.8841899224806201
O83731,positive,mhci,num_peptides,258
O83731,positive,mhci,num_strong_binders,87
O83731,positive,mhci,num_weak_binders,171
O83337,positive,mhci,score,0.32365631047381543
O83337,positive,mhci,percentile,0.9422992518703242
O83337,positive,mhci,num_peptides,802
O83337,positive,mhci,num_strong_binders,235
O83337,positive,mhci,num_weak_binders,567
O83086,positive,mhci,score,0.3225551955719557
O83086,positive,mhci,percentile,0.945959409594096
O83086,positive,mhci,num_peptides,271
O83086,positive,mhci,num_strong_binders,82
O83086,positive,mhci,num_weak_binders,189
P16665,positive,mhci,score,0.35323157794676807
P16665,positive,mhci,percentile,0.8900988593155894
P16665,positive,mhci,num_peptides,263
P16665,positive,mhci,num_strong_binders,100
P16665,positive,mhci,num_weak_binders,163
O83837,positive,mhci,score,0.31774455319148937
O83837,positive,mhci,percentile,0.9623581560283688
O83837,positive,mhci,num_peptides,564
O83837,positive,mhci,num_strong_binders,164
O83837,positive,mhci,num_weak_binders,400
Q56328,positive,mhci,score,0.30471036989247313
Q56328,positive,mhci,percentile,0.986210752688172
Q56328,positive,mhci,num_peptides,465
Q56328,positive,mhci,num_strong_binders,122
Q56328,positive,mhci,num_weak_binders,343
O83163,positive,mhci,score,0.3518830870967742
O83163,positive,mhci,percentile,0.8648645161290323
O83163,positive,mhci,num_peptides,310
O83163,positive,mhci,num_strong_binders,105
O83163,positive,mhci,num_weak_binders,205
O67998,positive,mhci,score,0.34513404569892475
O67998,positive,mhci,percentile,0.9081129032258064
O67998,positive,mhci,num_peptides,372
O67998,positive,mhci,num_strong_binders,115
O67998,positive,mhci,num_weak_binders,257
O83964,positive,mhci,score,0.32018603556485353
O83964,positive,mhci,percentile,0.9323023012552302
O83964,positive,mhci,num_peptides,956
O83964,positive,mhci,num_strong_binders,273
O83964,positive,mhci,num_weak_binders,683
O83159,positive,mhci,score,0.3105935357142857
O83159,positive,mhci,percentile,0.9573197278911565
O83159,positive,mhci,num_peptides,588
O83159,positive,mhci,num_strong_binders,159
O83159,positive,mhci,num_weak_binders,429
O83329,positive,mhci,score,0.3353604071588367
O83329,positive,mhci,percentile,0.9231431767337808
O83329,positive,mhci,num_peptides,447
O83329,positive,mhci,num_strong_binders,145
O83329,positive,mhci,num_weak_binders,302
O83932,positive,mhci,score,0.3302864755134281
O83932,positive,mhci,percentile,0.9213001579778831
O83932,positive,mhci,num_peptides,633
O83932,positive,mhci,num_strong_binders,194
O83932,positive,mhci,num_weak_binders,439
O83748,positive,mhci,score,0.3240901944764097
O83748,positive,mhci,percentile,0.9209942462600691
O83748,positive,mhci,num_peptides,869
O83748,positive,mhci,num_strong_binders,253
O83748,positive,mhci,num_weak_binders,616
Q08255,positive,mhci,score,0.3149565294117647
Q08255,positive,mhci,percentile,0.9564224598930481
Q08255,positive,mhci,num_peptides,374
Q08255,positive,mhci,num_strong_binders,103
Q08255,positive,mhci,num_weak_binders,271
O83138,positive,mhci,score,0.3339110072463768
O83138,positive,mhci,percentile,0.8955326086956522
O83138,positive,mhci,num_peptides,276
O83138,positive,mhci,num_strong_binders,93
O83138,positive,mhci,num_weak_binders,183
O83427,positive,mhci,score,0.32575577142857143
O83427,positive,mhci,percentile,0.9587523809523809
O83427,positive,mhci,num_peptides,105
O83427,positive,mhci,num_strong_binders,29
O83427,positive,mhci,num_weak_binders,76
O83548,positive,mhci,score,0.3228033665480427
O83548,positive,mhci,percentile,0.9059572953736654
O83548,positive,mhci,num_peptides,281
O83548,positive,mhci,num_strong_binders,94
O83548,positive,mhci,num_weak_binders,187
O83769,positive,mhci,score,0.3271903104247104
O83769,positive,mhci,percentile,0.9232625482625483
O83769,positive,mhci,num_peptides,1295
O83769,positive,mhci,num_strong_binders,402
O83769,positive,mhci,num_weak_binders,893
O83782,positive,mhci,score,0.31894578064516127
O83782,positive,mhci,percentile,0.9796559139784946
O83782,positive,mhci,num_peptides,465
O83782,positive,mhci,num_strong_binders,128
O83782,positive,mhci,num_weak_binders,337
B0LGY7,positive,mhci,score,0.33875924371859295
B0LGY7,positive,mhci,percentile,0.8936306532663316
B0LGY7,positive,mhci,num_peptides,398
B0LGY7,positive,mhci,num_strong_binders,131
B0LGY7,positive,mhci,num_weak_binders,267
O83867,positive,mhci,score,0.3272448085106383
O83867,positive,mhci,percentile,1.0219787234042552
O83867,positive,mhci,num_peptides,47
O83867,positive,mhci,num_strong_binders,14
O83867,positive,mhci,num_weak_binders,33
P96116,positive,mhci,score,0.3200542258064516
P96116,positive,mhci,percentile,0.9548617511520737
P96116,positive,mhci,num_peptides,434
P96116,positive,mhci,num_strong_binders,132
P96116,positive,mhci,num_weak_binders,302
R4IZI5,positive,mhci,score,0.33774064897260275
R4IZI5,positive,mhci,percentile,0.8818253424657534
R4IZI5,positive,mhci,num_peptides,584
R4IZI5,positive,mhci,num_strong_binders,190
R4IZI5,positive,mhci,num_weak_binders,394
O83769,positive,mhci,score,0.3271903104247104
O83769,positive,mhci,percentile,0.9232625482625483
O83769,positive,mhci,num_peptides,1295
O83769,positive,mhci,num_strong_binders,402
O83769,positive,mhci,num_weak_binders,893
O84002,positive,mhci,score,0.3215897878787879
O84002,positive,mhci,percentile,0.9099603729603729
O84002,positive,mhci,num_peptides,429
O84002,positive,mhci,num_strong_binders,124
O84002,positive,mhci,num_weak_binders,305
O83639,positive,mhci,score,0.3291195216450216
O83639,positive,mhci,percentile,0.9138441558441558
O83639,positive,mhci,num_peptides,462
O83639,positive,mhci,num_strong_binders,138
O83639,positive,mhci,num_weak_binders,324
O30405,positive,mhci,score,0.353272316017316
O30405,positive,mhci,percentile,0.8735324675324675
O30405,positive,mhci,num_peptides,462
O30405,positive,mhci,num_strong_binders,155
O30405,positive,mhci,num_weak_binders,307
O83123,positive,mhci,score,0.3184530740740741
O83123,positive,mhci,percentile,0.9341358024691359
O83123,positive,mhci,num_peptides,162
O83123,positive,mhci,num_strong_binders,49
O83123,positive,mhci,num_weak_binders,113
O83507,positive,mhci,score,0.2955947686567164
O83507,positive,mhci,percentile,0.9643320895522388
O83507,positive,mhci,num_peptides,268
O83507,positive,mhci,num_strong_binders,68
O83507,positive,mhci,num_weak_binders,200
O83627,positive,mhci,score,0.34177031764705884
O83627,positive,mhci,percentile,0.9212941176470588
O83627,positive,mhci,num_peptides,85
O83627,positive,mhci,num_strong_binders,27
O83627,positive,mhci,num_weak_binders,58
P19649,positive,mhci,score,0.33418965185185184
P19649,positive,mhci,percentile,0.9166691358024691
P19649,positive,mhci,num_peptides,405
P19649,positive,mhci,num_strong_binders,127
P19649,positive,mhci,num_weak_binders,278
O83666,positive,mhci,score,0.3161417174479167
O83666,positive,mhci,percentile,0.9486302083333333
O83666,positive,mhci,num_peptides,768
O83666,positive,mhci,num_strong_binders,213
O83666,positive,mhci,num_weak_binders,555
O83296,positive,mhci,score,0.34865589142857145
O83296,positive,mhci,percentile,0.8550028571428572
O83296,positive,mhci,num_peptides,350
O83296,positive,mhci,num_strong_binders,121
O83296,positive,mhci,num_weak_binders,229
O83095,positive,mhci,score,0.3267177848101266
O83095,positive,mhci,percentile,0.9352419127988748
O83095,positive,mhci,num_peptides,711
O83095,positive,mhci,num_strong_binders,214
O83095,positive,mhci,num_weak_binders,497
O83557,positive,mhci,score,0.3237644604221636
O83557,positive,mhci,percentile,0.9527058047493404
O83557,positive,mhci,num_peptides,758
O83557,positive,mhci,num_strong_binders,219
O83557,positive,mhci,num_weak_binders,539
A0A2P1DUM5,positive,mhci,score,0.34630537777777776
A0A2P1DUM5,positive,mhci,percentile,0.9213666666666667
A0A2P1DUM5,positive,mhci,num_peptides,180
A0A2P1DUM5,positive,mhci,num_strong_binders,62
A0A2P1DUM5,positive,mhci,num_weak_binders,118
O67998,positive,mhci,score,0.34448238786279683
O67998,positive,mhci,percentile,0.9111029023746702
O67998,positive,mhci,num_peptides,379
O67998,positive,mhci,num_strong_binders,117
O67998,positive,mhci,num_weak_binders,262
P16665,positive,mhci,score,0.35113120833333333
P16665,positive,mhci,percentile,0.9007575757575758
P16665,positive,mhci,num_peptides,264
P16665,positive,mhci,num_strong_binders,100
P16665,positive,mhci,num_weak_binders,164
O83383,positive,mhci,score,0.37205688541666665
O83383,positive,mhci,percentile,0.7782708333333334
O83383,positive,mhci,num_peptides,96
O83383,positive,mhci,num_strong_binders,37
O83383,positive,mhci,num_weak_binders,59
O83619,positive,mhci,score,0.33620653868194844
O83619,positive,mhci,percentile,0.9190085959885387
O83619,positive,mhci,num_peptides,349
O83619,positive,mhci,num_strong_binders,110
O83619,positive,mhci,num_weak_binders,239
O83520,positive,mhci,score,0.3214389739130435
O83520,positive,mhci,percentile,0.9530739130434782
O83520,positive,mhci,num_peptides,230
O83520,positive,mhci,num_strong_binders,64
O83520,positive,mhci,num_weak_binders,166
O83782,positive,mhci,score,0.31879407905982904
O83782,positive,mhci,percentile,0.9802692307692308
O83782,positive,mhci,num_peptides,468
O83782,positive,mhci,num_strong_binders,129
O83782,positive,mhci,num_weak_binders,339
O83837,positive,mhci,score,0.3158065586206897
O83837,positive,mhci,percentile,0.9685
O83837,positive,mhci,num_peptides,580
O83837,positive,mhci,num_strong_binders,164
O83837,positive,mhci,num_weak_binders,416
O83487,positive,mhci,score,0.3215203204225352
O83487,positive,mhci,percentile,0.8870176056338028
O83487,positive,mhci,num_peptides,284
O83487,positive,mhci,num_strong_binders,79
O83487,positive,mhci,num_weak_binders,205
O83249,positive,mhci,score,0.32007251127819547
O83249,positive,mhci,percentile,0.9543834586466166
O83249,positive,mhci,num_peptides,133
O83249,positive,mhci,num_strong_binders,38
O83249,positive,mhci,num_weak_binders,95
O83813,positive,mhci,score,0.3641814749536178
O83813,positive,mhci,percentile,0.8708126159554731
O83813,positive,mhci,num_peptides,539
O83813,positive,mhci,num_strong_binders,200
O83813,positive,mhci,num_weak_binders,339
F7IWA5,positive,mhci,score,0.3220433144654088
F7IWA5,positive,mhci,percentile,0.9463572327044025
F7IWA5,positive,mhci,num_peptides,795
F7IWA5,positive,mhci,num_strong_binders,232
F7IWA5,positive,mhci,num_weak_binders,563
O83935,positive,mhci,score,0.32930807279693486
O83935,positive,mhci,percentile,0.9425019157088123
O83935,positive,mhci,num_peptides,522
O83935,positive,mhci,num_strong_binders,164
O83935,positive,mhci,num_weak_binders,358
O83337,positive,mhci,score,0.3220433144654088
O83337,positive,mhci,percentile,0.9463572327044025
O83337,positive,mhci,num_peptides,795
O83337,positive,mhci,num_strong_binders,232
O83337,positive,mhci,num_weak_binders,563
O83482,positive,mhci,score,0.32745919292604503
O83482,positive,mhci,percentile,0.9187202572347267
O83482,positive,mhci,num_peptides,622
O83482,positive,mhci,num_strong_binders,186
O83482,positive,mhci,num_weak_binders,436
O83414,positive,mhci,score,0.32712675217391307
O83414,positive,mhci,percentile,0.9284681159420289
O83414,positive,mhci,num_peptides,690
O83414,positive,mhci,num_strong_binders,214
O83414,positive,mhci,num_weak_binders,476
P56822,positive,mhci,score,0.352766162962963
P56822,positive,mhci,percentile,0.8849925925925926
P56822,positive,mhci,num_peptides,135
P56822,positive,mhci,num_strong_binders,44
P56822,positive,mhci,num_weak_binders,91
O83933,positive,mhci,score,0.3303886630602782
O83933,positive,mhci,percentile,0.9171051004636785
O83933,positive,mhci,num_peptides,647
O83933,positive,mhci,num_strong_binders,204
O83933,positive,mhci,num_weak_binders,443
O83629,positive,mhci,score,0.319436853115727
O83629,positive,mhci,percentile,0.950919881305638
O83629,positive,mhci,num_peptides,674
O83629,positive,mhci,num_strong_binders,191
O83629,positive,mhci,num_weak_binders,483
O83715,positive,mhci,score,0.3659270337837838
O83715,positive,mhci,percentile,0.8613445945945946
O83715,positive,mhci,num_peptides,296
O83715,positive,mhci,num_strong_binders,108
O83715,positive,mhci,num_weak_binders,188
O83994,positive,mhci,score,0.31513416802610117
O83994,positive,mhci,percentile,0.9544274061990212
O83994,positive,mhci,num_peptides,613
O83994,positive,mhci,num_strong_binders,169
O83994,positive,mhci,num_weak_binders,444
O83169,positive,mhci,score,0.31634330592105264
O83169,positive,mhci,percentile,0.9370953947368421
O83169,positive,mhci,num_peptides,304
O83169,positive,mhci,num_strong_binders,89
O83169,positive,mhci,num_weak_binders,215
O84001,positive,mhci,score,0.3174268854961832
O84001,positive,mhci,percentile,0.9475916030534351
O84001,positive,mhci,num_peptides,262
O84001,positive,mhci,num_strong_binders,76
O84001,positive,mhci,num_weak_binders,186
O83923,positive,mhci,score,0.3366711259259259
O83923,positive,mhci,percentile,0.9120395061728395
O83923,positive,mhci,num_peptides,405
O83923,positive,mhci,num_strong_binders,128
O83923,positive,mhci,num_weak_binders,277
O83268,positive,mhci,score,0.32043352941176473
O83268,positive,mhci,percentile,0.932620320855615
O83268,positive,mhci,num_peptides,187
O83268,positive,mhci,num_strong_binders,52
O83268,positive,mhci,num_weak_binders,135
O83427,positive,mhci,score,0.32575577142857143
O83427,positive,mhci,percentile,0.9587523809523809
O83427,positive,mhci,num_peptides,105
O83427,positive,mhci,num_strong_binders,29
O83427,positive,mhci,num_weak_binders,76
P38369,positive,mhci,score,0.3484019809358752
P38369,positive,mhci,percentile,0.8764471403812825
P38369,positive,mhci,num_peptides,577
P38369,positive,mhci,num_strong_binders,199
P38369,positive,mhci,num_weak_binders,378
O83213,positive,mhci,score,0.3644024393939394
O83213,positive,mhci,percentile,0.8622969696969697
O83213,positive,mhci,num_peptides,330
O83213,positive,mhci,num_strong_binders,120
O83213,positive,mhci,num_weak_binders,210
P29723,positive,mhci,score,0.3181564818548387
P29723,positive,mhci,percentile,0.9492903225806452
P29723,positive,mhci,num_peptides,496
P29723,positive,mhci,num_strong_binders,148
P29723,positive,mhci,num_weak_binders,348
O83413,positive,mhci,score,0.40269938164251207
O83413,positive,mhci,percentile,0.7903913043478261
O83413,positive,mhci,num_peptides,207
O83413,positive,mhci,num_strong_binders,91
O83413,positive,mhci,num_weak_binders,116
O07884,positive,mhci,score,0.32893871559633026
O07884,positive,mhci,percentile,0.9206422018348623
O07884,positive,mhci,num_peptides,436
O07884,positive,mhci,num_strong_binders,132
O07884,positive,mhci,num_weak_binders,304
O83613,positive,mhci,score,0.3397167916666667
O83613,positive,mhci,percentile,0.9111851851851852
O83613,positive,mhci,num_peptides,216
O83613,positive,mhci,num_strong_binders,78
O83613,positive,mhci,num_weak_binders,138
O83251,positive,mhci,score,0.3095485136612022
O83251,positive,mhci,percentile,0.9532622950819672
O83251,positive,mhci,num_peptides,183
O83251,positive,mhci,num_strong_binders,45
O83251,positive,mhci,num_weak_binders,138
O83080,positive,mhci,score,0.31639946682464454
O83080,positive,mhci,percentile,0.9390876777251185
O83080,positive,mhci,num_peptides,422
O83080,positive,mhci,num_strong_binders,121
O83080,positive,mhci,num_weak_binders,301
P29725,positive,mhci,score,0.34667699376299377
P29725,positive,mhci,percentile,0.8807837837837837
P29725,positive,mhci,num_peptides,481
P29725,positive,mhci,num_strong_binders,150
P29725,positive,mhci,num_weak_binders,331
O88138,positive,mhci,score,0.3212756526458616
O88138,positive,mhci,percentile,0.9419877883310719
O88138,positive,mhci,num_peptides,737
O88138,positive,mhci,num_strong_binders,216
O88138,positive,mhci,num_weak_binders,521
O83164,positive,mhci,score,0.3499907049180328
O83164,positive,mhci,percentile,0.8577131147540984
O83164,positive,mhci,num_peptides,122
O83164,positive,mhci,num_strong_binders,38
O83164,positive,mhci,num_weak_binders,84
O83325,positive,mhci,score,0.30806551169590646
O83325,positive,mhci,percentile,0.9757207602339182
O83325,positive,mhci,num_peptides,684
O83325,positive,mhci,num_strong_binders,181
O83325,positive,mhci,num_weak_binders,503
O83932,positive,mhci,score,0.33117303633491313
O83932,positive,mhci,percentile,0.9166129541864139
O83932,positive,mhci,num_peptides,633
O83932,positive,mhci,num_strong_binders,194
O83932,positive,mhci,num_weak_binders,439
O06690,positive,mhci,score,0.30171369868995634
O06690,positive,mhci,percentile,0.9561877729257642
O06690,positive,mhci,num_peptides,229
O06690,positive,mhci,num_strong_binders,64
O06690,positive,mhci,num_weak_binders,165
O83751,positive,mhci,score,0.3366799415204678
O83751,positive,mhci,percentile,0.8957894736842106
O83751,positive,mhci,num_peptides,342
O83751,positive,mhci,num_strong_binders,110
O83751,positive,mhci,num_weak_binders,232
O83732,positive,mhci,score,0.298662764940239
O83732,positive,mhci,percentile,0.9949282868525896
O83732,positive,mhci,num_peptides,251
O83732,positive,mhci,num_strong_binders,69
O83732,positive,mhci,num_weak_binders,182
O83974,positive,mhci,score,0.3372858235294118
O83974,positive,mhci,percentile,0.8974264705882353
O83974,positive,mhci,num_peptides,204
O83974,positive,mhci,num_strong_binders,71
O83974,positive,mhci,num_weak_binders,133
O83451,positive,mhci,score,0.3408479684684685
O83451,positive,mhci,percentile,0.8730765765765766
O83451,positive,mhci,num_peptides,222
O83451,positive,mhci,num_strong_binders,75
O83451,positive,mhci,num_weak_binders,147
O83922,positive,mhci,score,0.3499569764705882
O83922,positive,mhci,percentile,0.8614141176470588
O83922,positive,mhci,num_peptides,425
O83922,positive,mhci,num_strong_binders,143
O83922,positive,mhci,num_weak_binders,282
O83641,positive,mhci,score,0.3252426710526316
O83641,positive,mhci,percentile,0.9070921052631579
O83641,positive,mhci,num_peptides,304
O83641,positive,mhci,num_strong_binders,87
O83641,positive,mhci,num_weak_binders,217
O83483,positive,mhci,score,0.30340492915531336
O83483,positive,mhci,percentile,1.0047738419618528
O83483,positive,mhci,num_peptides,367
O83483,positive,mhci,num_strong_binders,106
O83483,positive,mhci,num_weak_binders,261
O83347,positive,mhci,score,0.31629158333333335
O83347,positive,mhci,percentile,0.9398708333333333
O83347,positive,mhci,num_peptides,240
O83347,positive,mhci,num_strong_binders,61
O83347,positive,mhci,num_weak_binders,179
O83964,positive,mhci,score,0.3206229833159541
O83964,positive,mhci,percentile,0.9312805005213765
O83964,positive,mhci,num_peptides,959
O83964,positive,mhci,num_strong_binders,275
O83964,positive,mhci,num_weak_binders,684
O83055,positive,mhci,score,0.3466257530201342
O83055,positive,mhci,percentile,0.8727194630872483
O83055,positive,mhci,num_peptides,745
O83055,positive,mhci,num_strong_binders,235
O83055,positive,mhci,num_weak_binders,510
O83301,positive,mhci,score,0.35041721085271316
O83301,positive,mhci,percentile,0.8671147286821705
O83301,positive,mhci,num_peptides,645
O83301,positive,mhci,num_strong_binders,216
O83301,positive,mhci,num_weak_binders,429
O83449,positive,mhci,score,0.36354741634241244
O83449,positive,mhci,percentile,0.8315330739299611
O83449,positive,mhci,num_peptides,257
O83449,positive,mhci,num_strong_binders,90
O83449,positive,mhci,num_weak_binders,167
O07950,positive,mhci,score,0.34866775409836065
O07950,positive,mhci,percentile,0.890672131147541
O07950,positive,mhci,num_peptides,366
O07950,positive,mhci,num_strong_binders,127
O07950,positive,mhci,num_weak_binders,239
O83966,positive,mhci,score,0.3349118441860465
O83966,positive,mhci,percentile,0.9009348837209302
O83966,positive,mhci,num_peptides,430
O83966,positive,mhci,num_strong_binders,133
O83966,positive,mhci,num_weak_binders,297
O83458,positive,mhci,score,0.31554273722627735
O83458,positive,mhci,percentile,0.948301703163017
O83458,positive,mhci,num_peptides,411
O83458,positive,mhci,num_strong_binders,122
O83458,positive,mhci,num_weak_binders,289
O83731,positive,mhci,score,0.3400287093023256
O83731,positive,mhci,percentile,0.8841899224806201
O83731,positive,mhci,num_peptides,258
O83731,positive,mhci,num_strong_binders,87
O83731,positive,mhci,num_weak_binders,171
O83246,positive,mhci,score,0.3258654850863422
O83246,positive,mhci,percentile,0.9392857142857143
O83246,positive,mhci,num_peptides,637
O83246,positive,mhci,num_strong_binders,181
O83246,positive,mhci,num_weak_binders,456
O83335,positive,mhci,score,0.33164977892325315
O83335,positive,mhci,percentile,0.9152233676975945
O83335,positive,mhci,num_peptides,873
O83335,positive,mhci,num_strong_binders,263
O83335,positive,mhci,num_weak_binders,610
O83830,positive,mhci,score,0.3062556075949367
O83830,positive,mhci,percentile,0.9857088607594937
O83830,positive,mhci,num_peptides,395
O83830,positive,mhci,num_strong_binders,95
O83830,positive,mhci,num_weak_binders,300
P74934,positive,mhci,score,0.3117355557939914
P74934,positive,mhci,percentile,0.9563669527896995
P74934,positive,mhci,num_peptides,466
P74934,positive,mhci,num_strong_binders,121
P74934,positive,mhci,num_weak_binders,345
O83630,positive,mhci,score,0.3484642276214834
O83630,positive,mhci,percentile,0.8670831202046035
O83630,positive,mhci,num_peptides,782
O83630,positive,mhci,num_strong_binders,261
O83630,positive,mhci,num_weak_binders,521
O83867,positive,mhci,score,0.32721316610169493
O83867,positive,mhci,percentile,0.925028813559322
O83867,positive,mhci,num_peptides,590
O83867,positive,mhci,num_strong_binders,181
O83867,positive,mhci,num_weak_binders,409
O83528,positive,mhci,score,0.3346563547915143
O83528,positive,mhci,percentile,0.8933913679590344
O83528,positive,mhci,num_peptides,1367
O83528,positive,mhci,num_strong_binders,440
O83528,positive,mhci,num_weak_binders,927
O83831,positive,mhci,score,0.3151195198487713
O83831,positive,mhci,percentile,0.9765973534971645
O83831,positive,mhci,num_peptides,529
O83831,positive,mhci,num_strong_binders,148
O83831,positive,mhci,num_weak_binders,381
F7IVD2,positive,mhci,score,0.3517351181102362
F7IVD2,positive,mhci,percentile,0.8643228346456693
F7IVD2,positive,mhci,num_peptides,381
F7IVD2,positive,mhci,num_strong_binders,131
F7IVD2,positive,mhci,num_weak_binders,250
O83828,positive,mhci,score,0.3528893237410072
O83828,positive,mhci,percentile,0.8589352517985611
O83828,positive,mhci,num_peptides,278
O83828,positive,mhci,num_strong_binders,96
O83828,positive,mhci,num_weak_binders,182
O83469,positive,mhci,score,0.32367661220472443
O83469,positive,mhci,percentile,0.9261240157480315
O83469,positive,mhci,num_peptides,508
O83469,positive,mhci,num_strong_binders,143
O83469,positive,mhci,num_weak_binders,365
O83126,positive,mhci,score,0.3092071463414634
O83126,positive,mhci,percentile,0.993588850174216
O83126,positive,mhci,num_peptides,287
O83126,positive,mhci,num_strong_binders,76
O83126,positive,mhci,num_weak_binders,211
O83865,positive,mhci,score,0.37040178260869566
O83865,positive,mhci,percentile,0.8607142857142858
O83865,positive,mhci,num_peptides,161
O83865,positive,mhci,num_strong_binders,57
O83865,positive,mhci,num_weak_binders,104
O83329,positive,mhci,score,0.3353604071588367
O83329,positive,mhci,percentile,0.9231431767337808
O83329,positive,mhci,num_peptides,447
O83329,positive,mhci,num_strong_binders,145
O83329,positive,mhci,num_weak_binders,302
O83930,positive,mhci,score,0.3028605415019763
O83930,positive,mhci,percentile,0.9544308300395257
O83930,positive,mhci,num_peptides,253
O83930,positive,mhci,num_strong_binders,68
O83930,positive,mhci,num_weak_binders,185
O83661,positive,mhci,score,0.339225251450677
O83661,positive,mhci,percentile,0.8947079303675048
O83661,positive,mhci,num_peptides,517
O83661,positive,mhci,num_strong_binders,169
O83661,positive,mhci,num_weak_binders,348
R4J012,positive,mhci,score,0.3466257530201342
R4J012,positive,mhci,percentile,0.8727194630872483
R4J012,positive,mhci,num_peptides,745
R4J012,positive,mhci,num_strong_binders,235
R4J012,positive,mhci,num_weak_binders,510
O83503,positive,mhci,score,0.38830688888888887
O83503,positive,mhci,percentile,0.8038253968253968
O83503,positive,mhci,num_peptides,63
O83503,positive,mhci,num_strong_binders,24
O83503,positive,mhci,num_weak_binders,39
O83615,positive,mhci,score,0.3191050822622108
O83615,positive,mhci,percentile,0.9336349614395887
O83615,positive,mhci,num_peptides,389
O83615,positive,mhci,num_strong_binders,115
O83615,positive,mhci,num_weak_binders,274
R4IYZ3,positive,mhci,score,0.319436853115727
R4IYZ3,positive,mhci,percentile,0.950919881305638
R4IYZ3,positive,mhci,num_peptides,674
R4IYZ3,positive,mhci,num_strong_binders,191
R4IYZ3,positive,mhci,num_weak_binders,483
O83346,positive,mhci,score,0.3401550056872038
O83346,positive,mhci,percentile,0.8912881516587677
O83346,positive,mhci,num_peptides,1055
O83346,positive,mhci,num_strong_binders,331
O83346,positive,mhci,num_weak_binders,724
F7IW56,positive,mhci,score,0.32488964338235293
F7IW56,positive,mhci,percentile,0.9484816176470589
F7IW56,positive,mhci,num_peptides,272
F7IW56,positive,mhci,num_strong_binders,83
F7IW56,positive,mhci,num_weak_binders,189
O83475,positive,mhci,score,0.31838661764705883
O83475,positive,mhci,percentile,0.9703464052287581
O83475,positive,mhci,num_peptides,306
O83475,positive,mhci,num_strong_binders,87
O83475,positive,mhci,num_weak_binders,219
F7IVK2,positive,mhci,score,0.2993578172043011
F7IVK2,positive,mhci,percentile,0.9848440860215054
F7IVK2,positive,mhci,num_peptides,186
F7IVK2,positive,mhci,num_strong_binders,46
F7IVK2,positive,mhci,num_weak_binders,140
O83548,positive,mhci,score,0.3228033665480427
O83548,positive,mhci,percentile,0.9059572953736654
O83548,positive,mhci,num_peptides,281
O83548,positive,mhci,num_strong_binders,94
O83548,positive,mhci,num_weak_binders,187
O83086,positive,mhci,score,0.3225551955719557
O83086,positive,mhci,percentile,0.945959409594096
O83086,positive,mhci,num_peptides,271
O83086,positive,mhci,num_strong_binders,82
O83086,positive,mhci,num_weak_binders,189
O54312,positive,mhci,score,0.32760869920318725
O54312,positive,mhci,percentile,0.9411474103585658
O54312,positive,mhci,num_peptides,502
O54312,positive,mhci,num_strong_binders,151
O54312,positive,mhci,num_weak_binders,351
P07643,positive,mhci,score,0.3035962441471572
P07643,positive,mhci,percentile,0.9910434782608696
P07643,positive,mhci,num_peptides,299
P07643,positive,mhci,num_strong_binders,83
P07643,positive,mhci,num_weak_binders,216
Q08255,positive,mhci,score,0.31548760326086955
Q08255,positive,mhci,percentile,0.9572826086956522
Q08255,positive,mhci,num_peptides,368
Q08255,positive,mhci,num_strong_binders,102
Q08255,positive,mhci,num_weak_binders,266
O83581,positive,mhci,score,0.3155469539473684
O83581,positive,mhci,percentile,0.9175493421052632
O83581,positive,mhci,num_peptides,304
O83581,positive,mhci,num_strong_binders,89
O83581,positive,mhci,num_weak_binders,215
O83275,positive,mhci,score,0.33386998249452954
O83275,positive,mhci,percentile,0.9129365426695842
O83275,positive,mhci,num_peptides,457
O83275,positive,mhci,num_strong_binders,136
O83275,positive,mhci,num_weak_binders,321
O83163,positive,mhci,score,0.3518830870967742
O83163,positive,mhci,percentile,0.8648645161290323
O83163,positive,mhci,num_peptides,310
O83163,positive,mhci,num_strong_binders,105
O83163,positive,mhci,num_weak_binders,205
O83481,positive,mhci,score,0.3262200737327189
O83481,positive,mhci,percentile,0.940036866359447
O83481,positive,mhci,num_peptides,217
O83481,positive,mhci,num_strong_binders,70
O83481,positive,mhci,num_weak_binders,147
O83834,positive,mhci,score,0.34225322794117646
O83834,positive,mhci,percentile,0.8827757352941177
O83834,positive,mhci,num_peptides,272
O83834,positive,mhci,num_strong_binders,91
O83834,positive,mhci,num_weak_binders,181
O83349,positive,mhci,score,0.32959884403669726
O83349,positive,mhci,percentile,0.9112385321100918
O83349,positive,mhci,num_peptides,654
O83349,positive,mhci,num_strong_binders,206
O83349,positive,mhci,num_weak_binders,448
O83522,positive,mhci,score,0.33934359851301116
O83522,positive,mhci,percentile,0.8917323420074349
O83522,positive,mhci,num_peptides,269
O83522,positive,mhci,num_strong_binders,95
O83522,positive,mhci,num_weak_binders,174
O83410,positive,mhci,score,0.3469187770700637
O83410,positive,mhci,percentile,0.8831889596602972
O83410,positive,mhci,num_peptides,471
O83410,positive,mhci,num_strong_binders,157
O83410,positive,mhci,num_weak_binders,314
O83384,positive,mhci,score,0.3321139072580645
O83384,positive,mhci,percentile,0.8986572580645161
O83384,positive,mhci,num_peptides,496
O83384,positive,mhci,num_strong_binders,153
O83384,positive,mhci,num_weak_binders,343
A0A2P1DUM7,positive,mhci,score,0.33939429385964914
A0A2P1DUM7,positive,mhci,percentile,0.8941842105263158
A0A2P1DUM7,positive,mhci,num_peptides,228
A0A2P1DUM7,positive,mhci,num_strong_binders,67
A0A2P1DUM7,positive,mhci,num_weak_binders,161
O83111,positive,mhci,score,0.3501358292682927
O83111,positive,mhci,percentile,0.8441829268292683
O83111,positive,mhci,num_peptides,82
O83111,positive,mhci,num_strong_binders,26
O83111,positive,mhci,num_weak_binders,56
O83159,positive,mhci,score,0.3105935357142857
O83159,positive,mhci,percentile,0.9573197278911565
O83159,positive,mhci,num_peptides,588
O83159,positive,mhci,num_strong_binders,159
O83159,positive,mhci,num_weak_binders,429
P16055,positive,mhci,score,0.32873546153846156
P16055,positive,mhci,percentile,0.9582937062937062
P16055,positive,mhci,num_peptides,143
P16055,positive,mhci,num_strong_binders,44
P16055,positive,mhci,num_weak_binders,99
O83920,positive,mhci,score,0.34615163522012576
O83920,positive,mhci,percentile,0.8956320754716981
O83920,positive,mhci,num_peptides,636
O83920,positive,mhci,num_strong_binders,214
O83920,positive,mhci,num_weak_binders,422
O83958,positive,mhci,score,0.36003075816993463
O83958,positive,mhci,percentile,0.8851111111111111
O83958,positive,mhci,num_peptides,306
O83958,positive,mhci,num_strong_binders,106
O83958,positive,mhci,num_weak_binders,200
P19478,positive,mhci,score,0.31997431360946743
P19478,positive,mhci,percentile,0.9699112426035503
P19478,positive,mhci,num_peptides,169
P19478,positive,mhci,num_strong_binders,45
P19478,positive,mhci,num_weak_binders,124
P23033,positive,mhci,score,0.3269770871886121
P23033,positive,mhci,percentile,0.9304003558718861
P23033,positive,mhci,num_peptides,562
P23033,positive,mhci,num_strong_binders,163
P23033,positive,mhci,num_weak_binders,399
O83691,positive,mhci,score,0.29106393366093364
O83691,positive,mhci,percentile,1.022022113022113
O83691,positive,mhci,num_peptides,407
O83691,positive,mhci,num_strong_binders,99
O83691,positive,mhci,num_weak_binders,308
P29722,positive,mhci,score,0.34087898496240604
P29722,positive,mhci,percentile,0.9131804511278195
P29722,positive,mhci,num_peptides,133
P29722,positive,mhci,num_strong_binders,43
P29722,positive,mhci,num_weak_binders,90
O83633,positive,mhci,score,0.3709371955835962
O83633,positive,mhci,percentile,0.8412902208201892
O83633,positive,mhci,num_peptides,317
O83633,positive,mhci,num_strong_binders,125
O83633,positive,mhci,num_weak_binders,192
O83448,positive,mhci,score,0.37414022340425535
O83448,positive,mhci,percentile,0.8344539007092199
O83448,positive,mhci,num_peptides,282
O83448,positive,mhci,num_strong_binders,107
O83448,positive,mhci,num_weak_binders,175
O83795,positive,mhci,score,0.3026168790322581
O83795,positive,mhci,percentile,1.0003467741935483
O83795,positive,mhci,num_peptides,124
O83795,positive,mhci,num_strong_binders,33
O83795,positive,mhci,num_weak_binders,91
B0LGY7,positive,mhci,score,0.3412732385786802
B0LGY7,positive,mhci,percentile,0.875510152284264
B0LGY7,positive,mhci,num_peptides,394
B0LGY7,positive,mhci,num_strong_binders,127
B0LGY7,positive,mhci,num_weak_binders,267
O83967,positive,mhci,score,0.3533473020527859
O83967,positive,mhci,percentile,0.8658387096774194
O83967,positive,mhci,num_peptides,341
O83967,positive,mhci,num_strong_binders,120
O83967,positive,mhci,num_weak_binders,221
O83499,positive,mhci,score,0.31203906935123044
O83499,positive,mhci,percentile,0.974923937360179
O83499,positive,mhci,num_peptides,447
O83499,positive,mhci,num_strong_binders,135
O83499,positive,mhci,num_weak_binders,312
O83980,positive,mhci,score,0.3407629431137725
O83980,positive,mhci,percentile,0.9007290419161676
O83980,positive,mhci,num_peptides,668
O83980,positive,mhci,num_strong_binders,213
O83980,positive,mhci,num_weak_binders,455
O83912,positive,mhci,score,0.33851601840490797
O83912,positive,mhci,percentile,0.8792331288343558
O83912,positive,mhci,num_peptides,163
O83912,positive,mhci,num_strong_binders,51
O83912,positive,mhci,num_weak_binders,112
Q56328,positive,mhci,score,0.30471036989247313
Q56328,positive,mhci,percentile,0.986210752688172
Q56328,positive,mhci,num_peptides,465
Q56328,positive,mhci,num_strong_binders,122
Q56328,positive,mhci,num_weak_binders,343
O83478,positive,mhci,score,0.3294218266331658
O83478,positive,mhci,percentile,0.9000904522613066
O83478,positive,mhci,num_peptides,398
O83478,positive,mhci,num_strong_binders,132
O83478,positive,mhci,num_weak_binders,266
O83669,positive,mhci,score,0.3262812568093385
O83669,positive,mhci,percentile,0.9320272373540855
O83669,positive,mhci,num_peptides,257
O83669,positive,mhci,num_strong_binders,79
O83669,positive,mhci,num_weak_binders,178
O83931,positive,mhci,score,0.3508391574468085
O83931,positive,mhci,percentile,0.857031914893617
O83931,positive,mhci,num_peptides,470
O83931,positive,mhci,num_strong_binders,157
O83931,positive,mhci,num_weak_binders,313
O83748,positive,mhci,score,0.3240901944764097
O83748,positive,mhci,percentile,0.9209942462600691
O83748,positive,mhci,num_peptides,869
O83748,positive,mhci,num_strong_binders,253
O83748,positive,mhci,num_weak_binders,616
P29724,positive,mhci,score,0.3505288087855297
P29724,positive,mhci,percentile,0.8841266149870801
P29724,positive,mhci,num_peptides,387
P29724,positive,mhci,num_strong_binders,124
P29724,positive,mhci,num_weak_binders,263
O83138,positive,mhci,score,0.3339110072463768
O83138,positive,mhci,percentile,0.8955326086956522
O83138,positive,mhci,num_peptides,276
O83138,positive,mhci,num_strong_binders,93
O83138,positive,mhci,num_weak_binders,183
O83768,positive,mhci,score,0.32321587234042554
O83768,positive,mhci,percentile,0.9536489361702127
O83768,positive,mhci,num_peptides,282
O83768,positive,mhci,num_strong_binders,87
O83768,positive,mhci,num_weak_binders,195
R4IZI5,positive,mhci,score,0.3325374385964912
R4IZI5,positive,mhci,percentile,0.8993347953216374
R4IZI5,positive,mhci,num_peptides,684
R4IZI5,positive,mhci,num_strong_binders,216
R4IZI5,positive,mhci,num_weak_binders,468
P29722,positive,mhci,score,0.34087898496240604
P29722,positive,mhci,percentile,0.9131804511278195
P29722,positive,mhci,num_peptides,133
P29722,positive,mhci,num_strong_binders,43
P29722,positive,mhci,num_weak_binders,90
O83958,positive,mhci,score,0.36003075816993463
O83958,positive,mhci,percentile,0.8851111111111111
O83958,positive,mhci,num_peptides,306
O83958,positive,mhci,num_strong_binders,106
O83958,positive,mhci,num_weak_binders,200
O83522,positive,mhci,score,0.33934359851301116
O83522,positive,mhci,percentile,0.8917323420074349
O83522,positive,mhci,num_peptides,269
O83522,positive,mhci,num_strong_binders,95
O83522,positive,mhci,num_weak_binders,174
R4IYZ3,positive,mhci,score,0.319436853115727
R4IYZ3,positive,mhci,percentile,0.950919881305638
R4IYZ3,positive,mhci,num_peptides,674
R4IYZ3,positive,mhci,num_strong_binders,191
R4IYZ3,positive,mhci,num_weak_binders,483
O83980,positive,mhci,score,0.3407629431137725
O83980,positive,mhci,percentile,0.9007290419161676
O83980,positive,mhci,num_peptides,668
O83980,positive,mhci,num_strong_binders,213
O83980,positive,mhci,num_weak_binders,455
O83627,positive,mhci,score,0.34177031764705884
O83627,positive,mhci,percentile,0.9212941176470588
O83627,positive,mhci,num_peptides,85
O83627,positive,mhci,num_strong_binders,27
O83627,positive,mhci,num_weak_binders,58
O83641,positive,mhci,score,0.3252426710526316
O83641,positive,mhci,percentile,0.9070921052631579
O83641,positive,mhci,num_peptides,304
O83641,positive,mhci,num_strong_binders,87
O83641,positive,mhci,num_weak_binders,217
O83795,positive,mhci,score,0.3026168790322581
O83795,positive,mhci,percentile,1.0003467741935483
O83795,positive,mhci,num_peptides,124
O83795,positive,mhci,num_strong_binders,33
O83795,positive,mhci,num_weak_binders,91
O83483,positive,mhci,score,0.30340492915531336
O83483,positive,mhci,percentile,1.0047738419618528
O83483,positive,mhci,num_peptides,367
O83483,positive,mhci,num_strong_binders,106
O83483,positive,mhci,num_weak_binders,261
O83629,positive,mhci,score,0.319436853115727
O83629,positive,mhci,percentile,0.950919881305638
O83629,positive,mhci,num_peptides,674
O83629,positive,mhci,num_strong_binders,191
O83629,positive,mhci,num_weak_binders,483
O83865,positive,mhci,score,0.35446072429906544
O83865,positive,mhci,percentile,0.9033831775700935
O83865,positive,mhci,num_peptides,214
O83865,positive,mhci,num_strong_binders,69
O83865,positive,mhci,num_weak_binders,145
O83458,positive,mhci,score,0.31554273722627735
O83458,positive,mhci,percentile,0.948301703163017
O83458,positive,mhci,num_peptides,411
O83458,positive,mhci,num_strong_binders,122
O83458,positive,mhci,num_weak_binders,289
O83633,positive,mhci,score,0.3709371955835962
O83633,positive,mhci,percentile,0.8412902208201892
O83633,positive,mhci,num_peptides,317
O83633,positive,mhci,num_strong_binders,125
O83633,positive,mhci,num_weak_binders,192
O83768,positive,mhci,score,0.32321587234042554
O83768,positive,mhci,percentile,0.9536489361702127
O83768,positive,mhci,num_peptides,282
O83768,positive,mhci,num_strong_binders,87
O83768,positive,mhci,num_weak_binders,195
O83520,positive,mhci,score,0.31449564414414416
O83520,positive,mhci,percentile,0.967536036036036
O83520,positive,mhci,num_peptides,222
O83520,positive,mhci,num_strong_binders,59
O83520,positive,mhci,num_weak_binders,163
O83111,positive,mhci,score,0.3501358292682927
O83111,positive,mhci,percentile,0.8441829268292683
O83111,positive,mhci,num_peptides,82
O83111,positive,mhci,num_strong_binders,26
O83111,positive,mhci,num_weak_binders,56
O83159,positive,mhci,score,0.3105935357142857
O83159,positive,mhci,percentile,0.9573197278911565
O83159,positive,mhci,num_peptides,588
O83159,positive,mhci,num_strong_binders,159
O83159,positive,mhci,num_weak_binders,429
O83613,positive,mhci,score,0.3397167916666667
O83613,positive,mhci,percentile,0.9111851851851852
O83613,positive,mhci,num_peptides,216
O83613,positive,mhci,num_strong_binders,78
O83613,positive,mhci,num_weak_binders,138
O83251,positive,mhci,score,0.30853777717391306
O83251,positive,mhci,percentile,0.9548695652173913
O83251,positive,mhci,num_peptides,184
O83251,positive,mhci,num_strong_binders,45
O83251,positive,mhci,num_weak_binders,139
O83080,positive,mhci,score,0.31639946682464454
O83080,positive,mhci,percentile,0.9390876777251185
O83080,positive,mhci,num_peptides,422
O83080,positive,mhci,num_strong_binders,121
O83080,positive,mhci,num_weak_binders,301
O83507,positive,mhci,score,0.2955947686567164
O83507,positive,mhci,percentile,0.9643320895522388
O83507,positive,mhci,num_peptides,268
O83507,positive,mhci,num_strong_binders,68
O83507,positive,mhci,num_weak_binders,200
R4J012,positive,mhci,score,0.3466257530201342
R4J012,positive,mhci,percentile,0.8727194630872483
R4J012,positive,mhci,num_peptides,745
R4J012,positive,mhci,num_strong_binders,235
R4J012,positive,mhci,num_weak_binders,510
O83731,positive,mhci,score,0.3400287093023256
O83731,positive,mhci,percentile,0.8841899224806201
O83731,positive,mhci,num_peptides,258
O83731,positive,mhci,num_strong_binders,87
O83731,positive,mhci,num_weak_binders,171
O88138,positive,mhci,score,0.3212756526458616
O88138,positive,mhci,percentile,0.9419877883310719
O88138,positive,mhci,num_peptides,737
O88138,positive,mhci,num_strong_binders,216
O88138,positive,mhci,num_weak_binders,521
O83346,positive,mhci,score,0.3401550056872038
O83346,positive,mhci,percentile,0.8912881516587677
O83346,positive,mhci,num_peptides,1055
O83346,positive,mhci,num_strong_binders,331
O83346,positive,mhci,num_weak_binders,724
O83335,positive,mhci,score,0.33164977892325315
O83335,positive,mhci,percentile,0.9152233676975945
O83335,positive,mhci,num_peptides,873
O83335,positive,mhci,num_strong_binders,263
O83335,positive,mhci,num_weak_binders,610
O30405,positive,mhci,score,0.35374039308855293
O30405,positive,mhci,percentile,0.873317494600432
O30405,positive,mhci,num_peptides,463
O30405,positive,mhci,num_strong_binders,155
O30405,positive,mhci,num_weak_binders,308
O83932,positive,mhci,score,0.33117303633491313
O83932,positive,mhci,percentile,0.9166129541864139
O83932,positive,mhci,num_peptides,633
O83932,positive,mhci,num_strong_binders,194
O83932,positive,mhci,num_weak_binders,439
O83329,positive,mhci,score,0.3353604071588367
O83329,positive,mhci,percentile,0.9231431767337808
O83329,positive,mhci,num_peptides,447
O83329,positive,mhci,num_strong_binders,145
O83329,positive,mhci,num_weak_binders,302
P96116,positive,mhci,score,0.3200542258064516
P96116,positive,mhci,percentile,0.9548617511520737
P96116,positive,mhci,num_peptides,434
P96116,positive,mhci,num_strong_binders,132
P96116,positive,mhci,num_weak_binders,302
P19649,positive,mhci,score,0.33418965185185184
P19649,positive,mhci,percentile,0.9166691358024691
P19649,positive,mhci,num_peptides,405
P19649,positive,mhci,num_strong_binders,127
P19649,positive,mhci,num_weak_binders,278
O83669,positive,mhci,score,0.3262812568093385
O83669,positive,mhci,percentile,0.9320272373540855
O83669,positive,mhci,num_peptides,257
O83669,positive,mhci,num_strong_binders,79
O83669,positive,mhci,num_weak_binders,178
O83337,positive,mhci,score,0.3220433144654088
O83337,positive,mhci,percentile,0.9463572327044025
O83337,positive,mhci,num_peptides,795
O83337,positive,mhci,num_strong_binders,232
O83337,positive,mhci,num_weak_binders,563
O07884,positive,mhci,score,0.32893871559633026
O07884,positive,mhci,percentile,0.9206422018348623
O07884,positive,mhci,num_peptides,436
O07884,positive,mhci,num_strong_binders,132
O07884,positive,mhci,num_weak_binders,304
A0A2P1DUM5,positive,mhci,score,0.34630537777777776
A0A2P1DUM5,positive,mhci,percentile,0.9213666666666667
A0A2P1DUM5,positive,mhci,num_peptides,180
A0A2P1DUM5,positive,mhci,num_strong_binders,62
A0A2P1DUM5,positive,mhci,num_weak_binders,118
O83451,positive,mhci,score,0.3372791623931624
O83451,positive,mhci,percentile,0.8789957264957265
O83451,positive,mhci,num_peptides,234
O83451,positive,mhci,num_strong_binders,77
O83451,positive,mhci,num_weak_binders,157
O84002,positive,mhci,score,0.3215897878787879
O84002,positive,mhci,percentile,0.9099603729603729
O84002,positive,mhci,num_peptides,429
O84002,positive,mhci,num_strong_binders,124
O84002,positive,mhci,num_weak_binders,305
P23033,positive,mhci,score,0.3269770871886121
P23033,positive,mhci,percentile,0.9304003558718861
P23033,positive,mhci,num_peptides,562
P23033,positive,mhci,num_strong_binders,163
P23033,positive,mhci,num_weak_binders,399
P16665,positive,mhci,score,0.35113120833333333
P16665,positive,mhci,percentile,0.9007575757575758
P16665,positive,mhci,num_peptides,264
P16665,positive,mhci,num_strong_binders,100
P16665,positive,mhci,num_weak_binders,164
B0LGY7,positive,mhci,score,0.3412732385786802
B0LGY7,positive,mhci,percentile,0.875510152284264
B0LGY7,positive,mhci,num_peptides,394
B0LGY7,positive,mhci,num_strong_binders,127
B0LGY7,positive,mhci,num_weak_binders,267
O83503,positive,mhci,score,0.38830688888888887
O83503,positive,mhci,percentile,0.8038253968253968
O83503,positive,mhci,num_peptides,63
O83503,positive,mhci,num_strong_binders,24
O83503,positive,mhci,num_weak_binders,39
O83427,positive,mhci,score,0.32575577142857143
O83427,positive,mhci,percentile,0.9587523809523809
O83427,positive,mhci,num_peptides,105
O83427,positive,mhci,num_strong_binders,29
O83427,positive,mhci,num_weak_binders,76
O83414,positive,mhci,score,0.32712675217391307
O83414,positive,mhci,percentile,0.9284681159420289
O83414,positive,mhci,num_peptides,690
O83414,positive,mhci,num_strong_binders,214
O83414,positive,mhci,num_weak_binders,476
O83630,positive,mhci,score,0.3484642276214834
O83630,positive,mhci,percentile,0.8670831202046035
O83630,positive,mhci,num_peptides,782
O83630,positive,mhci,num_strong_binders,261
O83630,positive,mhci,num_weak_binders,521
O83499,positive,mhci,score,0.31203906935123044
O83499,positive,mhci,percentile,0.974923937360179
O83499,positive,mhci,num_peptides,447
O83499,positive,mhci,num_strong_binders,135
O83499,positive,mhci,num_weak_binders,312
O83828,positive,mhci,score,0.3528893237410072
O83828,positive,mhci,percentile,0.8589352517985611
O83828,positive,mhci,num_peptides,278
O83828,positive,mhci,num_strong_binders,96
O83828,positive,mhci,num_weak_binders,182
O83347,positive,mhci,score,0.31629158333333335
O83347,positive,mhci,percentile,0.9398708333333333
O83347,positive,mhci,num_peptides,240
O83347,positive,mhci,num_strong_binders,61
O83347,positive,mhci,num_weak_binders,179
O83813,positive,mhci,score,0.3641814749536178
O83813,positive,mhci,percentile,0.8708126159554731
O83813,positive,mhci,num_peptides,539
O83813,positive,mhci,num_strong_binders,200
O83813,positive,mhci,num_weak_binders,339
O83246,positive,mhci,score,0.3258654850863422
O83246,positive,mhci,percentile,0.9392857142857143
O83246,positive,mhci,num_peptides,637
O83246,positive,mhci,num_strong_binders,181
O83246,positive,mhci,num_weak_binders,456
O83923,positive,mhci,score,0.3366711259259259
O83923,positive,mhci,percentile,0.9120395061728395
O83923,positive,mhci,num_peptides,405
O83923,positive,mhci,num_strong_binders,128
O83923,positive,mhci,num_weak_binders,277
O83930,positive,mhci,score,0.3028605415019763
O83930,positive,mhci,percentile,0.9544308300395257
O83930,positive,mhci,num_peptides,253
O83930,positive,mhci,num_strong_binders,68
O83930,positive,mhci,num_weak_binders,185
O83581,positive,mhci,score,0.3155469539473684
O83581,positive,mhci,percentile,0.9175493421052632
O83581,positive,mhci,num_peptides,304
O83581,positive,mhci,num_strong_binders,89
O83581,positive,mhci,num_weak_binders,215
O83275,positive,mhci,score,0.33386998249452954
O83275,positive,mhci,percentile,0.9129365426695842
O83275,positive,mhci,num_peptides,457
O83275,positive,mhci,num_strong_binders,136
O83275,positive,mhci,num_weak_binders,321
O83487,positive,mhci,score,0.3215203204225352
O83487,positive,mhci,percentile,0.8870176056338028
O83487,positive,mhci,num_peptides,284
O83487,positive,mhci,num_strong_binders,79
O83487,positive,mhci,num_weak_binders,205
O83249,positive,mhci,score,0.32007251127819547
O83249,positive,mhci,percentile,0.9543834586466166
O83249,positive,mhci,num_peptides,133
O83249,positive,mhci,num_strong_binders,38
O83249,positive,mhci,num_weak_binders,95
O83769,positive,mhci,score,0.32708302927580896
O83769,positive,mhci,percentile,0.9235693374422188
O83769,positive,mhci,num_peptides,1298
O83769,positive,mhci,num_strong_binders,403
O83769,positive,mhci,num_weak_binders,895
O83528,positive,mhci,score,0.3346563547915143
O83528,positive,mhci,percentile,0.8933913679590344
O83528,positive,mhci,num_peptides,1367
O83528,positive,mhci,num_strong_binders,440
O83528,positive,mhci,num_weak_binders,927
O83920,positive,mhci,score,0.34615163522012576
O83920,positive,mhci,percentile,0.8956320754716981
O83920,positive,mhci,num_peptides,636
O83920,positive,mhci,num_strong_binders,214
O83920,positive,mhci,num_weak_binders,422
O83325,positive,mhci,score,0.30806551169590646
O83325,positive,mhci,percentile,0.9757207602339182
O83325,positive,mhci,num_peptides,684
O83325,positive,mhci,num_strong_binders,181
O83325,positive,mhci,num_weak_binders,503
O83748,positive,mhci,score,0.3240901944764097
O83748,positive,mhci,percentile,0.9209942462600691
O83748,positive,mhci,num_peptides,869
O83748,positive,mhci,num_strong_binders,253
O83748,positive,mhci,num_weak_binders,616
O83619,positive,mhci,score,0.31513416802610117
O83619,positive,mhci,percentile,0.9544274061990212
O83619,positive,mhci,num_peptides,613
O83619,positive,mhci,num_strong_binders,169
O83619,positive,mhci,num_weak_binders,444
O83413,positive,mhci,score,0.40269938164251207
O83413,positive,mhci,percentile,0.7903913043478261
O83413,positive,mhci,num_peptides,207
O83413,positive,mhci,num_strong_binders,91
O83413,positive,mhci,num_weak_binders,116
O83164,positive,mhci,score,0.3457418041958042
O83164,positive,mhci,percentile,0.8717062937062937
O83164,positive,mhci,num_peptides,143
O83164,positive,mhci,num_strong_binders,51
O83164,positive,mhci,num_weak_binders,92
O83964,positive,mhci,score,0.3206229833159541
O83964,positive,mhci,percentile,0.9312805005213765
O83964,positive,mhci,num_peptides,959
O83964,positive,mhci,num_strong_binders,275
O83964,positive,mhci,num_weak_binders,684
O83475,positive,mhci,score,0.31838661764705883
O83475,positive,mhci,percentile,0.9703464052287581
O83475,positive,mhci,num_peptides,306
O83475,positive,mhci,num_strong_binders,87
O83475,positive,mhci,num_weak_binders,219
O83301,positive,mhci,score,0.35041721085271316
O83301,positive,mhci,percentile,0.8671147286821705
O83301,positive,mhci,num_peptides,645
O83301,positive,mhci,num_strong_binders,216
O83301,positive,mhci,num_weak_binders,429
O83831,positive,mhci,score,0.3151195198487713
O83831,positive,mhci,percentile,0.9765973534971645
O83831,positive,mhci,num_peptides,529
O83831,positive,mhci,num_strong_binders,148
O83831,positive,mhci,num_weak_binders,381
O83782,positive,mhci,score,0.31879407905982904
O83782,positive,mhci,percentile,0.9802692307692308
O83782,positive,mhci,num_peptides,468
O83782,positive,mhci,num_strong_binders,129
O83782,positive,mhci,num_weak_binders,339
O83661,positive,mhci,score,0.339225251450677
O83661,positive,mhci,percentile,0.8947079303675048
O83661,positive,mhci,num_peptides,517
O83661,positive,mhci,num_strong_binders,169
O83661,positive,mhci,num_weak_binders,348
P74934,positive,mhci,score,0.3117355557939914
P74934,positive,mhci,percentile,0.9563669527896995
P74934,positive,mhci,num_peptides,466
P74934,positive,mhci,num_strong_binders,121
P74934,positive,mhci,num_weak_binders,345
P38369,positive,mhci,score,0.3484019809358752
P38369,positive,mhci,percentile,0.8764471403812825
P38369,positive,mhci,num_peptides,577
P38369,positive,mhci,num_strong_binders,199
P38369,positive,mhci,num_weak_binders,378
A0A2P1DUM7,positive,mhci,score,0.33939429385964914
A0A2P1DUM7,positive,mhci,percentile,0.8941842105263158
A0A2P1DUM7,positive,mhci,num_peptides,228
A0A2P1DUM7,positive,mhci,num_strong_binders,67
A0A2P1DUM7,positive,mhci,num_weak_binders,161
O83922,positive,mhci,score,0.3499569764705882
O83922,positive,mhci,percentile,0.8614141176470588
O83922,positive,mhci,num_peptides,425
O83922,positive,mhci,num_strong_binders,143
O83922,positive,mhci,num_weak_binders,282
O83449,positive,mhci,score,0.36354741634241244
O83449,positive,mhci,percentile,0.8315330739299611
O83449,positive,mhci,num_peptides,257
O83449,positive,mhci,num_strong_binders,90
O83449,positive,mhci,num_weak_binders,167
O83482,positive,mhci,score,0.3262331309148265
O83482,positive,mhci,percentile,0.922493690851735
O83482,positive,mhci,num_peptides,634
O83482,positive,mhci,num_strong_binders,188
O83482,positive,mhci,num_weak_binders,446
O83383,positive,mhci,score,0.37205688541666665
O83383,positive,mhci,percentile,0.7782708333333334
O83383,positive,mhci,num_peptides,96
O83383,positive,mhci,num_strong_binders,37
O83383,positive,mhci,num_weak_binders,59
P56822,positive,mhci,score,0.352766162962963
P56822,positive,mhci,percentile,0.8849925925925926
P56822,positive,mhci,num_peptides,135
P56822,positive,mhci,num_strong_binders,44
P56822,positive,mhci,num_weak_binders,91
O83933,positive,mhci,score,0.3303886630602782
O83933,positive,mhci,percentile,0.9171051004636785
O83933,positive,mhci,num_peptides,647
O83933,positive,mhci,num_strong_binders,204
O83933,positive,mhci,num_weak_binders,443
F7IVK2,positive,mhci,score,0.2993578172043011
F7IVK2,positive,mhci,percentile,0.9848440860215054
F7IVK2,positive,mhci,num_peptides,186
F7IVK2,positive,mhci,num_strong_binders,46
F7IVK2,positive,mhci,num_weak_binders,140
O83349,positive,mhci,score,0.32959884403669726
O83349,positive,mhci,percentile,0.9112385321100918
O83349,positive,mhci,num_peptides,654
O83349,positive,mhci,num_strong_binders,206
O83349,positive,mhci,num_weak_binders,448
O83691,positive,mhci,score,0.29106393366093364
O83691,positive,mhci,percentile,1.022022113022113
O83691,positive,mhci,num_peptides,407
O83691,positive,mhci,num_strong_binders,99
O83691,positive,mhci,num_weak_binders,308
F7IWA5,positive,mhci,score,0.3220433144654088
F7IWA5,positive,mhci,percentile,0.9463572327044025
F7IWA5,positive,mhci,num_peptides,795
F7IWA5,positive,mhci,num_strong_binders,232
F7IWA5,positive,mhci,num_weak_binders,563
O83830,positive,mhci,score,0.3062556075949367
O83830,positive,mhci,percentile,0.9857088607594937
O83830,positive,mhci,num_peptides,395
O83830,positive,mhci,num_strong_binders,95
O83830,positive,mhci,num_weak_binders,300
O83837,positive,mhci,score,0.3158065586206897
O83837,positive,mhci,percentile,0.9685
O83837,positive,mhci,num_peptides,580
O83837,positive,mhci,num_strong_binders,164
O83837,positive,mhci,num_weak_binders,416
O06690,positive,mhci,score,0.30171369868995634
O06690,positive,mhci,percentile,0.9561877729257642
O06690,positive,mhci,num_peptides,229
O06690,positive,mhci,num_strong_binders,64
O06690,positive,mhci,num_weak_binders,165
F7IW56,positive,mhci,score,0.32488964338235293
F7IW56,positive,mhci,percentile,0.9484816176470589
F7IW56,positive,mhci,num_peptides,272
F7IW56,positive,mhci,num_strong_binders,83
F7IW56,positive,mhci,num_weak_binders,189
P07643,positive,mhci,score,0.3035962441471572
P07643,positive,mhci,percentile,0.9910434782608696
P07643,positive,mhci,num_peptides,299
P07643,positive,mhci,num_strong_binders,83
P07643,positive,mhci,num_weak_binders,216
O83213,positive,mhci,score,0.3644024393939394
O83213,positive,mhci,percentile,0.8622969696969697
O83213,positive,mhci,num_peptides,330
O83213,positive,mhci,num_strong_binders,120
O83213,positive,mhci,num_weak_binders,210
O83268,positive,mhci,score,0.32043352941176473
O83268,positive,mhci,percentile,0.932620320855615
O83268,positive,mhci,num_peptides,187
O83268,positive,mhci,num_strong_binders,52
O83268,positive,mhci,num_weak_binders,135
O83615,positive,mhci,score,0.3191050822622108
O83615,positive,mhci,percentile,0.9336349614395887
O83615,positive,mhci,num_peptides,389
O83615,positive,mhci,num_strong_binders,115
O83615,positive,mhci,num_weak_binders,274
O83126,positive,mhci,score,0.3092071463414634
O83126,positive,mhci,percentile,0.993588850174216
O83126,positive,mhci,num_peptides,287
O83126,positive,mhci,num_strong_binders,76
O83126,positive,mhci,num_weak_binders,211
O83296,positive,mhci,score,0.34865589142857145
O83296,positive,mhci,percentile,0.8550028571428572
O83296,positive,mhci,num_peptides,350
O83296,positive,mhci,num_strong_binders,121
O83296,positive,mhci,num_weak_binders,229
O83095,positive,mhci,score,0.3267177848101266
O83095,positive,mhci,percentile,0.9352419127988748
O83095,positive,mhci,num_peptides,711
O83095,positive,mhci,num_strong_binders,214
O83095,positive,mhci,num_weak_binders,497
O83715,positive,mhci,score,0.3659270337837838
O83715,positive,mhci,percentile,0.8613445945945946
O83715,positive,mhci,num_peptides,296
O83715,positive,mhci,num_strong_binders,108
O83715,positive,mhci,num_weak_binders,188
O83163,positive,mhci,score,0.3518830870967742
O83163,positive,mhci,percentile,0.8648645161290323
O83163,positive,mhci,num_peptides,310
O83163,positive,mhci,num_strong_binders,105
O83163,positive,mhci,num_weak_binders,205
O83138,positive,mhci,score,0.3339110072463768
O83138,positive,mhci,percentile,0.8955326086956522
O83138,positive,mhci,num_peptides,276
O83138,positive,mhci,num_strong_binders,93
O83138,positive,mhci,num_weak_binders,183
O07950,positive,mhci,score,0.34866775409836065
O07950,positive,mhci,percentile,0.890672131147541
O07950,positive,mhci,num_peptides,366
O07950,positive,mhci,num_strong_binders,127
O07950,positive,mhci,num_weak_binders,239
P16055,positive,mhci,score,0.32873546153846156
P16055,positive,mhci,percentile,0.9582937062937062
P16055,positive,mhci,num_peptides,143
P16055,positive,mhci,num_strong_binders,44
P16055,positive,mhci,num_weak_binders,99
O83966,positive,mhci,score,0.3349118441860465
O83966,positive,mhci,percentile,0.9009348837209302
O83966,positive,mhci,num_peptides,430
O83966,positive,mhci,num_strong_binders,133
O83966,positive,mhci,num_weak_binders,297
O83448,positive,mhci,score,0.37414022340425535
O83448,positive,mhci,percentile,0.8344539007092199
O83448,positive,mhci,num_peptides,282
O83448,positive,mhci,num_strong_binders,107
O83448,positive,mhci,num_weak_binders,175
O83666,positive,mhci,score,0.3161417174479167
O83666,positive,mhci,percentile,0.9486302083333333
O83666,positive,mhci,num_peptides,768
O83666,positive,mhci,num_strong_binders,213
O83666,positive,mhci,num_weak_binders,555
O83974,positive,mhci,score,0.3372858235294118
O83974,positive,mhci,percentile,0.8974264705882353
O83974,positive,mhci,num_peptides,204
O83974,positive,mhci,num_strong_binders,71
O83974,positive,mhci,num_weak_binders,133
O83123,positive,mhci,score,0.3184530740740741
O83123,positive,mhci,percentile,0.9341358024691359
O83123,positive,mhci,num_peptides,162
O83123,positive,mhci,num_strong_binders,49
O83123,positive,mhci,num_weak_binders,113
O83931,positive,mhci,score,0.3508391574468085
O83931,positive,mhci,percentile,0.857031914893617
O83931,positive,mhci,num_peptides,470
O83931,positive,mhci,num_strong_binders,157
O83931,positive,mhci,num_weak_binders,313
O83557,positive,mhci,score,0.3237644604221636
O83557,positive,mhci,percentile,0.9527058047493404
O83557,positive,mhci,num_peptides,758
O83557,positive,mhci,num_strong_binders,219
O83557,positive,mhci,num_weak_binders,539
O83867,positive,mhci,score,0.32721316610169493
O83867,positive,mhci,percentile,0.925028813559322
O83867,positive,mhci,num_peptides,590
O83867,positive,mhci,num_strong_binders,181
O83867,positive,mhci,num_weak_binders,409
O83481,positive,mhci,score,0.3262200737327189
O83481,positive,mhci,percentile,0.940036866359447
O83481,positive,mhci,num_peptides,217
O83481,positive,mhci,num_strong_binders,70
O83481,positive,mhci,num_weak_binders,147
O83834,positive,mhci,score,0.34225322794117646
O83834,positive,mhci,percentile,0.8827757352941177
O83834,positive,mhci,num_peptides,272
O83834,positive,mhci,num_strong_binders,91
O83834,positive,mhci,num_weak_binders,181
P29723,positive,mhci,score,0.3181564818548387
P29723,positive,mhci,percentile,0.9492903225806452
P29723,positive,mhci,num_peptides,496
P29723,positive,mhci,num_strong_binders,148
P29723,positive,mhci,num_weak_binders,348
O83967,positive,mhci,score,0.3533473020527859
O83967,positive,mhci,percentile,0.8658387096774194
O83967,positive,mhci,num_peptides,341
O83967,positive,mhci,num_strong_binders,120
O83967,positive,mhci,num_weak_binders,221
O83169,positive,mhci,score,0.31634330592105264
O83169,positive,mhci,percentile,0.9370953947368421
O83169,positive,mhci,num_peptides,304
O83169,positive,mhci,num_strong_binders,89
O83169,positive,mhci,num_weak_binders,215
O84001,positive,mhci,score,0.3174268854961832
O84001,positive,mhci,percentile,0.9475916030534351
O84001,positive,mhci,num_peptides,262
O84001,positive,mhci,num_strong_binders,76
O84001,positive,mhci,num_weak_binders,186
O83469,positive,mhci,score,0.32367661220472443
O83469,positive,mhci,percentile,0.9261240157480315
O83469,positive,mhci,num_peptides,508
O83469,positive,mhci,num_strong_binders,143
O83469,positive,mhci,num_weak_binders,365
O83384,positive,mhci,score,0.3321139072580645
O83384,positive,mhci,percentile,0.8986572580645161
O83384,positive,mhci,num_peptides,496
O83384,positive,mhci,num_strong_binders,153
O83384,positive,mhci,num_weak_binders,343
O83912,positive,mhci,score,0.33851601840490797
O83912,positive,mhci,percentile,0.8792331288343558
O83912,positive,mhci,num_peptides,163
O83912,positive,mhci,num_strong_binders,51
O83912,positive,mhci,num_weak_binders,112
O83410,positive,mhci,score,0.3469187770700637
O83410,positive,mhci,percentile,0.8831889596602972
O83410,positive,mhci,num_peptides,471
O83410,positive,mhci,num_strong_binders,157
O83410,positive,mhci,num_weak_binders,314
O67998,positive,mhci,score,0.34448238786279683
O67998,positive,mhci,percentile,0.9111029023746702
O67998,positive,mhci,num_peptides,379
O67998,positive,mhci,num_strong_binders,117
O67998,positive,mhci,num_weak_binders,262
O83751,positive,mhci,score,0.3366799415204678
O83751,positive,mhci,percentile,0.8957894736842106
O83751,positive,mhci,num_peptides,342
O83751,positive,mhci,num_strong_binders,110
O83751,positive,mhci,num_weak_binders,232
P29725,positive,mhci,score,0.34667699376299377
P29725,positive,mhci,percentile,0.8807837837837837
P29725,positive,mhci,num_peptides,481
P29725,positive,mhci,num_strong_binders,150
P29725,positive,mhci,num_weak_binders,331
O83055,positive,mhci,score,0.3466257530201342
O83055,positive,mhci,percentile,0.8727194630872483
O83055,positive,mhci,num_peptides,745
O83055,positive,mhci,num_strong_binders,235
O83055,positive,mhci,num_weak_binders,510
Q08255,positive,mhci,score,0.31548760326086955
Q08255,positive,mhci,percentile,0.9572826086956522
Q08255,positive,mhci,num_peptides,368
Q08255,positive,mhci,num_strong_binders,102
Q08255,positive,mhci,num_weak_binders,266
O83086,positive,mhci,score,0.3225551955719557
O83086,positive,mhci,percentile,0.945959409594096
O83086,positive,mhci,num_peptides,271
O83086,positive,mhci,num_strong_binders,82
O83086,positive,mhci,num_weak_binders,189
O54312,positive,mhci,score,0.32760869920318725
O54312,positive,mhci,percentile,0.9411474103585658
O54312,positive,mhci,num_peptides,502
O54312,positive,mhci,num_strong_binders,151
O54312,positive,mhci,num_weak_binders,351
O83639,positive,mhci,score,0.3291195216450216
O83639,positive,mhci,percentile,0.9138441558441558
O83639,positive,mhci,num_peptides,462
O83639,positive,mhci,num_strong_binders,138
O83639,positive,mhci,num_weak_binders,324
Q56328,positive,mhci,score,0.30471036989247313
Q56328,positive,mhci,percentile,0.986210752688172
Q56328,positive,mhci,num_peptides,465
Q56328,positive,mhci,num_strong_binders,122
Q56328,positive,mhci,num_weak_binders,343
P19478,positive,mhci,score,0.31997431360946743
P19478,positive,mhci,percentile,0.9699112426035503
P19478,positive,mhci,num_peptides,169
P19478,positive,mhci,num_strong_binders,45
P19478,positive,mhci,num_weak_binders,124
P29724,positive,mhci,score,0.3505288087855297
P29724,positive,mhci,percentile,0.8841266149870801
P29724,positive,mhci,num_peptides,387
P29724,positive,mhci,num_strong_binders,124
P29724,positive,mhci,num_weak_binders,263
F7IVD2,positive,mhci,score,0.3517351181102362
F7IVD2,positive,mhci,percentile,0.8643228346456693
F7IVD2,positive,mhci,num_peptides,381
F7IVD2,positive,mhci,num_strong_binders,131
F7IVD2,positive,mhci,num_weak_binders,250
O83994,positive,mhci,score,0.31513416802610117
O83994,positive,mhci,percentile,0.9544274061990212
O83994,positive,mhci,num_peptides,613
O83994,positive,mhci,num_strong_binders,169
O83994,positive,mhci,num_weak_binders,444
O83478,positive,mhci,score,0.3294218266331658
O83478,positive,mhci,percentile,0.9000904522613066
O83478,positive,mhci,num_peptides,398
O83478,positive,mhci,num_strong_binders,132
O83478,positive,mhci,num_weak_binders,266
O83732,positive,mhci,score,0.298662764940239
O83732,positive,mhci,percentile,0.9949282868525896
O83732,positive,mhci,num_peptides,251
O83732,positive,mhci,num_strong_binders,69
O83732,positive,mhci,num_weak_binders,182
O83935,positive,mhci,score,0.32930807279693486
O83935,positive,mhci,percentile,0.9425019157088123
O83935,positive,mhci,num_peptides,522
O83935,positive,mhci,num_strong_binders,164
O83935,positive,mhci,num_weak_binders,358
O83548,positive,mhci,score,0.3228033665480427
O83548,positive,mhci,percentile,0.9059572953736654
O83548,positive,mhci,num_peptides,281
O83548,positive,mhci,num_strong_binders,94
O83548,positive,mhci,num_weak_binders,187
O83830,positive,mhci,score,0.3096273556701031
O83830,positive,mhci,percentile,0.9756494845360825
O83830,positive,mhci,num_peptides,388
O83830,positive,mhci,num_strong_binders,96
O83830,positive,mhci,num_weak_binders,292
O83731,positive,mhci,score,0.3400287093023256
O83731,positive,mhci,percentile,0.8841899224806201
O83731,positive,mhci,num_peptides,258
O83731,positive,mhci,num_strong_binders,87
O83731,positive,mhci,num_weak_binders,171
O83487,positive,mhci,score,0.3215203204225352
O83487,positive,mhci,percentile,0.8870176056338028
O83487,positive,mhci,num_peptides,284
O83487,positive,mhci,num_strong_binders,79
O83487,positive,mhci,num_weak_binders,205
O83249,positive,mhci,score,0.32007251127819547
O83249,positive,mhci,percentile,0.9543834586466166
O83249,positive,mhci,num_peptides,133
O83249,positive,mhci,num_strong_binders,38
O83249,positive,mhci,num_weak_binders,95
O83448,positive,mhci,score,0.37225949462365593
O83448,positive,mhci,percentile,0.8345806451612903
O83448,positive,mhci,num_peptides,279
O83448,positive,mhci,num_strong_binders,104
O83448,positive,mhci,num_weak_binders,175
O83666,positive,mhci,score,0.3161417174479167
O83666,positive,mhci,percentile,0.9486302083333333
O83666,positive,mhci,num_peptides,768
O83666,positive,mhci,num_strong_binders,213
O83666,positive,mhci,num_weak_binders,555
O83347,positive,mhci,score,0.31629158333333335
O83347,positive,mhci,percentile,0.9398708333333333
O83347,positive,mhci,num_peptides,240
O83347,positive,mhci,num_strong_binders,61
O83347,positive,mhci,num_weak_binders,179
O83732,positive,mhci,score,0.298662764940239
O83732,positive,mhci,percentile,0.9949282868525896
O83732,positive,mhci,num_peptides,251
O83732,positive,mhci,num_strong_binders,69
O83732,positive,mhci,num_weak_binders,182
O83481,positive,mhci,score,0.3262200737327189
O83481,positive,mhci,percentile,0.940036866359447
O83481,positive,mhci,num_peptides,217
O83481,positive,mhci,num_strong_binders,70
O83481,positive,mhci,num_weak_binders,147
O83834,positive,mhci,score,0.34225322794117646
O83834,positive,mhci,percentile,0.8827757352941177
O83834,positive,mhci,num_peptides,272
O83834,positive,mhci,num_strong_binders,91
O83834,positive,mhci,num_weak_binders,181
P07643,positive,mhci,score,0.30352856
P07643,positive,mhci,percentile,0.9876066666666666
P07643,positive,mhci,num_peptides,300
P07643,positive,mhci,num_strong_binders,83
P07643,positive,mhci,num_weak_binders,217
O83768,positive,mhci,score,0.3255908741258741
O83768,positive,mhci,percentile,0.9503321678321678
O83768,positive,mhci,num_peptides,286
O83768,positive,mhci,num_strong_binders,90
O83768,positive,mhci,num_weak_binders,196
O83086,positive,mhci,score,0.3225551955719557
O83086,positive,mhci,percentile,0.945959409594096
O83086,positive,mhci,num_peptides,271
O83086,positive,mhci,num_strong_binders,82
O83086,positive,mhci,num_weak_binders,189
O54312,positive,mhci,score,0.32760869920318725
O54312,positive,mhci,percentile,0.9411474103585658
O54312,positive,mhci,num_peptides,502
O54312,positive,mhci,num_strong_binders,151
O54312,positive,mhci,num_weak_binders,351
F7IW56,positive,mhci,score,0.325196375464684
F7IW56,positive,mhci,percentile,0.9481040892193309
F7IW56,positive,mhci,num_peptides,269
F7IW56,positive,mhci,num_strong_binders,82
F7IW56,positive,mhci,num_weak_binders,187
O83384,positive,mhci,score,0.3242407056451613
O83384,positive,mhci,percentile,0.9166875
O83384,positive,mhci,num_peptides,496
O83384,positive,mhci,num_strong_binders,148
O83384,positive,mhci,num_weak_binders,348
F7IWA5,positive,mhci,score,0.32247839580602883
F7IWA5,positive,mhci,percentile,0.9325111402359109
F7IWA5,positive,mhci,num_peptides,763
F7IWA5,positive,mhci,num_strong_binders,220
F7IWA5,positive,mhci,num_weak_binders,543
P19649,positive,mhci,score,0.33418965185185184
P19649,positive,mhci,percentile,0.9166691358024691
P19649,positive,mhci,num_peptides,405
P19649,positive,mhci,num_strong_binders,127
P19649,positive,mhci,num_weak_binders,278
O83520,positive,mhci,score,0.31449564414414416
O83520,positive,mhci,percentile,0.967536036036036
O83520,positive,mhci,num_peptides,222
O83520,positive,mhci,num_strong_binders,59
O83520,positive,mhci,num_weak_binders,163
O83769,positive,mhci,score,0.3272068511627907
O83769,positive,mhci,percentile,0.9230317829457364
O83769,positive,mhci,num_peptides,1290
O83769,positive,mhci,num_strong_binders,400
O83769,positive,mhci,num_weak_binders,890
O83475,positive,mhci,score,0.3183821966101695
O83475,positive,mhci,percentile,0.9530033898305085
O83475,positive,mhci,num_peptides,295
O83475,positive,mhci,num_strong_binders,91
O83475,positive,mhci,num_weak_binders,204
O83613,positive,mhci,score,0.3397167916666667
O83613,positive,mhci,percentile,0.9111851851851852
O83613,positive,mhci,num_peptides,216
O83613,positive,mhci,num_strong_binders,78
O83613,positive,mhci,num_weak_binders,138
O83251,positive,mhci,score,0.3095485136612022
O83251,positive,mhci,percentile,0.9532622950819672
O83251,positive,mhci,num_peptides,183
O83251,positive,mhci,num_strong_binders,45
O83251,positive,mhci,num_weak_binders,138
O83080,positive,mhci,score,0.31639946682464454
O83080,positive,mhci,percentile,0.9390876777251185
O83080,positive,mhci,num_peptides,422
O83080,positive,mhci,num_strong_binders,121
O83080,positive,mhci,num_weak_binders,301
O83932,positive,mhci,score,0.3328365746031746
O83932,positive,mhci,percentile,0.9122174603174603
O83932,positive,mhci,num_peptides,630
O83932,positive,mhci,num_strong_binders,194
O83932,positive,mhci,num_weak_binders,436
Q56328,positive,mhci,score,0.30471036989247313
Q56328,positive,mhci,percentile,0.986210752688172
Q56328,positive,mhci,num_peptides,465
Q56328,positive,mhci,num_strong_binders,122
Q56328,positive,mhci,num_weak_binders,343
O83111,positive,mhci,score,0.3501358292682927
O83111,positive,mhci,percentile,0.8441829268292683
O83111,positive,mhci,num_peptides,82
O83111,positive,mhci,num_strong_binders,26
O83111,positive,mhci,num_weak_binders,56
O83548,positive,mhci,score,0.3228033665480427
O83548,positive,mhci,percentile,0.9059572953736654
O83548,positive,mhci,num_peptides,281
O83548,positive,mhci,num_strong_binders,94
O83548,positive,mhci,num_weak_binders,187
R4J012,positive,mhci,score,0.3466257530201342
R4J012,positive,mhci,percentile,0.8727194630872483
R4J012,positive,mhci,num_peptides,745
R4J012,positive,mhci,num_strong_binders,235
R4J012,positive,mhci,num_weak_binders,510
O83469,positive,mhci,score,0.32367661220472443
O83469,positive,mhci,percentile,0.9261240157480315
O83469,positive,mhci,num_peptides,508
O83469,positive,mhci,num_strong_binders,143
O83469,positive,mhci,num_weak_binders,365
O83349,positive,mhci,score,0.32959884403669726
O83349,positive,mhci,percentile,0.9112385321100918
O83349,positive,mhci,num_peptides,654
O83349,positive,mhci,num_strong_binders,206
O83349,positive,mhci,num_weak_binders,448
O83629,positive,mhci,score,0.29748641176470586
O83629,positive,mhci,percentile,0.9654117647058823
O83629,positive,mhci,num_peptides,17
O83629,positive,mhci,num_strong_binders,2
O83629,positive,mhci,num_weak_binders,15
O06690,positive,mhci,score,0.30171369868995634
O06690,positive,mhci,percentile,0.9561877729257642
O06690,positive,mhci,num_peptides,229
O06690,positive,mhci,num_strong_binders,64
O06690,positive,mhci,num_weak_binders,165
O83449,positive,mhci,score,0.3470054855967078
O83449,positive,mhci,percentile,0.8592057613168724
O83449,positive,mhci,num_peptides,243
O83449,positive,mhci,num_strong_binders,82
O83449,positive,mhci,num_weak_binders,161
P29724,positive,mhci,score,0.35669430366492144
P29724,positive,mhci,percentile,0.8690916230366492
P29724,positive,mhci,num_peptides,382
P29724,positive,mhci,num_strong_binders,128
P29724,positive,mhci,num_weak_binders,254
O83935,positive,mhci,score,0.3321418833652008
O83935,positive,mhci,percentile,0.9240305927342256
O83935,positive,mhci,num_peptides,523
O83935,positive,mhci,num_strong_binders,168
O83935,positive,mhci,num_weak_binders,355
O83159,positive,mhci,score,0.3105935357142857
O83159,positive,mhci,percentile,0.9573197278911565
O83159,positive,mhci,num_peptides,588
O83159,positive,mhci,num_strong_binders,159
O83159,positive,mhci,num_weak_binders,429
P74934,positive,mhci,score,0.3117355557939914
P74934,positive,mhci,percentile,0.9563669527896995
P74934,positive,mhci,num_peptides,466
P74934,positive,mhci,num_strong_binders,121
P74934,positive,mhci,num_weak_binders,345
O83669,positive,mhci,score,0.32676598828125
O83669,positive,mhci,percentile,0.93598046875
O83669,positive,mhci,num_peptides,256
O83669,positive,mhci,num_strong_binders,79
O83669,positive,mhci,num_weak_binders,177
O83619,positive,mhci,score,0.343305936440678
O83619,positive,mhci,percentile,0.8941031073446327
O83619,positive,mhci,num_peptides,708
O83619,positive,mhci,num_strong_binders,235
O83619,positive,mhci,num_weak_binders,473
P29722,positive,mhci,score,0.34087898496240604
P29722,positive,mhci,percentile,0.9131804511278195
P29722,positive,mhci,num_peptides,133
P29722,positive,mhci,num_strong_binders,43
P29722,positive,mhci,num_weak_binders,90
O83138,positive,mhci,score,0.3392433483606557
O83138,positive,mhci,percentile,0.8923729508196722
O83138,positive,mhci,num_peptides,244
O83138,positive,mhci,num_strong_binders,85
O83138,positive,mhci,num_weak_binders,159
O83964,positive,mhci,score,0.3206229833159541
O83964,positive,mhci,percentile,0.9312805005213765
O83964,positive,mhci,num_peptides,959
O83964,positive,mhci,num_strong_binders,275
O83964,positive,mhci,num_weak_binders,684
O83482,positive,mhci,score,0.32745919292604503
O83482,positive,mhci,percentile,0.9187202572347267
O83482,positive,mhci,num_peptides,622
O83482,positive,mhci,num_strong_binders,186
O83482,positive,mhci,num_weak_binders,436
O83691,positive,mhci,score,0.29106393366093364
O83691,positive,mhci,percentile,1.022022113022113
O83691,positive,mhci,num_peptides,407
O83691,positive,mhci,num_strong_binders,99
O83691,positive,mhci,num_weak_binders,308
O83413,positive,mhci,score,0.4034292572815534
O83413,positive,mhci,percentile,0.785864077669903
O83413,positive,mhci,num_peptides,206
O83413,positive,mhci,num_strong_binders,91
O83413,positive,mhci,num_weak_binders,115
O83126,positive,mhci,score,0.3092071463414634
O83126,positive,mhci,percentile,0.993588850174216
O83126,positive,mhci,num_peptides,287
O83126,positive,mhci,num_strong_binders,76
O83126,positive,mhci,num_weak_binders,211
R4IYZ3,positive,mhci,score,0.336371606741573
R4IYZ3,positive,mhci,percentile,0.930876404494382
R4IYZ3,positive,mhci,num_peptides,356
R4IYZ3,positive,mhci,num_strong_binders,111
R4IYZ3,positive,mhci,num_weak_binders,245
O30405,positive,mhci,score,0.353272316017316
O30405,positive,mhci,percentile,0.8735324675324675
O30405,positive,mhci,num_peptides,462
O30405,positive,mhci,num_strong_binders,155
O30405,positive,mhci,num_weak_binders,307
O83967,positive,mhci,score,0.3533473020527859
O83967,positive,mhci,percentile,0.8658387096774194
O83967,positive,mhci,num_peptides,341
O83967,positive,mhci,num_strong_binders,120
O83967,positive,mhci,num_weak_binders,221
O07950,positive,mhci,score,0.34866775409836065
O07950,positive,mhci,percentile,0.890672131147541
O07950,positive,mhci,num_peptides,366
O07950,positive,mhci,num_strong_binders,127
O07950,positive,mhci,num_weak_binders,239
O83503,positive,mhci,score,0.38830688888888887
O83503,positive,mhci,percentile,0.8038253968253968
O83503,positive,mhci,num_peptides,63
O83503,positive,mhci,num_strong_binders,24
O83503,positive,mhci,num_weak_binders,39
O83427,positive,mhci,score,0.32575577142857143
O83427,positive,mhci,percentile,0.9587523809523809
O83427,positive,mhci,num_peptides,105
O83427,positive,mhci,num_strong_binders,29
O83427,positive,mhci,num_weak_binders,76
O83414,positive,mhci,score,0.32712675217391307
O83414,positive,mhci,percentile,0.9284681159420289
O83414,positive,mhci,num_peptides,690
O83414,positive,mhci,num_strong_binders,214
O83414,positive,mhci,num_weak_binders,476
O84001,positive,mhci,score,0.3143958037735849
O84001,positive,mhci,percentile,0.9572415094339622
O84001,positive,mhci,num_peptides,265
O84001,positive,mhci,num_strong_binders,76
O84001,positive,mhci,num_weak_binders,189
R4IZI5,positive,mhci,score,0.33103134332425066
R4IZI5,positive,mhci,percentile,0.913425068119891
R4IZI5,positive,mhci,num_peptides,367
R4IZI5,positive,mhci,num_strong_binders,118
R4IZI5,positive,mhci,num_weak_binders,249
O83715,positive,mhci,score,0.3659319110320285
O83715,positive,mhci,percentile,0.8598754448398577
O83715,positive,mhci,num_peptides,281
O83715,positive,mhci,num_strong_binders,104
O83715,positive,mhci,num_weak_binders,177
O83337,positive,mhci,score,0.3224988995157385
O83337,positive,mhci,percentile,0.9442602905569007
O83337,positive,mhci,num_peptides,826
O83337,positive,mhci,num_strong_binders,242
O83337,positive,mhci,num_weak_binders,584
O83639,positive,mhci,score,0.33163239957264956
O83639,positive,mhci,percentile,0.9089658119658119
O83639,positive,mhci,num_peptides,468
O83639,positive,mhci,num_strong_binders,142
O83639,positive,mhci,num_weak_binders,326
A0A2P1DUM5,positive,mhci,score,0.35898549152542375
A0A2P1DUM5,positive,mhci,percentile,0.9015649717514125
A0A2P1DUM5,positive,mhci,num_peptides,177
A0A2P1DUM5,positive,mhci,num_strong_binders,63
A0A2P1DUM5,positive,mhci,num_weak_binders,114
O83795,positive,mhci,score,0.3026168790322581
O83795,positive,mhci,percentile,1.0003467741935483
O83795,positive,mhci,num_peptides,124
O83795,positive,mhci,num_strong_binders,33
O83795,positive,mhci,num_weak_binders,91
O83483,positive,mhci,score,0.3119751240694789
O83483,positive,mhci,percentile,0.9776997518610422
O83483,positive,mhci,num_peptides,403
O83483,positive,mhci,num_strong_binders,124
O83483,positive,mhci,num_weak_binders,279
O67998,positive,mhci,score,0.34513404569892475
O67998,positive,mhci,percentile,0.9081129032258064
O67998,positive,mhci,num_peptides,372
O67998,positive,mhci,num_strong_binders,115
O67998,positive,mhci,num_weak_binders,257
P16055,positive,mhci,score,0.32873546153846156
P16055,positive,mhci,percentile,0.9582937062937062
P16055,positive,mhci,num_peptides,143
P16055,positive,mhci,num_strong_binders,44
P16055,positive,mhci,num_weak_binders,99
O83958,positive,mhci,score,0.36064902640264024
O83958,positive,mhci,percentile,0.8848415841584159
O83958,positive,mhci,num_peptides,303
O83958,positive,mhci,num_strong_binders,105
O83958,positive,mhci,num_weak_binders,198
O83581,positive,mhci,score,0.3155469539473684
O83581,positive,mhci,percentile,0.9175493421052632
O83581,positive,mhci,num_peptides,304
O83581,positive,mhci,num_strong_binders,89
O83581,positive,mhci,num_weak_binders,215
O83275,positive,mhci,score,0.3357614013761468
O83275,positive,mhci,percentile,0.909394495412844
O83275,positive,mhci,num_peptides,436
O83275,positive,mhci,num_strong_binders,130
O83275,positive,mhci,num_weak_binders,306
O83865,positive,mhci,score,0.37040178260869566
O83865,positive,mhci,percentile,0.8607142857142858
O83865,positive,mhci,num_peptides,161
O83865,positive,mhci,num_strong_binders,57
O83865,positive,mhci,num_weak_binders,104
O83912,positive,mhci,score,0.33851601840490797
O83912,positive,mhci,percentile,0.8792331288343558
O83912,positive,mhci,num_peptides,163
O83912,positive,mhci,num_strong_binders,51
O83912,positive,mhci,num_weak_binders,112
O83410,positive,mhci,score,0.3463770063424947
O83410,positive,mhci,percentile,0.8862748414376321
O83410,positive,mhci,num_peptides,473
O83410,positive,mhci,num_strong_binders,159
O83410,positive,mhci,num_weak_binders,314
O83920,positive,mhci,score,0.3459503848580442
O83920,positive,mhci,percentile,0.8966766561514196
O83920,positive,mhci,num_peptides,634
O83920,positive,mhci,num_strong_binders,212
O83920,positive,mhci,num_weak_binders,422
O83164,positive,mhci,score,0.348958188976378
O83164,positive,mhci,percentile,0.8575984251968504
O83164,positive,mhci,num_peptides,127
O83164,positive,mhci,num_strong_binders,40
O83164,positive,mhci,num_weak_binders,87
O83813,positive,mhci,score,0.36183139743589743
O83813,positive,mhci,percentile,0.8781849816849817
O83813,positive,mhci,num_peptides,546
O83813,positive,mhci,num_strong_binders,201
O83813,positive,mhci,num_weak_binders,345
O83528,positive,mhci,score,0.3335620351648352
O83528,positive,mhci,percentile,0.8964652014652015
O83528,positive,mhci,num_peptides,1365
O83528,positive,mhci,num_strong_binders,438
O83528,positive,mhci,num_weak_binders,927
P23033,positive,mhci,score,0.3269770871886121
P23033,positive,mhci,percentile,0.9304003558718861
P23033,positive,mhci,num_peptides,562
P23033,positive,mhci,num_strong_binders,163
P23033,positive,mhci,num_weak_binders,399
O83627,positive,mhci,score,0.35859322972972973
O83627,positive,mhci,percentile,0.8932702702702703
O83627,positive,mhci,num_peptides,74
O83627,positive,mhci,num_strong_binders,24
O83627,positive,mhci,num_weak_binders,50
O83828,positive,mhci,score,0.30466348221343875
O83828,positive,mhci,percentile,1.0006442687747035
O83828,positive,mhci,num_peptides,253
O83828,positive,mhci,num_strong_binders,62
O83828,positive,mhci,num_weak_binders,191
O83478,positive,mhci,score,0.3294218266331658
O83478,positive,mhci,percentile,0.9000904522613066
O83478,positive,mhci,num_peptides,398
O83478,positive,mhci,num_strong_binders,132
O83478,positive,mhci,num_weak_binders,266
O83974,positive,mhci,score,0.3372858235294118
O83974,positive,mhci,percentile,0.8974264705882353
O83974,positive,mhci,num_peptides,204
O83974,positive,mhci,num_strong_binders,71
O83974,positive,mhci,num_weak_binders,133
O83451,positive,mhci,score,0.3408479684684685
O83451,positive,mhci,percentile,0.8730765765765766
O83451,positive,mhci,num_peptides,222
O83451,positive,mhci,num_strong_binders,75
O83451,positive,mhci,num_weak_binders,147
O83615,positive,mhci,score,0.3191050822622108
O83615,positive,mhci,percentile,0.9336349614395887
O83615,positive,mhci,num_peptides,389
O83615,positive,mhci,num_strong_binders,115
O83615,positive,mhci,num_weak_binders,274
O83751,positive,mhci,score,0.3366799415204678
O83751,positive,mhci,percentile,0.8957894736842106
O83751,positive,mhci,num_peptides,342
O83751,positive,mhci,num_strong_binders,110
O83751,positive,mhci,num_weak_binders,232
P16665,positive,mhci,score,0.35323157794676807
P16665,positive,mhci,percentile,0.8900988593155894
P16665,positive,mhci,num_peptides,263
P16665,positive,mhci,num_strong_binders,100
P16665,positive,mhci,num_weak_binders,163
O83383,positive,mhci,score,0.37205688541666665
O83383,positive,mhci,percentile,0.7782708333333334
O83383,positive,mhci,num_peptides,96
O83383,positive,mhci,num_strong_binders,37
O83383,positive,mhci,num_weak_binders,59
O83782,positive,mhci,score,0.31473050537634406
O83782,positive,mhci,percentile,0.9943505376344086
O83782,positive,mhci,num_peptides,465
O83782,positive,mhci,num_strong_binders,126
O83782,positive,mhci,num_weak_binders,339
O83301,positive,mhci,score,0.35041721085271316
O83301,positive,mhci,percentile,0.8671147286821705
O83301,positive,mhci,num_peptides,645
O83301,positive,mhci,num_strong_binders,216
O83301,positive,mhci,num_weak_binders,429
O83458,positive,mhci,score,0.31554273722627735
O83458,positive,mhci,percentile,0.948301703163017
O83458,positive,mhci,num_peptides,411
O83458,positive,mhci,num_strong_binders,122
O83458,positive,mhci,num_weak_binders,289
O83123,positive,mhci,score,0.3184530740740741
O83123,positive,mhci,percentile,0.9341358024691359
O83123,positive,mhci,num_peptides,162
O83123,positive,mhci,num_strong_binders,49
O83123,positive,mhci,num_weak_binders,113
O83507,positive,mhci,score,0.2955947686567164
O83507,positive,mhci,percentile,0.9643320895522388
O83507,positive,mhci,num_peptides,268
O83507,positive,mhci,num_strong_binders,68
O83507,positive,mhci,num_weak_binders,200
P38369,positive,mhci,score,0.3484019809358752
P38369,positive,mhci,percentile,0.8764471403812825
P38369,positive,mhci,num_peptides,577
P38369,positive,mhci,num_strong_binders,199
P38369,positive,mhci,num_weak_binders,378
O83931,positive,mhci,score,0.3508391574468085
O83931,positive,mhci,percentile,0.857031914893617
O83931,positive,mhci,num_peptides,470
O83931,positive,mhci,num_strong_binders,157
O83931,positive,mhci,num_weak_binders,313
O83966,positive,mhci,score,0.336877175
O83966,positive,mhci,percentile,0.9005363636363637
O83966,positive,mhci,num_peptides,440
O83966,positive,mhci,num_strong_binders,137
O83966,positive,mhci,num_weak_binders,303
P29725,positive,mhci,score,0.34667699376299377
P29725,positive,mhci,percentile,0.8807837837837837
P29725,positive,mhci,num_peptides,481
P29725,positive,mhci,num_strong_binders,150
P29725,positive,mhci,num_weak_binders,331
O83867,positive,mhci,score,0.3330407791304348
O83867,positive,mhci,percentile,0.91584
O83867,positive,mhci,num_peptides,575
O83867,positive,mhci,num_strong_binders,181
O83867,positive,mhci,num_weak_binders,394
O83095,positive,mhci,score,0.326449488045007
O83095,positive,mhci,percentile,0.9370618846694796
O83095,positive,mhci,num_peptides,711
O83095,positive,mhci,num_strong_binders,213
O83095,positive,mhci,num_weak_binders,498
O83246,positive,mhci,score,0.3258654850863422
O83246,positive,mhci,percentile,0.9392857142857143
O83246,positive,mhci,num_peptides,637
O83246,positive,mhci,num_strong_binders,181
O83246,positive,mhci,num_weak_binders,456
O83296,positive,mhci,score,0.34865589142857145
O83296,positive,mhci,percentile,0.8550028571428572
O83296,positive,mhci,num_peptides,350
O83296,positive,mhci,num_strong_binders,121
O83296,positive,mhci,num_weak_binders,229
A0A8F8KRN6,positive,mhci,score,0.3035915
A0A8F8KRN6,positive,mhci,percentile,1.022
A0A8F8KRN6,positive,mhci,num_peptides,4
A0A8F8KRN6,positive,mhci,num_strong_binders,1
A0A8F8KRN6,positive,mhci,num_weak_binders,3
O83831,positive,mhci,score,0.31361759574468084
O83831,positive,mhci,percentile,0.9653977086743044
O83831,positive,mhci,num_peptides,611
O83831,positive,mhci,num_strong_binders,169
O83831,positive,mhci,num_weak_binders,442
O83557,positive,mhci,score,0.3237644604221636
O83557,positive,mhci,percentile,0.9527058047493404
O83557,positive,mhci,num_peptides,758
O83557,positive,mhci,num_strong_binders,219
O83557,positive,mhci,num_weak_binders,539
O83980,positive,mhci,score,0.3407629431137725
O83980,positive,mhci,percentile,0.9007290419161676
O83980,positive,mhci,num_peptides,668
O83980,positive,mhci,num_strong_binders,213
O83980,positive,mhci,num_weak_binders,455
B0LGY7,positive,mhci,score,0.3376055576923077
B0LGY7,positive,mhci,percentile,0.8946514423076923
B0LGY7,positive,mhci,num_peptides,416
B0LGY7,positive,mhci,num_strong_binders,132
B0LGY7,positive,mhci,num_weak_binders,284
O83325,positive,mhci,score,0.30806551169590646
O83325,positive,mhci,percentile,0.9757207602339182
O83325,positive,mhci,num_peptides,684
O83325,positive,mhci,num_strong_binders,181
O83325,positive,mhci,num_weak_binders,503
O83933,positive,mhci,score,0.3296420574534161
O83933,positive,mhci,percentile,0.9200372670807453
O83933,positive,mhci,num_peptides,644
O83933,positive,mhci,num_strong_binders,203
O83933,positive,mhci,num_weak_binders,441
P56822,positive,mhci,score,0.3307484012345679
P56822,positive,mhci,percentile,0.9491111111111111
P56822,positive,mhci,num_peptides,162
P56822,positive,mhci,num_strong_binders,50
P56822,positive,mhci,num_weak_binders,112
P19478,positive,mhci,score,0.31997431360946743
P19478,positive,mhci,percentile,0.9699112426035503
P19478,positive,mhci,num_peptides,169
P19478,positive,mhci,num_strong_binders,45
P19478,positive,mhci,num_weak_binders,124
O83922,positive,mhci,score,0.3499569764705882
O83922,positive,mhci,percentile,0.8614141176470588
O83922,positive,mhci,num_peptides,425
O83922,positive,mhci,num_strong_binders,143
O83922,positive,mhci,num_weak_binders,282
O83268,positive,mhci,score,0.32043352941176473
O83268,positive,mhci,percentile,0.932620320855615
O83268,positive,mhci,num_peptides,187
O83268,positive,mhci,num_strong_binders,52
O83268,positive,mhci,num_weak_binders,135
O83169,positive,mhci,score,0.3173024448051948
O83169,positive,mhci,percentile,0.945672077922078
O83169,positive,mhci,num_peptides,308
O83169,positive,mhci,num_strong_binders,89
O83169,positive,mhci,num_weak_binders,219
F7IVK2,positive,mhci,score,0.2993578172043011
F7IVK2,positive,mhci,percentile,0.9848440860215054
F7IVK2,positive,mhci,num_peptides,186
F7IVK2,positive,mhci,num_strong_binders,46
F7IVK2,positive,mhci,num_weak_binders,140
O83930,positive,mhci,score,0.3028605415019763
O83930,positive,mhci,percentile,0.9544308300395257
O83930,positive,mhci,num_peptides,253
O83930,positive,mhci,num_strong_binders,68
O83930,positive,mhci,num_weak_binders,185
O83346,positive,mhci,score,0.3395224883286648
O83346,positive,mhci,percentile,0.897171802054155
O83346,positive,mhci,num_peptides,1071
O83346,positive,mhci,num_strong_binders,337
O83346,positive,mhci,num_weak_binders,734
O83633,positive,mhci,score,0.3709371955835962
O83633,positive,mhci,percentile,0.8412902208201892
O83633,positive,mhci,num_peptides,317
O83633,positive,mhci,num_strong_binders,125
O83633,positive,mhci,num_weak_binders,192
O83661,positive,mhci,score,0.339225251450677
O83661,positive,mhci,percentile,0.8947079303675048
O83661,positive,mhci,num_peptides,517
O83661,positive,mhci,num_strong_binders,169
O83661,positive,mhci,num_weak_binders,348
O83522,positive,mhci,score,0.33934359851301116
O83522,positive,mhci,percentile,0.8917323420074349
O83522,positive,mhci,num_peptides,269
O83522,positive,mhci,num_strong_binders,95
O83522,positive,mhci,num_weak_binders,174
O83837,positive,mhci,score,0.3133330811744387
O83837,positive,mhci,percentile,0.9724939550949914
O83837,positive,mhci,num_peptides,579
O83837,positive,mhci,num_strong_binders,164
O83837,positive,mhci,num_weak_binders,415
O83499,positive,mhci,score,0.311895581655481
O83499,positive,mhci,percentile,0.9752729306487695
O83499,positive,mhci,num_peptides,447
O83499,positive,mhci,num_strong_binders,134
O83499,positive,mhci,num_weak_binders,313
O88138,positive,mhci,score,0.31976861440677967
O88138,positive,mhci,percentile,0.9484463276836158
O88138,positive,mhci,num_peptides,708
O88138,positive,mhci,num_strong_binders,196
O88138,positive,mhci,num_weak_binders,512
O83055,positive,mhci,score,0.3466257530201342
O83055,positive,mhci,percentile,0.8727194630872483
O83055,positive,mhci,num_peptides,745
O83055,positive,mhci,num_strong_binders,235
O83055,positive,mhci,num_weak_binders,510
O83329,positive,mhci,score,0.3353604071588367
O83329,positive,mhci,percentile,0.9231431767337808
O83329,positive,mhci,num_peptides,447
O83329,positive,mhci,num_strong_binders,145
O83329,positive,mhci,num_weak_binders,302
F7IVD2,positive,mhci,score,0.3517351181102362
F7IVD2,positive,mhci,percentile,0.8643228346456693
F7IVD2,positive,mhci,num_peptides,381
F7IVD2,positive,mhci,num_strong_binders,131
F7IVD2,positive,mhci,num_weak_binders,250
O83748,positive,mhci,score,0.3240901944764097
O83748,positive,mhci,percentile,0.9209942462600691
O83748,positive,mhci,num_peptides,869
O83748,positive,mhci,num_strong_binders,253
O83748,positive,mhci,num_weak_binders,616
P96116,positive,mhci,score,0.3200542258064516
P96116,positive,mhci,percentile,0.9548617511520737
P96116,positive,mhci,num_peptides,434
P96116,positive,mhci,num_strong_binders,132
P96116,positive,mhci,num_weak_binders,302
O83163,positive,mhci,score,0.3518830870967742
O83163,positive,mhci,percentile,0.8648645161290323
O83163,positive,mhci,num_peptides,310
O83163,positive,mhci,num_strong_binders,105
O83163,positive,mhci,num_weak_binders,205
O83994,positive,mhci,score,0.3159483660130719
O83994,positive,mhci,percentile,0.949578431372549
O83994,positive,mhci,num_peptides,612
O83994,positive,mhci,num_strong_binders,170
O83994,positive,mhci,num_weak_binders,442
O07884,positive,mhci,score,0.32893871559633026
O07884,positive,mhci,percentile,0.9206422018348623
O07884,positive,mhci,num_peptides,436
O07884,positive,mhci,num_strong_binders,132
O07884,positive,mhci,num_weak_binders,304
O83335,positive,mhci,score,0.33114138278595695
O83335,positive,mhci,percentile,0.9145311438278596
O83335,positive,mhci,num_peptides,883
O83335,positive,mhci,num_strong_binders,266
O83335,positive,mhci,num_weak_binders,617
O83630,positive,mhci,score,0.3484642276214834
O83630,positive,mhci,percentile,0.8670831202046035
O83630,positive,mhci,num_peptides,782
O83630,positive,mhci,num_strong_binders,261
O83630,positive,mhci,num_weak_binders,521
A0A2P1DUM7,positive,mhci,score,0.33806047257383964
A0A2P1DUM7,positive,mhci,percentile,0.9019071729957806
A0A2P1DUM7,positive,mhci,num_peptides,237
A0A2P1DUM7,positive,mhci,num_strong_binders,70
A0A2P1DUM7,positive,mhci,num_weak_binders,167
P29723,positive,mhci,score,0.3181564818548387
P29723,positive,mhci,percentile,0.9492903225806452
P29723,positive,mhci,num_peptides,496
P29723,positive,mhci,num_strong_binders,148
P29723,positive,mhci,num_weak_binders,348
O84002,positive,mhci,score,0.3215897878787879
O84002,positive,mhci,percentile,0.9099603729603729
O84002,positive,mhci,num_peptides,429
O84002,positive,mhci,num_strong_binders,124
O84002,positive,mhci,num_weak_binders,305
O83213,positive,mhci,score,0.3644024393939394
O83213,positive,mhci,percentile,0.8622969696969697
O83213,positive,mhci,num_peptides,330
O83213,positive,mhci,num_strong_binders,120
O83213,positive,mhci,num_weak_binders,210
O83923,positive,mhci,score,0.3366711259259259
O83923,positive,mhci,percentile,0.9120395061728395
O83923,positive,mhci,num_peptides,405
O83923,positive,mhci,num_strong_binders,128
O83923,positive,mhci,num_weak_binders,277
O83641,positive,mhci,score,0.3263929147540984
O83641,positive,mhci,percentile,0.9021639344262296
O83641,positive,mhci,num_peptides,305
O83641,positive,mhci,num_strong_binders,87
O83641,positive,mhci,num_weak_binders,218
Q08255,positive,mhci,score,0.3149565294117647
Q08255,positive,mhci,percentile,0.9564224598930481
Q08255,positive,mhci,num_peptides,374
Q08255,positive,mhci,num_strong_binders,103
Q08255,positive,mhci,num_weak_binders,271
O83337,positive,mhci,score,0.32164772647427853
O83337,positive,mhci,percentile,0.9449548306148056
O83337,positive,mhci,num_peptides,797
O83337,positive,mhci,num_strong_binders,232
O83337,positive,mhci,num_weak_binders,565
O83055,positive,mhci,score,0.3466257530201342
O83055,positive,mhci,percentile,0.8727194630872483
O83055,positive,mhci,num_peptides,745
O83055,positive,mhci,num_strong_binders,235
O83055,positive,mhci,num_weak_binders,510
O83557,positive,mhci,score,0.3237644604221636
O83557,positive,mhci,percentile,0.9527058047493404
O83557,positive,mhci,num_peptides,758
O83557,positive,mhci,num_strong_binders,219
O83557,positive,mhci,num_weak_binders,539
O83633,positive,mhci,score,0.3709371955835962
O83633,positive,mhci,percentile,0.8412902208201892
O83633,positive,mhci,num_peptides,317
O83633,positive,mhci,num_strong_binders,125
O83633,positive,mhci,num_weak_binders,192
O83715,positive,mhci,score,0.3659270337837838
O83715,positive,mhci,percentile,0.8613445945945946
O83715,positive,mhci,num_peptides,296
O83715,positive,mhci,num_strong_binders,108
O83715,positive,mhci,num_weak_binders,188
O83111,positive,mhci,score,0.3501358292682927
O83111,positive,mhci,percentile,0.8441829268292683
O83111,positive,mhci,num_peptides,82
O83111,positive,mhci,num_strong_binders,26
O83111,positive,mhci,num_weak_binders,56
O83095,positive,mhci,score,0.3267177848101266
O83095,positive,mhci,percentile,0.9352419127988748
O83095,positive,mhci,num_peptides,711
O83095,positive,mhci,num_strong_binders,214
O83095,positive,mhci,num_weak_binders,497
O83661,positive,mhci,score,0.339225251450677
O83661,positive,mhci,percentile,0.8947079303675048
O83661,positive,mhci,num_peptides,517
O83661,positive,mhci,num_strong_binders,169
O83661,positive,mhci,num_weak_binders,348
O83449,positive,mhci,score,0.36354741634241244
O83449,positive,mhci,percentile,0.8315330739299611
O83449,positive,mhci,num_peptides,257
O83449,positive,mhci,num_strong_binders,90
O83449,positive,mhci,num_weak_binders,167
O83503,positive,mhci,score,0.38830688888888887
O83503,positive,mhci,percentile,0.8038253968253968
O83503,positive,mhci,num_peptides,63
O83503,positive,mhci,num_strong_binders,24
O83503,positive,mhci,num_weak_binders,39
O30405,positive,mhci,score,0.353272316017316
O30405,positive,mhci,percentile,0.8735324675324675
O30405,positive,mhci,num_peptides,462
O30405,positive,mhci,num_strong_binders,155
O30405,positive,mhci,num_weak_binders,307
O83246,positive,mhci,score,0.3258654850863422
O83246,positive,mhci,percentile,0.9392857142857143
O83246,positive,mhci,num_peptides,637
O83246,positive,mhci,num_strong_binders,181
O83246,positive,mhci,num_weak_binders,456
P96116,positive,mhci,score,0.3200542258064516
P96116,positive,mhci,percentile,0.9548617511520737
P96116,positive,mhci,num_peptides,434
P96116,positive,mhci,num_strong_binders,132
P96116,positive,mhci,num_weak_binders,302
O83980,positive,mhci,score,0.3407629431137725
O83980,positive,mhci,percentile,0.9007290419161676
O83980,positive,mhci,num_peptides,668
O83980,positive,mhci,num_strong_binders,213
O83980,positive,mhci,num_weak_binders,455
O83138,positive,mhci,score,0.3339110072463768
O83138,positive,mhci,percentile,0.8955326086956522
O83138,positive,mhci,num_peptides,276
O83138,positive,mhci,num_strong_binders,93
O83138,positive,mhci,num_weak_binders,183
F7IW56,positive,mhci,score,0.32488964338235293
F7IW56,positive,mhci,percentile,0.9484816176470589
F7IW56,positive,mhci,num_peptides,272
F7IW56,positive,mhci,num_strong_binders,83
F7IW56,positive,mhci,num_weak_binders,189
O83966,positive,mhci,score,0.3349118441860465
O83966,positive,mhci,percentile,0.9009348837209302
O83966,positive,mhci,num_peptides,430
O83966,positive,mhci,num_strong_binders,133
O83966,positive,mhci,num_weak_binders,297
O88138,positive,mhci,score,0.3220409944979367
O88138,positive,mhci,percentile,0.941162310866575
O88138,positive,mhci,num_peptides,727
O88138,positive,mhci,num_strong_binders,214
O88138,positive,mhci,num_weak_binders,513
O83751,positive,mhci,score,0.3366799415204678
O83751,positive,mhci,percentile,0.8957894736842106
O83751,positive,mhci,num_peptides,342
O83751,positive,mhci,num_strong_binders,110
O83751,positive,mhci,num_weak_binders,232
O83732,positive,mhci,score,0.298662764940239
O83732,positive,mhci,percentile,0.9949282868525896
O83732,positive,mhci,num_peptides,251
O83732,positive,mhci,num_strong_binders,69
O83732,positive,mhci,num_weak_binders,182
P23033,positive,mhci,score,0.3269770871886121
P23033,positive,mhci,percentile,0.9304003558718861
P23033,positive,mhci,num_peptides,562
P23033,positive,mhci,num_strong_binders,163
P23033,positive,mhci,num_weak_binders,399
O83528,positive,mhci,score,0.3346563547915143
O83528,positive,mhci,percentile,0.8933913679590344
O83528,positive,mhci,num_peptides,1367
O83528,positive,mhci,num_strong_binders,440
O83528,positive,mhci,num_weak_binders,927
O83335,positive,mhci,score,0.33164977892325315
O83335,positive,mhci,percentile,0.9152233676975945
O83335,positive,mhci,num_peptides,873
O83335,positive,mhci,num_strong_binders,263
O83335,positive,mhci,num_weak_binders,610
O83520,positive,mhci,score,0.3214389739130435
O83520,positive,mhci,percentile,0.9530739130434782
O83520,positive,mhci,num_peptides,230
O83520,positive,mhci,num_strong_binders,64
O83520,positive,mhci,num_weak_binders,166
O83163,positive,mhci,score,0.34720688319088316
O83163,positive,mhci,percentile,0.8741623931623932
O83163,positive,mhci,num_peptides,351
O83163,positive,mhci,num_strong_binders,118
O83163,positive,mhci,num_weak_binders,233
O83164,positive,mhci,score,0.3499907049180328
O83164,positive,mhci,percentile,0.8577131147540984
O83164,positive,mhci,num_peptides,122
O83164,positive,mhci,num_strong_binders,38
O83164,positive,mhci,num_weak_binders,84
O83169,positive,mhci,score,0.31634330592105264
O83169,positive,mhci,percentile,0.9370953947368421
O83169,positive,mhci,num_peptides,304
O83169,positive,mhci,num_strong_binders,89
O83169,positive,mhci,num_weak_binders,215
B0LGY7,positive,mhci,score,0.3412732385786802
B0LGY7,positive,mhci,percentile,0.875510152284264
B0LGY7,positive,mhci,num_peptides,394
B0LGY7,positive,mhci,num_strong_binders,127
B0LGY7,positive,mhci,num_weak_binders,267
O83748,positive,mhci,score,0.3240901944764097
O83748,positive,mhci,percentile,0.9209942462600691
O83748,positive,mhci,num_peptides,869
O83748,positive,mhci,num_strong_binders,253
O83748,positive,mhci,num_weak_binders,616
O83958,positive,mhci,score,0.36003075816993463
O83958,positive,mhci,percentile,0.8851111111111111
O83958,positive,mhci,num_peptides,306
O83958,positive,mhci,num_strong_binders,106
O83958,positive,mhci,num_weak_binders,200
O83865,positive,mhci,score,0.37040178260869566
O83865,positive,mhci,percentile,0.8607142857142858
O83865,positive,mhci,num_peptides,161
O83865,positive,mhci,num_strong_binders,57
O83865,positive,mhci,num_weak_binders,104
O83126,positive,mhci,score,0.3092071463414634
O83126,positive,mhci,percentile,0.993588850174216
O83126,positive,mhci,num_peptides,287
O83126,positive,mhci,num_strong_binders,76
O83126,positive,mhci,num_weak_binders,211
O83613,positive,mhci,score,0.3397167916666667
O83613,positive,mhci,percentile,0.9111851851851852
O83613,positive,mhci,num_peptides,216
O83613,positive,mhci,num_strong_binders,78
O83613,positive,mhci,num_weak_binders,138
O83251,positive,mhci,score,0.3095485136612022
O83251,positive,mhci,percentile,0.9532622950819672
O83251,positive,mhci,num_peptides,183
O83251,positive,mhci,num_strong_binders,45
O83251,positive,mhci,num_weak_binders,138
O83080,positive,mhci,score,0.31639946682464454
O83080,positive,mhci,percentile,0.9390876777251185
O83080,positive,mhci,num_peptides,422
O83080,positive,mhci,num_strong_binders,121
O83080,positive,mhci,num_weak_binders,301
O67998,positive,mhci,score,0.34448238786279683
O67998,positive,mhci,percentile,0.9111029023746702
O67998,positive,mhci,num_peptides,379
O67998,positive,mhci,num_strong_binders,117
O67998,positive,mhci,num_weak_binders,262
O83964,positive,mhci,score,0.3206229833159541
O83964,positive,mhci,percentile,0.9312805005213765
O83964,positive,mhci,num_peptides,959
O83964,positive,mhci,num_strong_binders,275
O83964,positive,mhci,num_weak_binders,684
O83731,positive,mhci,score,0.3400287093023256
O83731,positive,mhci,percentile,0.8841899224806201
O83731,positive,mhci,num_peptides,258
O83731,positive,mhci,num_strong_binders,87
O83731,positive,mhci,num_weak_binders,171
O83922,positive,mhci,score,0.3499569764705882
O83922,positive,mhci,percentile,0.8614141176470588
O83922,positive,mhci,num_peptides,425
O83922,positive,mhci,num_strong_binders,143
O83922,positive,mhci,num_weak_binders,282
O83329,positive,mhci,score,0.3353604071588367
O83329,positive,mhci,percentile,0.9231431767337808
O83329,positive,mhci,num_peptides,447
O83329,positive,mhci,num_strong_binders,145
O83329,positive,mhci,num_weak_binders,302
O83448,positive,mhci,score,0.37414022340425535
O83448,positive,mhci,percentile,0.8344539007092199
O83448,positive,mhci,num_peptides,282
O83448,positive,mhci,num_strong_binders,107
O83448,positive,mhci,num_weak_binders,175
O83666,positive,mhci,score,0.3161417174479167
O83666,positive,mhci,percentile,0.9486302083333333
O83666,positive,mhci,num_peptides,768
O83666,positive,mhci,num_strong_binders,213
O83666,positive,mhci,num_weak_binders,555
O83347,positive,mhci,score,0.31629158333333335
O83347,positive,mhci,percentile,0.9398708333333333
O83347,positive,mhci,num_peptides,240
O83347,positive,mhci,num_strong_binders,61
O83347,positive,mhci,num_weak_binders,179
O83813,positive,mhci,score,0.3641814749536178
O83813,positive,mhci,percentile,0.8708126159554731
O83813,positive,mhci,num_peptides,539
O83813,positive,mhci,num_strong_binders,200
O83813,positive,mhci,num_weak_binders,339
O83478,positive,mhci,score,0.3294218266331658
O83478,positive,mhci,percentile,0.9000904522613066
O83478,positive,mhci,num_peptides,398
O83478,positive,mhci,num_strong_binders,132
O83478,positive,mhci,num_weak_binders,266
O83920,positive,mhci,score,0.34615163522012576
O83920,positive,mhci,percentile,0.8956320754716981
O83920,positive,mhci,num_peptides,636
O83920,positive,mhci,num_strong_binders,214
O83920,positive,mhci,num_weak_binders,422
P29725,positive,mhci,score,0.34667699376299377
P29725,positive,mhci,percentile,0.8807837837837837
P29725,positive,mhci,num_peptides,481
P29725,positive,mhci,num_strong_binders,150
P29725,positive,mhci,num_weak_binders,331
O83581,positive,mhci,score,0.3155469539473684
O83581,positive,mhci,percentile,0.9175493421052632
O83581,positive,mhci,num_peptides,304
O83581,positive,mhci,num_strong_binders,89
O83581,positive,mhci,num_weak_binders,215
O83275,positive,mhci,score,0.33386998249452954
O83275,positive,mhci,percentile,0.9129365426695842
O83275,positive,mhci,num_peptides,457
O83275,positive,mhci,num_strong_binders,136
O83275,positive,mhci,num_weak_binders,321
A0A2P1DUM7,positive,mhci,score,0.33939429385964914
A0A2P1DUM7,positive,mhci,percentile,0.8941842105263158
A0A2P1DUM7,positive,mhci,num_peptides,228
A0A2P1DUM7,positive,mhci,num_strong_binders,67
A0A2P1DUM7,positive,mhci,num_weak_binders,161
O83619,positive,mhci,score,0.33620653868194844
O83619,positive,mhci,percentile,0.9190085959885387
O83619,positive,mhci,num_peptides,349
O83619,positive,mhci,num_strong_binders,110
O83619,positive,mhci,num_weak_binders,239
O83548,positive,mhci,score,0.3228033665480427
O83548,positive,mhci,percentile,0.9059572953736654
O83548,positive,mhci,num_peptides,281
O83548,positive,mhci,num_strong_binders,94
O83548,positive,mhci,num_weak_binders,187
P38369,positive,mhci,score,0.3484019809358752
P38369,positive,mhci,percentile,0.8764471403812825
P38369,positive,mhci,num_peptides,577
P38369,positive,mhci,num_strong_binders,199
P38369,positive,mhci,num_weak_binders,378
O83627,positive,mhci,score,0.34177031764705884
O83627,positive,mhci,percentile,0.9212941176470588
O83627,positive,mhci,num_peptides,85
O83627,positive,mhci,num_strong_binders,27
O83627,positive,mhci,num_weak_binders,58
O83641,positive,mhci,score,0.3252426710526316
O83641,positive,mhci,percentile,0.9070921052631579
O83641,positive,mhci,num_peptides,304
O83641,positive,mhci,num_strong_binders,87
O83641,positive,mhci,num_weak_binders,217
O83768,positive,mhci,score,0.32321587234042554
O83768,positive,mhci,percentile,0.9536489361702127
O83768,positive,mhci,num_peptides,282
O83768,positive,mhci,num_strong_binders,87
O83768,positive,mhci,num_weak_binders,195
O07950,positive,mhci,score,0.34866775409836065
O07950,positive,mhci,percentile,0.890672131147541
O07950,positive,mhci,num_peptides,366
O07950,positive,mhci,num_strong_binders,127
O07950,positive,mhci,num_weak_binders,239
O83481,positive,mhci,score,0.3262200737327189
O83481,positive,mhci,percentile,0.940036866359447
O83481,positive,mhci,num_peptides,217
O83481,positive,mhci,num_strong_binders,70
O83481,positive,mhci,num_weak_binders,147
R4J012,positive,mhci,score,0.3466257530201342
R4J012,positive,mhci,percentile,0.8727194630872483
R4J012,positive,mhci,num_peptides,745
R4J012,positive,mhci,num_strong_binders,235
R4J012,positive,mhci,num_weak_binders,510
O07884,positive,mhci,score,0.32893871559633026
O07884,positive,mhci,percentile,0.9206422018348623
O07884,positive,mhci,num_peptides,436
O07884,positive,mhci,num_strong_binders,132
O07884,positive,mhci,num_weak_binders,304
O83933,positive,mhci,score,0.3303886630602782
O83933,positive,mhci,percentile,0.9171051004636785
O83933,positive,mhci,num_peptides,647
O83933,positive,mhci,num_strong_binders,204
O83933,positive,mhci,num_weak_binders,443
O83974,positive,mhci,score,0.3372858235294118
O83974,positive,mhci,percentile,0.8974264705882353
O83974,positive,mhci,num_peptides,204
O83974,positive,mhci,num_strong_binders,71
O83974,positive,mhci,num_weak_binders,133
O83451,positive,mhci,score,0.3408479684684685
O83451,positive,mhci,percentile,0.8730765765765766
O83451,positive,mhci,num_peptides,222
O83451,positive,mhci,num_strong_binders,75
O83451,positive,mhci,num_weak_binders,147
O83967,positive,mhci,score,0.3533473020527859
O83967,positive,mhci,percentile,0.8658387096774194
O83967,positive,mhci,num_peptides,341
O83967,positive,mhci,num_strong_binders,120
O83967,positive,mhci,num_weak_binders,221
O83499,positive,mhci,score,0.31203906935123044
O83499,positive,mhci,percentile,0.974923937360179
O83499,positive,mhci,num_peptides,447
O83499,positive,mhci,num_strong_binders,135
O83499,positive,mhci,num_weak_binders,312
O83935,positive,mhci,score,0.32930807279693486
O83935,positive,mhci,percentile,0.9425019157088123
O83935,positive,mhci,num_peptides,522
O83935,positive,mhci,num_strong_binders,164
O83935,positive,mhci,num_weak_binders,358
O83268,positive,mhci,score,0.32043352941176473
O83268,positive,mhci,percentile,0.932620320855615
O83268,positive,mhci,num_peptides,187
O83268,positive,mhci,num_strong_binders,52
O83268,positive,mhci,num_weak_binders,135
O83615,positive,mhci,score,0.3191050822622108
O83615,positive,mhci,percentile,0.9336349614395887
O83615,positive,mhci,num_peptides,389
O83615,positive,mhci,num_strong_binders,115
O83615,positive,mhci,num_weak_binders,274
O83384,positive,mhci,score,0.3321139072580645
O83384,positive,mhci,percentile,0.8986572580645161
O83384,positive,mhci,num_peptides,496
O83384,positive,mhci,num_strong_binders,153
O83384,positive,mhci,num_weak_binders,343
O83427,positive,mhci,score,0.32575577142857143
O83427,positive,mhci,percentile,0.9587523809523809
O83427,positive,mhci,num_peptides,105
O83427,positive,mhci,num_strong_binders,29
O83427,positive,mhci,num_weak_binders,76
O83414,positive,mhci,score,0.32712675217391307
O83414,positive,mhci,percentile,0.9284681159420289
O83414,positive,mhci,num_peptides,690
O83414,positive,mhci,num_strong_binders,214
O83414,positive,mhci,num_weak_binders,476
O83691,positive,mhci,score,0.2925424716049383
O83691,positive,mhci,percentile,1.0173827160493827
O83691,positive,mhci,num_peptides,405
O83691,positive,mhci,num_strong_binders,100
O83691,positive,mhci,num_weak_binders,305
A0A2P1DUM5,positive,mhci,score,0.34630537777777776
A0A2P1DUM5,positive,mhci,percentile,0.9213666666666667
A0A2P1DUM5,positive,mhci,num_peptides,180
A0A2P1DUM5,positive,mhci,num_strong_binders,62
A0A2P1DUM5,positive,mhci,num_weak_binders,118
F7IVD2,positive,mhci,score,0.3517351181102362
F7IVD2,positive,mhci,percentile,0.8643228346456693
F7IVD2,positive,mhci,num_peptides,381
F7IVD2,positive,mhci,num_strong_binders,131
F7IVD2,positive,mhci,num_weak_binders,250
O83782,positive,mhci,score,0.31879407905982904
O83782,positive,mhci,percentile,0.9802692307692308
O83782,positive,mhci,num_peptides,468
O83782,positive,mhci,num_strong_binders,129
O83782,positive,mhci,num_weak_binders,339
O83630,positive,mhci,score,0.3484642276214834
O83630,positive,mhci,percentile,0.8670831202046035
O83630,positive,mhci,num_peptides,782
O83630,positive,mhci,num_strong_binders,261
O83630,positive,mhci,num_weak_binders,521
O83325,positive,mhci,score,0.30806551169590646
O83325,positive,mhci,percentile,0.9757207602339182
O83325,positive,mhci,num_peptides,684
O83325,positive,mhci,num_strong_binders,181
O83325,positive,mhci,num_weak_binders,503
O83475,positive,mhci,score,0.31838661764705883
O83475,positive,mhci,percentile,0.9703464052287581
O83475,positive,mhci,num_peptides,306
O83475,positive,mhci,num_strong_binders,87
O83475,positive,mhci,num_weak_binders,219
R4IZI5,positive,mhci,score,0.33774064897260275
R4IZI5,positive,mhci,percentile,0.8818253424657534
R4IZI5,positive,mhci,num_peptides,584
R4IZI5,positive,mhci,num_strong_binders,190
R4IZI5,positive,mhci,num_weak_binders,394
P29723,positive,mhci,score,0.3181564818548387
P29723,positive,mhci,percentile,0.9492903225806452
P29723,positive,mhci,num_peptides,496
P29723,positive,mhci,num_strong_binders,148
P29723,positive,mhci,num_weak_binders,348
O83487,positive,mhci,score,0.3215203204225352
O83487,positive,mhci,percentile,0.8870176056338028
O83487,positive,mhci,num_peptides,284
O83487,positive,mhci,num_strong_binders,79
O83487,positive,mhci,num_weak_binders,205
O83249,positive,mhci,score,0.32007251127819547
O83249,positive,mhci,percentile,0.9543834586466166
O83249,positive,mhci,num_peptides,133
O83249,positive,mhci,num_strong_binders,38
O83249,positive,mhci,num_weak_binders,95
O83828,positive,mhci,score,0.3528893237410072
O83828,positive,mhci,percentile,0.8589352517985611
O83828,positive,mhci,num_peptides,278
O83828,positive,mhci,num_strong_binders,96
O83828,positive,mhci,num_weak_binders,182
O83930,positive,mhci,score,0.3028605415019763
O83930,positive,mhci,percentile,0.9544308300395257
O83930,positive,mhci,num_peptides,253
O83930,positive,mhci,num_strong_binders,68
O83930,positive,mhci,num_weak_binders,185
O83346,positive,mhci,score,0.3401550056872038
O83346,positive,mhci,percentile,0.8912881516587677
O83346,positive,mhci,num_peptides,1055
O83346,positive,mhci,num_strong_binders,331
O83346,positive,mhci,num_weak_binders,724
P16665,positive,mhci,score,0.35113120833333333
P16665,positive,mhci,percentile,0.9007575757575758
P16665,positive,mhci,num_peptides,264
P16665,positive,mhci,num_strong_binders,100
P16665,positive,mhci,num_weak_binders,164
O83383,positive,mhci,score,0.37205688541666665
O83383,positive,mhci,percentile,0.7782708333333334
O83383,positive,mhci,num_peptides,96
O83383,positive,mhci,num_strong_binders,37
O83383,positive,mhci,num_weak_binders,59
O83296,positive,mhci,score,0.34865589142857145
O83296,positive,mhci,percentile,0.8550028571428572
O83296,positive,mhci,num_peptides,350
O83296,positive,mhci,num_strong_binders,121
O83296,positive,mhci,num_weak_binders,229
P19649,positive,mhci,score,0.33418965185185184
P19649,positive,mhci,percentile,0.9166691358024691
P19649,positive,mhci,num_peptides,405
P19649,positive,mhci,num_strong_binders,127
P19649,positive,mhci,num_weak_binders,278
O83932,positive,mhci,score,0.33117303633491313
O83932,positive,mhci,percentile,0.9166129541864139
O83932,positive,mhci,num_peptides,633
O83932,positive,mhci,num_strong_binders,194
O83932,positive,mhci,num_weak_binders,439
O83410,positive,mhci,score,0.3469187770700637
O83410,positive,mhci,percentile,0.8831889596602972
O83410,positive,mhci,num_peptides,471
O83410,positive,mhci,num_strong_binders,157
O83410,positive,mhci,num_weak_binders,314
O83994,positive,mhci,score,0.31513416802610117
O83994,positive,mhci,percentile,0.9544274061990212
O83994,positive,mhci,num_peptides,613
O83994,positive,mhci,num_strong_binders,169
O83994,positive,mhci,num_weak_binders,444
P07643,positive,mhci,score,0.3035962441471572
P07643,positive,mhci,percentile,0.9910434782608696
P07643,positive,mhci,num_peptides,299
P07643,positive,mhci,num_strong_binders,83
P07643,positive,mhci,num_weak_binders,216
O83931,positive,mhci,score,0.3508391574468085
O83931,positive,mhci,percentile,0.857031914893617
O83931,positive,mhci,num_peptides,470
O83931,positive,mhci,num_strong_binders,157
O83931,positive,mhci,num_weak_binders,313
Q08255,positive,mhci,score,0.31548760326086955
Q08255,positive,mhci,percentile,0.9572826086956522
Q08255,positive,mhci,num_peptides,368
Q08255,positive,mhci,num_strong_binders,102
Q08255,positive,mhci,num_weak_binders,266
O83912,positive,mhci,score,0.33851601840490797
O83912,positive,mhci,percentile,0.8792331288343558
O83912,positive,mhci,num_peptides,163
O83912,positive,mhci,num_strong_binders,51
O83912,positive,mhci,num_weak_binders,112
Q56328,positive,mhci,score,0.30471036989247313
Q56328,positive,mhci,percentile,0.986210752688172
Q56328,positive,mhci,num_peptides,465
Q56328,positive,mhci,num_strong_binders,122
Q56328,positive,mhci,num_weak_binders,343
O83123,positive,mhci,score,0.3184530740740741
O83123,positive,mhci,percentile,0.9341358024691359
O83123,positive,mhci,num_peptides,162
O83123,positive,mhci,num_strong_binders,49
O83123,positive,mhci,num_weak_binders,113
R4IYZ3,positive,mhci,score,0.319436853115727
R4IYZ3,positive,mhci,percentile,0.950919881305638
R4IYZ3,positive,mhci,num_peptides,674
R4IYZ3,positive,mhci,num_strong_binders,191
R4IYZ3,positive,mhci,num_weak_binders,483
O83834,positive,mhci,score,0.34225322794117646
O83834,positive,mhci,percentile,0.8827757352941177
O83834,positive,mhci,num_peptides,272
O83834,positive,mhci,num_strong_binders,91
O83834,positive,mhci,num_weak_binders,181
O83458,positive,mhci,score,0.31554273722627735
O83458,positive,mhci,percentile,0.948301703163017
O83458,positive,mhci,num_peptides,411
O83458,positive,mhci,num_strong_binders,122
O83458,positive,mhci,num_weak_binders,289
F7IWA5,positive,mhci,score,0.32164772647427853
F7IWA5,positive,mhci,percentile,0.9449548306148056
F7IWA5,positive,mhci,num_peptides,797
F7IWA5,positive,mhci,num_strong_binders,232
F7IWA5,positive,mhci,num_weak_binders,565
O84001,positive,mhci,score,0.3174268854961832
O84001,positive,mhci,percentile,0.9475916030534351
O84001,positive,mhci,num_peptides,262
O84001,positive,mhci,num_strong_binders,76
O84001,positive,mhci,num_weak_binders,186
O83629,positive,mhci,score,0.319436853115727
O83629,positive,mhci,percentile,0.950919881305638
O83629,positive,mhci,num_peptides,674
O83629,positive,mhci,num_strong_binders,191
O83629,positive,mhci,num_weak_binders,483
O83831,positive,mhci,score,0.3151195198487713
O83831,positive,mhci,percentile,0.9765973534971645
O83831,positive,mhci,num_peptides,529
O83831,positive,mhci,num_strong_binders,148
O83831,positive,mhci,num_weak_binders,381
O83301,positive,mhci,score,0.35041721085271316
O83301,positive,mhci,percentile,0.8671147286821705
O83301,positive,mhci,num_peptides,645
O83301,positive,mhci,num_strong_binders,216
O83301,positive,mhci,num_weak_binders,429
P29722,positive,mhci,score,0.34087898496240604
P29722,positive,mhci,percentile,0.9131804511278195
P29722,positive,mhci,num_peptides,133
P29722,positive,mhci,num_strong_binders,43
P29722,positive,mhci,num_weak_binders,90
O06690,positive,mhci,score,0.30171369868995634
O06690,positive,mhci,percentile,0.9561877729257642
O06690,positive,mhci,num_peptides,229
O06690,positive,mhci,num_strong_binders,64
O06690,positive,mhci,num_weak_binders,165
O83830,positive,mhci,score,0.3062556075949367
O83830,positive,mhci,percentile,0.9857088607594937
O83830,positive,mhci,num_peptides,395
O83830,positive,mhci,num_strong_binders,95
O83830,positive,mhci,num_weak_binders,300
O83086,positive,mhci,score,0.3225551955719557
O83086,positive,mhci,percentile,0.945959409594096
O83086,positive,mhci,num_peptides,271
O83086,positive,mhci,num_strong_binders,82
O83086,positive,mhci,num_weak_binders,189
O54312,positive,mhci,score,0.32760869920318725
O54312,positive,mhci,percentile,0.9411474103585658
O54312,positive,mhci,num_peptides,502
O54312,positive,mhci,num_strong_binders,151
O54312,positive,mhci,num_weak_binders,351
P19478,positive,mhci,score,0.31997431360946743
P19478,positive,mhci,percentile,0.9699112426035503
P19478,positive,mhci,num_peptides,169
P19478,positive,mhci,num_strong_binders,45
P19478,positive,mhci,num_weak_binders,124
O83213,positive,mhci,score,0.3644024393939394
O83213,positive,mhci,percentile,0.8622969696969697
O83213,positive,mhci,num_peptides,330
O83213,positive,mhci,num_strong_binders,120
O83213,positive,mhci,num_weak_binders,210
O83639,positive,mhci,score,0.3291195216450216
O83639,positive,mhci,percentile,0.9138441558441558
O83639,positive,mhci,num_peptides,462
O83639,positive,mhci,num_strong_binders,138
O83639,positive,mhci,num_weak_binders,324
O83795,positive,mhci,score,0.3026168790322581
O83795,positive,mhci,percentile,1.0003467741935483
O83795,positive,mhci,num_peptides,124
O83795,positive,mhci,num_strong_binders,33
O83795,positive,mhci,num_weak_binders,91
O83483,positive,mhci,score,0.28816102466367716
O83483,positive,mhci,percentile,1.0321076233183857
O83483,positive,mhci,num_peptides,446
O83483,positive,mhci,num_strong_binders,124
O83483,positive,mhci,num_weak_binders,322
P56822,positive,mhci,score,0.352766162962963
P56822,positive,mhci,percentile,0.8849925925925926
P56822,positive,mhci,num_peptides,135
P56822,positive,mhci,num_strong_binders,44
P56822,positive,mhci,num_weak_binders,91
O83159,positive,mhci,score,0.3105935357142857
O83159,positive,mhci,percentile,0.9573197278911565
O83159,positive,mhci,num_peptides,588
O83159,positive,mhci,num_strong_binders,159
O83159,positive,mhci,num_weak_binders,429
O83507,positive,mhci,score,0.2955947686567164
O83507,positive,mhci,percentile,0.9643320895522388
O83507,positive,mhci,num_peptides,268
O83507,positive,mhci,num_strong_binders,68
O83507,positive,mhci,num_weak_binders,200
F7IVK2,positive,mhci,score,0.2993578172043011
F7IVK2,positive,mhci,percentile,0.9848440860215054
F7IVK2,positive,mhci,num_peptides,186
F7IVK2,positive,mhci,num_strong_binders,46
F7IVK2,positive,mhci,num_weak_binders,140
O83349,positive,mhci,score,0.32959884403669726
O83349,positive,mhci,percentile,0.9112385321100918
O83349,positive,mhci,num_peptides,654
O83349,positive,mhci,num_strong_binders,206
O83349,positive,mhci,num_weak_binders,448
O83669,positive,mhci,score,0.3262812568093385
O83669,positive,mhci,percentile,0.9320272373540855
O83669,positive,mhci,num_peptides,257
O83669,positive,mhci,num_strong_binders,79
O83669,positive,mhci,num_weak_binders,178
O84002,positive,mhci,score,0.3215897878787879
O84002,positive,mhci,percentile,0.9099603729603729
O84002,positive,mhci,num_peptides,429
O84002,positive,mhci,num_strong_binders,124
O84002,positive,mhci,num_weak_binders,305
O83482,positive,mhci,score,0.32745919292604503
O83482,positive,mhci,percentile,0.9187202572347267
O83482,positive,mhci,num_peptides,622
O83482,positive,mhci,num_strong_binders,186
O83482,positive,mhci,num_weak_binders,436
O83522,positive,mhci,score,0.33934359851301116
O83522,positive,mhci,percentile,0.8917323420074349
O83522,positive,mhci,num_peptides,269
O83522,positive,mhci,num_strong_binders,95
O83522,positive,mhci,num_weak_binders,174
O83769,positive,mhci,score,0.32749578018575853
O83769,positive,mhci,percentile,0.9223181114551083
O83769,positive,mhci,num_peptides,1292
O83769,positive,mhci,num_strong_binders,402
O83769,positive,mhci,num_weak_binders,890
O83413,positive,mhci,score,0.40269938164251207
O83413,positive,mhci,percentile,0.7903913043478261
O83413,positive,mhci,num_peptides,207
O83413,positive,mhci,num_strong_binders,91
O83413,positive,mhci,num_weak_binders,116
O83837,positive,mhci,score,0.3158065586206897
O83837,positive,mhci,percentile,0.9685
O83837,positive,mhci,num_peptides,580
O83837,positive,mhci,num_strong_binders,164
O83837,positive,mhci,num_weak_binders,416
P16055,positive,mhci,score,0.32873546153846156
P16055,positive,mhci,percentile,0.9582937062937062
P16055,positive,mhci,num_peptides,143
P16055,positive,mhci,num_strong_binders,44
P16055,positive,mhci,num_weak_binders,99
O83923,positive,mhci,score,0.3366711259259259
O83923,positive,mhci,percentile,0.9120395061728395
O83923,positive,mhci,num_peptides,405
O83923,positive,mhci,num_strong_binders,128
O83923,positive,mhci,num_weak_binders,277
P74934,positive,mhci,score,0.3117355557939914
P74934,positive,mhci,percentile,0.9563669527896995
P74934,positive,mhci,num_peptides,466
P74934,positive,mhci,num_strong_binders,121
P74934,positive,mhci,num_weak_binders,345
O83867,positive,mhci,score,0.33316825347222223
O83867,positive,mhci,percentile,0.9269895833333334
O83867,positive,mhci,num_peptides,576
O83867,positive,mhci,num_strong_binders,177
O83867,positive,mhci,num_weak_binders,399
O83469,positive,mhci,score,0.32367661220472443
O83469,positive,mhci,percentile,0.9261240157480315
O83469,positive,mhci,num_peptides,508
O83469,positive,mhci,num_strong_binders,143
O83469,positive,mhci,num_weak_binders,365
